entry_time,exit_time,side,entry_price,exit_price,outcome,pnl,equity_after,R,breakout_atr,channel_atr,atr_ratio,close_in_bar_dir,bar_range_atr,mom_4h_dir,h4_trend_age,h4_ema_dist_pct,h4_ema_slope_dir,d1_adx,with_d1_ema50,hour,weekday,is_long,prior_loss_streak,hours_since_last_exit,year,mfe_R,back_inside_1,adverse_1_R,close_move_1_R,back_inside_2,adverse_2_R,close_move_2_R,back_inside_4,adverse_4_R,close_move_4_R,fake
2022-06-30 22:00:00,2022-07-01 13:00:00,short,1805.84,1791.688571428571,target,58.43125378558423,10058.431253785584,2.9215626892792117,0.0847970926711271,2.632949727437915,,0.8559322033899416,0.500302846759467,0.0805572380375756,1,0.5837320584572281,0.0991909790619471,52.10289712532864,1,22,3,0,0,,2022,3.09933373712897,1,0.12507571168991496,-0.11235614778921216,1,0.5956995760145695,-0.49394306480923617,1,0.5956995760145695,-0.010599636583927046,0
2022-07-01 13:30:00,2022-07-01 16:00:00,short,1789.96,1794.8828571428571,stop,-21.628837954309414,10036.802415831276,-1.075159605339511,0.4184561810795009,2.4294834590829995,,0.8773946360153454,1.0603598374927037,2.693557748113704,5,1.2078192364636764,0.2676441325391687,51.43661356150173,1,13,4,0,0,0.5,2022,1.1334881021474013,0,0.341265235055149,-0.006094022054550458,0,0.341265235055149,-0.07515960533950183,0,0.341265235055149,0.9283226929773511,0
2022-07-05 11:45:00,2022-07-05 12:15:00,short,1800.85,1804.792857142857,stop,-21.957323545937623,10014.845092285335,-1.0938405797101198,0.6289855072463784,4.478985507246433,0.9559834838843771,0.8815331010453296,1.4557971014493285,5.331159420289825,1,0.5397152001631479,0.1008417687789475,56.11510089668153,1,12,1,0,1,91.75,2022,0.1547101449275101,1,0.6036231884058219,-0.5402173913043729,1,1.1286231884058031,-0.7989130434782801,1,1.1286231884058031,-0.6467391304348256,1
2022-07-05 14:15:00,2022-07-05 15:15:00,short,1798.53,1803.0685714285717,stop,-21.662579626750176,9993.182512658586,-1.0815234497954118,0.7535410764872686,2.2297765187283374,1.090587659802097,0.946808510638345,1.2426817752596515,3.661945231350309,1,0.5397152001631479,0.1008417687789475,56.11510089668153,1,14,1,0,2,2.0,2022,0.5133774000629368,0,0.30626377085302825,0.0616934214667866,0,0.30626377085302825,0.10796348756688907,1,1.3087818696883982,-0.41863393138182703,0
2022-07-05 18:15:00,2022-07-08 15:30:00,short,1765.92,1730.9485714285715,target,57.71592441761142,10050.898437076195,2.8877649509803995,0.0651960784313525,5.968872549019625,2.6896739264789318,0.8103448275861501,0.4975490196078607,5.594852941176475,2,0.5331059906743799,0.1203778179890813,56.11510089668153,1,18,1,0,3,3.0,2022,3.279534313725504,1,0.1363970588235229,-0.03688725490194688,1,0.34914215686274097,-0.25220588235292735,1,0.4615196078431289,-0.34399509803921624,0
2022-07-11 08:45:00,2022-07-11 20:15:00,short,1740.39,1732.9585714285715,target,57.3028730962713,10108.201310172468,2.8506343713955924,0.1372549019606583,1.856978085351736,0.5331590983338805,0.4479999999999563,1.0092272202998762,-0.3229527104960338,24,1.0139768294704377,0.5299758282497624,63.72608330780247,1,9,0,0,0,65.25,2022,3.092272202998854,0,0.16551326412912096,0.25028835063441707,0,0.27450980392150026,0.10495963091118346,0,0.27450980392150026,0.4279123414072173,0
2022-07-11 22:30:00,2022-07-12 03:00:00,short,1731.35,1734.7271428571428,stop,-22.43131305971501,10085.769997112751,-1.1095600676819266,0.787648054145627,2.380710659898525,0.7152686070882457,0.9960474308300432,1.498307952622694,3.926395939086456,27,1.1923466336107271,0.467063541220114,63.72608330780247,1,22,0,0,0,2.25,2022,0.08291032148899564,0,0.254653130287692,-0.2072758037225228,1,0.6455160744501193,-0.5892554991539934,1,0.6899323181049697,-0.5803722504230369,1
2022-07-12 03:30:00,2022-07-12 04:00:00,short,1731.99,1725.8185714285712,target,56.88654438649394,10142.656541499247,2.82013888888894,0.8458333333332085,2.683333333333265,0.4400400823547329,0.9418604651163252,1.672222222221991,-0.6222222222223057,28,1.167831584335421,0.4652539409003675,61.827581192065566,1,3,1,0,1,0.5,2022,3.7381944444443884,0,0.49097222222220693,-0.19930555555559093,0,0.49097222222220693,3.597222222222187,1,5.9888888888887255,-0.4715277777777806,0
2022-07-12 07:30:00,2022-07-12 09:45:00,short,1728.92,1735.4257142857143,stop,-21.439001288641148,10121.217540210606,-1.0568730786122094,0.285902503293759,2.1980676328502824,1.365309988551204,0.9296874999998848,0.39350021958717,0.9437856829161037,29,1.1771639883155498,0.4690545124503176,61.827581192065566,1,7,1,0,0,3.5,2022,0.5349143610013234,0,0.08607817303468689,0.02613087395697225,0,0.08607817303468689,0.33201581027669436,0,0.08607817303468689,0.13987703118139239,0
2022-07-12 13:30:00,2022-07-12 14:15:00,short,1732.17,1737.1857142857143,stop,-21.735682213952867,10099.481857996652,-1.0737681572201727,0.0956992309883275,2.6676160637994606,1.0378816198609366,0.6229508196720863,0.729706636285941,1.1364283679863103,31,0.8975174125220009,0.4691211559241348,61.827581192065566,1,13,1,0,1,3.75,2022,0.03389347764171256,1,0.5303332383935995,-0.3967530618057615,1,0.564226716035312,-0.4346340074052719,1,1.4175448590145283,-0.6718883508971693,1
2022-07-12 16:15:00,2022-07-13 15:30:00,short,1729.25,1711.7471428571428,target,59.31590887509994,10158.797766871752,2.936581782566117,0.5107737512242913,2.9275220372183903,1.1923434848457246,0.9392712550606926,0.8467189030362453,1.7242899118511108,32,0.9774837269867372,0.4565717151911674,61.827581192065566,1,16,1,0,2,2.0,2022,3.832517140058735,0,0.46963761018609196,0.1285504407443678,0,0.46963761018609196,-0.05827619980409938,0,0.46963761018609196,-0.0805582761998085,0
2022-07-14 04:00:00,2022-07-14 05:30:00,short,1727.21,1730.5085714285717,stop,-22.596615561132225,10136.20115131062,-1.112169770463425,0.0060632308358542,5.038544824599428,0.7059488959038671,0.8431372549019892,1.2368990905153692,3.5833694239930303,41,0.6526392449168787,0.3154136686909448,60.92396452629913,1,4,3,0,0,12.5,2022,0.5456907752273646,1,0.7669987007362514,-0.48505846686875326,1,0.7669987007362514,0.11216977046344141,1,0.7669987007362514,-0.327414465136405,0
2022-07-14 09:00:00,2022-07-14 13:45:00,short,1725.78,1712.13,target,59.16868188545232,10195.369833196071,2.9186813186812963,0.118681318681311,3.292307692307705,0.971247565210429,0.6853932584269841,1.9560439560438816,1.1032967032967025,42,0.6225217289760231,0.2869865779124958,60.92396452629913,1,9,3,0,1,3.5,2022,3.2923076923077055,0,0.0,0.36703296703298405,0,0.0,0.2703296703296751,0,0.0,1.661538461538454,0
2022-07-14 15:45:00,2022-07-15 05:15:00,short,1709.21,1716.0,stop,-21.50186981021628,10173.867963385856,-1.05449189985273,0.1325478645066421,1.870397643593512,1.4115830192274723,0.4599303135888455,0.8453608247422445,2.176730486008821,44,1.5358441454511431,0.3030188849368342,60.92396452629913,1,16,3,0,0,2.0,2022,1.7334315169366865,0,0.18114874815906196,0.3092783505154872,0,0.18114874815906196,0.4963181148748384,0,0.18114874815906196,0.9631811487481635,0
2022-07-15 06:15:00,2022-07-15 16:00:00,short,1708.71,1712.7014285714286,stop,-22.233943373097038,10151.63402001276,-1.092698639942718,0.2355046528275007,3.677881173944118,0.8062905476453451,0.9934640522875876,2.299928418038609,1.2777380100214493,47,1.177811516666203,0.5077876995019603,61.39393654337336,1,6,4,0,1,1.0,2022,2.2222619899785507,1,0.2530422333571912,-0.17788117394417485,1,0.26556907659268447,0.060128847530424495,1,0.8969219756621132,0.2079455977093586,0
2022-07-18 21:00:00,2022-07-19 11:15:00,short,1708.83,1712.9371428571428,stop,-22.13232766519668,10129.501692347563,-1.090086956521747,0.0876521739130744,1.874782608695608,0.8165279456689413,0.9531250000000416,0.6233043478260737,3.0434782608695654,57,0.5334917591467653,0.2251597969671115,61.79207676896305,1,21,0,0,2,77.0,2022,0.8765217391304128,1,0.321391304347866,-0.21913043478263086,1,0.48695652173913045,-0.26782608695655497,1,0.48695652173913045,0.26539130434780617,0
2022-07-20 19:45:00,2022-07-21 09:15:00,short,1702.88,1689.65,target,59.077275176231446,10188.578967523794,2.916099773242645,0.3628117913832006,3.0793650793650738,0.9369481022463186,0.5142045454545325,1.5963718820861652,2.6575963718820503,69,0.6834019293697856,0.1642291165468545,60.00114667940139,1,20,2,0,3,32.5,2022,3.2312925170068145,0,0.28798185941042775,-0.024943310657573776,0,0.28798185941042775,-0.024943310657573776,0,0.28798185941042775,0.6530612244898231,0
2022-07-21 10:00:00,2022-07-21 10:30:00,short,1688.09,1691.7585714285713,stop,-22.43233079531898,10166.146636728476,-1.100856697819307,0.2943925233645946,2.769470404984426,0.8591136905213985,0.4070631970260414,2.9330218068535627,2.1588785046729497,72,1.088232848691869,0.3169409784469224,59.92170229078507,1,10,3,0,0,0.75,2022,0.3570872274143208,1,0.8177570093458069,-0.7278037383177879,1,1.474688473520294,-0.7169003115265205,1,1.474688473520294,-0.08722741433026403,0
2022-07-21 12:00:00,2022-07-21 15:15:00,short,1682.73,1687.7785714285717,stop,-21.822407579576318,10144.3242291489,-1.073288058856826,0.8596491228070484,3.4069043576683367,1.180416575043908,0.8540145985401133,1.085455574419927,3.9892473118279415,73,1.4327523188146498,0.382394360460625,59.92170229078507,1,12,3,0,1,1.5,2022,0.38624787775892333,1,0.6655348047538018,-0.43378607809848385,1,0.7130730050933622,-0.5645161290322414,1,0.7328805885682055,-0.013865308432358673,0
2022-07-22 16:45:00,2022-07-22 20:00:00,long,1734.59,1727.4757142857145,stop,-21.34382113916079,10122.980408009738,-1.0520080321285,1.2622489959839336,2.257429718875486,1.6794890710958497,0.6391359593392499,2.212449799196812,2.9265060240963336,6,0.7099891235263998,0.1601264088312959,60.30008723470772,0,17,4,1,2,25.5,2022,0.6451807228915843,0,0.08152610441766016,0.23614457831326108,0,0.48072289156624154,-0.36405622489958556,0,0.737951807228913,-0.25863453815259796,0
2022-07-22 23:30:00,2022-07-25 03:30:00,long,1726.8,1722.0785714285714,stop,-31.022043452906487,10091.958364556833,-1.5322583963691416,0.1313161875945316,2.647503782148282,1.1110138421511464,0.9819819819819986,0.9403933434190812,-1.266565809379742,7,0.9183220770838032,0.214667279740266,60.30008723470772,0,23,4,1,3,3.5,2022,0.16944024205748043,1,0.2605143721633948,-0.19062027231464743,1,0.32829046898637737,-0.20756429652042915,1,0.32829046898637737,-0.14402420574888003,1
2022-07-25 10:15:00,2022-07-25 15:15:00,long,1727.88,1724.7942857142857,stop,-22.6041178554293,10069.3542467014,-1.1199074074074382,0.4212962962963525,2.307407407407357,0.7375474838874957,0.9901477832512414,1.315740740740862,0.1425925925926093,10,0.6705989836572793,0.2669730205256515,58.03425760615308,0,10,0,1,4,6.75,2022,2.6833333333333074,1,0.4731481481481569,-0.4634259259259436,1,0.9268518518518872,-0.7421296296296868,1,0.9268518518518872,-0.252777777777841,0
2022-07-28 02:15:00,2022-07-28 16:15:00,long,1738.14,1752.647142857143,target,58.87523168411081,10128.229478385512,2.923485967503707,0.140620384047327,1.960413589364841,1.1220335822828156,0.682352941176543,0.3515509601182234,5.314623338257052,4,0.8604191024995597,0.0844989749060332,51.36570444529979,0,2,3,1,5,59.0,2022,3.213589364844884,0,0.1633677991137759,0.03515509601178472,0,0.1633677991137759,0.10132939438700296,1,0.28330871491878257,-0.26883308714922416,0
2022-07-28 16:30:00,2022-08-02 03:30:00,long,1753.87,1778.7999999999995,target,49.41981210965286,10177.649290495165,2.439706377857989,0.0457280385077804,4.262334536702788,1.880324728018398,0.8189134808852946,1.1961492178098774,2.007220216606484,8,1.158764776561748,0.366340248309549,51.36570444529979,0,16,3,1,0,0.25,2022,3.0324909747292557,1,0.7749699157641209,-0.3152827918170756,1,0.7749699157641209,-0.4969915764139462,1,0.7749699157641209,-0.16365824308061416,0
2022-08-02 03:45:00,2022-08-02 04:15:00,long,1780.22,1777.17,stop,-22.82462988425732,10154.824660610908,-1.121311475409802,0.7540983606557845,5.488524590163769,0.7119727160494822,0.9102564102564004,1.534426229508266,6.137704918032767,23,1.667271168335951,0.5697537060421975,41.026844820508295,1,4,1,1,0,0.25,2022,0.019672131147522757,1,0.7409836065573615,-0.6918032786885546,1,1.1836065573770709,-0.9016393442622798,1,1.390163934426209,-0.9180327868852154,1
2022-08-02 09:30:00,2022-08-02 10:15:00,long,1775.58,1772.428571428571,stop,-22.694145773713856,10132.130514837194,-1.117407071622869,0.5267452402538136,2.227561196736197,0.7263338551091193,0.8716417910447536,2.1260199456028706,-0.0825022665458545,24,1.1757315918315394,0.5792764996304545,41.026844820508295,1,9,1,1,1,5.25,2022,0.041251133272927266,1,0.4854941069809585,-0.3871260199456165,1,0.9995466908431245,-0.7107887579329222,1,2.17044424297371,-1.2597461468721916,1
2022-08-02 12:45:00,2022-08-02 15:30:00,long,1774.55,1787.8485714285714,target,59.10137361216682,10191.231888449362,2.916532388011608,0.0225588140508979,2.5987753786658057,1.0187102792999585,0.6642857142857166,0.6316467934257587,0.974540766999613,25,1.125944445706949,0.5706664890175128,41.026844820508295,1,13,1,1,2,2.5,2022,3.020625201418008,1,0.2729616500161219,-0.09925878182405365,1,0.2729616500161219,0.21656461488882567,1,0.2729616500161219,-0.2097969706735563,0
2022-08-03 15:45:00,2022-08-03 16:30:00,long,1771.83,1766.337142857143,stop,-21.75543077773498,10169.476457671626,-1.0673602080624012,0.0728218465539003,4.187256176853076,1.1586763867578378,0.7535545023696651,0.7682704811443105,2.483224967490236,3,0.7197637853220865,0.2100049692330907,39.42297267147702,0,16,2,1,0,24.25,2022,0.16384915474644124,1,0.4514954486345958,-0.43875162548762187,1,0.7628088426527679,-0.6135240572171482,1,1.3490247074122035,-0.9193758127438192,1
2022-08-04 08:15:00,2022-08-04 08:45:00,long,1773.34,1770.712857142857,stop,-23.20343839934181,10146.273019272285,-1.140837411636744,1.0505709624795,3.0603588907014,0.5727265826185067,0.8274647887323862,2.162044589450688,3.616095704186994,7,0.5748687791653228,0.1690875775142153,37.43654629604469,0,8,3,1,1,15.75,2022,0.44535073409463644,0,0.4834148994018333,-0.29309407286567574,1,1.579662860250056,-1.3855356171831787,1,1.6748232735181348,-1.4997281131048559,0
2022-08-04 11:45:00,2022-08-04 15:00:00,long,1776.29,1787.942857142857,target,58.94465929107224,10205.217678563356,2.904744391320346,0.520044133872746,3.264435454211086,0.8484887886254405,0.8393939393939455,1.6991541007723303,2.7855829349024805,8,0.821060443047383,0.1995277974533582,37.43654629604469,0,12,3,1,2,3.0,2022,3.0816476645825936,0,0.06951084957704615,0.4453843324751822,0,0.06951084957704615,0.34240529606471315,0,0.06951084957704615,0.8804707613093292,0
2022-08-04 20:45:00,2022-08-05 11:15:00,long,1791.78,1787.202857142857,stop,-22.06034258480953,10183.157335978549,-1.0808364544319589,0.0655430711609882,2.8139825218476773,0.9806899876419116,0.5565217391304339,1.0049937578027135,3.661672908863821,10,1.43634977742977,0.3189496618750009,37.43654629604469,0,21,3,1,0,5.75,2022,0.6816479400749234,0,0.14856429463172233,0.4041822721598248,0,0.14856429463172233,0.36048689138578294,0,0.14856429463172233,0.6182896379525353,0
2022-08-08 17:30:00,2022-08-09 04:45:00,long,1789.34,1784.3914285714284,stop,-21.889084735478388,10161.26825124307,-1.0747690531177951,1.172055427251666,2.3764434180138783,1.1214991093271538,0.947494033412882,1.693418013856819,4.231524249422604,6,0.5367850792175467,0.0850806470227727,36.23018045170928,1,17,0,1,1,78.25,2022,0.2525981524249399,0,0.5799653579676399,-0.39203233256347175,0,0.6607967667436391,-0.41830254041568754,0,0.6607967667436391,0.012124711316432033,0
2022-08-09 08:45:00,2022-08-09 09:15:00,long,1788.61,1786.5628571428572,stop,-23.99562579358358,10137.272625449486,-1.1807397069085397,0.8890439637123678,2.4717376133984903,0.4898880117600373,0.9631578947367576,1.856245638520714,4.738311235170981,10,0.5701076120264835,0.2530845165575446,35.707128805617295,1,9,1,1,2,4.0,2022,0.24912770411723736,1,0.8548499651081827,-0.8304256803907172,1,2.0858339148639566,-1.6657362177250163,1,2.0858339148639566,-1.504535938590366,1
2022-08-09 11:15:00,2022-08-10 15:15:00,long,1791.62,1787.4042857142856,stop,-27.20716870302901,10110.065456746455,-1.3419373093866382,0.0948830904777171,3.752626228397164,1.0130638085443375,0.440613026819888,1.2382243307352871,2.623517451711252,10,0.5701076120264835,0.2530845165575446,35.707128805617295,1,11,1,1,3,2.0,2022,2.068451372416121,0,0.030837004405258068,0.3368349711962194,1,0.33446289393422257,-0.3107421213147933,1,0.39850898000673557,-0.2822771941714242,0
2022-08-10 15:30:00,2022-08-10 15:45:00,long,1806.09,1799.79,stop,-21.40766241158684,10088.657794334871,-1.0587301587301536,3.438095238095222,2.546031746031745,1.6526164084323374,0.9070891514500522,5.911111111111088,4.469841269841256,17,0.5699768011129607,0.299155177438215,35.73255790436443,1,15,2,1,4,0.25,2022,0.057142857142877465,0,1.4396825396825326,-1.393650793650792,0,2.04285714285713,-1.498412698412674,1,2.3142857142857074,-1.7984126984126905,1
2022-08-12 20:00:00,2022-08-15 05:15:00,long,1801.44,1795.8442857142857,stop,-29.23889290152341,10059.418901433348,-1.4490972683175982,1.0400816951749,2.930814398774566,1.4444147391516893,0.9590517241379202,1.6584120500383177,2.7628286954301613,31,0.5116431756057794,0.0936664589195279,36.026163840950936,1,20,4,1,5,52.25,2022,0.11258616287973292,0,0.45570589737042494,-0.41639009446007036,0,0.5808016339034932,-0.41460301250959974,0,0.6093949451110643,-0.2823589481746489,1
2022-08-16 03:45:00,2022-08-16 04:30:00,short,1777.64,1779.6842857142858,stop,-23.76019279304277,10035.658708640303,-1.1809923130677666,0.068483577917477,1.9566736547868389,0.5436456742146693,0.8993288590603422,1.4577218728162038,1.242487770789625,5,0.5350773503060178,0.131331655346345,35.03110598539714,0,4,1,0,6,22.5,2022,0.43535988819012056,0,0.3130677847658319,0.07826694619151359,0,0.3130677847658319,0.2690426275332793,1,1.4039133473095033,-0.8462613556952054,0
2022-08-16 19:00:00,2022-08-17 07:30:00,short,1773.46,1778.5928571428572,stop,-21.5181504846546,10014.14055815565,-1.0720846089618572,0.0311717227942936,1.959922070692988,1.3278084969765944,0.6011235955055914,0.6935708321736548,1.726134149735608,8,0.7576709170103706,0.2034091055496678,35.03110598539714,0,19,1,0,7,14.5,2022,0.06429167826327503,1,0.5260228221541933,-0.46367937656551733,1,0.6604508767046734,-0.6526579460061,1,0.6701920400779345,-0.403284163651529,1
2022-08-17 18:00:00,2022-08-17 21:30:00,short,1762.71,1769.892857142857,stop,-21.05996862807064,9993.08058952758,-1.0515115354017637,0.5513126491646781,2.5003977724741286,1.858114584656621,0.9471032745591852,1.1054097056483674,2.405727923627629,14,0.5835633760803782,0.1851940835994159,33.90730360638732,1,18,2,0,8,10.5,2022,0.4190533015115306,0,0.1740254574383438,-0.03619729514717424,0,0.20883054892601255,0.1099840891010282,0,0.20883054892601255,0.16984884645982734,0
2022-08-18 06:30:00,2022-08-18 11:45:00,short,1762.74,1765.3985714285714,stop,-22.76768495410885,9970.31290457347,-1.139172487909716,0.7447608812466615,2.851155292853328,0.7177482144277494,0.7926267281105851,1.6324556689952474,1.038151531434642,17,0.7456003586796256,0.2743741617761919,31.875099065616237,1,6,3,0,9,9.0,2022,0.7221923696937531,0,0.10531972058032475,0.18807092960774108,0,0.14669532509407568,0.05642127888235653,0,0.14669532509407568,0.045137023105902334,0
2022-08-18 15:30:00,2022-08-18 20:00:00,short,1767.75,1755.3342857142857,target,58.03912903787578,10028.352033611343,2.91059716948566,0.2851225405591571,1.9426993441490936,1.1127079285721255,0.7314410480349263,2.213324128408644,-1.676907145322746,19,0.6041478029770204,0.324868950837931,31.875099065616237,1,15,3,0,10,3.75,2022,3.0155333103209996,0,0.16430790472904397,0.11839834311356691,0,0.16430790472904397,0.8626164998273846,0,0.524335519502947,-0.06040731791508404,0
2022-08-19 01:30:00,2022-08-19 13:00:00,short,1757.71,1750.8614285714284,target,56.9193698027887,10085.271403414134,2.8379224030038,0.0175219023779562,3.0137672090112657,0.6187622818311284,0.6700000000000728,0.8760951188986098,0.8673341677096317,22,0.8811982410497764,0.311078253119168,29.660938748671946,1,1,4,0,0,5.5,2022,3.4780976220275046,0,0.25844806007505405,0.2146433041301634,1,0.350438047559424,-0.1270337922402825,1,0.4730913642052174,-0.37672090112635837,0
2022-08-19 17:30:00,2022-08-22 15:30:00,short,1746.91,1728.8028571428574,target,56.13933266116611,10141.4107360753,2.783233609467438,0.9046153846153956,2.770177514792881,1.612567210179206,0.7663366336633516,1.6733727810650827,1.1133727810650615,26,0.7353702467562612,0.3805793436920446,29.660938748671946,1,17,4,0,0,4.5,2022,3.088284023668672,0,0.3048520710059052,-0.18721893491122402,0,0.46721893491123456,-0.42911242603549166,1,0.5848520710059157,-0.5020118343195248,0
2022-08-23 07:45:00,2022-08-23 11:00:00,short,1736.85,1739.418571428571,stop,-23.20454047175376,10118.206195603549,-1.1440489432702856,0.2725250278087788,2.343715239154577,0.7133092544073621,0.9558823529412208,1.0589543937709411,1.0122358175752113,36,1.023131469363991,0.535383634702491,27.39695179944428,1,8,1,0,0,16.25,2022,0.8565072302557574,0,0.12847608453843443,0.15962180200216586,0,0.12847608453843443,0.25695216907669177,1,0.5022246941046281,-0.09343715239154843,0
2022-08-23 15:15:00,2022-08-23 15:45:00,short,1733.87,1738.115714285714,stop,-21.99994900268848,10096.20624660086,-1.087146702557201,0.2449528936743936,2.407133243606968,1.1504107918751187,0.6497326203208711,1.7617765814266648,3.386944818304221,37,0.7529757529271953,0.4805816907557325,27.39695179944428,1,15,1,0,1,4.25,2022,0.7395693135935147,1,0.7042395693136004,-0.5911843876178212,1,1.036339165545116,-0.49226110363395414,1,1.2436069986541605,-1.1022880215343427,0
2022-08-29 04:00:00,2022-08-29 15:45:00,short,1730.36,1734.2742857142855,stop,-22.10111133836172,10074.105135262498,-1.0945255474452402,1.4357664233577716,2.166423357664267,1.048103420521201,0.9951219512195169,2.0948905109490026,3.2598540145986394,5,0.9015928822653908,0.2008090112596172,23.369993359728834,1,4,0,0,2,132.25,2022,2.580291970802931,0,0.10729927007301272,0.8124087591240566,0,0.10729927007301272,0.8813868613138339,0,0.10729927007301272,1.3974452554744201,0
2022-08-30 17:15:00,2022-09-05 02:00:00,short,1725.53,1709.0985714285714,target,50.45410869257538,10124.559243955073,2.504148408972343,0.927490871152826,1.9280125195617976,1.4342920116032805,0.6772277227722978,1.844027125717243,3.3922796035471827,14,0.6922802574337323,0.1941371239951861,23.566756858761448,1,17,1,0,3,25.5,2022,3.0618153364632086,0,0.047470005216482244,0.4454877412623974,0,0.047470005216482244,0.3231611893583679,0,0.0894627021387598,-0.04016692749087598,0
2022-09-05 02:30:00,2022-09-05 04:00:00,short,1708.66,1710.7328571428573,stop,-23.86353729450504,10100.695706660568,-1.17849758787045,0.0771881461060635,2.855961405926984,0.5507281444000832,1.0,0.8683666436938731,4.100620261888356,22,1.2491593032662178,0.4547993258219085,24.45489186449354,1,2,0,0,0,0.5,2022,0.49207443142659385,0,0.057891109579547656,0.37146795313575987,1,0.5499655410061415,-0.3955892487939047,1,0.5499655410061415,-0.2798070296346997,0
2022-09-05 09:15:00,2022-09-05 11:15:00,short,1710.29,1713.0285714285717,stop,-22.93073954897637,10077.764967111592,-1.1351069379238623,0.4747000521649055,2.23474178403751,0.7252132504947553,0.8952879581151639,1.3948878455921254,-0.9640062597808576,24,0.9808648279951218,0.4913545632888816,24.45489186449354,1,9,0,0,1,5.25,2022,0.7814293166405347,0,0.13510693792388198,-0.08033385498175195,1,0.6463223787167358,-0.48200312989042876,1,0.6463223787167358,0.624413145539917,0
2022-09-05 21:00:00,2022-09-06 01:00:00,short,1709.78,1711.5257142857142,stop,-24.4274466715086,10053.337520440084,-1.2119476268412022,0.1833060556465711,2.63502454991806,0.464180265533026,0.7941176470589613,0.7790507364973411,2.1194762684125505,27,0.8400561299926911,0.4218400722753146,24.45489186449354,1,21,0,0,2,9.75,2022,0.18330605564644087,1,0.498363338788928,-0.11456628477907439,1,0.498363338788928,-0.10883797054012719,1,1.3289689034369243,-1.208674304419033,1
2022-09-06 07:45:00,2022-09-06 08:30:00,short,1715.54,1718.3628571428571,stop,-22.74211473500412,10030.59540570508,-1.1310728744939516,0.7722672064778451,2.515182186234816,0.7643238190403948,0.8589211618257516,1.7074898785424273,5.859311740890745,30,0.532471881646593,0.2871045506153469,25.192241275012176,1,8,1,0,3,6.75,2022,0.2054655870445111,0,0.15941295546560505,-0.07085020242916674,1,0.5065789473684497,-0.46052631578946307,1,1.2469635627530449,-0.7651821862348559,1
2022-09-06 10:15:00,2022-09-06 18:15:00,short,1713.84,1702.2471428571428,target,58.26274122530081,10088.85814693038,2.904251386321635,0.5796672828096741,2.9707948243992703,1.0398705127352872,0.8928571428571573,1.4491682070240086,2.9707948243992703,30,0.532471881646593,0.2871045506153469,25.192241275012176,1,10,1,0,4,1.75,2022,3.2658040665434154,1,0.7297597042514299,-0.5227356746765212,1,0.7944547134935742,-0.46839186691316936,1,0.7944547134935742,-0.15268022181149818,0
2022-09-06 20:00:00,2022-09-07 12:45:00,short,1700.55,1706.837142857143,stop,-21.365180170277277,10067.492966760105,-1.0588502613042392,0.1526925698704913,2.5162463076574038,1.6140845780685456,0.8174603174603017,0.4008179959100217,1.832310838445824,33,1.1785518527334364,0.2872868576618614,25.192241275012176,1,20,1,0,0,1.75,2022,1.4744376278118736,1,0.3419677346057895,-0.25925925925927934,1,0.5042035900931775,-0.18132242672121757,1,0.5042035900931775,-0.16541695069302026,0
2022-09-07 15:30:00,2022-09-07 16:45:00,short,1700.06,1704.1742857142856,stop,-21.94573640462483,10045.547230355478,-1.0899305555555483,0.0923611111111385,3.290972222222244,1.103433302709003,1.0,1.6187500000000905,2.080555555555562,37,0.7162887950329565,0.4482664363509747,24.92437326892285,1,15,2,0,1,2.75,2022,0.7559027777777606,1,0.08993055555558514,-0.06319444444444283,1,0.08993055555558514,0.4253472222222262,1,0.37187499999999685,-0.3378472222222497,0
2022-09-08 22:45:00,2022-09-09 02:15:00,short,1706.76,1710.178571428571,stop,-22.265600714502327,10023.281629640976,-1.1082323443376227,0.0117007939824381,2.814040952778899,0.8739184817507616,0.9000000000000874,0.760551608859144,0.2223150856665906,1,0.5170063625625906,0.0163179024436854,25.1031501880988,1,23,3,0,2,30.0,2022,-0.0058503969912190685,1,0.37735060593396247,-0.28666945257000037,1,0.716673631425001,-0.4855829502716483,1,0.716673631425001,-0.5148349352277436,1
2022-09-12 14:30:00,2022-09-12 16:30:00,long,1728.99,1725.1142857142856,stop,-21.960333950087303,10001.321295690888,-1.095466273497989,0.23737559896795,2.6730556579432583,0.99575391518383,0.8547486033519575,1.8474014006634272,2.3376336159233086,1,0.5302968194259576,0.0518293922192381,23.95404153360217,0,14,0,1,3,84.25,2022,1.2539624032436107,0,0.2838186509398943,0.13416881680795642,0,0.2838186509398943,0.9546627349797351,0,0.5315149281238319,-0.11610762992997808,0
2022-09-12 18:45:00,2022-09-12 21:00:00,long,1734.12,1727.602857142857,stop,-21.138259520616597,9980.183036170272,-1.056773345024127,0.5217010083296229,2.6790881192459435,1.6314622111194532,0.6990291262135636,0.9482683033756848,1.4147303814116272,2,0.7042825028808047,0.0894243212899548,23.95404153360217,0,19,0,1,4,2.25,2022,0.09820254274442544,0,0.14883822884696585,-0.050635686102575295,1,0.2900043840420665,-0.27005699254712634,1,0.589215256466448,-0.3575186321788568,1
2022-09-13 15:45:00,2022-09-15 17:45:00,short,1703.78,1679.7457142857145,target,56.62138677926111,10036.804422949534,2.8366907988587657,1.043509272467916,5.944008559201111,1.9603250895744224,0.9194260485651188,2.261768901569167,5.36733238231097,1,0.8759284484926775,-0.0713596470986122,22.94076782679016,1,16,1,0,5,18.75,2022,5.021576319543498,0,0.003744650499283317,0.7327032810270885,0,0.003744650499283317,0.28833808844507086,0,0.711483594864483,-0.3482524964336607,0
2022-09-15 19:00:00,2022-09-16 17:00:00,short,1661.94,1673.1942857142858,stop,-20.733556128342247,10016.070866821192,-1.0328763645595296,0.2861132267072668,4.860370652449858,2.6366675173305474,0.903797468354404,0.7019548108657062,4.437420665143418,13,1.134348436515593,0.4164957065189045,22.969667686412336,1,19,3,0,0,1.25,2022,0.7001777100787061,1,0.23813150545822231,-0.17859862909367683,1,0.41317593297789884,-0.2096978928661997,1,0.5055851739020077,-0.4549378014724428,0
2022-09-16 20:45:00,2022-09-16 21:45:00,short,1671.41,1676.1171428571429,stop,-21.60674710815284,9994.46411971304,-1.078603945371754,0.4036418816387661,1.9842185128983447,1.059389016006054,0.8275862068965079,0.9857359635811485,-2.693778452200343,20,1.0689833322697444,0.7623001033053356,24.433182208104007,1,21,4,0,1,3.75,2022,0.008497723824016225,1,0.36327769347491845,-0.21031866464339927,1,0.7732928679817571,-0.7286798179058772,1,1.0367223065250042,-0.9071320182093968,1
2022-09-19 03:45:00,2022-09-19 07:00:00,short,1675.85,1667.1542857142856,target,57.4152162540041,10051.879335967044,2.872350911779181,0.407097092163724,2.325283390832825,0.6690904294347095,0.9576271186441088,0.8141941843272911,-0.7796944307539772,22,0.7843945354452782,0.5933749372285746,25.98418153277749,1,4,0,0,2,54.0,2022,3.1429275505174323,0,0.338097585017253,0.37949728930504145,0,0.338097585017253,0.9521931986199978,0,0.338097585017253,1.4489896500738517,0
2022-09-19 09:00:00,2022-09-19 17:30:00,short,1665.34,1668.4471428571428,stop,-22.49772349769588,10029.381612469348,-1.1190804597701371,0.9011494252874244,1.8859770114943133,0.7114488751747888,0.7985865724381799,1.821609195402271,2.0468965517242004,23,1.153656673525641,0.5391785906902702,25.98418153277749,1,9,0,0,0,2.0,2022,1.8473563218391027,0,0.4151724137931692,-0.09011494252872779,0,0.42804597701154845,-0.2059770114942872,0,0.42804597701154845,0.8560919540229506,0
2022-09-20 07:45:00,2022-09-20 15:30:00,short,1673.38,1665.2414285714283,target,57.44052365308983,10086.822136122437,2.863612427593496,0.2801474460241326,2.9415481832543144,0.628593299059725,0.7636363636361945,0.8109531332281051,1.968404423380588,29,0.5255781779604833,0.3254739133028761,27.421224632452965,1,8,1,0,1,14.25,2022,3.03370194839386,0,0.01105845181673546,0.3133228014745066,0,0.01105845181673546,0.3981042654028956,0,0.01105845181673546,1.0026329647182703,0
2022-09-20 16:15:00,2022-09-21 09:00:00,short,1664.87,1669.532857142857,stop,-21.774432834288376,10065.047703288148,-1.0793504901960569,0.1200980392157708,2.1703431372548567,1.067373743636011,0.9875518672199288,1.0337009803921815,1.3897058823529311,31,0.7586839321185831,0.2512939443115813,27.421224632452965,1,16,1,0,0,0.75,2022,1.065870098039162,0,0.0042892156863193285,0.5468749999999847,0,0.26807598039215413,-0.05790441176475016,0,0.26807598039215413,0.10508578431367761,0
2022-09-21 19:45:00,2022-09-21 20:45:00,short,1665.22,1669.412857142857,stop,-21.906482019967047,10043.14122126818,-1.088245315161816,0.2241908006814429,3.224531516183967,1.0005369150395915,0.7973856209150647,0.7298126064735782,4.245315161839779,38,0.6067454634041125,0.2416046277712302,28.752896698647994,1,20,2,0,1,10.75,2022,0.09063032367975303,1,0.19557069846676414,-0.14787052810900222,1,0.6892674616694724,-0.5390119250425848,1,1.3236797274275809,-0.8204429301533311,1
2022-09-21 21:00:00,2022-09-21 21:15:00,short,1659.21,1664.6314285714286,stop,-21.457124906994174,10021.684096361188,-1.0682476943346573,2.0769433465085303,2.1876152832674918,1.2929180513107272,0.6332436069986486,5.481949934123837,4.7367588932806255,38,0.6067454634041125,0.2416046277712302,28.752896698647994,1,21,2,0,2,0.25,2022,0.1217391304347983,1,1.366798418972312,-1.1436100131752445,1,4.568906455862996,-4.493280632411071,1,5.3030303030303285,-4.991304347826101,1
2022-09-22 03:45:00,2022-09-22 05:45:00,short,1660.41,1664.5628571428572,stop,-21.82913783906384,9999.854958522124,-1.0890952872376944,0.0529755761953423,5.682834537323691,0.9381000274298236,0.9421052631578304,0.9150326797386078,5.73099415204673,40,0.8345228276393234,0.1928296674470031,29.18660202696504,1,4,3,0,3,6.5,2022,0.9270725834193675,0,0.05779153766770097,0.7801857585139357,0,0.05779153766770097,0.3636050911592693,0,0.09150326797382793,0.12762297901616157,0
2022-09-22 09:30:00,2022-09-22 11:00:00,short,1658.38,1661.9785714285715,stop,-22.056051667149045,9977.798906854974,-1.1028185788011022,0.2834458118300856,2.6566097657800505,0.7958349513924101,0.9593023255813008,0.9559348947995367,0.789202064311147,41,0.7857958861987399,0.1868464960543936,29.18660202696504,1,9,3,0,4,3.75,2022,0.7725287812624596,1,0.4668519253671627,-0.2084160381103608,1,0.4668519253671627,-0.07780865422786046,1,0.7197300516077566,-0.45017864231834903,0
2022-09-23 11:45:00,2022-09-23 13:45:00,short,1661.53,1647.4085714285716,target,58.29820472071945,10036.097111575693,2.9213960546282034,0.8965098634294976,4.431562974203293,1.0221141399564742,0.7683284457478168,1.4488619119879032,2.98694992412747,2,0.663330362160778,0.038714013654173,29.58862050046845,1,12,4,0,5,24.75,2022,4.3104704097117,0,0.32078907435508325,-0.24430955993932263,0,0.32078907435508325,0.1338391502275932,0,0.32078907435508325,0.9326251896813134,0
2022-09-23 21:45:00,2022-09-23 22:45:00,short,1640.26,1644.8785714285714,stop,-21.680204833666316,10014.416906742026,-1.0801113516857186,1.0436127435818356,2.4769563872564007,0.947128659210932,0.8534482758620584,2.009279307145086,1.398700896999682,4,1.3992649413905327,0.2695874668305342,29.58862050046845,1,22,4,0,0,8.0,2022,0.01732137333744151,0,0.9007114135477955,-0.4113826167646297,1,0.9007114135477955,-0.558614290132981,1,1.0306217135787052,-0.5954222084750934,1
2022-09-26 03:30:00,2022-09-26 04:00:00,short,1639.03,1643.64,stop,-21.63635409786304,9992.780552644164,-1.0802603036876144,0.4945770065076358,2.334056399132271,0.965770079682764,0.91372549019607,2.2125813449024463,1.6529284164858773,5,1.4544181404789296,0.3579613129497505,30.62492990453443,1,3,0,0,1,52.75,2022,2.7006507592191,0,0.041214750542311204,2.4728850325379326,1,1.4728850325379539,-0.25813449023862367,1,1.4728850325379539,-0.2386117136659733,0
2022-09-26 07:00:00,2022-09-26 10:15:00,short,1638.2,1646.4814285714288,stop,-20.878481637679315,9971.902071006483,-1.0446782818699405,0.0458858030015653,0.842849749870618,1.6831510085078318,0.5104895104895004,0.3453510436432763,1.4055545972054242,6,2.297644840571704,0.514571288670973,30.62492990453443,1,7,0,0,2,3.0,2022,0.4491978609625664,1,0.2390891840607213,-0.13765740900464107,1,0.2390891840607213,-0.06762118337070185,1,0.2390891840607213,0.106261859582555,0
2022-09-26 13:00:00,2022-09-26 15:45:00,short,1636.71,1644.6,stop,-20.87906491926858,9951.023006087216,-1.0468948035488084,1.155893536121659,2.1394169835234607,1.5561828719153423,0.982486865148838,1.447401774397981,0.271229404309236,8,0.9452928612025984,0.6288278726301333,30.62492990453443,1,13,0,0,3,2.75,2022,0.0709759188846572,0,0.4410646387832721,-0.4245880861850327,0,0.46261089987323983,-0.3548795944233148,0,0.5690747782002544,-0.1647655259822502,1
2022-09-26 18:15:00,2022-09-28 10:15:00,short,1638.68,1616.8785714285718,target,57.407958369445055,10008.43096445666,2.884525457047361,0.9907607627285095,1.651267937880891,1.4046197087169594,0.9896907216494552,1.6017298997445093,0.2119127186947093,9,0.9158618178115384,0.5894774207543141,30.62492990453443,1,18,0,0,4,2.5,2022,3.291527422842586,0,0.1004521328877567,0.41144092785532327,0,0.1004521328877567,0.5972085708669422,0,0.1004521328877567,1.0925889522311971,0
2022-09-30 01:00:00,2022-09-30 10:00:00,long,1662.16,1671.5585714285714,target,57.68653323790856,10066.11749769457,2.8818969448244705,0.0191518467852086,2.9110807113544714,0.5682356161041008,0.8049792531120284,1.5385316917465457,1.7045143638851656,3,0.7372298765193565,0.1615914561917675,32.69749317015287,0,1,4,1,0,38.75,2022,3.5845873233014833,0,-0.00957592339260432,0.2840857273141459,0,-0.00957592339260432,0.08618331053351146,0,0.0,0.12448700410392874,0
2022-09-30 16:45:00,2022-09-30 20:30:00,long,1669.96,1663.067142857143,stop,-21.212908335037916,10044.904589359532,-1.0536787564766792,0.0522279792746298,2.274818652849717,1.2289986367454655,0.66197183098592,0.8240414507772442,0.7166839378238421,7,0.7334228514398754,0.3562662715055564,32.69749317015287,0,17,4,1,0,6.75,2022,0.7834196891191512,0,0.0696373056994845,0.24227979274612454,0,0.0696373056994845,0.3322279792746061,0,0.0696373056994845,0.43958549222797527,0
2022-10-03 04:00:00,2022-10-03 07:15:00,long,1665.31,1662.6,stop,-22.832698254780578,10022.071891104752,-1.136531365313665,0.0295202952029251,1.5793357933578374,0.5051916744571837,0.9205298013244244,1.114391143911431,2.664206642066343,10,0.5938091555695453,0.3137779460266943,31.416633813506845,0,4,0,1,1,55.5,2022,1.509225092250974,0,0.08856088560885932,0.7232472324723371,0,0.08856088560885932,1.1439114391144398,0,0.08856088560885932,0.8376383763837559,0
2022-10-03 17:00:00,2022-10-04 02:15:00,long,1678.1,1702.2714285714287,target,59.21196446017622,10081.283855564929,2.954078014184409,0.8762411347517612,2.6808510638297607,1.5619771196200385,0.7637721755368635,2.6585106382978663,3.710992907801352,13,0.566379706685111,0.2248471359783677,31.416633813506845,0,17,0,1,2,9.75,2022,3.015957446808516,0,0.20354609929076317,0.8750000000000175,0,0.20354609929076317,1.0499999999999985,0,0.20354609929076317,1.6569148936170288,0
2022-10-04 06:30:00,2022-10-04 10:15:00,long,1700.05,1710.3614285714286,target,58.31725216199217,10139.60110772692,2.892352452202836,0.3840399002492891,2.484621778886222,0.6752238994460882,0.952286282306161,2.926849542809606,-0.4014962593516498,16,2.080277144434709,0.5473620706510474,29.627174787832534,0,6,1,1,0,4.25,2022,3.0374064837905177,0,0.5033250207813815,-0.08146300914379863,1,0.6662510390689789,-0.5498753117206573,1,0.7855361596010051,0.0,0
2022-10-04 17:00:00,2022-10-05 12:45:00,long,1714.15,1706.134285714286,stop,-21.21527660037677,10118.385831126545,-1.0461593298877208,0.0723578684726911,3.183746212796309,1.5314691875755124,0.5585585585585786,1.9386918552842696,1.4271965781500775,19,2.3669286621763503,0.9230925583055604,29.627174787832534,0,17,1,1,0,6.75,2022,1.9075031188736478,1,0.3318481554090301,-0.2258064516129261,1,0.3318481554090301,0.5938335412582451,1,0.3318481554090301,1.2650151488148196,0
2022-10-05 20:15:00,2022-10-07 15:30:00,long,1711.61,1704.8342857142857,stop,-24.542075500160998,10093.843755626383,-1.212746573898367,0.0767446763651669,1.4079696394686834,1.253378932637161,0.5555555555555054,0.7438330170777925,0.4545646215475324,26,1.1690292882262068,0.8277881192796821,29.163266207105792,1,20,2,1,1,7.5,2022,2.0425890786422283,0,0.1623445076955377,0.18300653594771352,0,0.1623445076955377,0.1800548176259789,0,0.1623445076955377,0.4014336917562759,0
2022-10-10 10:30:00,2022-10-10 17:45:00,short,1684.07,1668.3757142857144,target,59.13526049514118,10152.979016121524,2.929273620972127,0.237028945931231,1.773894046968826,1.0172080943320214,0.9621212121212468,1.513926815947588,1.609503003823066,5,0.7395909941652556,0.0629234799612077,26.952451023363363,1,10,0,0,2,67.0,2022,3.509557618787539,0,0.24467504096121886,0.24467504096121886,0,0.24467504096121886,0.5122883670125317,0,0.24467504096121886,0.5505188421627316,0
2022-10-11 05:00:00,2022-10-11 05:45:00,short,1662.47,1666.81,stop,-22.037111136374072,10130.94190498515,-1.0852534562211835,2.188940092165907,2.9262672811059605,0.8677474235177952,0.9667673716012036,3.050691244239593,2.709677419354795,10,1.150870154316164,0.4892831514237916,25.605573707782572,1,5,1,0,0,11.25,2022,0.2857142857142889,0,0.6889400921659035,-0.5806451612903206,0,0.9907834101382422,-0.6728110599078535,0,1.0967741935483892,-0.6359447004608298,0
2022-10-11 12:30:00,2022-10-11 14:00:00,short,1662.74,1668.3971428571429,stop,-21.587092877339817,10109.35481210781,-1.0654040404040526,0.2686868686868692,2.2414141414141437,1.1136812649844123,0.9243027888445996,0.8873737373737464,0.7777777777778045,12,1.3536713935244924,0.5670630864332837,25.605573707782572,1,12,1,0,1,6.75,2022,0.3199494949494897,0,0.23510101010100048,0.02828282828284314,0,0.24040404040402602,0.25984848484849327,0,0.38358585858587674,-0.02474747474749277,0
2022-10-12 02:15:00,2022-10-12 07:00:00,short,1665.07,1667.9714285714283,stop,-22.797067966249987,10086.55774414156,-1.1275233874938442,0.0482520925653512,1.5785327424913451,0.5760061259144912,0.4183673469388512,0.67552929591335,9.085179714426358,15,1.148143485525219,0.4521296919112627,24.56073581796977,1,2,2,0,2,12.25,2022,1.3234859675036532,0,0.19990152634175518,0.062038404726678646,0,0.19990152634175518,0.3618906942392722,0,0.19990152634175518,0.554899064500207,0
2022-10-13 09:15:00,2022-10-13 10:30:00,short,1667.89,1670.0957142857144,stop,-23.55707721850746,10063.000666923052,-1.167746113989671,0.9248704663212508,1.93134715025901,0.4571067667985641,0.9787234042552188,1.7046632124353762,2.194300518134632,23,0.5438949725509484,0.2251846559975345,23.59112922908449,1,9,3,0,3,26.25,2022,0.4352331606217894,0,0.46696891191709816,-0.06800518134709017,0,0.5349740932641883,0.14507772020733187,0,0.7117875647668289,-0.4533678756476801,0
2022-10-13 16:30:00,2022-10-13 18:00:00,short,1643.8,1654.7814285714285,stop,-20.804111694905718,10042.196555228144,-1.0336932483413497,0.1511643033693527,6.877065174970717,2.2501102259830903,0.9333333333333524,1.0107974502406565,5.959151814752175,25,1.3730708078275966,0.2443931250823205,23.59112922908449,1,16,3,0,4,6.0,2022,0.13386236503187426,1,0.6155847534798993,-0.43983348510473563,1,0.7239495251723719,-0.5454663717965396,1,0.7239495251723719,-0.29868609340444613,1
2022-10-13 22:15:00,2022-10-14 09:00:00,short,1664.56,1670.8457142857142,stop,-21.2666335230942,10020.929921705052,-1.0588636363636204,0.1113636363636791,2.4022727272727,1.2206131037902652,0.962546816479436,0.8495454545454733,-1.7054545454545047,26,0.6519741936526363,0.2441982031664458,23.59112922908449,1,22,3,0,5,4.25,2022,0.9211363636363531,1,0.16386363636363116,-0.1463636363636472,1,0.16386363636363116,0.10977272727273538,1,0.2720454545454589,-0.24022727272727004,0
2022-10-14 11:45:00,2022-10-14 19:00:00,short,1660.66,1644.1557142857143,target,58.77765906815741,10079.707580773207,2.932744741625558,0.1454167748636222,3.875357050116884,1.0750914579177255,0.8831168831168882,0.8397818748376848,2.4866268501687583,30,0.7805244046986898,0.314733676925738,23.501220523234668,1,12,4,0,6,2.75,2022,3.408205660867308,0,0.0036354193715884887,0.4398857439626205,0,0.0036354193715884887,1.077901843676979,0,0.0036354193715884887,1.2087769410542886,0
2022-10-17 07:00:00,2022-10-17 08:00:00,short,1648.74,1651.85,stop,-22.55780217433451,10057.149778598874,-1.1189710610932282,0.0964630225080981,2.360128617363271,0.6094628414653498,0.7722772277227522,1.2990353697749226,-0.9581993569132,34,1.1924995851958755,0.4229332768512672,23.50539163901141,1,7,0,0,0,60.0,2022,0.025723472668787186,1,0.2282958199357056,-0.16720257234726293,1,0.34083601286172266,-0.2057877813505168,1,1.0418006430868314,-0.7942122186495354,1
2022-10-18 05:00:00,2022-10-18 06:45:00,short,1649.43,1652.4628571428573,stop,-22.568187256357263,10034.581591342518,-1.1219971738106786,0.1978332548280454,2.486104569006136,0.6133526259971797,0.862068965517253,1.3386716910032923,0.9561940650023945,3,0.6987050627130541,0.2525168759947127,23.50926290156428,1,5,1,0,1,21.0,2022,0.18464437117292737,0,0.21102213848323848,-0.04945831370697387,1,0.5671219971738252,-0.24399434762129601,1,0.6759302873292427,-0.6396608572773869,1
2022-10-18 11:45:00,2022-10-18 15:00:00,short,1649.9,1655.0028571428572,stop,-21.524346067432067,10013.057245275086,-1.0725083986562285,0.5212765957446586,2.4692049272116576,1.0213708944798938,0.9679999999999684,1.4697648376259973,3.7077267637177744,5,0.7667738825797874,0.2061793416739399,23.50926290156428,1,12,1,0,2,5.0,2022,0.25083986562154276,0,0.656494960806261,-0.18617021276592402,1,0.7015677491601285,-0.39781634938409793,1,0.7015677491601285,-0.3997760358342642,0
2022-10-19 09:15:00,2022-10-19 10:45:00,short,1642.72,1645.7957142857142,stop,-22.435201184954565,9990.62204409013,-1.1202972596377188,1.1249419414770576,3.6414305620065632,0.6451951243266533,0.9283746556473832,2.360427310729216,5.676730143985336,10,0.7988779991791974,0.2436057830791815,23.512855994155014,1,9,2,0,3,18.25,2022,1.6418950301904713,0,0.19182535996282224,0.09428704133765965,0,0.3771481653507125,0.5917324663260555,0,0.3771481653507125,1.1411983279145725,0
2022-10-19 13:15:00,2022-10-20 17:15:00,short,1635.86,1641.9471428571426,stop,-22.735846862419532,9967.886197227712,-1.1378594226707204,1.0546819995306522,2.602206054916744,1.2675841604039717,0.9647058823529732,1.3963858249237449,2.2539310021122514,11,1.0605512174841334,0.2634382988275452,23.512855994155014,1,13,2,0,4,2.5,2022,2.21121802393804,0,0.011499647969987146,0.3581318939215924,0,0.011499647969987146,0.4517718845341528,0,0.011499647969987146,0.4304153954470658,0
2022-10-20 19:45:00,2022-10-21 10:00:00,short,1636.15,1617.357142857143,target,58.62981090054667,10026.51600812826,2.940935005701254,0.0063854047890477,3.0426453819840185,1.2773038257215863,0.1954887218044817,0.4246294184721119,-1.136602052451591,19,0.6776271157155802,0.4644590978256424,24.27834144103348,1,20,3,0,5,2.5,2022,3.0378563283922686,0,0.007981755986309706,0.5236031927024248,0,0.007981755986309706,0.6321550741163094,0,0.007981755986309706,0.8460661345496273,0
2022-10-21 15:00:00,2022-10-21 15:45:00,short,1621.96,1626.581428571429,stop,-21.65851433224088,10004.857493796018,-1.0800618238021478,0.3938176197835437,2.237403400309094,1.0257609477587544,0.8828828828828884,0.9607418856259536,0.212055641421946,23,1.3108729312353842,0.4403105068021218,25.182961527892445,1,15,4,0,0,5.0,2022,0.6231839258114452,0,0.17094281298298628,0.13199381761980783,1,0.43060278207108843,-0.3029366306027449,1,2.9882534775887843,-1.7137557959814254,0
2022-10-21 22:00:00,2022-10-24 10:30:00,long,1654.78,1649.0214285714285,stop,-28.74188312718088,9976.115610668838,-1.4363964276854333,0.0069461672041613,2.1255271644752574,1.2306017156987612,0.8906249999999852,0.6668320516001178,4.410816174646461,1,0.5843713655851134,-0.3307076362812244,25.182961527892445,0,22,4,1,1,6.25,2022,2.7558918382535285,0,0.14065988588438505,0.21533118332919815,1,0.1493425948895867,-0.06425204663853164,1,0.1493425948895867,0.022575043413563756,0
2022-10-26 18:00:00,2022-10-26 20:15:00,long,1671.77,1664.2614285714285,stop,-20.93541765328705,9955.18019301555,-1.0492770167427652,0.2450532724505491,2.7248858447488304,1.578618371036154,0.9794007490636472,1.422374429223766,0.3835616438356263,6,0.7174815572878415,0.2500559826287052,23.634576434350183,0,18,2,1,2,55.5,2022,0.11453576864537326,0,0.10521308980212479,-0.042617960426170616,1,0.4355022831050152,-0.4341704718416983,1,0.8936453576864477,-0.6565829528158301,1
2022-10-27 02:45:00,2022-10-27 05:00:00,long,1667.46,1665.39,stop,-23.469217073389427,9931.710975942162,-1.1787439613526625,1.3140096618359125,2.7439613526570104,0.4451778163807775,0.963414634146372,1.584541062801858,1.6231884057972128,8,0.7543319853514373,0.3131700347363875,22.30147120213105,0,3,3,1,3,6.5,2022,1.5942028985507517,0,0.7971014492754308,0.28019323671494933,0,0.7971014492754308,0.39613526570046453,0,0.7971014492754308,-0.16908212560393585,0
2022-10-27 08:00:00,2022-10-27 09:30:00,long,1666.67,1663.2942857142857,stop,-22.04058076929373,9909.670395172869,-1.109606432501066,0.3495556495980499,2.2928480744814936,0.7210506039905027,0.8609625668449334,1.1079136690648024,-2.316546762589809,10,0.6923173198758406,0.3731735775883038,22.30147120213105,0,8,3,1,4,3.0,2022,0.8650021159542373,0,0.251798561151116,-0.15107913669064263,0,0.3347439695302857,0.8205670757511467,1,0.3495556495979826,-0.25476089716465533,0
2022-10-31 03:45:00,2022-10-31 06:45:00,short,1642.14,1644.62,stop,-22.776258569550222,9886.894136603318,-1.1491935483870808,0.2419354838709261,2.395161290322554,0.5477885129285355,0.9658119658118048,0.9435483870968135,2.056451612903148,5,0.6676273174225417,0.1716436385388986,20.78904717662935,1,4,0,0,5,90.25,2022,0.6169354838710358,0,0.13709677419351257,0.13709677419360428,1,0.31451612903224063,-0.1330645161290002,1,0.31451612903224063,0.3024193548387035,0
2022-10-31 08:45:00,2022-10-31 10:00:00,short,1641.45,1644.1971428571428,stop,-22.437028607455307,9864.457107995862,-1.134685387415488,0.2620904836192779,2.744669786791521,0.6228108943325147,0.764705882352928,0.7425897035881471,-0.043681747269852,6,0.5019902459108602,0.2391512618383662,20.78904717662935,1,9,0,0,6,2.0,2022,0.37129485179407357,0,0.14560582423292295,0.1892875715028578,0,0.21840873634942584,-0.0910036401456079,1,0.840873634945397,-0.7571502860114312,0
2022-10-31 11:00:00,2022-11-01 09:00:00,short,1638.69,1642.1857142857143,stop,-21.817099251522126,9842.64000874434,-1.105843890478158,0.955455659991764,2.3686146301594992,0.8082459584605259,0.961403508771887,1.6305680425011433,3.432774826318032,6,0.5019902459108602,0.2391512618383662,20.78904717662935,1,11,0,0,7,1.0,2022,2.299959133633071,0,0.21740907233347276,0.3175316714344544,0,0.21740907233347276,0.620760114425865,0,0.21740907233347276,0.5463833265223101,0
2022-11-03 02:00:00,2022-11-03 04:15:00,short,1632.08,1639.847142857143,stop,-20.623019124446323,9822.016989619891,-1.0476365642817649,0.3038440316351111,2.077984182453556,1.8183135646124893,0.9473684210526774,0.5381644289129858,8.283612286187306,2,0.7725289644168575,-0.0173615487504941,18.67657262778668,1,2,3,0,8,41.0,2022,0.04634908957144225,0,0.06823615964686099,-0.05278646312305666,0,0.16093433878977478,-0.13389736987308792,1,0.3604929188891189,-0.3604929188891189,1
2022-11-03 09:00:00,2022-11-03 11:00:00,short,1634.72,1626.8814285714286,target,56.15036065799172,9878.167350277885,2.8583925642427905,1.025697102241614,2.135593220338986,0.6113789523018192,0.8164794007490652,2.0437397484965314,2.3193001640240696,4,0.5353782740505123,0.0793018110114562,18.67657262778668,1,9,3,0,9,4.75,2022,3.092400218698759,0,0.11098961180971977,-0.007654455986871224,0,0.5396391470749434,-0.3521049753964244,0,0.5396391470749434,1.6801530891198,0
2022-11-03 11:15:00,2022-11-03 17:45:00,short,1625.33,1629.678571428571,stop,-21.43731061627292,9856.730039661612,-1.085085413929025,0.602496714848957,4.971747700394147,1.0183745400789208,0.8308457711443186,1.848883048620211,6.130749014454679,4,0.5353782740505123,0.0793018110114562,18.67657262778668,1,11,3,0,0,0.25,2022,2.0075558475689737,0,0.20236530880422823,-0.12877792378453265,1,0.5381077529566645,-0.42312746386336725,1,0.6553876478318256,0.814060446780536,0
2022-11-04 15:45:00,2022-11-04 21:45:00,long,1659.62,1680.752857142857,target,58.10493384564639,9914.83497350726,2.9474751571689173,0.9056986412491872,3.705130805110499,1.62286469682364,0.8246628131021055,1.4735347799635066,3.3331981342526134,3,1.0124176364449526,-0.0373676679146783,18.268932764120542,0,16,4,1,1,22.0,2022,3.130196714662355,0,0.10646927600892277,0.7651591969174725,0,0.10646927600892277,0.704116812005681,0,0.10646927600892277,1.1001825187588685,0
2022-11-07 11:00:00,2022-11-07 15:15:00,long,1678.59,1673.76,stop,-21.348712986433583,9893.486260520824,-1.076604554865411,1.0393374741200807,3.826086956521749,1.0886113309810987,0.9897172236503368,1.6107660455486985,2.654244306418164,7,1.3122764723932985,0.55056786372365,17.940123431989484,1,11,0,1,0,61.25,2022,0.36438923395445005,0,0.153209109730851,0.2650103519668685,0,0.153209109730851,0.21118012422359905,0,0.153209109730851,0.18840579710146654,0
2022-11-07 16:00:00,2022-11-07 17:15:00,long,1679.97,1675.4514285714286,stop,-21.40721465918604,9872.07904586164,-1.0818842870692529,0.5532722099272863,2.314890926335774,1.003959657517397,0.6388888888888924,1.593423964590544,0.2080303509326717,9,1.4401551240218928,0.6657850487586048,17.940123431989484,1,16,0,1,1,0.75,2022,0.4094214353461717,1,0.41606070186534344,-0.34966803667402885,1,0.593107809042065,0.03762251027507157,1,0.593107809042065,-0.15934239645906448,0
2022-11-08 02:30:00,2022-11-08 03:00:00,long,1675.54,1673.402857142857,stop,-23.162431451186407,9848.916614410453,-1.1731283422460066,0.1403743315506762,2.7887700534759885,0.4786861728437807,0.820895522388042,1.254010695187105,-0.3181818181819584,11,1.1165495432586752,0.5721045138345371,17.64061891376306,0,2,1,1,2,9.25,2022,0.5193850267380341,0,0.4679144385026798,-0.05147058823524796,1,1.0340909090909394,-0.6504010695186653,1,1.319518716577527,-0.6831550802139295,0
2022-11-08 11:45:00,2022-11-08 17:00:00,long,1671.5,1685.1114285714286,target,57.48715875250059,9906.403773162954,2.9184508816121046,0.0088161209067929,3.032745591939596,1.0114273885789826,0.945205479452106,0.6435768261964898,1.4061712846347851,14,0.737231013097496,0.4290545415074565,17.64061891376306,0,12,1,1,3,8.75,2022,6.21756926952142,0,0.10579345088161614,0.03967254408061858,1,0.3901133501259407,-0.1498740554156312,1,0.3901133501259407,-0.22040302267002526,0
2022-11-08 17:15:00,2022-11-10 15:30:00,long,1706.01,1731.0514285714285,target,56.016849449815744,9962.42062261277,2.827304980318325,1.5094985452678351,6.99161389697077,1.8540782065291748,0.7656250000000017,2.606880027383173,8.134519938387848,15,0.7668237931187166,0.381346146971051,17.64061891376306,0,17,1,1,0,0.25,2022,3.6144104056135737,0,0.027554338524732706,0.5846311826116869,0,0.027554338524732706,0.843402361800443,0,0.027554338524732706,1.1213417764846738,0
2022-11-10 16:00:00,2022-11-11 10:45:00,long,1738.8,1765.1314285714284,target,58.93459309073613,10021.355215703506,2.957845052083325,0.3896484375000094,6.892903645833353,1.897709328319309,0.9211678832116832,1.560872395833317,7.416992187500011,27,2.55566125057438,0.7303342424229919,19.52173295372108,1,16,3,1,0,0.5,2022,3.113769531250026,0,0.16975911458333484,0.14241536458333373,0,0.2495117187500069,0.22786458333333398,0,0.2495117187500069,0.8374023437500179,0
2022-11-11 15:30:00,2022-11-11 16:30:00,long,1763.41,1756.9328571428573,stop,-21.18762926725461,10000.167586436251,-1.0571239523599318,0.135862373180431,2.464049404499336,1.315831796608126,0.8631840796020007,1.2412880458755968,0.4662549625055096,32,3.1820814905509907,1.306136261571056,21.28576050608132,1,15,4,1,0,4.75,2022,0.4060432289369015,0,0.013895015438928465,0.32884869872075706,0,0.027790030877821826,-0.024702249669178857,1,1.2181296868107747,-0.9988972209969131,0
2022-11-11 19:15:00,2022-11-14 07:45:00,long,1764.84,1758.1971428571428,stop,-27.56654369056984,9972.601042745682,-1.3783040860215072,0.0210752688171852,2.3815053763441223,1.3354290155458963,0.773913043478242,0.3462365591397455,1.3578494623655952,33,3.0614303490199752,1.3436261156407614,21.28576050608132,1,19,4,1,1,2.75,2022,1.1576344086021644,0,0.14752688172043357,0.03612903225806606,1,0.14752688172043357,-0.05118279569891266,1,0.14752688172043357,0.17161290322582234,0
2022-11-14 10:00:00,2022-11-14 11:00:00,long,1765.57,1760.8542857142857,stop,-21.510124030399208,9951.090918715285,-1.07846107240228,0.8100575583155837,2.476825204483501,0.9806989572089436,0.8512195121950958,1.738867009996993,1.6116328385337255,37,1.9697846333997813,1.1645841464499318,23.23061866057049,1,10,0,1,2,2.25,2022,0.10178733717055616,1,0.8376249621326796,-0.7040290820963065,1,0.9436534383520049,-0.604362314450135,1,1.429263859436507,-1.3720084822780754,1
2022-11-14 14:30:00,2022-11-14 17:00:00,long,1758.86,1773.2299999999998,target,58.16921622631061,10009.260134941593,2.922755741127347,0.2588726513569501,2.0918580375783,0.9857566783753156,0.8711340206185452,0.8100208768266564,-1.611691022964575,38,1.7790299351883765,1.0615177715752155,23.23061866057049,1,14,0,1,3,3.5,2022,3.3716075156576646,0,0.10647181628392376,0.5991649269311357,0,0.10647181628392376,0.03966597077245428,0,0.10647181628392376,0.7160751565762191,0
2022-11-14 20:15:00,2022-11-15 02:15:00,long,1773.45,1767.6657142857143,stop,-21.299033174279035,9987.961101767314,-1.063966411459608,0.3388490985428525,2.046925166707831,1.1693081869983533,0.9058823529411976,1.1755989133119469,3.146455915040762,40,2.242905309327307,0.9419628694222082,23.23061866057049,1,20,0,1,0,3.25,2022,0.16769572734008678,1,0.31464559150406046,-0.30081501605334465,1,0.34230674240553144,-0.036305260558168385,1,0.34230674240553144,-0.15386515188937094,1
2022-11-15 07:00:00,2022-11-15 08:15:00,long,1772.71,1769.6542857142858,stop,-22.39469913233972,9965.566402634977,-1.1210846189807997,0.3010752688172267,1.6231884057971058,0.6254035470721697,0.8069498069498178,1.6951846657317378,2.9387564282374865,42,1.8757374503825224,0.8476366250768752,25.084916757938757,1,7,1,1,1,4.75,2022,0.2847124824684062,0,0.02945301542781747,0.1309022907900436,0,0.1669004207573595,-0.10799438990179898,1,0.8377746610565467,-0.6054230949042027,0
2022-11-15 09:15:00,2022-11-15 11:45:00,long,1776.7,1773.114285714286,stop,-21.987771608681737,9943.578631026294,-1.1031872509959892,1.7402390438247737,2.772111553784886,0.7322476441111104,0.9032258064516216,3.285258964143367,3.02868525896419,43,1.8423268394653136,0.8384121336613148,25.084916757938757,1,9,1,1,2,1.0,2022,2.144621513944246,0,0.022310756972154754,1.0067729083665096,0,0.022310756972154754,1.7179282868525554,0,0.022310756972154754,0.5772908366533708,0
2022-11-15 20:30:00,2022-11-17 03:45:00,long,1778.47,1770.0885714285714,stop,-23.30752120365399,9920.27110982264,-1.171988580194311,0.8375660473836681,1.6632009544912263,1.6183943980070064,0.5420918367346916,3.741605590591454,1.69183569115389,46,1.5461039405353176,0.7981007663975248,25.084916757938757,1,20,1,1,3,8.75,2022,0.7743310039202319,0,0.4414521902164698,-0.07516618373957318,1,0.596557013806033,-0.45934890063066164,1,0.7003579342082968,-0.3292994716209291,0
2022-11-21 04:30:00,2022-11-21 18:15:00,short,1744.19,1733.3514285714284,target,57.489716641186696,9977.760826463826,2.897587979438524,0.0830367734281556,4.7497034400949065,0.7995626486105639,0.7999999999999567,1.1625148279951856,3.100039541320579,3,0.6561237791984383,0.0692584407503638,29.778448564858348,0,4,0,0,4,96.75,2022,3.0197706603400283,0,0.0913404507710341,-0.03044681692365706,1,0.32937920126533193,-0.22973507315141933,1,0.7251878212731884,-0.48991696322655864,0
2022-11-21 18:45:00,2022-11-21 20:00:00,short,1732.91,1738.5657142857144,stop,-21.261023069474305,9956.499803394352,-1.0654205607476626,0.1308411214952873,4.6183379641322935,1.273409193404324,0.7513227513227201,0.6683505935841871,2.6274311694871617,6,0.6558455173257531,0.2614432065510153,29.778448564858348,0,19,0,0,0,0.5,2022,0.00884061631728391,1,0.6824955796918173,-0.5463500884061435,1,0.6824955796918173,-0.4685526648143185,1,0.7779742359181298,-0.6506693609496997,1
2022-11-22 07:45:00,2022-11-22 09:45:00,short,1741.5,1744.1742857142858,stop,-22.66805671050618,9933.831746683843,-1.1383547008547232,0.0897435897435069,2.99145299145295,0.6241521370834211,0.656716417910419,1.5032051282051009,1.518162393162352,10,0.5696201935342724,0.3116757292705663,29.182407636246893,0,8,1,0,1,11.75,2022,0.46741452991452354,1,0.4823717948717747,-0.3552350427350549,1,0.5384615384615515,0.02617521367518951,1,0.5384615384615515,0.2804487179487141,0
2022-11-22 21:30:00,2022-11-22 22:45:00,short,1737.21,1740.071428571429,stop,-22.436672402395462,9911.39507428145,-1.129306040938602,0.0139790314528079,3.2990514228656878,0.678974419816703,0.9035087719297212,0.7968047928108458,3.7393909136294554,13,0.5938911225351003,0.2167364625713097,29.182407636246893,0,21,1,0,2,11.75,2022,0.08037943085372497,1,0.45431852221665453,-0.32850723914130386,1,0.45431852221665453,-0.17823265102345984,1,0.99950074887664,-0.7758362456315544,1
2022-11-23 03:30:00,2022-11-23 04:45:00,short,1739.09,1741.097142857143,stop,-23.476955734667897,9887.918118546782,-1.1843416370106663,0.358718861210104,3.3181494661922164,0.5046733168201801,0.9296875000000624,1.2754448398576694,0.3387900355873456,14,0.5393498125791316,0.1946280523850596,28.628980829778463,0,3,2,0,3,4.75,2022,0.08469750889672314,1,0.9017793594307232,-0.5679715302491805,1,0.9017793594307232,-0.5380782918150429,1,0.9017793594307232,-0.14946619217091445,1
2022-11-23 11:00:00,2022-11-23 11:45:00,short,1736.03,1739.9642857142856,stop,-21.635655258664347,9866.282463288118,-1.0940450254175509,0.3405954974582828,4.554829339143127,1.027770132529716,0.9779614325069064,1.8453159041393912,-0.864197530864229,16,0.6599490740511662,0.2004230911471394,28.628980829778463,0,11,2,0,4,6.25,2022,0.12200435729848075,1,0.5210602759622303,-0.4295570079883985,1,0.7930283224401248,-0.7040668119099514,1,1.0395787944807444,0.005083514887431881,1
2022-11-28 12:30:00,2022-11-28 13:45:00,long,1763.46,1758.66,stop,-21.25361680633332,9845.028846481786,-1.0770833333333414,0.2041666666666738,5.48750000000012,1.3599487995466617,0.8767123287670827,0.6083333333333584,4.883333333333424,1,0.5540629569445197,0.0371421805232641,26.102773579602303,1,12,0,1,5,120.75,2022,0.010416666666657363,1,0.6374999999999991,-0.5833333333333334,1,0.8333333333333469,-0.4354166666667041,1,0.9020833333333329,-0.8604166666667035,1
2022-11-30 14:00:00,2022-11-30 15:15:00,long,1763.22,1759.3742857142856,stop,-21.58445774589035,9823.444388735896,-1.0962109955423724,0.0728083209510176,2.480683506686462,1.0595400919029028,0.9750000000000228,1.0401188707280804,3.838038632986674,3,0.5915772030455285,0.0647592145886832,23.897294440075083,1,14,2,1,6,48.25,2022,0.3328380386329786,1,0.4654531946508065,-0.4368499257058103,1,0.7644873699851532,-0.6084695393759058,1,0.7644873699851532,-0.5460624071322776,0
2022-12-01 01:00:00,2022-12-01 15:15:00,long,1770.11,1787.132857142857,target,57.65956255765049,9881.103951293546,2.934793554884177,0.0599194360523123,3.450654582074526,1.4490455904874369,0.7550200803212349,0.8776435045317297,6.735649546827793,6,0.878486000871165,0.1398228547602409,23.444450083819472,1,1,3,1,7,9.75,2022,3.2162638469285154,0,0.11278952668678578,0.03348439073515581,0,0.11278952668678578,0.36656596173215394,0,0.11278952668678578,0.9498992950654805,0
2022-12-01 15:30:00,2022-12-01 16:45:00,long,1789.02,1803.3557142857144,target,57.75645574161205,9938.860407035158,2.922571001494781,0.2762331838565399,4.980568011958151,1.2449194477569412,0.6564102564102526,2.4484304932735346,4.796412556053886,9,1.1669715498592783,0.3386915044015115,23.444450083819472,1,15,3,1,0,0.25,2022,3.0176382660688117,0,0.2490284005979218,0.08370702541108134,0,0.2490284005979218,1.5443946188341224,0,0.2490284005979218,2.0550074738415667,0
2022-12-01 21:45:00,2022-12-02 03:00:00,long,1803.24,1799.3828571428571,stop,-21.784509588457045,9917.0758974467,-1.095925925925925,0.2022222222222724,2.068888888888876,0.9564413297781726,0.9464285714286148,0.5807407407406793,3.541481481481414,11,2.180350718323128,0.5941208800834596,23.444450083819472,1,22,3,1,0,5.0,2022,0.28518518518515923,1,0.5314814814814652,-0.4874074074074316,1,0.5444444444444163,-0.43037037037038794,1,0.5444444444444163,0.04407407407409256,0
2022-12-02 08:00:00,2022-12-02 15:30:00,long,1799.03,1796.162857142857,stop,-22.39371597769279,9894.682181469008,-1.1290483308420776,0.0279023418036621,2.253114100647778,0.7126587625380584,1.0,1.4160438465371217,1.0672645739910278,14,1.570197334734739,0.7348250151641755,24.302382382209974,1,8,4,1,1,5.0,2022,1.349775784753424,0,0.1499750871948425,0.23019431988045042,0,0.1499750871948425,0.16741405082213134,1,0.1499750871948425,0.19531639262579345,0
2022-12-02 18:15:00,2022-12-05 17:00:00,long,1790.52,1780.1671428571428,stop,-24.592972463109785,9870.0892090059,-1.242736856630326,0.10238719470125,2.215813440044154,2.452078326990304,0.93661971830984,0.5486408168897737,-1.5473989236925554,16,0.763288518298128,0.7086323798004779,24.302382382209974,1,18,4,1,2,2.75,2022,1.8748447633503533,0,0.023182006347454917,0.3390368428315144,0,0.023182006347454917,0.48392438250310216,0,0.023182006347454917,0.530288395198012,0
2022-12-05 20:45:00,2022-12-06 03:00:00,short,1766.73,1771.8857142857144,stop,-21.15683295119729,9848.9323760547,-1.0717650318648022,0.4887780548628436,3.9839290662233577,1.174103996096067,0.7450980392156906,0.791354945968405,6.598503740648432,1,0.5905443071719877,-0.3813568430850456,25.11196788540157,0,21,0,0,3,3.75,2022,0.18426156830147897,0,0.07952341368801878,-0.06400665004154919,0,0.14159046827376479,0.009697977279015923,1,0.28899972291493914,-0.26378498198945366,1
2022-12-08 16:45:00,2022-12-12 07:00:00,long,1792.43,1785.96,stop,-30.610938498612867,9818.32143755609,-1.5540231839258012,0.1638330757341476,2.309119010819152,1.5622695855018505,0.9754689754689972,2.1421947449767456,2.6986089644512945,7,0.565659996648811,0.1535996474163026,25.267328955754945,1,17,3,1,4,61.75,2022,2.1066460587325744,1,0.3817619783616699,-0.12673879443588193,1,0.3817619783616699,0.2952086553322777,1,0.38794435857804754,-0.3400309119010858,0
2022-12-13 16:00:00,2022-12-13 17:45:00,long,1817.51,1809.047142857143,stop,-20.495165917761263,9797.826271638329,-1.0437204591492155,1.1367319378798022,6.1823092505064565,2.218359634642205,0.9298737727910228,1.685010128291673,8.250168804861628,1,1.3091154492222172,0.0491212021915821,26.529837495062484,1,16,1,1,5,33.0,2022,0.822417285617833,0,0.11580013504389183,0.11698176907495085,0,0.30722484807561495,0.315496286293055,0,0.30722484807561495,0.26114112086428615,0
2022-12-14 03:00:00,2022-12-14 06:30:00,long,1811.58,1809.1385714285716,stop,-22.565385725669096,9775.26088591266,-1.1515506143943834,0.1310708016382664,2.1544763019310533,0.6046908655058165,0.6951219512194885,1.3434757167933489,1.3270918665885654,3,1.1274972749424286,0.2342240670382134,27.449340793622056,1,3,2,1,6,9.25,2022,0.413692217671151,1,0.4095962551199552,-0.21299005266236923,1,0.47103569338789253,-0.4341720304271301,1,0.7618490345230756,-0.7618490345230756,0
2022-12-14 08:30:00,2022-12-14 09:15:00,long,1812.3,1809.97,stop,-22.65511106606377,9752.605774846596,-1.1587982832618076,0.8497854077253563,2.6952789699570565,0.5779038583763342,0.9119496855345364,1.3648068669529572,1.510729613733945,5,0.93696737013441,0.3818143400258877,27.449340793622056,1,8,2,1,7,2.0,2022,0.36480686695285963,0,0.33047210300429436,-0.32618025751073587,1,0.9957081545064416,-0.8712446351931485,1,1.9313304721030646,-1.8540772532189147,0
2022-12-14 16:30:00,2022-12-14 20:15:00,long,1811.44,1807.4785714285715,stop,-21.32701096958864,9731.278763877006,-1.0934006491164718,0.7169130905157233,2.8979444644789063,0.9811775841199996,0.8443877551020602,1.9790840245220989,1.691309051568766,7,0.7771552183116055,0.4030060058583196,27.449340793622056,1,16,2,1,8,7.25,2022,0.38622430580597916,0,0.3937973314100112,-0.2902993148215157,1,0.7875946628200798,-0.38369996393796846,1,0.7875946628200798,0.07573025604037795,0
2022-12-15 15:15:00,2022-12-15 15:30:00,short,1774.48,1779.2914285714285,stop,-20.95923282457333,9710.319531052432,-1.0769002375296786,0.5861045130641739,2.061757719714909,1.1216478365484588,0.9184100418409828,1.9869358669833848,2.2197149643705383,2,0.9726498920314356,-0.0744228181183803,28.303146546275087,0,15,3,0,9,19.0,2022,0.14756532066509243,1,1.4444774346793612,-1.2802850356294857,1,1.4444774346793612,-0.3865795724465395,1,2.1698337292161884,-1.3800475059382318,1
2022-12-15 23:00:00,2022-12-16 04:15:00,short,1776.49,1779.7385714285715,stop,-21.63257640471065,9688.686954647725,-1.113896218117863,0.2031662269128818,1.5268249780123084,0.7294072363356533,0.9108280254776526,0.966578715919176,1.089709762532959,4,0.8936364534617698,0.1565746555805658,28.303146546275087,0,23,3,0,10,7.5,2022,0.2985927880387036,0,0.17238346525943612,-0.02462620932275659,0,0.17238346525943612,-0.07387862796833976,0,0.17238346525943612,0.08619173262971806,0
2022-12-16 09:45:00,2022-12-16 12:15:00,short,1777.26,1780.6971428571428,stop,-21.46330069338006,9667.223653954345,-1.107647547797175,0.3200332502077911,4.102244389027453,0.7856208954695852,0.6462882096070051,1.3325020781379828,1.274314214463887,7,0.609570461809451,0.3439491847613274,27.692858965060186,0,10,4,0,11,5.5,2022,0.8757273482959345,0,0.48877805486286713,-0.03782211138822837,0,0.48877805486286713,0.6546134663341723,0,0.48877805486286713,-0.1483790523690764,0
2022-12-20 13:30:00,2022-12-20 14:45:00,long,1808.55,1803.4357142857143,stop,-20.733224361748764,9646.490429592594,-1.0723463687150712,0.215083798882664,2.4832402234636546,1.1432449154741269,0.68686868686863,0.7743016759776618,5.666480446927385,1,0.9139154027414068,0.0462009524120565,26.78843151030337,1,13,1,1,12,97.25,2022,0.1642458100558946,1,0.21899441340780018,-0.1740223463686904,1,0.40670391061451144,-0.28547486033520303,1,0.8525139664804284,-0.762569832402209,1
2022-12-20 16:30:00,2022-12-22 16:15:00,long,1808.46,1802.71,stop,-24.12968083106777,9622.360748761526,-1.2506973913043549,0.135652173913079,3.450434782608661,1.2713980838214576,0.9015873015873216,1.0956521739130811,1.210434782608709,2,0.7717863829566515,0.0941472912602492,26.78843151030337,1,16,1,1,13,1.75,2022,2.6678260869565227,0,0.12521739130435328,0.6782608695651975,0,0.12521739130435328,2.0678260869565115,0,0.12521739130435328,1.1443478260869504,0
2022-12-22 20:00:00,2022-12-23 07:15:00,short,1790.18,1795.5057142857145,stop,-20.58173406937372,9601.779014692152,-1.06947424892705,0.9163090128754612,1.922746781115902,1.3314999017804707,0.5155963302752151,2.046673819742483,6.692060085836809,1,0.6187891656104845,-0.1826924588540501,27.87593206882616,0,20,3,0,14,3.75,2022,1.0101931330472191,0,0.10139484978539973,0.4844420600858604,0,0.10139484978539973,0.8318133047210324,0,0.10139484978539973,0.621512875536506,0
2022-12-29 19:45:00,2022-12-30 12:30:00,long,1818.84,1813.3871428571429,stop,-20.50660270572976,9581.272411986423,-1.0678543358658643,0.0770238407125327,2.472098506680682,1.444218389001545,0.6041666666666252,0.8802724652868386,3.16531307309406,5,0.6900522128444245,0.1048945332542627,25.868919476051428,1,20,3,1,15,156.5,2022,0.6400314383023435,0,0.1888917998428065,-0.031176316478882284,0,0.1888917998428065,0.060518731988501946,1,0.5776788053444956,-0.4199633219806131,0
2022-12-30 19:30:00,2023-01-03 04:45:00,long,1820.51,1839.0928571428567,target,46.39858886340538,9627.671000849828,2.421316651291509,0.113007380073771,1.908210332103342,1.623051878423963,0.5217391304347612,0.5940959409594548,-0.2809040590406277,10,0.6648389699219197,0.2268510443111493,26.051321398876464,1,19,4,1,16,7.0,2023,3.107702952029511,0,0.05004612546124566,0.534363468634676,0,0.05004612546124566,0.3874538745387589,1,0.26960332103322127,-0.18404059040591966,0
2023-01-03 05:00:00,2023-01-03 10:45:00,long,1840.87,1834.7114285714283,stop,-20.412181152347078,9607.25881969748,-1.060078868012072,0.3604732080723356,4.215263279981392,1.6347851642582971,0.879310344827543,0.9417768499188292,4.793319415448784,13,0.8791413975862972,0.2699929719780503,26.42788237495308,1,5,1,1,0,0.25,2023,1.46949663651126,0,0.15425655300391178,0.11203897007655571,0,0.15425655300391178,0.006495012758091699,0,0.15425655300391178,0.14613778705638023,0
2023-01-03 15:15:00,2023-01-03 17:15:00,long,1838.83,1833.6842857142856,stop,-20.59612787498746,9586.662691822494,-1.0719044975014007,0.3303720155468831,2.794558578567485,1.2884196783272968,0.5623188405796897,1.3409217101609516,-0.9677956690727414,15,1.250642684769113,0.3930730279170236,26.42788237495308,1,15,1,1,1,4.5,2023,2.129927817878964,0,0.35757912270959,0.19239311493614844,0,0.35757912270959,0.0,0,0.4236535258189578,0.44114380899499944,0
2023-01-03 20:15:00,2023-01-04 10:30:00,long,1840.09,1864.63,target,56.65272304678492,9643.31541486928,2.9547677261613776,0.1760391198044084,2.7432762836185445,1.9493636949736,0.962199312714734,0.7114914425428103,-0.2469437652811724,17,1.1169641199901166,0.4559448664878562,26.42788237495308,1,20,1,1,2,3.0,2023,3.0537897310513595,1,0.26772616136917315,-0.15403422982885037,1,0.26772616136917315,-0.15281173594132094,1,0.44376528117358155,-0.36919315403422914,0
2023-01-04 22:45:00,2023-01-05 09:45:00,long,1855.25,1849.3842857142856,stop,-20.503201064737,9622.812213804542,-1.063078421821741,0.1500243546030387,2.6527033609352118,1.290986062920897,0.8945945945945688,1.2615684364345034,-1.121773015099843,23,1.1518043574934371,0.5821950127001152,27.507137163923414,1,23,2,1,0,12.25,2023,0.6222601071602697,0,0.06648806624453736,0.17048222113979566,0,0.08353628835850142,-0.06478324403314095,1,0.2744763760350539,-0.11933755479786472,0
2023-01-06 15:45:00,2023-01-06 16:15:00,long,1851.82,1845.222857142857,stop,-20.325013064844075,9602.487200739695,-1.056084885231707,0.682113469034213,4.538328280640973,1.4180361008613294,0.8697394789578978,1.5127760935469907,4.97184928540489,4,0.8527247647364655,0.0608551581877447,29.47136054792813,1,16,4,1,1,30.0,2023,0.12126461671718654,1,0.939800779558256,-0.6927241229969578,1,1.261152013858802,-0.9110004330879142,1,1.700736249458642,-1.2550887830229478,1
2023-01-06 17:00:00,2023-01-12 15:30:00,long,1858.65,1891.1057142857144,target,47.44745776231005,9649.934658502008,2.470581671728502,1.1147497689159187,3.3313085963290496,2.299019812462777,0.8251214434420564,2.6639376733130926,3.880364452660758,4,0.8527247647364655,0.0608551581877447,29.47136054792813,1,17,4,1,2,0.75,2023,3.743562656807066,0,0.12940710418593168,-0.10537435626568963,0,0.12940710418593168,0.25696553545490225,0,0.12940710418593168,0.3188960781724369,0
2023-01-12 15:45:00,2023-01-12 16:00:00,long,1899.55,1891.162857142857,stop,-20.151285796837776,9629.78337270517,-1.0441151422244932,0.095384091296169,5.8637370124340285,1.9514100233705576,0.7953394123606885,2.3536024527337487,3.650826094362104,28,1.535714286799655,0.3546141739700026,33.4695700558248,1,16,3,1,0,0.25,2023,0.2074603985692396,1,1.294839039345925,-1.17322432294327,1,1.405723045477767,-0.8942258559018901,1,2.354794753874977,-2.0400272525975,1
2023-01-12 19:15:00,2023-01-16 04:45:00,long,1895.72,1927.4557142857143,target,51.252630506298814,9681.036003211468,2.661151789331533,0.3327481431465211,2.6771100607697678,2.34111795891188,0.7266666666666879,0.5671843349088457,1.6637407157326056,28,1.535714286799655,0.3546141739700026,33.4695700558248,1,19,3,1,1,3.25,2023,3.1270762997974293,0,0.007562457798777731,0.10303848750843257,0,0.007562457798777731,0.18055367994599028,0,0.168264686022955,-0.020796758946660256,0
2023-01-16 13:30:00,2023-01-16 14:15:00,long,1918.91,1915.3328571428567,stop,-21.364778336160352,9659.671224875308,-1.1034345047923106,0.5646964856229785,3.555910543130938,0.8061134562839063,0.9403973509934314,0.8442492012779208,0.9001597444089855,39,1.3788259907096037,0.6759817712708394,36.5594308066168,1,13,0,1,0,8.75,2023,0.09504792332265752,1,0.7436102236421696,-0.6793130990415277,1,0.9756389776357514,-0.7128594249201539,1,1.1964856230031455,-1.1825079872204112,1
2023-01-16 21:15:00,2023-01-17 03:30:00,long,1915.45,1913.7085714285715,stop,-23.42410840092784,9636.247116474378,-1.2124692370795578,0.7005742411814523,2.365873666940086,0.3985231106216241,0.78873239436624,1.6308449548811568,-0.0803937653813882,41,1.0449825147975065,0.6231682342388467,36.5594308066168,1,21,0,1,1,7.0,2023,2.032813781788359,1,0.6431501230517588,-0.6431501230517588,1,0.6431501230517588,0.44216570959802703,1,0.6431501230517588,1.5217391304347259,0
2023-01-17 07:00:00,2023-01-17 08:45:00,long,1912.74,1908.797142857143,stop,-21.08103626422877,9615.166080210149,-1.0938405797101285,0.2079710144927958,2.1507246376811717,0.9265443629972504,0.972677595628439,0.9282608695651836,-0.7456521739130598,43,0.8718214005274743,0.487531926208784,38.280492665353286,1,7,1,1,2,3.5,2023,0.12681159420289898,1,0.3423913043478042,-0.32463768115941444,1,0.9333333333333526,-0.7836956521738949,1,0.9333333333333526,-0.22826086956524122,1
2023-01-17 16:00:00,2023-01-17 17:15:00,long,1915.93,1910.4242857142856,stop,-20.52266636632285,9594.643413843824,-1.067202906071608,0.5775817332641945,2.942397509081444,1.2766503662419717,0.9189189189189322,1.3440581214322955,3.821484172288528,46,0.7337968893620695,0.3361787313647335,38.280492665353286,1,16,1,1,3,7.25,2023,0.11987545407366335,0,0.42138038401663624,-0.07083549558901668,1,0.8155163466528306,-0.7592112091333801,1,0.8155163466528306,-0.3959522573949263,1
2023-01-18 14:00:00,2023-01-18 17:45:00,long,1916.9,1913.0414285714287,stop,-21.02935542760257,9573.614058416222,-1.0958904109588865,0.1140318400592505,2.8611625323953764,0.8678841107481459,0.8888888888889871,0.9329877823028198,2.539800074046676,1,0.7043482215899846,0.1795724093637041,39.3435746574537,1,14,2,1,4,20.75,2023,2.311736393928116,1,0.26434653831913424,-0.2384302110329677,1,0.5053683820807185,-0.42502776749354343,1,0.5442428730100273,0.598667160310977,0
2023-01-19 20:30:00,2023-01-23 16:00:00,long,1923.84,1918.0757142857144,stop,-31.05396157932043,9542.560096836902,-1.621851548946696,0.0693928128871725,2.1130111524163766,1.2084893758010258,0.533875338753387,1.280297397769517,2.761833952911913,4,0.7676968817126912,0.1351984217056845,39.79991832287867,1,20,3,1,5,26.75,2023,2.3628252788103947,0,0.00867410161089657,0.197769516728639,0,0.03643122676576559,0.15960346964065464,0,0.03643122676576559,1.0218091697645626,0
2023-01-24 01:15:00,2023-01-24 09:30:00,long,1932.26,1940.93,target,54.81193688840528,9597.372033725307,2.871972318339077,0.339100346020771,4.865051903114218,0.6385925500166308,0.6979865771811794,1.031141868512128,3.653979238754344,17,0.6930548923210683,0.227114908146131,41.06239147073556,1,1,1,1,6,9.25,2023,3.166089965397988,0,0.12456747404840958,-0.031141868512082727,1,0.3633217993079465,-0.3425605536332247,1,0.3633217993079465,-0.11418685121104867,0
2023-01-24 21:15:00,2023-01-25 05:00:00,long,1936.02,1931.7714285714285,stop,-20.86637779760212,9576.505655927704,-1.0870880968392886,0.0235373234700525,2.753866845998718,0.9139895099164054,0.3565217391304777,0.541358439811744,2.513786146603861,22,0.5776885286095321,0.2893648457052533,41.06239147073556,1,21,1,1,0,11.75,2023,0.8332212508406098,0,0.032952252858073586,0.19300605245459154,0,0.032952252858073586,0.48016139878950037,0,0.032952252858073586,0.3224613315400412,0
2023-01-25 20:15:00,2023-01-26 11:45:00,long,1941.28,1934.3128571428567,stop,-20.170159134239917,9556.335496793465,-1.05310641787983,0.2554849292597532,3.312692228829239,1.5049004922992302,0.6519823788546388,0.6516301004715933,3.8437564076275863,1,0.6029502703219131,0.149329751597671,41.19971108662483,1,20,2,1,1,15.25,2023,1.1267172442075193,0,0.15931925363951746,-0.06745950379331919,1,0.223908140250145,-0.18084888250973752,1,0.24400246052901922,-0.14496616772605916,0
2023-01-31 08:00:00,2023-01-31 12:00:00,short,1913.53,1902.327142857143,target,55.4442938578311,9611.779790651295,2.9009181331293195,1.8156082631982415,3.711553175210368,0.8455185937673627,0.7076350093109929,2.8760520275439743,6.239479724560194,4,0.5271567531376646,0.0971093669881129,41.65949056630646,0,8,1,0,2,116.25,2023,3.0233358837031683,0,0.487375669472063,-0.4766641162968622,0,0.5221882172915265,-0.23297628156086114,0,0.6426931905126574,-0.39632746748279524,0
2023-02-02 01:00:00,2023-02-02 15:45:00,long,1955.76,1944.26,stop,-19.84205671565749,9591.937733935638,-1.0321739130434753,0.2278260869565116,5.763478260869567,2.5001132297658524,0.9020100502512316,0.6921739130434795,5.097391304347802,1,1.1426145349346022,0.0897411489644506,39.43256236257725,1,1,3,1,0,37.0,2023,0.34434782608695874,1,0.23130434782609344,-0.17565217391304142,1,0.27826086956522056,-0.2365217391304365,1,0.31739130434783314,-0.1573913043478209,0
2023-02-02 19:45:00,2023-02-03 16:15:00,short,1912.14,1878.9857142857145,target,56.909353427117054,9648.847087362756,2.966520165460184,0.3583247156152656,2.423216132368156,2.268926664141088,0.8871473354231595,0.5773009307135544,5.816442605997882,1,1.0290063749721734,-0.2971063561359122,39.43256236257725,0,20,3,0,1,4.0,2023,3.344364012409502,0,0.1737331954498301,-0.12396587383659763,1,0.4578593588417717,-0.35741985522231906,1,0.5773009307135337,-0.5031023784901686,0
2023-02-03 18:15:00,2023-02-07 19:45:00,short,1866.12,1881.7685714285712,stop,-22.068282131995023,9626.77880523076,-1.1435709329925123,0.3757531495344245,2.687785283914555,3.1259984411387136,0.937735849056617,0.6773781267116993,6.302172722293264,6,2.036611568425013,0.4157960398997407,38.27377312160228,0,18,4,0,0,2.0,2023,0.36488953806827423,0,0.167427423772146,-0.07987949607449353,0,0.20640861785649245,-0.14186598502830225,0,0.20640861785649245,0.11055322256708568,0
2023-02-07 20:30:00,2023-02-08 09:15:00,short,1868.86,1878.9585714285715,stop,-19.958985736237253,9606.819819494523,-1.036638845664161,0.2673645494412481,2.7964351393407507,1.8874018021185148,0.6666666666666972,0.9862781157165084,0.2752864620172771,19,0.7339224474007287,0.5381752237341497,34.68459151554847,0,20,1,0,1,0.75,2023,0.387183477153754,0,0.048521714528222515,-0.04159004102419716,1,0.3980761069458389,-0.27132550572924014,1,0.5624557928985753,-0.4040175413778606,0
2023-02-09 03:00:00,2023-02-09 03:30:00,short,1872.68,1874.922857142857,stop,-22.38327828006988,9584.436541214454,-1.1649681528662004,0.9006369426751616,2.1490445859871565,0.4074680854515025,0.7625418060200555,2.6662420382166,2.042038216560501,26,0.6551726074603977,0.2621760102442083,31.209856091102267,0,3,3,0,2,17.75,2023,0.11592356687897819,1,0.6777070063694266,-0.64203821656044,1,1.5159235668789377,-1.319745222929968,1,3.232484076433159,-2.791082802547799,1
2023-02-09 21:30:00,2023-02-10 10:00:00,short,1862.41,1870.112857142857,stop,-20.08963312106916,9564.346908093385,-1.048034124629072,0.1324183976261107,3.1287091988130538,1.433416704142911,0.5925324675324594,1.5994065281898775,2.7548219584569558,1,0.9160784835411168,0.1758005149232966,31.209856091102267,0,21,3,0,3,18.0,2023,1.2579747774480818,0,0.007789317507411336,0.0752967359050648,0,0.007789317507411336,0.04673590504452705,0,0.007789317507411336,0.15968100890207998,0
2023-02-10 16:45:00,2023-02-14 15:30:00,short,1861.52,1867.7342857142855,stop,-24.60019063955424,9539.74671745383,-1.28603609195404,0.0611494252873742,2.2078160919540024,1.1700710616433472,0.8090523338048202,2.275402298850566,0.4602298850574942,6,0.6522628430076682,0.3995771640859624,30.063133472073527,0,17,4,0,4,6.75,2023,1.8441379310344983,1,0.7112643678161074,-0.5310344827586162,1,0.8335632183908193,-0.41195402298849915,1,0.8335632183908193,0.2767816091954082,0
2023-02-15 08:00:00,2023-02-15 10:00:00,short,1844.95,1834.6171428571429,target,55.18887897762209,9594.935596431453,2.892575694732494,0.0871007880546702,3.873081708834567,0.7056266973319447,0.7999999999999545,1.1613438407299923,7.839070924927448,22,0.9772706171319696,0.2397882028662201,28.330148831124284,1,8,2,0,5,16.5,2023,3.6930734135213834,0,0.2525922853587416,-0.00871007880546702,0,0.2525922853587416,0.7142264620489558,0,0.2525922853587416,0.6329323931978643,0
2023-02-15 17:30:00,2023-02-15 18:45:00,short,1830.94,1837.3542857142857,stop,-20.29681476501217,9574.63878166644,-1.057683741648092,0.2400890868596832,2.2293986636970686,1.2850263897865613,0.8860759493670513,0.985300668151476,1.2253897550110884,24,1.4108636759293456,0.3926970796628737,28.330148831124284,1,17,2,0,0,7.5,2023,0.06859688195991963,1,0.5066815144766162,-0.49265033407570263,1,0.916703786191521,-0.49576837416478664,1,0.916703786191521,-0.7249443207126758,1
2023-02-16 02:45:00,2023-02-16 03:15:00,short,1835.29,1837.7271428571428,stop,-22.056465657649003,9552.582316008791,-1.1518171160609638,0.1723329425557185,2.5275498241500407,0.5004898674149146,0.9333333333334008,0.7385697538101689,0.1230949589684236,26,1.196838191057615,0.4559241611437836,28.573507266353783,1,3,3,0,1,8.0,2023,0.36107854630710867,1,0.529308323563886,-0.4841735052755324,1,1.2760844079719373,-1.2514654161781966,1,2.831184056272065,-2.445486518171216,0
2023-02-16 07:15:00,2023-02-16 09:45:00,short,1837.98,1840.7914285714285,stop,-21.619513026169663,9530.962802982622,-1.131605691056877,0.8892276422764303,2.333333333333333,0.5807590370112097,0.797979797979815,2.112804878048656,0.2560975609755407,27,0.8239861330337797,0.4875506533368434,28.573507266353783,1,7,3,0,2,4.0,2023,1.3587398373983628,0,0.192073170731696,0.11026422764225793,0,0.192073170731696,0.34502032520326464,0,0.192073170731696,0.9603658536585609,0
2023-02-16 15:30:00,2023-02-16 18:45:00,short,1835.05,1839.6285714285716,stop,-20.60234330704013,9510.36045967558,-1.080811232449298,0.0960998439937718,2.188455538221528,0.9268486062929764,0.3936464088397974,3.162558502340102,0.4630265210608192,29,0.9998921560052572,0.4578789643586045,28.573507266353783,1,15,3,0,3,5.75,2023,1.6446177847113848,0,0.0,0.9282371294851808,0,0.43900156006240115,0.010920436817462782,0,0.43900156006240115,0.8889235569422651,0
2023-02-16 22:15:00,2023-02-17 09:00:00,short,1838.65,1822.321428571429,target,55.76915312075389,9566.129612796336,2.9320209973753344,0.2976377952755712,2.109186351706045,1.0753567028980142,0.9324675324675332,1.414698162729629,-0.7018372703412391,31,0.510453548872796,0.3883093645285163,28.573507266353783,1,22,3,0,4,3.5,2023,3.077427821522317,0,0.0808398950130918,-0.044094488188978154,0,0.11758530183724723,0.40419947506562615,0,0.11758530183724723,0.3362204724409741,0
2023-02-17 10:00:00,2023-02-17 11:45:00,short,1821.24,1825.7157142857145,stop,-20.71389189058771,9545.415720905748,-1.0826683689754388,0.2368337057133655,2.6051707628471226,0.9227682310602058,0.6587677725118376,1.885732524736718,2.882221512926976,34,1.1178646101107057,0.3902773093679701,28.913221759462047,1,10,4,0,0,1.0,2023,0.5362272582189888,0,0.1251196935844138,0.08713692946060474,0,0.1251196935844138,0.42227896584746005,1,0.3999361634216392,-0.17874241940631266,0
2023-02-23 15:30:00,2023-02-23 15:45:00,short,1819.96,1824.84,stop,-20.53829202244089,9524.877428883308,-1.0758196721311604,1.5942622950819003,1.8647540983607132,1.1851277911050462,0.688264058679706,3.352459016393345,2.3893442622950305,17,0.5881725053360732,0.2016049389768182,31.129343236831303,1,15,3,0,1,147.75,2023,0.3401639344262432,1,1.4139344262294673,-1.11270491803279,1,1.4262295081967158,-1.2643442622950853,1,2.0655737704917696,-0.7643442622950788,0
2023-02-23 23:45:00,2023-02-24 02:30:00,short,1821.99,1824.4442857142856,stop,-21.92163291839607,9502.955795964912,-1.1507566938300302,0.0651920838183322,1.646100116414371,0.5809819711284591,0.7611940298506501,0.5459837019790882,-0.635622817229295,20,0.6838186159698018,0.2543094276879376,31.129343236831303,1,0,3,0,2,8.0,2023,-0.012223515715937291,1,0.28114086146683565,-0.2240977881257023,1,0.4685681024447261,-0.4481955762514046,1,0.6111757857974205,-0.47671711292201757,1
2023-02-24 13:30:00,2023-02-28 17:00:00,short,1817.86,1822.5314285714285,stop,-28.146627499804573,9474.809168465108,-1.480940672782884,1.250152905198815,1.9993883792049356,1.1846368540102548,0.8528610354223561,1.5712538226300097,1.9266055045871668,23,0.605472940132017,0.244578545308538,32.050316556312566,1,13,4,0,3,11.0,2023,2.8192660550458544,0,0.46666666666668294,-0.26330275229358335,0,0.46666666666668294,0.11773700305809491,0,0.46666666666668294,-0.029969418960266232,0
2023-03-01 16:45:00,2023-03-01 17:00:00,long,1842.31,1836.4085714285716,stop,-20.137696562363505,9454.671471902744,-1.0626966836117162,0.1287823771483496,2.762043088840494,1.4735119638131775,0.5460385438971981,1.5826676349552349,2.5417574437182173,6,0.6801641469724649,0.1735767436821467,34.367331342548,0,17,2,1,4,23.75,2023,0.39312515129511205,1,1.5114984265310738,-1.1658194141854024,1,1.5114984265310738,-0.6947470346162974,1,1.5114984265310738,-0.05761316872426572,0
2023-03-03 12:30:00,2023-03-03 16:15:00,long,1847.68,1844.2914285714287,stop,-20.9740646227453,9433.69740728,-1.1091905564924027,0.2065767284992391,2.744519392917312,0.8781749732164889,0.953974895397529,1.4106239460370362,2.6500843170320683,17,0.8085681122338552,0.1911649041862473,32.30046482284606,0,12,4,1,5,43.5,2023,0.4397133220910688,1,0.5282462057335519,-0.2419898819562055,1,0.5282462057335519,0.0,1,0.5282462057335519,0.1357504215851721,0
2023-03-03 18:45:00,2023-03-07 13:15:00,long,1847.71,1842.42,stop,-31.652034272902554,9402.045373007097,-1.6776049149338113,0.1739130434782726,3.119092627599208,1.361491954479072,0.7772925764192145,0.8657844990547966,0.7485822306238167,18,0.8116698453183653,0.230479957808094,32.30046482284606,0,19,4,1,6,2.5,2023,1.9848771266540413,1,0.21361058601136032,-0.09829867674857765,1,0.35916824196598657,-0.21928166351608097,1,0.37429111531190834,-0.07750472589793518,0
2023-03-07 20:00:00,2023-03-08 17:15:00,short,1815.52,1823.14,stop,-19.717150270427027,9382.328222736667,-1.048556430446198,0.0157480314960484,2.7165354330708715,2.005355823929852,0.7383720930232336,0.9028871391076158,4.616797900262394,2,1.2120530554571682,0.0136805395560712,28.01059585592515,0,20,1,0,7,6.75,2023,0.8123359580052474,1,0.19160104986876902,-0.028871391076118743,1,0.19160104986876902,0.10236220472440472,1,0.19160104986876902,0.08136482939631022,0
2023-03-09 03:30:00,2023-03-09 07:00:00,short,1813.23,1815.2742857142855,stop,-22.16091501946224,9360.167307717207,-1.1809923130678044,0.2935010482179906,2.837176799441095,0.5822186320472709,0.9883040935672625,1.6729559748428358,1.3305380852549946,9,0.8871815790436974,0.4281180228893344,27.5695886481904,1,3,3,0,8,10.25,2023,0.679944095038497,0,0.1467505241089953,0.469601677148874,0,0.1467505241089953,0.234800838574437,0,0.28371767994406505,0.1125087351502557,0
2023-03-09 15:00:00,2023-03-09 15:30:00,short,1816.57,1819.0485714285712,stop,-21.51489753497148,9338.652410182236,-1.1492795389048776,0.4680115273776611,2.549855907780943,0.7100737016939896,0.953020134228231,1.202305475504368,-0.1452449567722067,12,0.5428504638217029,0.329850926473485,27.5695886481904,1,15,3,0,9,8.0,2023,0.47204610951003895,1,0.6899135446686243,-0.27435158501444357,1,2.9613832853027455,-2.3925072046110523,1,4.365417867435362,-3.0259365994237264,0
2023-03-10 16:00:00,2023-03-10 17:15:00,long,1845.05,1863.8985714285716,target,54.93200042096727,9393.584410603204,2.941109595270573,0.0413824465665835,4.189176898590293,1.75981593557745,0.7040110650069026,2.301500682128245,3.772169167803516,6,0.7396931528515249,0.1133892094284716,26.66700735591273,0,16,4,1,10,24.5,2023,3.0925420645748156,0,0.23396998635743943,0.6955434288313055,0,0.23396998635743943,2.115279672578438,0,0.23396998635743943,2.274442928603904,0
2023-03-10 17:30:00,2023-03-10 18:15:00,long,1866.62,1857.097142857143,stop,-19.51712332536082,9374.067287277843,-1.0388538853885458,0.4494449444944222,6.87188718871887,2.620596343574882,0.9618055555555128,0.6048604860486271,6.535853585358505,6,0.7396931528515249,0.1133892094284716,26.66700735591273,0,17,4,1,0,0.25,2023,0.07665766576657848,1,0.4189918991898956,-0.38433843384336863,1,0.8075307530752884,-0.7991299129912877,1,1.3136813681368111,-0.7035703570356837,1
2023-03-10 22:30:00,2023-03-13 01:00:00,long,1867.66,1882.107142857143,target,46.46092522945591,9420.5282125073,2.4781625630376607,0.7184811628596923,2.1346781370513592,1.2583278442985713,0.8917910447761356,1.1130228418867056,3.214476416493622,7,1.7758495960563054,0.2294892073157362,26.66700735591273,0,22,4,1,1,4.25,2023,5.519430436072361,0,0.101750222485911,0.4194601008602746,0,0.101750222485911,0.14328092554134633,0,0.27825571047170006,-0.17442895283301726,0
2023-03-13 05:30:00,2023-03-13 08:30:00,long,1886.76,1878.922857142857,stop,-19.730563099108675,9400.79764940819,-1.0472110827561192,1.1841049945315674,2.551950419249013,1.9244578948099125,0.982206405693966,1.4341961356179174,1.319358366751758,9,2.17153076749646,0.4832935994449672,25.485174884149043,1,5,0,1,0,4.5,2023,0.26540284360188804,0,0.24371126503829116,0.007655851257740075,0,0.24371126503829116,-0.21308786000730184,0,0.5678089682829112,-0.33558148013123007,0
2023-03-13 11:45:00,2023-03-13 16:30:00,long,1885.44,1906.4057142857143,target,55.4093621060988,9456.207011514289,2.9470564186426764,0.9014717906786835,3.085036794766954,1.6544318914405922,0.88850771869642,1.6684382665576218,1.1189697465249604,11,2.297941402721595,0.7797037502611293,25.485174884149043,1,12,0,1,1,3.25,2023,3.4756745707277084,0,0.08442354865087924,-0.08442354865087924,0,0.17600163532297863,0.549468520032694,0,0.17600163532297863,0.06868356500409081,0
2023-03-13 17:45:00,2023-03-14 16:45:00,long,1910.64,1897.8914285714288,stop,-19.461306361885995,9436.745705152403,-1.0290228597041635,0.142761093679978,3.2693859255939155,2.809825520718862,0.4190231362468039,0.6102644554011857,4.154190945764265,12,2.8180954219692382,0.92975619190947,25.485174884149043,1,18,0,1,0,1.25,2023,0.3074854325414514,1,0.2604213357239054,-0.08236216943076342,1,0.2604213357239054,0.1317794710891858,1,0.6102644554011857,-0.4518153294486804,0
2023-03-14 20:00:00,2023-03-14 22:45:00,long,1909.44,1902.6,stop,-19.89442588717775,9416.851279265224,-1.0540935672514475,0.1023391812865893,2.3274853801168978,1.3126416811025063,0.7590361445783743,0.4853801169590206,0.1461988304093563,19,2.064044530366146,1.0465207313270053,25.88022930131873,1,20,1,1,1,3.25,2023,0.09795321637424617,1,0.5116959064327473,-0.47514619883040826,1,0.5950292397661044,-0.37280701754385215,1,0.5950292397661044,-0.17251461988304984,1
2023-03-15 13:00:00,2023-03-15 19:15:00,long,1905.18,1930.7142857142856,target,55.68238848078426,9472.533667746007,2.956529036589448,1.3628734474655888,3.2192010741859955,1.6486467945573102,0.8727097396335631,2.436723732796227,1.3628734474655888,23,0.6077680890138801,0.6704682116622784,26.247065464487203,1,13,2,1,2,14.25,2023,3.4577039274924455,0,0.2925478348439099,0.2502517623363419,0,0.2925478348439099,0.4335347432023988,0,0.2925478348439099,0.05521987244041973,0
2023-03-15 19:30:00,2023-03-15 20:15:00,long,1935.49,1923.6557142857143,stop,-19.537386558076868,9452.996281187932,-1.0312650893288295,0.1487204249155191,2.896668276195072,2.093372923115791,0.6750902527075873,0.9362626750362144,2.0736359246740808,24,2.5089630871609736,0.6876968866946997,26.247065464487203,1,19,2,1,0,0.25,2023,0.1309753742153519,1,0.20111057460165224,-0.166465475615648,1,0.8509174311926606,-0.8509174311926606,1,1.1179381941091349,-0.8661274746499331,1
2023-03-16 03:15:00,2023-03-16 03:45:00,long,1923.32,1920.132857142857,stop,-21.100816441199232,9431.895464746733,-1.1160914388166645,0.2949350067234602,3.313312415956961,0.5427640582013691,0.621301775147882,1.0605109816226277,3.1752577319587365,26,1.720241970571473,0.7308426922701283,27.195668936162985,1,3,3,1,1,7.0,2023,0.3200358583594751,1,0.28552218735988333,-0.20708202599726547,1,3.1940833706857474,-3.0811295383236095,1,4.966831017480939,-3.7525773195876497,0
2023-03-16 08:15:00,2023-03-16 14:45:00,long,1915.6,1927.03,target,54.75945608404157,9486.654920830772,2.9028871391076203,0.3832020997375413,2.593175853018275,0.6367247787782313,0.7933333333333192,2.3622047244094424,2.2257217847769017,28,1.2881663410090405,0.7159709412374093,27.195668936162985,1,8,3,1,2,4.5,2023,3.0000000000000084,0,0.039370078740121564,0.8845144356955668,0,0.039370078740121564,1.125984251968551,0,0.3044619422571788,0.07349081364834628,0
2023-03-16 15:00:00,2023-03-16 17:45:00,long,1927.08,1922.1342857142856,stop,-20.3927457887994,9466.262175041977,-1.074812247255935,0.0202195262853659,3.7891392258809855,0.7983013230080357,0.3733905579398789,0.942229924898882,2.943963027151953,29,1.4783849621762375,0.7777901054629499,27.195668936162985,1,15,3,1,0,0.25,2023,1.2859618717504715,0,0.29318313113803657,0.44887348353553846,0,0.5621028307336798,0.6490467937608455,0,0.5621028307336798,0.6955517042172332,0
2023-03-17 02:30:00,2023-03-17 03:30:00,long,1921.64,1919.2914285714287,stop,-21.915203064603897,9444.346971977371,-1.1575425790753957,0.7579075425791477,1.950121654501152,0.3621034044933526,0.960317460317496,1.072992700729901,2.120437956204351,32,1.2278836816223588,0.5874285207803975,28.07651484858393,1,2,4,1,1,8.75,2023,0.3108272506081781,0,0.29805352798054957,-0.1490267639903232,0,0.51946472019465,0.097931873479228,1,1.0644768856447506,-0.8856447688564983,0
2023-03-17 04:45:00,2023-03-17 08:30:00,long,1922.75,1931.24,target,54.19653527382061,9498.543507251192,2.869257950530032,0.2685512367492006,2.9469964664310617,0.4386307642133507,1.0,0.946996466431062,2.098939929328695,33,1.1332610935072147,0.5693744443119986,28.07651484858393,1,5,4,1,2,1.25,2023,3.5689045936396355,0,0.2261484098940341,-0.08833922261484325,0,0.2261484098940341,0.5406360424028311,0,0.2261484098940341,1.6113074204947218,0
2023-03-17 14:15:00,2023-03-17 16:15:00,long,1935.47,1950.8042857142857,target,55.61612254804732,9554.15962979924,2.9276131917272346,0.7942984907769653,2.105086640581388,0.7800528410585074,0.6978021978022122,2.136389044158689,2.3515930687535067,35,1.3958395098685297,0.5865525804228167,28.07651484858393,1,14,4,1,0,5.75,2023,3.138065958636125,0,0.3228060368921386,-0.23672442705422905,0,0.3286752375628991,-0.09390721073225688,0,0.3286752375628991,1.0290665176076077,0
2023-03-17 17:00:00,2023-03-17 21:00:00,long,1952.71,1976.2685714285717,target,56.42463857045731,9610.584268369696,2.952883390940525,0.1553574677096928,4.663270875022743,1.190043103973169,0.6348195329087019,1.1995633982172231,5.429870838639261,36,2.0783785561395303,0.5975851086739814,28.07651484858393,1,17,4,1,0,0.75,2023,3.0893214480625897,0,0.2903401855557553,0.25723121702746815,0,0.2903401855557553,1.0836820083682037,0,0.2903401855557553,0.5552119337820522,0
2023-03-17 21:15:00,2023-03-20 04:00:00,long,1980.24,1970.3385714285716,stop,-24.099573769655105,9586.484694600042,-1.2538037801183164,0.6605107488096946,4.387245707690112,1.4596495661696558,0.9792960662526063,0.9756167941133927,5.152791804934372,37,2.730630964374318,0.7183612547023932,28.07651484858393,1,21,4,1,0,0.25,2023,0.7897850238060854,0,0.38176309334872194,0.03635838984272558,0,0.38176309334872194,0.34742461405281316,0,0.6029432982253695,-0.2444091761650639,0
2023-03-20 08:15:00,2023-03-20 08:45:00,long,1975.63,1986.8328571428567,target,55.619214567063416,9642.103909167105,2.9009181331292946,0.0696250956389264,1.6013771996939683,0.5579124526724624,0.7245508982036817,0.8944146901299904,2.3779648048967506,40,2.7475183081025643,1.091548019401789,29.977065251995292,1,8,0,1,1,4.25,2023,3.4785768936495374,0,0.2115531752104577,0.40168324407039213,0,0.2115531752104577,3.320581484315205,0,0.2115531752104577,3.864192807957129,0
2023-03-20 10:00:00,2023-03-20 12:45:00,long,1995.19,1986.6971428571428,stop,-20.124344037837897,9621.979565129266,-1.0435660218671228,0.4898233809924648,4.738099243061349,1.283084294357604,0.6407766990291281,2.4255677039529333,5.065433137089967,40,2.7475183081025643,1.091548019401789,29.977065251995292,1,10,0,1,0,1.25,2023,1.71202691337257,0,0.16602186711523176,1.2857863751051064,0,0.16602186711523176,1.4847771236332867,0,0.16602186711523176,1.000841042893183,0
2023-03-20 21:15:00,2023-03-21 09:30:00,long,1981.79,1974.6485714285716,stop,-20.24099562050415,9601.73856950876,-1.0518103620724235,0.2436487297459197,2.8649729945989373,1.0130579741289212,0.9191919191918786,0.5545109021804436,4.080416083216643,43,2.1850718480131817,1.227261533907531,29.977065251995292,1,21,0,1,1,8.5,2023,0.46489297859571227,0,0.015403080616109283,0.13442688537708108,0,0.0812162432486399,0.27305461092219196,1,0.3192638527705517,0.07281456291258029,0
2023-03-23 03:00:00,2023-03-23 19:15:00,long,1971.54,1989.5228571428568,target,56.425088095077946,9658.16365760384,2.9382745471877985,0.4571020019065384,1.8851286939942988,0.8620888173030776,0.5987654320987806,1.0810295519542383,2.532411820781653,2,1.2004204731212331,0.0699208572131793,32.93155261921253,1,3,3,1,2,41.5,2023,3.5700667302192493,0,0.22688274547185985,-0.18517635843658845,0,0.28693994280267193,-0.15014299332695438,1,0.44542421353671097,-0.3603431839847208,0
2023-03-23 19:30:00,2023-03-24 11:30:00,long,1992.95,1983.577142857143,stop,-20.07885265808809,9638.084804945753,-1.0394756896814474,0.0021338210638602,3.266880048773035,1.352174794164832,0.2843137254902186,0.6529492455418737,5.409236396890737,6,1.0257947399660925,0.4676323255839998,32.93155261921253,1,19,3,1,0,0.25,2023,1.1010516689528946,0,0.05974698978813612,0.13229690595945812,1,0.1226947111720869,-0.09495503734187911,1,0.24005486968449885,0.28486511202558884,0
2023-03-24 12:45:00,2023-03-24 17:00:00,long,1994.37,1987.4442857142856,stop,-20.305981476426737,9617.778823469323,-1.0534240924092504,0.398514851485116,3.4047029702970337,1.0029138737194938,0.902748414376314,1.365924092409252,1.1349009900989675,11,1.1277539248675004,0.652838556959523,33.76712012971378,1,13,4,1,1,1.25,2023,1.2547442244224556,0,0.004331683168312911,0.7118399339934116,0,0.004331683168312911,0.3956270627062736,0,0.2627887788778797,-0.09674092409238733,0
2023-03-27 15:45:00,2023-03-27 17:15:00,short,1945.61,1954.4871428571428,stop,-20.03729717551237,9597.741526293812,-1.0416800772449306,0.5632442870936586,2.266495011264921,1.288689703383444,0.7934272300469616,1.4396523978114135,5.11425812681043,1,1.0903197590266698,-0.075830724655268,34.54300415150695,0,16,0,0,2,70.75,2023,0.18699710331507827,1,0.5823945928548512,-0.3830061152236981,1,0.5823945928548512,-0.3830061152236981,1,0.5869005471515963,-0.3931445123913747,1
2023-03-27 20:00:00,2023-03-28 03:45:00,short,1952.63,1959.9200000000003,stop,-20.16973939407714,9577.571786899734,-1.050754458161874,0.0548696844992632,1.7969821673525566,1.0833973199911024,0.9915966386554064,0.9794238683127852,-0.9931412894376008,2,0.5267807326167941,0.030869373057174,34.54300415150695,0,20,0,0,3,2.75,2023,0.267489711934158,0,0.18381344307268793,-0.01646090534977898,0,0.18381344307268793,0.18106995884775595,1,0.18381344307268793,-0.0672153635116287,0
2023-03-28 11:45:00,2023-03-28 13:15:00,short,1950.17,1956.1928571428573,stop,-20.331894566592386,9557.239892333142,-1.0614326375711685,0.2822580645160982,2.025616698292186,0.9565147108661476,0.8840579710144679,1.1456356736243012,2.503795066413645,6,0.6917358776317707,0.2350438352047068,33.860563021493455,0,12,1,0,4,8.0,2023,0.16935483870967408,1,0.29388045540796603,-0.2888994307400389,1,0.35199240986715385,-0.1577324478178063,1,0.5993833017077621,-0.594402277039835,1
2023-03-31 04:00:00,2023-03-31 08:15:00,long,1981.33,1979.042857142857,stop,-22.20670355995009,9535.033188773192,-1.1617738913179527,0.7870081199249168,2.474703310431082,0.4372360726587554,0.986956521739142,2.011242973141719,0.1311680199873867,5,0.5918466325758465,0.1610912005499232,32.36628739296192,1,4,4,1,5,62.75,2023,0.9837601499062951,0,0.36727045596498104,-0.07432854465951914,0,0.36727045596498104,0.616489693941314,0,0.36727045596498104,0.2841973766396361,0
2023-04-04 16:00:00,2023-04-04 17:00:00,long,1985.7,1999.654285714286,target,55.69326203442501,9590.726450807617,2.920454545454533,0.0472972972973508,3.065724815724684,0.9929238420399548,0.8447653429602775,1.1910319410319996,1.3501228501228577,7,0.5021558509028522,0.2282600093790554,31.205554245247438,1,16,1,1,6,103.75,2023,6.621621621621437,0,0.2235872235872099,0.3396805896805651,0,0.2235872235872099,1.3845208845208599,0,0.2235872235872099,6.6194717444715625,0
2023-04-04 17:15:00,2023-04-05 17:30:00,long,2021.57,2011.6885714285715,stop,-21.979657227268632,9568.746793580349,-1.1458807286395791,1.0261674136186,7.183171895330293,2.1039730856510457,0.652307692307682,1.9733988723434863,7.61630764782412,7,0.5021558509028522,0.2282600093790554,31.205554245247438,1,17,1,1,0,0.25,2023,1.055515396848343,0,0.3643197918172498,-0.14876391499205022,1,0.5808876680641862,-0.5576116813647484,1,0.6061876536070514,-0.370391788347532,0
2023-04-06 07:45:00,2023-04-06 16:00:00,long,2013.57,2010.1785714285716,stop,-21.225366729147225,9547.5214268512,-1.1090985678180594,0.619208087615823,2.6714406065712217,0.7083311836164727,0.8085106382978655,0.8315080033697697,-2.034540859309248,17,0.8437150207673154,0.5989614389205533,31.4520428822436,1,8,3,1,1,14.25,2023,2.1583824768324393,0,0.32434709351303737,-0.14743049705139283,0,0.4776748104464805,-0.24473462510529062,0,0.4776748104464805,0.6133108677338397,0
2023-04-06 19:15:00,2023-04-06 23:00:00,long,2014.1,2006.1,stop,-19.978188585686063,9527.543238265514,-1.046249999999996,0.0299999999999725,3.2950000000000026,1.628131791453771,0.6920152091254224,0.6575000000000246,-0.6150000000000067,19,0.6947506391181028,0.4422786604412643,31.4520428822436,1,19,3,1,2,3.25,2023,0.04125000000001916,1,0.21999999999999797,-0.2099999999999787,1,0.31000000000000105,-0.3037499999999783,1,0.598749999999993,-0.4662500000000004,1
2023-04-13 02:15:00,2023-04-13 10:30:00,long,2016.68,2024.24,target,54.36748879613485,9581.91072706165,2.853174603174639,0.3412698412698987,2.5000000000001226,0.5537523404917567,0.6935483870968718,0.9841269841270112,2.134920634920721,11,0.5391386192171336,0.2383757214070359,28.79857265307225,1,2,3,1,3,147.25,2023,3.5396825396825493,0,0.05952380952384681,0.23412698412695634,0,0.05952380952384681,0.5793650793651054,0,0.05952380952384681,0.5515873015872621,0
2023-04-13 11:00:00,2023-04-13 15:45:00,long,2025.92,2039.4542857142856,target,55.919763996119336,9637.830491057768,2.9179860671310736,0.141861937935476,4.579480683977212,0.9961366060356674,0.7623762376237513,0.8955034832172265,3.191893603546599,13,0.6439753953520931,0.2398594026325362,28.79857265307225,1,11,3,1,0,0.5,2023,4.404369854338206,0,0.03324889170363035,0.36130462317920453,0,0.03324889170363035,0.3901203293223576,0,0.03324889170363035,0.33692210259657923,0
2023-04-13 16:45:00,2023-04-13 17:30:00,long,2046.45,2038.7542857142855,stop,-20.202409857995804,9617.628081199771,-1.0480787080007337,0.1715240393540198,5.309448672730608,1.670149158292021,0.9283746556473852,1.8867644328939817,5.179506218674549,15,1.7468681141564495,0.3359324766596838,28.79857265307225,1,17,3,1,0,1.0,2023,0.27287915351774267,1,0.31576016335623286,-0.08836086875812874,1,0.7224800445516838,-0.5717467978466737,1,1.6697605346203823,-1.598292184889526,0
2023-04-13 20:30:00,2023-04-13 22:00:00,long,2042.96,2036.7557142857145,stop,-20.38237367243013,9597.245707527343,-1.0596361961777734,0.2063090029933556,2.6916877734284865,1.3086038771495216,0.8818897637795438,0.8187888556297405,0.7478701358507767,16,1.4134034149187515,0.418152528935467,28.79857265307225,1,20,3,1,1,3.0,2023,0.18052037761914036,0,0.05480082892012498,0.12410775961316817,0,0.06930693069307983,0.08058945429426695,1,0.7172461432189832,-0.660833525213011,1
2023-04-14 03:30:00,2023-04-14 08:30:00,long,2043.04,2040.8771428571429,stop,-22.47809331498749,9574.767614212356,-1.1710700132100085,2.1268163804490854,1.9973579920740387,0.4851822204003297,0.9316239316239288,3.245706737120181,3.0607661822984764,17,1.3077476871556506,0.4724289886035127,29.071988139534884,1,3,4,1,2,5.5,2023,2.0066050198151135,0,0.5501981505944734,-0.5501981505944734,0,0.642668428005221,-0.4900924702773824,0,0.9015852047556294,0.4947159841479198,0
2023-04-14 13:00:00,2023-04-14 14:00:00,long,2041.55,2036.1057142857144,stop,-20.450959952686933,9554.31665425967,-1.0679611650485616,0.8045132511152151,2.791918131723931,1.1975615121138774,0.8319783197831683,1.355549724481787,-0.5400157438992506,20,0.8698422866546155,0.5575842745227266,29.071988139534884,1,13,4,1,3,4.5,2023,0.04040934138022029,0,0.35082655471002405,-0.31041721332984556,1,0.7163474153765185,-0.4794017318288992,1,1.7082130674363647,-1.3702440304382155,1
2023-04-17 01:00:00,2023-04-17 08:30:00,short,2002.72,2006.6242857142856,stop,-20.919513669626262,9533.397140590045,-1.0947676545919989,0.3893157702158764,2.274423710208596,0.8109015271162797,0.3318965517241283,3.565312843029666,-1.6494694474936151,2,0.6048809561165629,-0.1623612589217726,28.34285303030774,0,1,0,0,4,59.0,2023,1.8723015001829402,0,0.13574826198316206,-0.07683863885838593,0,0.13574826198316206,0.36626417855837806,0,0.5557994877424277,-0.17672886937432838,0
2023-04-17 11:30:00,2023-04-17 17:15:00,short,2008.88,1991.7114285714283,target,55.96765700259516,9589.364797592638,2.9353469795306983,0.0873689465801289,2.044433349974985,1.205500887725329,0.6960784313724857,0.7129306040938393,-1.506240639041483,4,0.5204381671734104,0.1016563765217415,28.34285303030774,0,11,0,0,5,3.0,2023,3.167998002995494,1,0.2883175237144016,-0.17299051422861714,1,0.5504243634547884,-0.42810783824259996,1,0.5504243634547884,-0.2778332501247957,0
2023-04-17 17:30:00,2023-04-17 20:00:00,short,1987.11,1995.002857142857,stop,-20.077786783448268,9569.28701080919,-1.046877828054299,0.9223529411764996,5.0247963800905,1.635953470324895,0.7748776508972417,1.5533031674207909,5.339004524886941,6,0.6494054610021763,0.2432189531086148,28.34285303030774,0,17,0,0,0,0.25,2023,0.7639819004524884,0,0.02027149321268014,0.2407239819004362,0,0.48398190045251144,-0.4345701357466162,1,0.617013574660651,-0.3116742081448023,0
2023-04-18 01:15:00,2023-04-18 04:00:00,short,1994.17,1996.7,stop,-21.93749591410777,9547.349514895082,-1.1462450592885245,0.0237154150197412,1.920948616600837,0.5224105317884558,0.5208333333333136,0.3794466403162191,0.4268774703557016,8,0.8169871529975241,0.2676611095999148,27.198851916279576,0,1,1,0,1,5.25,2023,0.3478260869565642,1,0.11857707509879602,-0.08695652173914105,1,0.18181818181819584,-0.1778656126481491,1,0.4387351778655722,-0.015810276679827484,0
2023-04-18 08:00:00,2023-04-18 08:30:00,short,1996.55,1999.8314285714284,stop,-21.247736491137506,9526.101778403943,-1.1127557683935383,0.2681758815847113,2.8767958206356536,0.6837946085806688,0.952380952380996,1.6639094471049451,-0.0731388767957547,10,0.544625587877229,0.2743681288906119,27.198851916279576,0,8,1,0,2,4.0,2023,0.03047453199823115,1,0.792337831954772,-0.792337831954772,1,1.5724858511101825,-1.279930343926886,1,1.5724858511101825,-1.060513713539414,1
2023-04-19 12:30:00,2023-04-19 16:15:00,short,1975.35,1984.18,stop,-19.85054051218928,9506.251237891756,-1.0419026047565043,0.2672706681766851,4.283125707814292,1.7795532043150035,0.4582484725051052,1.1121177802944189,5.968289920724837,17,1.3114918873914052,0.1446339760830972,26.13656520732,0,12,2,0,3,28.0,2023,0.6987542468856003,0,0.04303510758778136,0.15175537938843933,0,0.09286523216309903,0.19818799546998883,0,0.09286523216309903,0.17893544733861025,0
2023-04-21 15:00:00,2023-04-21 15:30:00,short,1983.44,1989.1771428571428,stop,-20.23865739142771,9486.012580500328,-1.064492031872499,0.4287848605577768,2.6912350597609755,1.1456582566462723,0.8664122137404495,1.8266932270916436,1.4118525896414236,2,0.6640467951332901,0.0094128062413267,22.693898208157883,0,15,4,0,4,46.75,2023,0.23530876494026368,1,0.9900398406374252,-0.9691235059760896,1,1.3159860557768892,-0.7128984063744903,1,1.4798306772908436,-1.3839641434263095,1
2023-04-21 16:45:00,2023-04-21 17:15:00,short,1973.82,1984.2985714285717,stop,-19.641930343918112,9466.37065015641,-1.0353101567825522,1.5784594410361168,3.027130197682354,2.07752236221988,0.9406071271447468,4.338377641445108,2.340013633265153,3,0.5904289878455234,0.0663283256503,22.693898208157883,0,17,4,0,5,1.25,2023,0.22426721199726354,0,0.5210633946830274,-0.40368098159509175,1,1.2978868438991205,-0.8073619631901835,1,1.2978868438991205,-0.47716428084526,1
2023-04-24 04:45:00,2023-04-24 05:30:00,short,1979.41,1982.77,stop,-21.01759674112073,9445.353053415289,-1.1101190476190297,1.1428571428570629,2.37500000000003,0.6921735633057677,0.911428571428522,2.0833333333333552,1.916666666666703,6,0.6726381763527111,0.2659683175754934,21.63682805207733,0,5,0,0,6,59.5,2023,0.2708333333333605,0,0.5982142857142893,-0.49107142857139313,1,0.6666666666666764,-0.6160714285714161,1,1.1101190476190648,-0.25595238095235384,0
2023-04-24 08:00:00,2023-04-24 10:15:00,short,1977.85,1981.5828571428567,stop,-20.763148847614904,9424.589904567674,-1.0991197856869563,0.1660926138538968,2.668197474167576,0.7696645726877966,0.600000000000014,1.7412935323382708,2.8235744355146637,7,0.8338199674744865,0.316519320439601,21.63682805207733,0,8,0,0,7,2.5,2023,0.3911213164943912,0,0.11251435132033853,0.05893608878678018,0,0.3670110983544057,0.10447761194026214,1,0.9188672024492892,-0.9081515499426019,0
2023-04-24 15:00:00,2023-04-24 17:30:00,short,1981.81,1985.9,stop,-20.554362334656417,9404.035542233018,-1.0904645476772756,0.3814180929095145,2.097799511002497,0.8419468734855872,0.7698744769874764,1.1687041564792435,0.0537897310514059,8,0.5181892040845142,0.3066130356426555,21.63682805207733,0,15,0,0,8,4.75,2023,1.9046454767725696,1,0.6625916870415606,-0.476772616136921,1,0.6625916870415606,-0.42542787286062955,1,0.7555012224939082,-0.25427872860634304,0
2023-05-01 11:45:00,2023-05-01 12:15:00,short,1977.29,1980.2542857142855,stop,-21.155680921033536,9382.879861311983,-1.1248192771084558,0.5262650602409454,2.3884337349397344,0.6136386740229377,0.8819444444443983,0.9715662650602778,4.608192771084288,4,0.5978750533617803,0.1082983733501574,15.898157245779831,0,12,0,0,9,162.25,2023,0.08433734939759036,1,0.9749397590361782,-0.9546987951806983,1,1.7407228915662927,-1.5518072289157085,1,2.6616867469879852,-2.476144578313302,1
2023-05-02 22:45:00,2023-05-03 10:30:00,long,2018.14,2013.8657142857144,stop,-20.390202158506185,9362.489659153478,-1.0865641711229943,0.5661764705882509,2.718582887700609,0.8711375631367922,0.9190476190476892,0.98262032085557,1.7640374331551738,1,1.2745938518414757,-0.0073967618273274,15.091746270634289,1,23,1,1,10,34.5,2023,0.30180481283421534,1,0.3602941176471026,-0.3368983957219371,1,0.49832887700537193,-0.46557486631016143,1,0.5404411764706274,-0.4585561497326277,0
2023-05-03 16:15:00,2023-05-03 16:45:00,long,2018.73,2013.68,stop,-20.096908496083785,9342.392750657396,-1.073267326732667,0.6970297029702952,3.596039603960376,1.084614366793718,1.0,1.6435643564356837,0.7999999999999948,6,0.8378698804073855,0.4610295853102686,14.91322160621559,1,16,2,1,11,5.75,2023,0.2633663366336496,0,0.5168316831683434,-0.16831683168315073,1,1.102970297029693,-0.9960396039603931,1,1.368316831683188,-0.6772277227722934,0
2023-05-03 20:15:00,2023-05-03 21:00:00,long,2027.92,2021.5785714285716,stop,-19.774976860819287,9322.617773796575,-1.0583464744311772,0.3563865735526319,2.7911691822481903,1.336161107899014,0.9399038461538474,1.3120072088308272,2.8984005406622924,7,1.260004288370736,0.4599917408788956,14.91322160621559,1,20,2,1,12,3.5,2023,1.278891642261739,1,0.29015544041452707,-0.2396936246902397,1,0.8830817751745993,-0.7001576931741382,1,1.3403919801756985,-0.920928136967797,0
2023-05-03 23:45:00,2023-05-04 01:00:00,long,2038.96,2074.8957142857143,target,55.359783445781446,9377.977557242357,2.9691115086463813,0.5125819916517462,3.158974358974357,2.509974917712394,0.9474313022700062,1.3974955277280996,2.4927847346452,8,1.8550777296005991,0.5037532588632931,14.91322160621559,1,0,2,1,13,2.75,2023,3.2516398330351524,0,-0.4499701848538932,0.9391771019677956,0,-0.4499701848538932,1.5794871794871785,0,-0.4499701848538932,1.473464519976149,0
2023-05-04 13:00:00,2023-05-04 15:30:00,long,2039.36,2033.7471428571428,stop,-19.992349203222695,9357.985208039134,-1.0659200814456604,0.3135657928225593,2.911173326546224,1.0874682135587532,0.64225352112672,1.2649529142276048,-0.4382794604225062,11,1.2561730481926967,0.6659151724597745,15.492673049328506,1,13,3,1,0,12.0,2023,0.9816747263934836,0,0.19954186815981784,-0.005344871468562209,0,0.49885467039958514,0.04632221939424632,0,0.49885467039958514,0.6592008144566135,0
2023-05-04 17:15:00,2023-05-04 18:15:00,long,2054.77,2045.197142857143,stop,-19.43936040828287,9338.54584763085,-1.0386509476197483,1.5815549917922729,3.175645426055855,1.8359815812771327,0.9032749428789038,2.7431726607969,3.2257871959409488,12,1.2862369362515245,0.6977435883336547,15.492673049328506,1,17,3,1,1,1.75,2023,0.4951499776153111,0,0.14102372780181258,0.4262050440232769,0,0.35412624981345103,0.047007909267255024,1,1.1856439337412354,-0.6904939561259718,0
2023-05-05 04:15:00,2023-05-05 05:00:00,long,2050.64,2048.43,stop,-21.80402559899389,9316.741822031856,-1.1674208144796696,0.4524886877828112,1.7466063348415033,0.4243105439364441,0.8083333333332892,1.0859728506785824,0.0,15,1.5191021451073794,0.6586120566881348,17.11767276230738,1,4,4,1,2,10.0,2023,1.0542986425339174,0,0.004524886877721113,0.8054298642534946,0,0.004524886877721113,0.5882352941177369,1,2.1719457013574734,-2.1719457013574734,0
2023-05-05 16:45:00,2023-05-05 18:45:00,short,2003.86,2014.9471428571428,stop,-19.25532003934955,9297.486501992506,-1.0333719881458636,0.1028218013142932,6.198170338873847,2.089166202130845,0.4265873015873227,0.9091611905682204,6.111583558819768,1,0.5015579592385284,-0.4800331362322163,17.11767276230738,0,17,4,0,3,11.75,2023,0.3968560752480233,0,0.13709573508570388,0.002705836876688691,1,0.46991367091869995,-0.40046385775029536,1,0.6196366447622844,-0.6115191341322184,0
2023-05-10 01:30:00,2023-05-10 04:30:00,long,2036.06,2034.192857142857,stop,-22.279822283276197,9275.206679709228,-1.1981637337414524,0.5034429992349383,1.9816373374139065,0.3668244217498385,0.6063829787233014,1.0068859984698766,-0.8462127008416166,5,0.5351017577232494,0.1083196307524625,17.565653349126784,1,1,2,1,4,102.75,2023,1.1354246365724114,0,0.08569242540160871,-0.03749043611320381,0,0.08569242540160871,0.3641928079572023,0,0.08569242540160871,0.4016832440704061,0
2023-05-12 09:00:00,2023-05-12 09:45:00,short,2008.37,2011.5671428571427,stop,-20.69722169725961,9254.50945801197,-1.1157283288650373,0.0125111706882451,2.377122430741694,0.7465344979634769,0.8823529411764874,1.4888293118856732,2.314566577301179,4,0.6282077648451102,0.1347221470557769,18.22999543834663,0,9,4,0,5,52.5,2023,0.8476318141196859,1,0.12823949955319747,-0.11572832886509452,1,0.5254691689008216,-0.3941018766756696,1,1.0008936550491605,-0.4754244861484099,0
2023-05-12 12:30:00,2023-05-12 15:15:00,short,2003.0,2008.0057142857145,stop,-19.877122768549693,9234.63233524342,-1.073915525114156,0.8909817351598314,2.9326484018264733,1.1606035701642996,0.6684587813620191,2.2294520547945083,2.8727168949772124,5,0.8358541075499089,0.1766587969966981,18.22999543834663,0,12,4,0,6,2.75,2023,0.4235159817351412,0,0.1258561643835844,0.053938356164380336,0,0.3675799086757855,-0.26569634703195094,1,0.8130707762557011,-0.7131849315068419,0
2023-05-16 19:45:00,2023-05-18 16:00:00,short,1987.53,1965.7542857142855,target,53.27254563840932,9287.904880881828,2.884389096634516,0.5951584333792792,4.805353276914014,1.6982803282250123,0.9656160458453036,0.9616217280063016,6.747884274749075,6,1.446011792076759,0.1852681524463939,17.41268832940532,0,20,1,0,7,100.5,2023,3.2651052942334284,0,0.19012005510727759,0.20251918913600084,0,0.34442038968706984,-0.25211572525092507,0,0.34442038968706984,0.10194843534737393,0
2023-05-18 16:15:00,2023-05-19 09:15:00,short,1959.96,1965.7014285714288,stop,-19.772907230859325,9268.131973650969,-1.064443891515285,1.3480965414281685,4.789748693704868,1.3837863893814537,0.9317343173431524,1.8880318487185987,5.448121423239529,17,1.5888967546910076,0.5004145088724821,15.623975461518995,0,16,3,0,0,0.25,2023,1.4020900721572351,0,0.15153023140082592,0.019158994774841648,0,0.15153023140082592,0.010450360786255662,0,0.34312017914904436,0.38840507588952516,0
2023-05-19 13:15:00,2023-05-19 18:15:00,short,1963.98,1968.0728571428567,stop,-20.21196808773865,9247.92000556323,-1.090401396160558,0.166143106457202,1.895986038394463,1.034443851031664,0.803418803418781,1.1434554973821554,2.1891797556719044,22,1.1553397022413794,0.6534004258167414,15.843362614786964,1,13,4,0,1,4.0,2023,1.66876090750434,1,0.3958115183245794,-0.24432809773123831,1,0.6865619546247663,-0.38848167539264894,1,0.6865619546247663,0.36649214659685747,0
2023-05-22 23:45:00,2023-05-23 04:30:00,short,1971.33,1964.76,target,52.36265208629494,9300.282657649524,2.8310502283105485,0.2557077625570501,3.689497716895114,0.5365228385313049,0.878787878788004,0.602739726027466,2.8949771689498087,31,0.5357207792779899,0.1409101100141252,16.04707925571979,0,0,0,0,2,77.5,2023,4.324200913241977,1,0.1917808219178395,-0.14611872146126048,1,0.5525114155251252,-0.46575342465752123,1,0.5525114155251252,0.022831050228289507,0
2023-05-23 04:45:00,2023-05-23 05:45:00,short,1960.27,1963.8542857142857,stop,-20.520671499699656,9279.761986149824,-1.1032283778397485,0.8872060581904553,5.507373455559969,0.8929143385885752,1.0,1.4730968513352274,6.171383021123832,32,0.6923808618723725,0.1760825396055376,16.23624470681825,1,5,1,0,0,0.25,2023,0.02510960542046304,0,0.3152650458350198,-0.15623754483856356,1,0.571941012355499,-0.47150259067358335,1,1.1104025508170472,-0.9681147867676297,1
2023-05-23 10:00:00,2023-05-23 15:15:00,short,1958.33,1962.38,stop,-20.255085421620542,9259.506900728204,-1.0913580246913417,0.5679012345679434,2.5086419753085942,0.9891612409873924,0.8854625550660824,2.2419753086419467,1.1407407407408203,33,0.8420258459614374,0.2069441622746248,16.23624470681825,1,10,1,0,1,4.25,2023,1.019753086419719,0,0.23209876543211114,0.5086419753086261,0,0.23209876543211114,0.298765432098773,0,0.23209876543211114,0.49876543209875857,0
2023-05-24 23:30:00,2023-05-25 11:15:00,short,1957.85,1962.342857142857,stop,-20.0441090556936,9239.46279167251,-1.0823529411764492,0.0712241653418492,3.196184419713878,1.035540808717853,0.7307692307692912,0.5786963434022089,0.9170111287759168,1,0.8555896217071002,0.060883935104572,16.929477517235718,1,23,2,0,2,32.25,2023,0.6499205087440074,0,0.12241653418128125,0.2270270270270243,1,0.24038155802865263,-0.24038155802865263,1,0.792368839427706,-0.2515103338633008,0
2023-05-25 15:15:00,2023-05-25 15:30:00,short,1959.79,1949.1614285714284,target,53.50692121532237,9292.969712887832,2.895564516129008,0.0846774193548878,1.755645161290221,0.8070902444051709,0.5995203836930352,2.354032258064497,1.7612903225806666,5,0.5022781992210295,0.2454224430727403,17.14837315526736,1,15,3,0,3,4.0,2023,5.806048387096607,0,0.04233870967744394,5.537903225806279,0,0.04233870967744394,4.575403225806345,0,0.04233870967744394,2.6701612903225223,0
2023-05-25 21:00:00,2023-05-26 04:45:00,short,1942.37,1946.3557142857144,stop,-20.311300827667072,9272.658412060166,-1.0928315412186596,0.1204301075268829,2.152688172043047,0.8701675228425706,0.9047619047619893,1.159139784946177,3.1261648745518937,7,1.2764610508821683,0.3761914949422573,17.14837315526736,1,21,3,0,0,5.5,2023,1.4200716845877377,1,0.42903225806451334,-0.4240143369175646,1,0.42903225806451334,-0.1806451612903244,1,0.42903225806451334,0.3362007168458483,0
2023-05-26 14:45:00,2023-05-26 17:30:00,short,1951.43,1943.2528571428568,target,53.118530630931645,9325.776942691096,2.8642557651991605,0.2054507337526013,1.7830188679245818,0.6055140495867734,0.7237569060773397,1.3280922431865478,3.492662473794556,11,0.5389850735695126,0.4478482798000116,17.965313424727746,1,15,4,0,1,10.0,2023,3.9732704402516443,1,0.8841719077567634,-0.620020964360526,1,0.8841719077567634,-0.3375262054506783,1,0.8841719077567634,1.5078616352201784,0
2023-05-29 03:00:00,2023-05-29 04:00:00,short,1941.7,1944.7471428571428,stop,-20.9163229694482,9304.860619721649,-1.1214252226910153,0.1247069854665167,3.688701359587416,0.6857565398175918,0.94583333333329,1.5752461322082394,2.868260665728989,14,0.6803621755846473,0.3339425979896004,18.792333336477444,1,3,0,0,0,57.5,2023,0.48570089076419476,1,0.3019221753398504,-0.2723863103609739,1,0.3019221753398504,0.21331458040322085,1,1.181434599156105,-0.8860759493671161,0
2023-05-29 11:00:00,2023-05-29 12:30:00,short,1942.57,1945.57,stop,-20.9049201923082,9283.95569952934,-1.1233333333333455,0.7866666666667176,3.406666666666637,0.6885739755925028,0.5239361702127745,2.506666666666688,1.9000000000001116,16,0.6258799395357939,0.2974641851233861,18.792333336477444,1,11,0,0,1,7.0,2023,0.10666666666664659,0,0.2733333333333909,-0.24333333333334203,1,0.5533333333333667,-0.5533333333333667,1,0.9566666666667164,-0.6500000000000222,1
2023-05-29 19:45:00,2023-05-30 05:15:00,short,1943.49,1946.0471428571427,stop,-21.25455332774864,9262.701146201593,-1.1446927374301323,0.5083798882682379,3.1832402234637023,0.5984149525732334,0.7251908396947214,1.0245810055865705,4.192178770949728,19,0.6300588657088725,0.2617704653927077,18.792333336477444,1,20,0,0,2,7.25,2023,0.9854748603352085,0,0.08994413407822124,-0.06648044692740411,0,0.12122905027931075,0.027374301675953314,0,0.21508379888266818,0.007821229050272376,0
2023-05-30 08:00:00,2023-05-30 10:45:00,short,1937.43,1940.7285714285715,stop,-20.603392415284254,9242.09775378631,-1.1121697704634037,0.2546556951060112,5.153746210480695,0.8118715855200456,0.6079999999999928,1.5158077089649102,3.7288869640535967,22,0.7340296850260216,0.2439216565105484,19.560280394035075,1,8,1,0,3,2.75,2023,1.6461671719359119,0,0.09701169337373496,0.7366825465569657,0,0.09701169337373496,0.8852317020355297,0,0.09701169337373496,1.4612386314422232,0
2023-06-01 16:30:00,2023-06-02 16:45:00,long,1973.12,1965.9457142857143,stop,-22.19817536943712,9219.899578416873,-1.2009273197928982,0.593787335722789,3.44285145360413,1.770525613774271,0.983739837398352,1.714456391875779,4.045001991238564,1,0.5337283818591623,0.1431152808772706,18.6481304578048,0,16,3,1,4,53.75,2023,1.4287136598964612,0,0.19514137793705863,0.018120270808458135,0,0.4627638391079181,-0.1254480286738166,0,0.4627638391079181,0.3178016726404115,0
2023-06-02 19:45:00,2023-06-05 17:00:00,short,1952.23,1959.6357142857144,stop,-21.6974898937545,9198.202088523118,-1.1766662808642068,0.3645833333333093,3.672839506172882,1.838765170817642,0.9951456310679656,0.5563271604938133,5.04205246913583,1,0.5660253386137529,-0.2112884919712732,17.496685419701578,0,20,4,0,5,3.0,2023,1.9093364197531029,0,0.19984567901234845,-0.02970679012346052,0,0.19984567901234845,-0.133680555555557,0,0.19984567901234845,0.04591049382714951,0
2023-06-07 22:45:00,2023-06-08 02:30:00,short,1940.11,1943.5814285714284,stop,-20.35717318192466,9177.844915341191,-1.1065843621399087,0.6740740740741172,3.024691358024697,0.8463464665542939,0.954773869346775,1.146502057613176,4.0386831275720185,2,0.8654759302765572,0.0149826186112589,15.99832855410552,1,23,2,0,6,53.75,2023,0.18148148148144777,1,0.3572016460905383,-0.34567901234569276,1,0.41481481481483135,-0.10946502057616334,1,0.41481481481483135,0.15555555555554537,1
2023-06-08 09:00:00,2023-06-08 09:45:00,short,1944.32,1946.71,stop,-21.19736566221108,9156.647549678984,-1.1548117154811963,1.0711297071129322,1.7907949790795552,0.6109639359029666,0.9693251533742632,1.3640167364017448,0.8033472803347467,5,0.5003678629768048,0.1962802396632823,16.303873040230194,1,9,3,0,7,6.5,2023,0.6778242677823711,0,0.05857740585778158,0.5020920502092167,1,0.8033472803347467,-0.6485355648535279,1,1.1841004184100892,-0.5313807531380599,0
2023-06-13 21:30:00,2023-06-14 04:15:00,short,1941.09,1946.2885714285712,stop,-19.616714563697748,9137.030835115283,-1.0711733992854993,0.0538609508107009,2.2390766694146578,1.3540874491554364,0.7674418604651992,0.6617202528167206,4.181918109370766,1,0.6955123112933782,0.0261384347274296,17.049448555874942,1,21,1,0,8,131.75,2023,0.21544380324262882,0,0.25199230557848973,0.10964550700740776,1,0.25199230557848973,-0.12311074471010486,1,0.25199230557848973,-0.2327562517175126,1
2023-06-14 23:45:00,2023-06-15 16:45:00,short,1940.58,1948.6785714285716,stop,-19.10895000549094,9117.921885109794,-1.0456870700300005,0.1407655671194639,2.946198624095965,2.089265518504244,0.4449339207048454,0.5605926971247174,3.5685306050450465,2,0.7311030575829882,0.1379049582775127,17.856115032853815,1,0,2,0,9,19.5,2023,1.9583700829070556,1,0.4210619156817946,-0.4210619156817946,1,0.5210795554771677,-0.4963838419474387,1,0.5630622684777155,-0.4185923443288245,0
2023-06-16 13:45:00,2023-06-16 16:00:00,long,1964.8,1961.3857142857144,stop,-20.212029350339304,9097.709855759456,-1.1083682008368028,0.0234309623430752,2.8175732217573333,0.8398273785775093,0.5714285714285714,0.984100418410094,2.319665271966584,5,0.5446549673817247,0.064490592861155,19.97427077129284,0,14,4,1,10,21.0,2023,0.8874476987447755,0,0.15523012552300694,-0.0029288702928844104,0,0.28117154811716977,0.09665271966531873,0,0.28117154811716977,0.21380753138076172,0
2023-06-20 23:30:00,2023-06-21 02:00:00,short,1935.81,1938.5242857142855,stop,-20.67574271430008,9077.034113045154,-1.136315789473708,0.0294736842104995,2.026315789473684,0.65802812348706,0.7093023255814384,0.6336842105264096,0.2063157894736641,2,0.7265094899687846,0.1076853112022435,21.403297755038416,1,23,1,0,11,103.5,2023,0.1473684210525813,0,0.06263157894739523,0.09210526315789473,1,0.4568421052631612,-0.3757894736842038,1,0.8657894736842607,-0.2100000000000603,1
2023-06-21 09:00:00,2023-06-21 10:00:00,short,1932.04,1935.0914285714284,stop,-20.355333989459737,9056.678779055694,-1.1212546816479323,1.396067415730445,2.2546816479400205,0.7971624103339828,0.8068181818181965,2.883895131086128,3.375468164794155,5,0.6703648876019916,0.2217093699264261,22.85250788402457,1,9,2,0,12,7.0,2023,0.07865168539326345,0,0.8455056179775262,-0.668539325842702,0,0.8455056179775262,-0.4588014981273826,1,1.235486891385794,-1.147003745318382,1
2023-06-21 15:15:00,2023-06-21 17:45:00,short,1929.71,1933.9742857142855,stop,-19.68500231775976,9036.993776737934,-1.086767169179221,1.1443886097152545,1.6180904522612014,1.0943904089604517,0.6657303370786419,3.3393634840871167,2.4998324958123304,6,0.6874794590814439,0.2690432936791165,22.85250788402457,1,15,2,0,13,5.25,2023,2.474036850921232,0,0.9239530988274721,0.17353433835845897,0,0.9239530988274721,-0.0211055276381715,0,0.9239530988274721,0.10787269681742764,0
2023-06-21 22:45:00,2023-06-22 15:15:00,short,1933.4,1923.5857142857144,target,52.17778677555817,9089.171563513491,2.8868995633187584,0.0855895196505768,2.439301310043664,0.7968526061908356,0.8045112781954848,0.813100436681175,-0.739737991266395,8,0.6500840383047909,0.2955760927414785,22.85250788402457,1,23,2,0,14,5.0,2023,3.001746724890868,0,0.3087336244541445,0.1711790393013622,0,0.3087336244541445,0.07030567685590049,0,0.3087336244541445,0.4432314410480471,0
2023-06-22 15:45:00,2023-06-23 15:45:00,short,1923.44,1928.347142857143,stop,-21.28701973294681,9067.884543780548,-1.171009898107707,0.0570596797670512,2.9956331877729694,1.281537098353782,0.990990990990999,1.3572052401746373,1.5854439592430276,13,0.9106216539888572,0.2948227982845108,24.542105449858195,1,16,3,0,0,0.5,2023,2.72867540029113,0,0.15895196506549597,0.631732168850098,0,0.15895196506549597,0.5930131004366955,1,0.8008733624453782,0.27103347889377133,0
2023-06-28 04:15:00,2023-06-28 04:30:00,short,1914.14,1915.9142857142856,stop,-21.91770483126383,9045.966838949284,-1.208534621578121,0.4396135265699102,2.9420289855074264,0.4794051824587952,0.7530120481927339,1.871175523349552,-0.5072463768116517,9,0.5374755567519753,0.1623629574332152,30.67877647774376,1,4,2,0,1,108.5,2023,0.4227053140096671,1,1.471014492753585,-0.7214170692431497,1,1.471014492753585,-0.5016103059580665,1,1.471014492753585,-0.06199677938802812,0
2023-06-28 09:15:00,2023-06-28 13:15:00,short,1912.97,1906.4471428571424,target,51.1970817021751,9097.16392065146,2.829829172141968,1.7109067017081323,1.784494086727983,0.5892078567499879,0.9145299145299272,3.228646517739705,1.177398160315312,10,0.5484699335404426,0.1961307013925606,30.67877647774376,1,9,2,0,2,4.75,2023,3.1826544021024294,0,0.19316688567676846,1.3613666228646253,0,0.19316688567676846,0.9842312746386482,0,0.19316688567676846,1.3107752956636216,0
2023-06-28 22:00:00,2023-06-29 15:30:00,short,1910.62,1902.194285714286,target,52.186070547866805,9149.349991199326,2.86826042726345,0.021363173957417,1.9084435401830768,0.7435779646633105,0.99401197604791,1.1892166836216689,-0.8616480162766043,13,0.5549195292869584,0.274946520399022,30.67877647774376,1,22,2,0,0,8.75,2023,4.4186164801629015,0,0.1317395727365685,0.30976602238044215,0,0.1317395727365685,0.024923702950130976,0,0.1317395727365685,0.3631739572736609,0
2023-06-29 15:45:00,2023-06-29 17:00:00,short,1896.08,1901.4885714285715,stop,-19.550512791548684,9129.799478407776,-1.0684099313259487,0.787638668779743,5.132593766508065,1.4822826408787813,0.9010238907849936,2.166930797675577,3.697834125726304,18,1.1356853589979825,0.3077365521736985,32.40846535354435,1,16,3,0,0,0.25,2023,0.580559957739006,0,0.3642366613840459,0.18304278922345368,0,0.3642366613840459,0.44743792921285414,1,0.6822503961965131,-0.6452720549392417,0
2023-07-04 11:45:00,2023-07-04 19:00:00,long,1928.46,1925.67,stop,-20.68112283280904,9109.118355574969,-1.1326164874551987,0.050179211469489,2.5591397849463875,0.8031404587660479,0.8055555555555819,1.0322580645161816,3.06810035842296,6,0.5471255904585736,0.1394637574037016,35.11695529583064,0,12,1,1,1,114.75,2023,0.7813620071684918,0,-0.014336917562711162,0.4050179211469163,0,-0.014336917562711162,0.4229390681003868,0,-0.014336917562711162,0.4480286738351313,0
2023-07-11 12:45:00,2023-07-11 15:15:00,long,1938.16,1932.9742857142855,stop,-19.5181053910916,9089.600250183876,-1.0713498622589597,0.3239669421488169,2.884848484848496,1.5693904020752285,0.9838187702265528,1.1917355371901404,3.5482093663912067,5,0.7686182640833439,0.1285580649202922,36.01736728433206,0,13,1,1,2,161.75,2023,0.05592286501376716,0,0.15812672176311718,-0.02699724517908269,1,0.35674931129479265,-0.21404958677688435,1,0.628650137741046,-0.5765840220385701,1
2023-07-12 04:00:00,2023-07-12 09:30:00,long,1937.42,1935.6642857142856,stop,-22.010293201421334,9067.589956982454,-1.2107404393815933,1.412530512611894,4.260374288039079,0.5142340099478543,0.9945945945946,2.1074043938162723,6.2766476810415055,9,0.5828893590382543,0.2208010576075114,35.02937649709234,0,4,2,1,3,12.75,2023,2.004882017900728,0,0.48982912937354833,-0.4100895036615302,0,0.6720911310008519,0.8885272579332507,0,0.6720911310008519,0.12530512611881167,0
2023-07-12 16:15:00,2023-07-18 14:15:00,long,1951.13,1970.54,target,38.35142077493502,9105.94137775739,2.1147527047913486,0.333848531684745,5.140649149922662,1.8396391669699077,0.9355828220859131,2.015455950540944,4.819165378670813,12,0.8266361060122409,0.2401768964847228,35.02937649709234,0,16,2,1,4,6.75,2023,3.2457496136012227,0,0.12210200927359934,0.0865533230293575,0,0.12210200927359934,0.7619783616692142,0,0.12210200927359934,0.5100463678516137,0
2023-07-18 17:00:00,2023-07-20 17:30:00,long,1976.5,1966.3542857142857,stop,-22.72283430741353,9083.218543449975,-1.2476927626020864,0.8870740636440413,2.223598986201058,2.8653609186745816,0.6625916870415686,1.612503520135181,2.651365812447199,36,0.8703651741424135,0.2053163891544418,26.60157672060516,1,17,1,1,0,2.75,2023,1.0753308927062848,0,0.07392283863700344,0.4888763728527197,0,0.07392283863700344,0.6120811039143921,0,0.07392283863700344,0.614052379611377,0
2023-07-27 10:30:00,2023-07-27 11:30:00,long,1980.71,1977.027142857143,stop,-19.991536856297444,9063.22700659368,-1.1004654771140343,0.4290147401085958,3.214895267649412,1.0275957080539928,0.9003115264797718,1.743211792086926,1.3033359193173626,6,0.5208026321731791,0.1584390072677743,21.85221582385737,1,10,3,1,1,161.0,2023,0.3937160589604507,0,0.23079906904581124,-0.20907680372381404,1,0.562063615205574,-0.562063615205574,1,1.3304887509697818,-0.9747866563227799,0
2023-07-28 09:15:00,2023-07-28 14:15:00,short,1950.3,1955.28,stop,-19.47319858846408,9043.753808005216,-1.074297188755006,0.1164658634537987,2.453815261044187,1.3295891756337626,0.9831932773109404,0.9558232931727186,-0.1325301204818962,5,0.5219097880789084,0.2201387614262584,20.350559508727383,1,9,4,0,2,21.75,2023,0.5100401606425544,1,0.3534136546184662,-0.21485943775098765,1,0.43574297188755756,-0.23895582329317966,1,0.6024096385542068,-0.06425702811243594,0
2023-08-01 15:45:00,2023-08-01 17:00:00,short,1946.77,1951.58,stop,-19.47885435570329,9024.274953649512,-1.076923076923063,0.4532224532224182,3.887733887733936,1.259761012074118,0.7430340557275781,1.3430353430353477,3.7463617463617354,3,0.6726248489420091,0.0130810992968188,18.11501328252736,0,16,1,0,3,97.5,2023,0.4948024948024692,0,0.36382536382536307,-0.08108108108110171,1,0.3700623700623636,-0.3305613305613128,1,0.39708939708941327,-0.22245322245320875,0
2023-08-01 18:00:00,2023-08-02 01:00:00,short,1943.06,1950.6614285714288,stop,-18.927064176419645,9005.347889473092,-1.0486750610787483,0.1157677128359468,2.7047547453485983,1.9648537599153288,0.946153846153838,1.0261229092276076,2.715279082879188,3,0.6726248489420091,0.0130810992968188,18.11501328252736,0,18,1,0,4,1.0,2023,0.2420597632023936,0,0.19206915993234738,-0.027626386017670503,1,0.2617928960721668,-0.0618304829919221,1,0.2617928960721668,0.12102988160118185,1
2023-08-02 07:45:00,2023-08-02 08:15:00,short,1946.34,1949.14,stop,-20.39068057830697,8984.957208894786,-1.1321428571428591,0.2214285714286984,2.007142857142851,0.734210723472258,0.4716981132075715,1.514285714285661,2.042857142857267,7,0.5251342988618574,0.2320415353130545,16.977668881324355,1,8,2,0,5,6.75,2023,0.014285714285701525,1,0.8250000000000751,-0.8142857142857177,1,1.1892857142857889,-0.7357142857143594,1,1.2821428571429299,-0.925000000000067,1
2023-08-02 17:00:00,2023-08-04 16:30:00,short,1940.11,1946.1585714285716,stop,-20.463034199882983,8964.494174694903,-1.1387385451110057,1.134152102031193,3.1842229570146685,1.5442339693177496,0.9696969696969971,1.7458667926310667,2.9461502125649672,9,0.5055039962340733,0.225491229806185,16.977668881324355,1,17,2,0,6,8.75,2023,2.3526216343882425,0,0.06613131790270729,0.790269248937168,0,0.06613131790270729,0.7092583845063685,0,0.06613131790270729,0.9109589041095844,0
2023-08-08 20:00:00,2023-08-09 05:30:00,short,1924.19,1929.1028571428571,stop,-19.279266913650662,8945.214907781252,-1.0753125908694574,0.1872637394591569,2.992148880488429,1.336987792551145,0.9302325581394671,0.7002035475428903,1.823785984297739,10,0.6979127009778903,0.1841075330399455,14.489381870396477,1,20,1,0,7,99.5,2023,0.1323059028787602,1,0.30532131433555776,-0.29921488804885216,1,0.45187554521663104,-0.3847048560627769,1,0.45187554521663104,-0.2055830183192737,1
2023-08-09 17:45:00,2023-08-10 15:15:00,short,1917.28,1923.5828571428567,stop,-18.94066130292232,8926.27424647833,-1.0587035358114338,0.637805983680869,2.6146872166817863,1.8260093552628671,0.7749576988155736,1.875339981867592,2.5004533091568857,15,0.5439828616730491,0.2254462305782301,14.331650953801006,1,18,2,0,8,12.25,2023,0.5441976427923958,0,0.2110154125113217,-0.02697189483228722,0,0.2110154125113217,0.06187669990931812,0,0.2110154125113217,0.099954669084297,0
2023-08-10 23:45:00,2023-08-11 03:45:00,short,1912.08,1914.6785714285716,stop,-20.39450014753329,8905.879746330796,-1.1423859263331226,0.4310060472788509,1.877954920285709,0.7766935017568934,1.0,0.6542056074767304,6.495876855415005,23,0.837813423512603,0.2425595017374604,14.71848362656238,1,0,3,0,9,8.5,2023,0.5002748763056373,1,0.49642660802636646,-0.49642660802636646,1,0.49642660802636646,-0.2809235843870285,1,0.49642660802636646,-0.19241341396371336,0
2023-08-11 07:30:00,2023-08-11 08:30:00,short,1912.89,1914.9528571428573,stop,-21.00652798892147,8884.873218341874,-1.179362880886423,0.1842105263156183,2.801939058171788,0.6322478128286797,0.75,0.9695290858725572,1.1440443213294589,24,0.6576326390014391,0.2347120246425249,15.18088095464723,1,7,4,0,10,3.75,2023,0.15027700831033014,1,0.3490304709140236,-0.2666204986149312,1,0.3490304709140236,-0.05817174515230053,1,1.3040166204985058,-1.1731301939057193,1
2023-08-14 03:00:00,2023-08-14 08:30:00,short,1912.0,1914.0757142857144,stop,-20.937237370683256,8863.935980971191,-1.178251892635933,0.3083275980728772,2.73640743289747,0.6632457044608467,0.7636363636363768,2.1197522367514967,1.281486579490581,29,0.5453956190984529,0.2227180904475934,15.689278787240283,1,3,0,0,11,66.5,2023,0.944253269098392,0,0.0,0.32759807295252796,0,0.0,0.48657949070885187,0,0.08671713695804466,0.17825189263586505,0
2023-08-14 16:15:00,2023-08-14 17:15:00,short,1905.62,1910.2657142857145,stop,-19.13977812373285,8844.79620284746,-1.0796432964329556,0.1076260762607604,3.896063960639605,1.487220626878153,0.931034482758627,1.6230012300123569,3.3407134071340967,33,0.5614998065350266,0.2182547686518154,15.689278787240283,1,16,0,0,12,7.75,2023,0.6349938499384472,0,0.1269987699877286,-0.0495079950799537,0,0.14637146371464785,0.31426814268137926,1,1.0116851168511576,-0.5079950799508165,0
2023-08-14 23:45:00,2023-08-15 14:00:00,short,1906.9,1902.0914285714289,target,48.985350806144965,8893.781553653604,2.769162210338708,0.3868092691621648,3.930481283422519,0.5082135523613645,0.9599999999997332,0.9358288770054022,6.201426024955549,35,0.664027231757166,0.2205576923226759,15.689278787240283,1,0,0,0,13,6.5,2023,3.1069518716579467,1,0.4491978609624682,-0.34937611408198277,1,0.5240641711229742,-0.4616755793226708,1,0.5240641711229742,-0.4117647058822862,0
2023-08-15 19:45:00,2023-08-17 19:45:00,short,1903.61,1887.8214285714284,target,48.94072237809175,8942.722276031694,2.7514011943539747,0.038002171552712,2.9793702497285315,1.6269225355157808,0.8476190476191796,0.3990228013029152,-0.087404994571039,40,0.6186226261954729,0.2629318895492782,16.63973161113688,1,20,1,0,0,5.75,2023,3.0116720955483065,1,0.08740499457112547,-0.05510314875139364,1,0.22611292073833877,-0.06650380021718134,1,0.35532030401739567,-0.1539087947883068,0
2023-08-17 20:00:00,2023-08-18 02:00:00,short,1886.08,1890.4985714285715,stop,-19.38312645926828,8923.339149572426,-1.0837374717103192,0.7604267701261017,3.8836081474295536,1.392371704272978,0.9186046511627814,1.1677982541222534,7.101842870998884,52,0.8920416828384669,0.3062006884092416,19.27404059225882,1,20,3,0,0,0.25,2023,0.2534755900419996,0,0.31684448755255096,0.03168444875522422,0,0.31684448755255096,0.06789524733267478,0,0.31684448755255096,0.14936954413187425,0
2023-08-18 11:30:00,2023-08-18 13:00:00,short,1891.47,1894.217142857143,stop,-20.250365079945517,8903.08878449248,-1.1346853874155305,0.0072802912116417,1.8055122204888097,0.9111782811361828,0.9424083769632866,1.3905356214248987,0.4732189287570449,55,0.557709366177789,0.2615531108456359,20.87781913600843,1,11,4,0,1,9.5,2023,0.0400416016641124,1,0.32397295891830624,-0.18928757150285105,1,0.3603744149765977,-0.1456058242329178,1,0.43317732709309803,-0.33125325013003076,1
2023-08-18 15:15:00,2023-08-18 16:00:00,short,1889.89,1892.7185714285715,stop,-20.13536948331202,8882.953415009168,-1.1308080808080945,1.4989898989898425,2.467676767676808,0.933788830494326,0.9119047619047348,2.9696969696970426,1.7959595959595949,56,0.5281917423357594,0.2513226773673493,20.87781913600843,1,15,4,0,2,2.25,2023,0.43484848484849725,0,0.5267676767676872,-0.441919191919198,0,0.5550505050504901,-0.10252525252524107,1,1.8277777777777482,-1.5767676767676309,0
2023-08-18 19:30:00,2023-08-21 15:00:00,short,1889.85,1894.1814285714288,stop,-23.13223024010756,8859.82118476906,-1.3020573878628003,0.2493403693932248,2.040897097625232,1.3960568989879143,1.0,0.6556728232190225,0.5956464379948035,57,0.5841681461788304,0.2667083719267049,20.87781913600843,1,19,4,0,3,3.5,2023,1.168205804749313,0,0.04848284960422941,0.07387862796832209,0,0.11543535620052622,0.0046174142480168495,0,0.11543535620052622,0.3209102902374335,0
2023-08-24 02:45:00,2023-08-24 15:00:00,long,1917.89,1916.158571428572,stop,-21.50626561517385,8838.314919153887,-1.2136963696369696,0.2425742574257913,3.731023102310356,0.5654358665331739,0.8426966292136037,1.0280528052804094,1.490099009901252,10,0.7511997958655795,0.1891880372068888,23.15188867362012,0,3,3,1,4,59.75,2023,2.8589108910890833,0,0.3407590759076843,0.11551155115501366,0,0.3407590759076843,0.4447194719471966,0,0.3407590759076843,0.41006600660056114,0
2023-08-24 17:00:00,2023-08-25 04:00:00,long,1919.42,1914.9757142857145,stop,-19.148261830632592,8819.166657323254,-1.08325297332049,0.4185149469624184,3.0466088074573885,1.466700454365993,0.994117647058829,1.5300546448087775,-0.1440051430407936,14,0.5277254035541314,0.3430410605698819,23.15188867362012,0,17,3,1,5,2.0,2023,0.8730311796849586,1,0.45001607200256966,-0.42526518804245084,1,0.7087753134040677,0.35326261652200286,1,0.7087753134040677,0.3577627772420245,0
2023-08-30 12:15:00,2023-08-30 16:15:00,long,1938.45,1945.7571428571428,target,50.23562849027808,8869.402285813532,2.848093841642251,1.2645161290322653,1.6340175953079732,0.8478404104110956,0.9569377990430996,1.7161290322580476,1.5436950146628914,37,0.8334652869464002,0.3439952866172602,19.246405417935414,1,12,2,1,6,128.25,2023,3.120234604105626,0,0.38592375366572285,-0.3489736070381894,0,0.38592375366572285,-0.1436950146628168,1,0.7636363636364383,-0.6774193548387668,0
2023-08-30 16:45:00,2023-08-30 23:15:00,long,1947.39,1942.7885714285717,stop,-19.16517848781824,8850.237107325715,-1.080409810617827,0.0608506674946099,4.237814343371589,1.594995316362217,0.7200902934537265,1.925488978578093,4.037876435889525,38,1.1907968047513742,0.416855464448429,19.246405417935414,1,17,2,1,0,0.5,2023,0.34771809996893116,0,0.5128841974542303,0.14126047811235667,1,0.5128841974542303,-0.07823657249304163,1,0.5128841974542303,-0.17603228810931895,0
2023-08-31 01:00:00,2023-08-31 16:00:00,long,1944.35,1942.4642857142856,stop,-21.173521806769603,8829.063585518945,-1.1962121212121752,0.4454545454543876,2.078787878787946,0.6699182796972193,0.9017094017093904,2.481818181818129,-1.0606060606060752,40,0.8906947933023707,0.4078705738571386,19.07402851846981,1,1,3,1,1,1.75,2023,1.8348484848485294,0,0.12727272727273387,0.23333333333336548,0,0.12727272727273387,0.29166666666676716,0,0.2121212121211427,-0.16439393939391272,0
2023-09-01 12:15:00,2023-09-01 15:30:00,long,1944.13,1950.9357142857143,target,50.09437210675466,8879.157957625699,2.8369017632242066,0.3526448362721281,4.275818639798501,0.8491969148875577,0.6923076923077428,0.9168765743072926,3.958438287153746,49,0.5280305491838025,0.2245223652853401,18.91396425468485,1,12,4,1,2,20.25,2023,3.865869017632318,0,0.1542821158690811,-0.07052896725444567,0,0.1542821158690811,0.03526448362717272,0,0.29534005037787225,-0.17191435768266747,0
2023-09-06 03:45:00,2023-09-06 05:30:00,short,1924.7,1925.91,stop,-23.18854474884237,8855.969412876857,-1.3057851239670382,1.7190082644628366,1.8677685950412213,0.4888524424585709,0.8163265306122607,2.4297520661158702,1.7851239669421186,5,0.5076556243702821,0.1127149320639175,18.31674793094615,1,4,2,0,0,108.25,2023,0.46280991735535015,0,0.7685950413224055,-0.5289256198346323,0,0.7685950413224055,-0.12396694214865385,0,0.7685950413224055,-0.09917355371892307,0
2023-09-07 08:45:00,2023-09-07 09:15:00,short,1917.46,1919.4457142857143,stop,-21.01222095227874,8834.95719192458,-1.1863309352517812,0.4733812949640532,2.5683453237409446,0.8124210805736196,0.91891891891884,1.4906474820143971,2.044604316546722,12,0.5391881006892008,0.2436319788295171,17.442485235338374,1,9,3,0,1,27.25,2023,0.030215827338101818,1,0.9820143884892252,-0.7201438848921137,1,1.0374100719424117,-0.91654676258989,1,1.1683453237409676,-0.47841726618707014,1
2023-09-07 15:30:00,2023-09-07 15:45:00,short,1918.47,1921.3857142857144,stop,-19.912201412471063,8815.044990512108,-1.1268985791278887,0.637922586967214,2.592846643802029,1.1765624268161343,0.5647279549718633,3.656050955413948,-0.1028907398334769,13,0.5097934982248156,0.2475389883340506,17.442485235338374,1,15,3,0,2,6.25,2023,0.10975012248895372,1,1.742283194512462,-1.6085252327290667,1,1.742283194512462,-1.4096031357177454,1,1.742283194512462,-0.946594806467411,1
2023-09-13 23:45:00,2023-09-14 01:00:00,short,1907.98,1909.3742857142856,stop,-22.308566728037103,8792.73642378407,-1.265368852458976,0.3299180327869193,2.8401639344263243,0.5265518206432712,0.933333333333384,0.8606557377048084,1.993852459016259,14,0.5440870028231651,0.1933003272130973,14.208189973927414,1,0,2,0,3,152.0,2023,-0.32274590163938466,1,1.3053278688524448,-0.9897540983605948,1,1.3053278688524448,-0.5522540983606561,1,1.3053278688524448,-0.6024590163933985,1
2023-09-18 08:30:00,2023-09-18 09:45:00,long,1929.92,1928.1,stop,-21.160541503393247,8771.575882280677,-1.2032967032967496,0.5274725274725283,1.9450549450548544,0.6629510819897024,0.9860465116279202,2.3626373626373764,6.263736263736086,7,0.5380423301451837,0.1389164208641435,13.575919168200366,0,8,0,1,4,103.5,2023,0.3736263736262701,0,0.16483516483525879,-0.0659340659341285,1,0.6813186813186615,-0.6648351648351606,1,0.9780219780219275,-0.6263736263736586,0
2023-09-18 19:45:00,2023-09-20 16:45:00,long,1931.01,1942.8342857142857,target,46.21334797578116,8817.789230256458,2.6342671257701835,0.2638637187386628,2.714751721638214,1.4209167634101574,0.8846153846154855,0.3957955781079942,3.546937296121769,10,0.5985768782562935,0.1784621783931017,13.575919168200366,0,20,0,1,5,10.0,2023,3.1333816600217075,0,0.022834360275441237,0.2638637187386628,0,0.022834360275441237,0.21058354476257557,0,0.022834360275441237,0.2816237767306727,0
2023-09-20 19:45:00,2023-09-20 21:00:00,long,1946.65,1941.6271428571429,stop,-18.93467255075001,8798.854557705708,-1.0736632536973962,0.3304891922639971,1.9311717861205508,1.8773631395285495,1.0,0.5733788395904641,5.7736063708759815,22,1.0013545406843216,0.168354229310963,13.411052622929953,1,20,2,1,0,3.0,2023,0.14334470989757075,0,0.08759954493743956,-0.009954493742925839,1,0.28270762229807983,-0.21103526734929443,1,0.28270762229807983,-0.07366325369740676,1
2023-09-26 18:00:00,2023-09-27 16:30:00,short,1903.99,1886.4999999999995,target,51.67629160477621,8850.530849310484,2.936535162950276,0.205831903945076,2.267581475128641,2.19945902793455,0.4278169014084571,1.9485420240137032,2.3807890222984254,6,0.5890038396329133,0.1875318996924613,12.096474688762424,1,18,1,0,1,141.0,2023,3.1440823327614997,0,0.04802744425385366,0.12521440823327668,0,0.16295025728988433,0.020583190394531,0,0.16295025728988433,0.32761578044597633,0
2023-09-27 17:45:00,2023-09-28 17:30:00,short,1883.59,1868.29,target,51.81899042360999,8902.349839734094,2.927450980392156,0.3333333333333927,3.274509803921591,1.8399433929646745,0.9818181818181984,1.0784313725490389,4.003921568627536,12,1.1536290444782706,0.4073580964477297,12.3920534446466,1,18,2,0,0,1.25,2023,3.3137254901961106,0,0.2725490196078676,0.05294117647058561,0,0.2725490196078676,0.6411764705882431,0,0.2725490196078676,0.42549019607840866,0
2023-09-28 17:45:00,2023-09-29 10:30:00,short,1865.24,1871.612857142857,stop,-18.838417952721425,8883.511421781372,-1.058058731226188,0.4550549204214478,4.026451468280661,2.307388928998594,0.9849849849849984,1.0450571620712694,3.034745572741583,18,1.5165839976642472,0.6698336593919385,14.031215720112185,1,18,3,0,0,0.25,2023,1.2082492714638133,0,0.02039901367404571,0.8253754763505987,0,0.02039901367404571,0.6841515355301395,0,0.10984084286035316,0.08473436449226122,0
2023-09-29 14:00:00,2023-09-29 15:30:00,short,1868.9,1871.5314285714287,stop,-20.265209008862783,8863.246212772508,-1.14060803474484,1.5276872964169064,2.0293159609119016,0.925858829984874,0.8190709046454709,3.108577633007488,1.755700325732829,23,1.036729792382421,0.6181343363036995,16.112933018527897,1,14,4,0,1,3.5,2023,0.539630836047793,0,0.11020629750269882,0.23941368078179653,0,0.11020629750269882,0.04560260586323637,0,0.47882736156350664,-0.43702497285553277,0
2023-09-29 17:00:00,2023-10-02 08:30:00,short,1862.45,1841.5828571428567,target,49.84520014169436,8913.091412914202,2.8119042924625184,1.4462928732799247,3.533785171493105,2.410299090692519,0.8814041745730546,3.030601766276429,3.016225097555965,24,0.8563500912098371,0.5739628016702469,16.112933018527897,1,17,4,0,2,1.5,2023,3.1341137810638635,0,0.08482234545079939,0.4370507291024794,0,0.08482234545079939,0.1854590264941412,0,0.08482234545079939,0.8381597864038003,0
2023-10-02 08:45:00,2023-10-02 09:00:00,short,1839.58,1841.6942857142856,stop,-20.94576482034784,8892.145648093854,-1.17499999999997,1.0121621621623202,3.9635135135133615,0.6851204265028943,0.8019801980198678,1.9108108108107995,4.114864864865007,28,2.02954746554631,0.6567217493185007,18.410142451806557,1,9,0,0,0,0.25,2023,0.08040540540533253,1,1.371621621621669,-0.5108108108108855,1,2.014864864864867,-1.872972972972996,1,3.1263513513514214,-2.3459459459459704,1
2023-10-02 12:00:00,2023-10-03 02:00:00,short,1838.22,1824.2057142857143,target,51.94427099996621,8944.08991909382,2.920795107033651,0.5094801223241924,2.9027522935780268,1.4900732980117846,0.4827586206896308,1.241590214067244,1.8452599388379327,29,2.053233571802884,0.7241700870626921,18.410142451806557,1,12,0,0,1,3.0,2023,3.405810397553601,0,-0.004281345565745425,0.911926605504603,0,-0.004281345565745425,0.8391437308868821,0,-0.004281345565745425,0.7749235474006521,0
2023-10-03 02:15:00,2023-10-03 02:45:00,short,1822.2,1825.1857142857143,stop,-20.104944708086805,8923.984974385734,-1.1239234449760405,0.0736842105262468,5.271770334928172,0.8936127001320348,0.3481481481481625,1.808612440191371,6.243062200956732,32,2.257164336469195,0.8494655813083063,21.065277472653552,1,2,1,0,0,0.25,2023,0.07368421052632301,1,0.7904306220095153,-0.7234449760764874,1,1.5641148325357928,-0.9177033492822758,1,1.5641148325357928,-0.2746411483253304,1
2023-10-03 05:00:00,2023-10-03 11:00:00,short,1820.12,1824.7842857142855,stop,-19.263781347464448,8904.72119303827,-1.0793261868300283,0.7975497702910116,2.096784073506816,1.3843972633596855,0.775510204081667,1.6808575803981771,3.773353751914283,33,2.275114054429874,0.8669920523171948,21.065277472653552,1,5,1,0,1,2.25,2023,1.0591117917304274,0,0.034303215926510325,0.6346094946400753,0,0.034303215926510325,0.6453292496171433,0,0.034303215926510325,0.38591117917303397,0
2023-10-04 01:45:00,2023-10-04 02:15:00,short,1822.59,1824.6542857142856,stop,-21.00158465458343,8883.719608383686,-1.1792387543252063,0.0387543252596992,2.470588235293988,0.5470652818616818,0.6500000000000162,1.3564013840830862,0.9397923875432466,38,1.723043645260618,0.7977294090442122,23.804304754673705,1,2,2,0,2,14.75,2023,0.2083044982698097,1,0.3148788927335972,-0.28581314878898795,1,1.1141868512111224,-0.9494809688581163,1,1.1141868512111224,-0.34394463667820646,1
2023-10-04 04:30:00,2023-10-04 14:00:00,short,1821.69,1824.71,stop,-19.944244683722115,8863.775363699964,-1.1225165562913797,0.0860927152317093,2.066225165562982,0.8058885009673372,0.6964856230031689,2.072847682119117,0.9602649006622772,39,1.5836950391732458,0.752247963546615,23.804304754673705,1,4,2,0,3,2.25,2023,1.6688741721854106,1,0.6655629139072786,-0.33112582781456795,1,0.6655629139072786,-0.31456953642385466,1,0.6655629139072786,0.2052980132450713,0
2023-10-04 16:45:00,2023-10-04 18:15:00,short,1820.32,1826.1642857142856,stop,-18.84987672065228,8844.925486979311,-1.0633097042287778,0.6159863114152816,2.8643363480811725,1.5000435419630065,0.5283687943262563,1.9300904424345544,0.6057198728917027,42,1.0867305306163493,0.6115689546105529,23.804304754673705,1,17,2,0,4,2.75,2023,0.5663651918846111,0,0.2600831092642335,-0.047910046443407336,0,0.2600831092642335,0.23955023221703667,0,0.2600831092642335,0.33879247127841655,0
2023-10-04 21:30:00,2023-10-04 22:30:00,short,1817.12,1820.62,stop,-19.559920934063005,8825.365566045248,-1.105714285714296,0.3257142857143822,3.600000000000007,0.8687359227475032,0.6627906976744662,0.9828571428571676,1.262857142857175,43,1.3448289495968764,0.5830538213634551,23.804304754673705,1,21,2,0,5,3.25,2023,0.11142857142853609,0,0.3142857142857562,-0.12857142857144274,1,0.48000000000002263,-0.46285714285718094,1,1.7257142857143564,-1.611428571428615,1
2023-10-05 08:45:00,2023-10-05 10:45:00,short,1826.22,1820.5028571428568,target,49.52525234438937,8874.890818389636,2.8058470764617987,0.1259370314841462,2.917541229385346,0.4898045356181386,0.962962962962994,1.4167916041978386,1.857571214392828,46,0.7671611322651759,0.4620374992923448,26.34768723082313,1,9,3,0,6,10.25,2023,3.3583208395803354,0,0.15742128935530214,1.2068965517241421,0,0.15742128935530214,1.458770614692673,0,0.15742128935530214,2.109445277361359,0
2023-10-05 11:45:00,2023-10-05 12:30:00,short,1819.8,1822.8642857142856,stop,-19.892995363550607,8854.997823026086,-1.120745920745886,0.0130536130536008,2.897902097902066,0.7856495343790537,0.8604651162790411,0.841958041958147,5.143123543123495,47,1.1258526581853183,0.4435303866250017,26.34768723082313,1,12,3,0,0,1.0,2023,0.06526806526807859,1,0.3361305361305194,-0.3100233100233177,1,0.7603729603729932,-0.6494172494172373,1,1.1291375291375148,-0.6951048951049146,1
2023-10-05 15:30:00,2023-10-05 16:15:00,short,1815.01,1819.2242857142855,stop,-19.26487322989228,8835.732949796193,-1.087796610169507,2.016949152542373,2.2115254237288524,1.0721416559591324,0.7493827160493833,3.844067796610126,2.643389830508444,47,1.1258526581853183,0.4435303866250017,26.34768723082313,1,15,3,0,1,3.0,2023,0.23966101694915037,0,0.4105084745762755,-0.14474576271184067,0,0.4105084745762755,-0.09254237288137968,1,1.480677966101697,-1.480677966101697,1
2023-10-06 04:00:00,2023-10-06 04:30:00,short,1820.08,1822.0157142857145,stop,-21.049259012503715,8814.68369078369,-1.1911439114391322,0.0413284132840953,3.0892988929889498,0.4992511999606972,0.8314606741574325,0.9195571955718272,-0.2066420664204769,51,0.802917641081824,0.4032279978180675,28.793605442829776,1,4,4,0,2,11.75,2023,0.23763837638378343,1,0.1911439114391761,-0.1911439114391761,1,1.6118081180812474,-1.188191881918917,1,1.6118081180812474,-1.5239852398524272,1
2023-10-06 08:15:00,2023-10-06 13:00:00,short,1821.51,1822.96,stop,-22.12789560996868,8792.555795173721,-1.25517241379318,1.2965517241380529,2.882758620689646,0.3762874057253944,0.9440000000000508,1.7241379310345446,-1.4620689655172183,52,0.6419549965283347,0.3947515522218947,28.793605442829776,1,8,4,0,3,3.75,2023,2.0482758620690578,0,0.15862068965519066,0.05517241379305525,0,0.15862068965519066,0.13793103448279492,0,0.15862068965519066,2.0068965517242665,0
2023-10-06 15:15:00,2023-10-06 15:45:00,short,1819.76,1810.73,target,50.59370975827505,8843.149504931996,2.877076411960115,0.1461794019933693,3.348837209302203,0.7803005286564089,0.7381974248927387,1.5481727574749893,0.2923588039867386,53,0.6460148766512744,0.362380435943288,28.793605442829776,1,15,4,0,4,2.25,2023,3.122923588039806,0,0.026578073089676045,2.4916943521593953,0,0.026578073089676045,1.5714285714285314,1,1.4883720930232183,-1.3820598006644385,0
2023-10-09 03:45:00,2023-10-09 16:15:00,long,1852.35,1844.2242857142855,stop,-18.49163505830872,8824.657869873688,-1.0455344585091304,0.2264416315048859,1.4644866385372914,1.9964943763039,0.977040816326494,0.9648382559775204,5.40014064697608,1,1.0181419064507522,-0.0952263785855556,30.51956746463673,0,4,0,1,0,60.0,2023,0.24244022503516657,1,0.6239451476793209,-0.5648734177215123,1,0.6239451476793209,-0.38027426160336775,1,0.6239451476793209,-0.42334739803092364,1
2023-10-09 17:15:00,2023-10-10 03:00:00,long,1850.53,1865.345714285714,target,51.62565251961938,8876.283522393307,2.925079548741662,0.0647960659531726,2.5148973098061504,1.1862841259718948,0.8936170212765713,1.5227075498987752,0.0890945906855779,4,0.6238345635710282,0.2173011232378341,30.51956746463673,0,17,0,1,1,1.0,2023,3.002892681515795,0,0.08504483656351036,0.17616430431012203,0,0.29765692797224025,0.3179056985825779,0,0.29765692797224025,0.40902516632918956,0
2023-10-10 17:00:00,2023-10-10 17:45:00,long,1858.36,1853.7571428571428,stop,-19.1796045570769,8857.10391783623,-1.0803848541278631,0.3128491620110837,2.033519553072637,1.1608684295069152,0.9646464646463824,0.8603351955307272,0.4475481067659684,10,0.5866724297585368,0.3914372748682782,29.880776649747823,0,17,1,1,0,14.0,2023,0.08690254500312272,1,0.5192427063935126,-0.19553072625695203,1,0.8407821229049975,-0.7973308504034361,1,1.0949720670390894,-0.056486654252014955,1
2023-10-10 18:30:00,2023-10-11 19:00:00,long,1859.38,1876.668571428572,target,48.71162563492036,8905.81554347115,2.7498619236489943,0.1457610312345322,2.058006941001514,1.4489920842431638,0.5664335664336276,0.9925632126920844,1.1799702528508025,10,0.5866724297585368,0.3914372748682782,29.880776649747823,0,18,1,1,1,0.75,2023,3.014129895884965,0,0.08676251859196844,0.3192860684184297,0,0.08676251859196844,0.0659395141298755,0,0.1839365394150031,0.33316807139313204,0
2023-10-11 23:15:00,2023-10-12 14:30:00,long,1874.3,1883.3085714285717,target,51.24021559597568,8957.055759067125,2.876784015223618,0.0799238820170539,2.2378686964796297,0.8047248553391887,0.7042253521126399,0.4728829686013567,-0.5261655566127259,17,1.1871759299044276,0.3956864090374212,29.16086595985744,0,23,2,1,0,4.25,2023,3.2635585156993216,1,0.17649857278781217,-0.16317792578496987,1,0.29971455756417936,-0.06660323501428732,1,0.29971455756417936,0.02997145575647094,0
2023-10-13 03:45:00,2023-10-13 10:00:00,long,1872.5,1878.4057142857143,target,50.37531359417346,9007.431072661298,2.812046444121949,0.4063860667635184,2.986937590711006,0.5492419524395505,0.9635036496350669,1.3918722786646234,4.287373004354173,25,0.5911795347401008,0.3518619416725377,25.955923060843663,0,4,4,1,0,13.25,2023,3.1088534107401538,1,0.3454281567489445,-0.31494920174159974,1,0.37082728592163555,-0.19811320754722103,1,0.6146589259797004,-0.29970972423798514,0
2023-10-13 10:15:00,2023-10-13 14:00:00,long,1881.24,1890.0342857142855,target,51.77078073633944,9059.201853397635,2.8737816764132877,1.787524366471837,2.0058479532162803,0.8181009486203303,0.979865771812099,2.033138401559491,5.239766081871451,26,0.7408842791037012,0.3200952070970375,25.955923060843663,0,10,4,1,0,0.25,2023,3.6569200779727624,0,0.08528265107212578,0.23538011695908576,0,0.08528265107212578,0.2899610136451966,0,0.08528265107212578,1.1257309941520448,0
2023-10-13 14:15:00,2023-10-13 15:15:00,long,1892.66,1906.2414285714283,target,52.87440753563997,9112.076260933278,2.9182707478699967,0.3092458188703301,4.223414326285924,1.2430375774691884,0.7132075471698246,1.1707163142947852,5.045124644998518,27,1.0608095409747196,0.3112103876274918,25.955923060843663,0,14,4,1,0,0.25,2023,3.105711580940387,0,0.03534237929948208,0.4660776270116594,0,0.03534237929948208,0.826128116124973,0,0.03534237929948208,2.6749763332281593,0
2023-10-13 15:30:00,2023-10-18 04:15:00,long,1910.98,1936.5442857142857,target,44.71492727632242,9156.7911882096,2.4536080469404795,0.9998323554065344,4.719865884325253,2.3117242982957524,0.4338028169014128,3.3327745180218,6.280637049455144,27,1.0608095409747196,0.3112103876274918,25.955923060843663,0,15,4,1,0,0.25,2023,3.0534786253143267,0,0.09740150880133247,0.26404023470243043,0,0.13260687342834454,-0.1314333612741126,1,0.6477787091366272,-0.6184409052808016,0
2023-10-18 04:30:00,2023-10-18 16:15:00,long,1938.73,1950.481428571429,target,53.210908385460506,9210.00209659506,2.9055433989788666,0.8832968636031943,6.785557986870692,1.041411653372376,0.9889705882353044,1.3887673231217843,7.924142961341858,43,1.3434337987749891,0.5539521061552977,25.861806453779057,1,4,2,1,0,0.25,2023,3.0711159737417026,0,0.11487964989059925,0.06382202771699313,0,0.11487964989059925,0.579504011670293,0,0.1353026987600185,-0.10977388767324445,0
2023-10-18 16:30:00,2023-10-18 17:15:00,long,1958.98,1953.3014285714285,stop,-19.62020069282208,9190.38189590224,-1.065157232704413,2.895094339622618,2.328050314465347,1.426962409861315,0.9200841219768672,3.349433962264109,4.909685534591158,46,2.0526445146183816,0.6607260987354424,25.861806453779057,1,16,2,1,0,0.25,2023,0.630440251572307,0,0.5018867924528084,-0.34515723270440496,0,0.817106918239002,-0.3627672955974705,1,1.554968553459089,-1.4845283018867867,0
2023-10-18 20:15:00,2023-10-18 23:45:00,long,1955.22,1947.15,stop,-19.223500173832694,9171.158395728406,-1.0458488228004958,0.3097893432465947,3.908302354399035,1.9505668219770984,0.6292134831460796,0.8822800495662884,1.1598513011152665,47,1.9672094618895704,0.705006355121407,25.861806453779057,1,20,2,1,1,3.0,2023,0.047087980173467756,0,0.17843866171004535,-0.10532837670385913,0,0.17843866171004535,-0.15241635687732688,1,0.7980173482032349,-0.5700123915737513,1
2023-10-19 03:00:00,2023-10-19 03:30:00,long,1952.09,1949.2071428571428,stop,-20.69645953129151,9150.461936197114,-1.1283448959365463,0.3191278493556607,3.2675916749256477,0.7015993573887722,0.8926174496643753,1.0336967294350756,1.2695738354806052,48,1.723026773492432,0.7420034837928746,26.860925951358958,1,3,3,1,2,3.25,2023,0.405847373637284,0,0.10059464816648742,-0.06937561942510935,1,1.1897918731416506,-1.0649157581763748,1,1.1897918731416506,-0.7215064420217682,0
2023-10-19 10:00:00,2023-10-19 18:30:00,long,1949.44,1959.8457142857144,target,52.95057257148644,9203.4125087686,2.893327841845132,0.1153212520593333,2.1622734761120084,0.8338556378841161,0.8272727272727846,1.2685337726524044,0.196046128500906,50,1.5378464679963488,0.7543737427318842,26.860925951358958,1,10,3,1,3,6.5,2023,3.0242998352553316,0,0.023064250411906,0.6342668863262022,0,0.023064250411906,0.5160626029653889,0,0.098023064250453,1.1070840197693248,0
2023-10-19 19:45:00,2023-10-20 17:00:00,long,1961.94,1988.044285714286,target,54.4377845782163,9257.850293346815,2.9574782465933374,0.1700870136266635,2.643244130684603,1.9914095737072557,0.9829642248722468,1.3492037432276809,1.641109834181594,53,1.8837455653118609,0.708296813738496,26.860925951358958,1,20,3,1,0,1.25,2023,3.35692004596945,0,0.13101296995568312,0.07240190444917337,0,0.13101296995568312,0.7056312592349185,0,0.13101296995568312,1.2365785585289697,0
2023-10-20 18:00:00,2023-10-20 19:45:00,long,1993.82,1985.317142857143,stop,-19.3214073158523,9238.528886030965,-1.043514784946225,0.5927419354838691,4.252688172043011,1.7711144973051576,0.997555012224941,0.9620295698924578,2.1827956989247337,58,1.9384972192494825,0.912744859899961,28.167712258371697,1,18,4,1,0,1.0,2023,0.3857526881720414,0,0.07526881720428641,0.3340053763441045,0,0.11055107526879733,0.23639112903225795,1,0.7268145161290159,-0.6503696236559134,0
2023-10-23 08:30:00,2023-10-23 16:30:00,long,1975.75,1971.6742857142856,stop,-20.15443525645198,9218.374450774512,-1.0907816333683988,0.2698913424465211,1.7322117069750744,0.8399854261203796,0.7581047381546061,1.9677532422011577,4.023834560112125,62,1.2889764542069448,0.7299508010572886,29.80853492538029,1,8,0,1,1,60.75,2023,1.7199439186820609,0,0.30669470732561754,-0.02208201892742438,0,0.30669470732561754,0.10059586400282264,1,0.30669470732561754,-0.1447599018576714,0
2023-10-24 03:15:00,2023-10-24 03:45:00,long,1974.96,1972.8457142857144,stop,-21.663179959319542,9196.711270815193,-1.1749999999999694,0.9459459459459488,2.468918918919047,0.4307725891833854,0.7071129707112903,2.2608108108109124,1.9864864864866216,66,0.9051374628879308,0.4971006924010979,30.854725854035607,1,3,1,1,2,10.75,2023,0.4256756756756125,0,0.7047297297297362,-0.40675675675681827,1,1.210810810810789,-0.5770270270270418,1,1.210810810810789,1.3337837837837578,0
2023-10-25 03:00:00,2023-10-25 05:45:00,long,1973.66,1971.8028571428567,stop,-22.057958263386297,9174.653312551807,-1.1992307692307866,0.3230769230771189,3.6615384615383135,0.3700007649054267,0.9197080291971468,1.4753846153844978,0.4200000000001077,72,0.5249464853045187,0.287486842728657,31.17918017033245,1,3,2,1,3,23.25,2023,1.771538461538442,0,0.1346153846153846,0.11846153846155315,0,0.34461538461543845,0.15615384615382655,0,0.8938461538461979,0.33923076923070555,0
2023-10-25 09:00:00,2023-10-25 09:45:00,long,1974.62,1971.3214285714284,stop,-20.407544137403693,9154.245768414405,-1.1121697704633815,0.0970116933736641,2.2858380251190287,0.6557819361755914,0.9629629629628929,1.3096578605457063,-0.8306626245128262,74,0.5237110884527442,0.2410297214678669,31.17918017033245,1,9,2,1,4,3.25,2023,0.3759203118232931,0,0.08488523170202504,0.042442615851046986,1,0.5941966219141752,-0.2394976180164401,1,1.1004763967084674,-0.6972715461238312,0
2023-10-25 16:00:00,2023-10-25 18:00:00,long,1977.52,1972.9171428571428,stop,-19.78021695831829,9134.465551456084,-1.0803848541278789,0.312849162011187,2.1986343885785127,0.9169935163691592,0.729729729729733,1.6076970825574477,2.9199255121043133,76,0.5882798751664422,0.2417674520033497,31.17918017033245,1,16,2,1,5,6.25,2023,2.0986964618249844,0,0.3041589075108845,0.07821229050282145,0,0.3041589075108845,0.417132216014916,1,0.582247051520812,-0.19335816263187922,0
2023-10-26 01:15:00,2023-10-26 11:30:00,long,1982.74,1992.3228571428572,target,52.69066935719227,9187.156220813278,2.8841681574240035,0.0751341681574968,3.080500894454237,0.6241578538758433,0.5352112676056429,1.7781753130589546,-0.7513416815742563,78,0.7079450096629454,0.2516084323309409,31.659182589956984,1,1,3,1,6,7.25,2023,3.080500894454308,1,0.5572450805008771,-0.5134168157424203,1,0.5697674418604362,-0.20035778175315871,1,0.5697674418604362,-0.2034883720930485,0
2023-10-26 20:00:00,2023-10-27 15:45:00,long,1986.33,1979.6985714285715,stop,-19.399505660579862,9167.756715152698,-1.0557949159844893,0.16587677725117,3.7759586385178494,1.285467529275754,0.7411003236245488,0.93192589401124,3.3024558380007853,83,0.6606724832953328,0.338552684264326,31.659182589956984,1,20,3,1,0,8.5,2023,0.5383455407152302,0,0.06936665230504596,0.07992244722102079,0,0.12666953899180072,0.18246445497630762,1,0.18548039638087185,-0.1794485135717091,0
2023-10-30 16:00:00,2023-10-30 16:30:00,long,2002.1,1997.1642857142856,stop,-19.710013568785595,9148.046701583911,-1.0749638205499277,0.8549927641099405,3.0147612156295285,1.0592006560606133,0.9145299145298964,1.89638205499278,3.971056439942074,94,0.7704329840029808,0.3845384638076377,33.26266396875751,1,16,0,1,1,72.25,2023,0.056729377713498993,0,0.376845151953668,-0.2775687409551139,1,1.09609261939215,-0.875253256150489,1,1.243994211287956,-0.33024602026046634,1
2023-10-31 04:00:00,2023-10-31 06:00:00,long,1996.26,1994.2271428571428,stop,-21.6261624062752,9126.420539177638,-1.1820098383696922,0.0393534785663737,2.2825017568516923,0.4471412458078797,0.8088235294117573,1.338018271257827,0.0196767392831868,97,0.5233699728472234,0.2983292570879481,34.1779944160289,1,4,1,1,2,11.5,2023,0.47224174279693276,0,0.20660576247368603,0.3394237526353094,1,0.7772312016865532,-0.6198172874209462,1,0.7772312016865532,-0.24104005621926308,0
2023-10-31 13:45:00,2023-10-31 15:30:00,long,1999.98,1996.5557142857144,stop,-20.225092158578576,9106.19544701906,-1.1080517313308582,0.4964539007091661,2.3070504797663984,0.7604137545429123,1.0,1.2382144347101218,2.990404672507366,99,0.5306162701242845,0.2446813047423779,34.1779944160289,1,14,1,1,3,7.75,2023,0.4292866082603329,1,0.45556946182726765,-0.3913224864413607,1,0.6950354609929389,-0.5490196078431685,1,0.6950354609929389,-0.03796412181897217,0
2023-11-07 04:00:00,2023-11-07 10:45:00,short,1974.25,1966.4285714285716,target,52.05251008400223,9158.247957103062,2.858082191780859,0.3682191780822057,2.347397260273931,0.6621455329364486,1.0,1.4038356164383003,2.8383561643835966,6,0.501734837803848,0.0913350897417952,32.78712615602768,0,4,1,0,4,156.5,2023,3.172054794520541,0,0.2876712328767123,-0.01917808219176338,0,0.2876712328767123,0.41808219178079054,0,0.2876712328767123,0.34904109589044235,0
2023-11-07 11:00:00,2023-11-07 20:45:00,short,1965.73,1969.0185714285717,stop,-20.377300623927617,9137.870656479134,-1.1125108601216211,0.1520417028670692,3.746307558644636,0.8364224048204055,0.3429752066115621,1.471763683753136,3.423979148566328,7,0.5679743742262593,0.1187301891615866,32.78712615602768,0,11,1,0,0,0.25,2023,2.764118158123294,1,0.9365768896611243,-0.5868809730669066,1,0.9365768896611243,-0.2675933970460059,1,0.9365768896611243,-0.1611642050390851,0
2023-11-08 02:45:00,2023-11-08 03:15:00,short,1968.08,1969.6057142857144,stop,-22.70777970252494,9115.162876776609,-1.2425093632959323,0.1310861423222698,2.3464419475653817,0.3925466371195057,0.7021276595745144,1.232209737827727,-0.8913857677900043,11,0.5901156782851473,0.2898650091928911,31.167708311305727,0,3,2,0,1,6.0,2023,0.1376404494382194,1,0.9176029962546968,-0.8061797752808717,1,1.153558052434395,-0.46535580524344694,1,1.153558052434395,-0.3408239700374247,1
2023-11-08 07:00:00,2023-11-08 08:15:00,short,1967.18,1969.0,stop,-21.936490879275706,9093.226385897333,-1.2032967032967103,0.0659340659340082,2.4615384615385576,0.4825536709967333,1.0,0.7472527472525935,2.340659340659293,12,0.5663839048921997,0.2942618275057707,31.167708311305727,0,7,2,0,2,3.75,2023,1.2307692307692788,0,0.0,0.6208791208792026,0,0.0,1.175824175824272,0,0.0,0.45604395604405695,0
2023-11-08 11:45:00,2023-11-08 17:15:00,short,1965.42,1956.4842857142855,target,52.30022581279637,9145.52661171013,2.875779376498791,0.0470023980814917,2.303117505995232,0.7933286828587783,0.974789915966406,0.7990407673859699,0.0671462829735596,14,0.6383624700936796,0.2851847759849368,31.167708311305727,0,12,2,0,3,3.5,2023,3.397601918465245,0,0.0033573141486779798,0.8527577937649702,0,0.0033573141486779798,1.6383693045563807,0,0.0033573141486779798,1.1549160671462937,0
2023-11-08 17:30:00,2023-11-08 18:15:00,short,1951.61,1957.3271428571427,stop,-19.474807042727196,9126.051804667402,-1.064717641179417,1.2908545727136849,3.949525237381366,1.5129505276140605,0.9011461318051824,2.441779110444827,4.411294352823711,15,0.6273650949674613,0.2725316446617221,31.167708311305727,0,17,2,0,0,0.25,2023,0.08220889555219034,1,0.857071464267897,-0.6664167916042398,1,0.857071464267897,-0.5754622688656107,1,1.0967016491754682,-0.6909045477261571,1
2023-11-08 21:15:00,2023-11-09 03:15:00,short,1949.74,1954.3942857142856,stop,-19.70308422161809,9106.348720445783,-1.0794966236955394,0.4554941682013249,2.4923265807243395,1.2058953030815989,0.8259109311740652,1.0613873542050405,2.8790669122160897,16,1.1222093901747117,0.2884795303824794,31.167708311305727,0,21,2,0,1,3.0,2023,0.5027624309392066,0,0.0,0.17188459177408397,0,0.0,0.35236341313691366,0,0.0,0.09453652547576327,0
2023-11-09 10:00:00,2023-11-09 10:30:00,short,1946.55,1949.0014285714285,stop,-20.961583593101032,9085.387136852683,-1.1509324009324176,1.1993006993007476,1.982517482517577,0.6864961094553099,0.9836065573770638,2.488344988345005,2.178321678321785,19,1.0796208645547538,0.3880114203225759,29.17568106563456,0,10,3,0,2,6.75,2023,0.746503496503483,0,0.20396270396270838,0.12645687645685694,1,1.1013986013986439,-1.1013986013986439,1,1.2564102564103468,-1.1503496503496493,0
2023-11-10 13:15:00,2023-11-10 18:15:00,short,1948.56,1937.9657142857145,target,52.608507879008286,9137.99564473169,2.8952265372168102,1.6310679611651089,2.707119741100305,0.9501586320329424,0.9119804400978222,2.3163430420711486,3.516990291262153,26,0.5877819409718668,0.2141533626029534,27.18561379184642,0,13,4,0,3,26.75,2023,3.0016181229773173,0,0.05663430420713256,0.04247572815530113,0,0.05663430420713256,0.11043689320384732,0,0.15291262135921285,0.5323624595468915,0
2023-11-10 19:45:00,2023-11-13 18:15:00,short,1936.7,1942.4414285714288,stop,-22.44067088900549,9115.554973842683,-1.2278770838517068,0.1532719581985774,3.3441154516048783,1.484251296042384,0.8411214953270254,0.3727295347101084,3.2674794725055896,28,1.324486583936641,0.2835083415702266,27.18561379184642,0,20,4,0,0,1.5,2023,1.342871361035103,0,0.1027618810649283,0.0522518039313188,0,0.1027618810649283,0.5486439412789464,0,0.16894749937796116,0.14282159741228195,0
2023-11-15 08:15:00,2023-11-15 09:15:00,long,1969.54,1967.3257142857144,stop,-21.277469609911734,9094.277504232774,-1.1670967741935607,1.499354838709524,1.842580645161436,0.623682324390265,0.967289719626196,1.932903225806308,5.392258064516074,5,0.5851816924270044,0.1168097725479988,23.296638235380087,1,8,2,1,1,38.0,2023,0.5238709677419647,0,0.40645161290315823,-0.2348387096774077,0,0.44258064516129203,0.00903225806450778,0,1.0477419354838269,-0.15806451612898886,0
2023-11-15 10:15:00,2023-11-15 15:30:00,long,1972.0,1968.7585714285717,stop,-20.26472766037946,9074.012776572394,-1.114147201410315,0.5985015425297762,2.862935213750523,0.9101628669394772,0.9464285714286148,1.382106654913949,3.239312472454883,5,0.5851816924270044,0.1168097725479988,23.296638235380087,1,10,2,1,2,1.0,2023,0.9995592772146524,0,0.4072278536800228,-0.2776553547818752,0,0.48743940061699803,-0.1604230938739505,1,0.6324371970030822,-0.49977963860729113,0
2023-11-16 16:00:00,2023-11-16 17:15:00,long,1973.36,1985.0214285714285,target,52.716646075728185,9126.729422648124,2.9048144064682093,0.2366776920248922,5.577361264241155,1.0907113992402238,0.9545454545453814,1.0187431091510557,3.6376332230797126,13,0.6488543336590439,0.1152276950772579,22.290822078407743,1,16,3,1,3,24.5,2023,3.280044101433292,1,0.46563763322306506,-0.3807423741271048,1,0.46563763322306506,1.556413083425256,1,0.46563763322306506,2.3719220874678464,0
2023-11-16 18:00:00,2023-11-16 18:45:00,long,1987.77,1980.6857142857143,stop,-19.206805455687544,9107.522617192437,-1.0522282718289837,0.3783020770316336,5.908852591248209,1.963482485698625,1.0,1.0417422867513686,6.8771929824560605,13,0.6488543336590439,0.1152276950772579,22.290822078407743,1,18,3,1,0,0.75,2023,0.01693889897158341,1,0.662028634805407,-0.6069772131478011,1,0.7777777777777706,-0.7693083282919949,1,1.0826779592659832,-0.8568259729784076,1
2023-11-17 02:45:00,2023-11-17 03:30:00,long,1984.91,1983.06,stop,-21.858054281262344,9085.664562911174,-1.2000000000000275,2.108108108108076,2.5729729729729915,0.5248266830801845,1.0,2.691891891891798,1.7729729729730128,15,0.9544224439985896,0.2397220408262956,21.923976358343754,1,3,4,1,1,8.0,2023,1.0540540540539152,0,0.2486486486486587,-0.23243243243245787,0,0.5243243243243189,-0.27567567567566015,0,1.210810810810769,-0.799999999999979,0
2023-11-17 05:45:00,2023-11-17 08:15:00,long,1986.63,1983.7828571428568,stop,-20.532781330332792,9065.131781580842,-1.1299548419468504,0.1053687907677528,2.676367285499261,0.8236579525817918,0.8421052631580207,0.8008028098343467,2.8519819367789028,16,1.0063637720006229,0.3068773824806969,21.923976358343754,1,6,4,1,2,2.25,2023,0.161565479177056,1,0.1650777722027223,-0.13346713497244436,1,0.4249874560963583,-0.32664325137985817,1,0.4952333166081669,-0.21073758153542585,1
2023-11-17 10:45:00,2023-11-17 15:30:00,long,1988.65,1985.18,stop,-20.06346169525728,9045.068319885584,-1.1066282420749582,0.0518731988473471,3.4351585014410126,1.004471324080514,0.858620689655216,1.671469740633961,1.5100864553315108,17,0.9839057691510936,0.3578112554530666,21.923976358343754,1,11,4,1,3,2.5,2023,1.3573487031700011,0,0.13832853025937403,0.8299711815561787,0,0.13832853025937403,0.639769452449523,0,0.13832853025937403,0.7377521613832845,0
2023-11-20 03:00:00,2023-11-20 10:15:00,long,1980.59,1977.1585714285716,stop,-20.04073838402607,9025.027581501558,-1.1078268109908302,0.1457119067443784,4.091590341382135,0.992098218549703,0.7743467933491598,2.4537885095753538,0.157368859283918,21,0.5509393038408538,0.3678367300949947,21.814901665919898,1,3,0,1,4,59.5,2023,1.3288925895087815,0,0.032056619483734096,0.6119900083264291,0,0.032056619483734096,0.19525395503748827,0,0.2797668609491509,-0.029142381348849177,0
2023-11-21 04:30:00,2023-11-21 10:45:00,long,1992.4,1987.987142857143,stop,-19.563478370260288,9005.464103131297,-1.0838459048235602,0.8203302039495799,4.473292327614083,1.251856398548813,0.9376623376623376,1.7449012625445817,6.920686306247997,3,0.860795582787263,0.1422904043419492,20.9186809370767,1,4,1,1,5,18.25,2023,0.41696341858204855,0,0.4396244739398005,-0.4011006798316582,0,0.598251861443858,-0.41016510197478995,0,0.598251861443858,0.011330527678850214,0
2023-11-21 15:00:00,2023-11-21 16:30:00,long,1991.21,2002.2371428571428,target,52.21979184559646,9057.683894976892,2.899339292654505,0.7127866303925202,2.089389817333966,0.9964765407973136,0.7764705882353151,1.3874854255732596,2.813058686358424,5,0.5295460141522617,0.1781439453904409,20.9186809370767,1,15,1,1,6,4.25,2023,3.8631947143413137,0,-0.0027205596579843575,1.05013602798289,0,-0.0027205596579843575,0.9005052467936265,0,-0.0027205596579843575,2.195491643995356,0
2023-11-22 06:30:00,2023-11-22 10:00:00,long,1998.18,2005.83,target,51.71759902386832,9109.401494000762,2.854901960784327,0.2274509803921266,1.9137254901961067,0.7009626783188382,0.958677685950452,0.9490196078431584,0.4156862745097793,9,0.7928666690067298,0.3762671292242947,21.02006611899377,1,6,2,1,0,14.0,2023,3.180392156862682,0,0.02352941176477347,0.411764705882332,0,0.02352941176477347,0.27450980392158436,1,0.5882352941176426,-0.28235294117647913,0
2023-11-24 20:30:00,2023-11-27 03:15:00,long,2002.5,2014.23,target,42.946890732570665,9152.348384733332,2.357283887468045,0.0767263427110442,2.690537084398983,1.0917512845379187,0.8454545454545699,1.1253196930945406,0.3069053708439445,25,0.5351068648765902,0.146781155470177,21.201628358039045,1,20,4,1,0,58.5,2023,3.9872122762148283,1,0.5217391304347754,-0.10997442455244638,1,0.5217391304347754,-0.3222506393861882,1,0.5217391304347754,-0.030690537084371184,0
2023-11-27 06:30:00,2023-11-27 18:30:00,long,2013.04,2006.5185714285717,stop,-19.34323268694563,9133.005152046386,-1.0567360350492836,0.2974808324206022,1.444468784227843,1.815316860277248,0.9930555555555616,0.8832420591456444,2.925739320920056,27,0.975649237424308,0.2203412175603381,21.50239097865475,1,6,0,1,0,3.25,2023,0.48762322015335424,0,0.147207009857619,-0.024534501642913258,0,0.147207009857619,0.09047097480834723,1,0.34041621029573527,-0.15794085432639357,0
2023-11-27 20:15:00,2023-11-28 16:15:00,long,2012.03,2027.57,target,53.49331589055716,9186.498467936945,2.9285714285714146,0.2393822393822003,2.2200772200772483,1.4192509889206428,0.9550561797753212,0.6872586872586854,0.0077220077220007,31,0.6527841200120561,0.3299544841722124,21.50239097865475,1,20,0,1,1,1.75,2023,3.0444015444015795,0,0.07915057915059596,0.13513513513514563,0,0.07915057915059596,0.06949806949809496,0,0.07915057915059596,0.11776061776064384,0
2023-11-28 17:30:00,2023-12-01 17:15:00,long,2030.52,2052.437142857143,target,48.79904631566784,9235.29751425261,2.656019945248349,0.5037152913570334,4.664841611263159,2.089815266501005,0.8582434514637794,1.7766914352757048,4.177551818537319,36,0.9422413069108682,0.3260958599441643,22.356647672173104,1,17,1,1,0,1.25,2023,3.103050449745786,0,0.1875244427062803,0.049276495893642455,0,0.1875244427062803,0.5420414548298803,0,0.1875244427062803,1.0348064137661181,0
2023-12-01 19:45:00,2023-12-04 01:15:00,long,2067.24,2096.335714285714,target,50.62582510569924,9285.923339358307,2.7408876123140398,0.7093828251582656,4.155251141552552,2.4287504089878125,0.9154929577464443,0.878479893946045,6.103991751362464,55,1.7150780703592063,0.34087440553765,26.92752172888535,1,20,4,1,0,2.5,2023,6.449403446752151,0,0.15466195315952355,0.03918102813375722,0,0.15466195315952355,0.22786861098836844,0,0.15466195315952355,0.4650169391663233,0
2023-12-05 12:00:00,2023-12-06 09:45:00,short,2027.31,2033.2342857142855,stop,-19.731747399668517,9266.19159195864,-1.0624547865927163,0.3983602604292406,3.7270315891004784,1.0728225403974012,0.7781690140845423,0.958765372558432,2.130214612973179,5,0.5477747668521737,0.1389988321652158,31.549850449718356,0,12,1,0,0,34.75,2023,2.9640704123462145,0,0.015191704846901563,0.6346756691584153,0,0.015191704846901563,0.3662888835302305,0,0.027007475283350707,0.16710875331564853,0
2023-12-06 11:15:00,2023-12-06 15:15:00,short,2022.76,2028.4085714285716,stop,-19.74631521341494,9246.445276745226,-1.0655032878098014,0.6054628224582835,4.018715225088489,0.9837768463698752,0.6161616161615859,1.051593323217006,-0.0991401112797071,10,0.5042602402843215,0.2851988912855319,33.47397676672415,0,11,2,0,1,1.5,2023,0.45675265553868255,0,0.25670207384927485,-0.18765806777945435,0,0.30273141122914177,0.29033889731918844,0,0.30273141122914177,0.09736975214971384,0
2023-12-08 16:00:00,2023-12-11 16:30:00,short,2010.4,1989.4342857142856,target,50.77509264955256,9297.220369394778,2.7456547424366278,1.14472608340147,4.627555192150399,1.165775018766311,0.9143446852425026,2.7730989370400767,5.860997547015532,3,0.6105301120186409,0.084344688077298,36.986439087097,0,16,4,0,2,48.75,2023,3.215249386753883,0,0.09730171708910153,0.6224448078495689,0,0.09730171708910153,0.32195421095666343,0,0.3963614063777564,-0.09730171708910153,0
2023-12-11 16:45:00,2023-12-12 15:00:00,short,1986.75,1991.8214285714284,stop,-19.951049232126245,9277.269320162652,-1.0729577464788544,0.4653521126760844,3.454647887323962,0.9686232021637072,0.92332268370607,1.2343661971831494,2.425352112676108,9,1.3204449956194666,0.5371486220690613,37.0792698208639,0,17,0,0,0,0.25,2023,2.15521126760566,0,0.2661971830985753,0.10845070422534384,0,0.2661971830985753,0.7985915492957708,0,0.2661971830985753,0.8794366197183227,0
2023-12-12 15:30:00,2023-12-13 21:00:00,short,1985.27,1990.882857142857,stop,-21.328600369406814,9255.940719793243,-1.149508526342581,0.2244846016798558,2.3517434461694786,1.2386425583060214,0.8905394839718476,4.557393738864923,-0.2886230593026023,14,1.193908804505158,0.6039743111520335,36.22643353625087,0,15,1,0,1,0.5,2023,2.1842708068210746,0,0.2209213540341072,0.15856452023413373,1,0.789259353525082,-0.5291422753881448,1,0.789259353525082,0.4275897174853818,0
2023-12-13 23:45:00,2023-12-20 23:45:00,long,2027.48,2030.91,time_stop,-6.6715726092670415,9249.26914718398,-0.3603940869565156,0.0097391304347737,4.14237681159419,2.855168475629695,0.914285714285784,0.2272463768115714,7.367652173913041,1,1.3663489308073893,-0.2241820988703513,35.43451412911031,1,0,2,1,2,2.75,2023,1.6532173913043346,1,0.2702608695652108,-0.14771014492753068,1,0.2702608695652108,0.15663768115942506,1,0.2702608695652108,0.4350144927536139,0
2023-12-22 01:00:00,2023-12-22 13:15:00,long,2048.72,2058.3542857142857,target,53.36433311342433,9302.633480297403,2.884786476868368,1.7313167259784876,2.10498220640576,0.8024469634941085,0.6049382716048777,2.017793594306054,6.190391459074621,37,0.659725044346844,0.1812369102764277,37.21923750496882,1,1,4,1,3,25.25,2023,4.203736654804267,0,0.20551601423482996,0.04982206405703575,0,0.20551601423482996,1.584964412811432,0,0.20551601423482996,0.2241992882563069,0
2023-12-22 14:15:00,2023-12-22 15:00:00,long,2063.68,2058.8842857142854,stop,-20.04070459622004,9282.592775701183,-1.0771522192433696,0.3169496574321224,4.1036639857014485,1.220313105855022,0.8483412322274198,1.7599046767948072,5.705093833779911,40,0.8810358402000396,0.2785624452052992,37.21923750496882,1,14,4,1,0,1.0,2023,0.4879356568364759,0,-0.004170390229367537,0.3106940720882133,1,0.8882931188560438,-0.7444146559427216,1,1.0905570449806063,-0.38784629133146536,0
2023-12-22 15:45:00,2023-12-22 17:45:00,long,2067.12,2059.65,stop,-19.48474628152568,9263.108029419658,-1.04953145917003,0.294511378848699,2.417670682730937,1.882588724509268,0.6987087517934046,1.8661311914323115,3.665327978580944,41,1.4382831112839745,0.3425363889803412,37.21923750496882,1,16,4,1,1,0.75,2023,0.4605087014725565,0,0.030789825970550782,0.050870147255703185,0,0.41097724230249766,0.04551539491300399,0,0.41097724230249766,0.18072289156624985,0
2023-12-26 01:00:00,2023-12-26 04:15:00,long,2054.2,2064.0271428571427,target,53.48606642368753,9316.594095843346,2.8870475359790486,0.0793720017442275,1.2943741822941328,0.819383987975469,0.0827250608271819,2.509376362843205,-2.0087221979938468,44,0.6015962362091164,0.3554170611416385,39.01140673984271,1,1,1,1,2,79.25,2023,3.3183602267772114,0,0.06105538595720493,0.2778020061056295,0,0.06105538595720493,0.22590492804193588,0,0.22590492804179707,-0.015263846489231821,0
2023-12-26 08:30:00,2023-12-26 10:30:00,long,2064.7,2062.6214285714286,stop,-21.95002375295432,9294.644072090392,-1.1780068728521431,0.1924398625427839,3.0597938144328896,0.5401763926519204,0.7759999999998399,1.2027491408934934,1.1546391752575786,46,0.9486487836937806,0.3848645400552408,39.01140673984271,1,8,1,1,0,4.25,2023,0.1491408934709857,1,0.3848797250857866,-0.33676975945009063,1,0.9237113402060191,-0.4810996563573973,1,0.9237113402060191,-0.11546391752567034,1
2023-12-26 21:15:00,2023-12-26 23:15:00,long,2060.37,2068.7057142857143,target,53.2924785048597,9347.936550595252,2.866838046272495,0.3311053984576051,2.051413881747978,0.7332733791760205,0.8479999999999563,0.899742930591247,1.8354755784059475,49,0.5649310444779535,0.3243850508034107,39.01140673984271,1,21,1,1,1,10.75,2023,3.095115681233857,0,0.09717223650384813,0.16915167095124609,0,0.09717223650384813,0.4498714652956235,0,0.09717223650384813,1.2596401028277457,0
2023-12-27 08:15:00,2023-12-27 12:15:00,long,2066.47,2064.2671428571425,stop,-21.836100814036826,9326.100449781216,-1.1679636835279097,0.2814526588845063,1.9338521400774409,0.5982507373463178,0.7738693467335581,1.8067444876784928,1.0077821011669834,52,0.7203808958455201,0.3222909446602751,40.15612793098445,1,8,2,1,0,9.0,2023,1.2619974059663253,1,0.3223086900127692,-0.2769130998701402,1,0.6990920881971061,-0.6673151750971625,1,0.7989623865108899,-0.3132295719842434,0
2023-12-27 14:15:00,2023-12-27 14:45:00,long,2068.98,2065.7257142857143,stop,-20.772885725280467,9305.327564055937,-1.1136962247585371,0.1229148375767064,4.510974539069319,0.8843060424830105,0.9621621621620812,1.1369622475857923,1.2168568920105118,53,0.8373568288519163,0.3215804013404266,40.15612793098445,1,14,2,1,1,2.0,2023,0.37489025460923414,0,0.0030728709394875304,0.12598770851619398,1,1.4227392449517047,-0.42098331870056893,1,1.4227392449517047,-0.4978050921860804,0
2023-12-27 17:00:00,2023-12-28 03:45:00,long,2072.04,2086.9242857142854,target,54.44407028552112,9359.771634341456,2.9254247048660824,0.221710336884614,2.878203282464713,1.3406980148172745,0.7058823529411402,1.7817448891448835,2.410596026490104,54,0.7842308293617258,0.3308210698098834,40.15612793098445,1,17,2,1,2,2.25,2023,3.1503023322776316,0,0.0906996832709118,0.9916498704290511,0,0.0906996832709118,1.3645263460984876,0,0.0906996832709118,1.3786351857184458,0
2023-12-28 04:45:00,2023-12-28 08:30:00,long,2087.94,2084.327142857143,stop,-20.63664951881691,9339.134984822638,-1.102412020561487,0.1494661921708086,4.68327402135234,0.9767857286545354,0.8230769230769029,1.4393040727559818,5.77935943060502,57,1.4101556543663183,0.4299936058331344,41.50701583349962,1,5,3,1,0,1.0,2023,0.10794780545666717,1,0.17714511664686103,-0.08857255832349345,1,0.5591142744167613,-0.520363780150288,1,0.5591142744167613,-0.2158956109134602,1
2024-01-03 15:45:00,2024-01-03 17:00:00,short,2040.93,2047.87,stop,-19.674085515577552,9319.46089930706,-1.0533141210374737,0.1296829971181689,3.538904899135378,1.7597809631763977,0.2861635220125476,0.9164265129682538,4.556195965417793,6,1.0604458371377987,0.1342918215185173,45.28468753548528,0,16,2,0,1,151.25,2024,1.3227665706051985,0,0.19164265129681976,0.5288184438040459,0,0.19164265129681976,0.5634005763688887,0,0.19164265129681976,0.4452449567723559,0
2024-01-05 11:45:00,2024-01-05 15:30:00,short,2038.82,2027.3342857142857,target,54.11546661008078,9373.576365917144,2.903358208955224,1.17014925373135,3.071641791044838,0.8950818508656159,0.8518518518519,1.551492537313331,2.9149253731344142,17,0.6519143662791183,0.2264363816633974,43.661876364579015,0,12,4,0,2,42.75,2024,3.758582089552212,0,0.0888059701492919,0.13059701492537334,0,0.0888059701492919,0.297761194029818,0,0.3735074626865844,-0.30298507462688756,0
2024-01-08 13:00:00,2024-01-08 17:00:00,short,2025.62,2029.9185714285716,stop,-20.36081592809417,9353.215549989049,-1.0860751080093214,0.3908275174477287,2.4287138584247634,0.9376192862688614,0.8809523809523981,1.1724825523429747,3.2289797274842726,23,0.9048307525717888,0.2291246073706454,43.33641657213973,0,13,0,0,0,69.5,2024,2.0727816550348828,0,0.048853439680966095,0.7328015952143327,0,0.048853439680966095,1.2515785975406966,0,0.048853439680966095,1.1678298438019352,0
2024-01-08 19:45:00,2024-01-09 02:15:00,short,2027.62,2033.7657142857145,stop,-19.832643479079824,9333.382906509967,-1.0602045560204716,0.0423059042306261,2.964667596466744,1.290359670511363,0.4183673469388512,0.3189214318921509,-2.8247326824732317,25,0.8282857705859338,0.3075869329494218,43.33641657213973,0,20,0,0,1,2.75,2024,0.24895397489539448,0,0.06020455602047518,0.06671315667129238,0,0.06020455602047518,0.13668061366804884,0,0.10088331008835083,0.1741050674104974,1
2024-01-09 07:15:00,2024-01-09 08:30:00,short,2031.76,2034.5428571428567,stop,-21.148640733745548,9312.234265776224,-1.132956878850139,0.309034907597585,2.292607802874807,0.6010961982773979,0.9315068493151218,1.0492813141682518,0.5605749486652841,27,0.5137168653890898,0.3554785575546004,42.52815793303415,0,7,1,0,2,5.0,2024,0.5174537987679922,0,0.3126283367556926,0.13655030800817253,1,0.60010266940455,-0.35215605749487683,1,0.60010266940455,-0.3305954825462309,0
2024-01-10 07:45:00,2024-01-10 09:30:00,short,2026.6,2029.9342857142856,stop,-20.6911940455508,9291.543071730674,-1.1109682947729236,0.3718937446444632,2.8251928020566144,0.738608568840405,0.5563909774436463,1.5955441302484343,3.077120822622214,34,0.5857461047860789,0.1724261142086347,41.7776320538647,0,8,2,0,3,23.25,2024,0.8307626392459353,0,0.10796915167099078,0.6688089117395173,0,0.10796915167099078,0.1859468723221634,0,0.10796915167099078,0.614824335904022,0
2024-01-10 19:45:00,2024-01-11 03:45:00,short,2024.06,2029.432857142857,stop,-19.86280412037093,9271.680267610303,-1.0688646636532904,0.2233448550917836,1.8909864397766447,1.1668098291551143,0.4338461538461791,1.2097846317468866,2.304174421696398,37,0.6337684472916163,0.1767407749165062,41.7776320538647,0,20,2,0,4,10.25,2024,0.6737569795267072,0,0.0725870779048318,0.03722414251529728,0,0.0725870779048318,0.19170433395373232,0,0.0725870779048318,0.0725870779047895,0
2024-01-12 15:45:00,2024-01-12 18:45:00,long,2056.09,2049.3142857142857,stop,-19.555953910431285,9252.124313699873,-1.054606788952164,0.0531309297913571,3.4830276196499925,1.470734727812916,0.8694516971279349,1.1305081172253617,5.3160446974489295,4,1.0185579941729448,0.0158119342014151,39.20091619600922,1,16,4,1,5,36.0,2024,0.9017499472906947,1,0.4132405650432479,-0.3025511279780994,1,0.4132405650432479,0.24794433902590846,1,0.4132405650432479,-0.02508960573477773,0
2024-01-15 03:30:00,2024-01-16 07:15:00,long,2050.86,2047.9757142857145,stop,-27.752312821167862,9224.372000878704,-1.499780584447739,1.05398712233774,2.4824170381377084,0.6479122959730365,1.0,1.4908370480435946,2.7597820703317595,6,0.5832464190534461,0.1649364214303394,38.66053596546315,1,3,0,1,6,56.75,2024,2.6765725606734336,0,0.09361069836551776,0.05547300643877863,0,0.36750866765722373,-0.02426944031704448,0,0.36750866765722373,1.2204061416542333,0
2024-01-16 19:45:00,2024-01-19 14:00:00,short,2025.28,2033.18,stop,-21.504089536853662,9202.867911341851,-1.165612658227856,0.0151898734177076,4.215189873417731,1.826070625400304,0.8449612403101261,0.6531645569620047,3.1088607594936537,3,0.8094655998417358,-0.0060524588131771,38.15875432281323,0,20,1,0,7,12.5,2024,2.9708860759493607,1,0.21012658227849068,-0.05189873417722538,1,0.28101265822785065,-0.1835443037974735,1,0.4569620253164703,0.029113924050635117,0
2024-01-29 15:45:00,2024-01-29 16:15:00,long,2036.88,2032.8942857142856,stop,-20.114368646366536,9182.753542695484,-1.0928315412186385,0.5569892473118946,5.1835125448028565,1.019659199926903,0.7226890756302995,1.1942652329748569,4.3154121863800174,4,0.645041480303037,0.0438158991205028,21.746133043350778,0,16,0,1,8,241.75,2024,0.09032258064513664,1,0.3939068100358853,-0.3437275985663396,1,1.0939068100358795,-0.9784946236559415,1,3.8387096774194194,-3.045878136200757,1
2024-01-29 19:15:00,2024-01-30 16:15:00,long,2029.98,2047.6842857142856,target,53.945064869071416,9236.698607564556,2.937303316388284,0.7218591140160108,2.487533284918868,1.498914865100846,0.9239436619718352,1.2030985233599407,-0.437182280319521,4,0.645041480303037,0.0438158991205028,21.746133043350778,0,19,0,1,9,3.0,2024,3.1483902202856195,0,0.10675381263618362,-0.07964173323650876,0,0.14911643669815391,-0.11183732752361543,1,0.6998305495037677,-0.6574679254417974,0
2024-01-31 16:00:00,2024-01-31 21:00:00,long,2044.29,2040.2714285714285,stop,-20.17428945783028,9216.524318106724,-1.0920725204408093,0.5673658016351947,3.568432278706001,1.0715926830371756,0.9756756756756366,1.8414504088162111,3.354425879843548,16,0.5709427110801678,0.1634025433656871,20.705512859306623,1,16,2,1,0,23.75,2024,2.899040170636319,0,0.3857092072520282,0.024884464984036493,0,0.3857092072520282,1.3586917881265481,0,0.3857092072520282,2.1948098115890655,0
2024-02-02 06:00:00,2024-02-02 11:45:00,long,2055.37,2052.7871428571425,stop,-21.07362363443341,9195.45069447229,-1.1432522123894528,0.0232300884953775,2.632743362831873,0.636385368650934,0.7924528301884283,0.8207964601769315,-0.1393805309736737,25,0.8141938290604204,0.2634699992863476,21.39389101367239,1,6,4,1,1,33.0,2024,0.5846238938053819,1,0.30586283185838653,-0.26714601769913054,1,0.39103982300874973,-0.3871681415929122,1,0.5110619469025314,-0.22842920353969848,0
2024-02-02 13:30:00,2024-02-02 15:15:00,long,2055.8,2052.595714285714,stop,-20.5145052497288,9174.936189222562,-1.1154703522069225,0.1185911725368112,1.8537672759697807,0.7866449225805547,0.6796116504855698,0.6428889879626537,-0.0062416406596827,27,0.6333583620666674,0.3008850423531273,21.39389101367239,1,13,4,1,2,1.75,2024,0.5555060187248241,0,0.15292019616591804,0.062416406598247,0,0.20909496210434034,0.071778867588055,1,0.2777530093625539,-0.18100757913520013,0
2024-02-05 15:00:00,2024-02-05 19:30:00,short,2021.77,2024.882857142857,stop,-20.53097239956388,9154.405216823,-1.1188618632400302,0.5589720055071961,3.6236805874253855,0.7304767598433195,0.5986842105263768,0.9765947682423132,0.8866452501148123,6,0.7290629520336986,0.1270092873811967,21.727636481223502,0,15,0,0,3,71.75,2024,2.219825608077153,0,0.1734740706746118,1.423129876089987,0,0.1734740706746118,1.4006424965580389,0,0.1734740706746118,1.7797154658100145,0
2024-02-08 15:45:00,2024-02-08 16:15:00,short,2021.02,2025.882857142857,stop,-19.701872097075853,9134.703344725924,-1.0760869565217537,0.2961222091657029,4.672150411280872,1.253844595465658,0.9613899613899952,1.0652173913043297,5.856639247943684,1,0.6067922921017537,0.0196988329022151,20.29923175291073,0,16,3,0,4,68.25,2024,0.18507638072857602,1,0.49970622796711783,-0.39277320799062176,1,1.583431257344333,-1.505287896592253,1,2.648648648648709,-1.4908930669800449,1
2024-02-12 15:45:00,2024-02-13 08:45:00,short,2019.07,2022.9,stop,-20.03433631741425,9114.66900840851,-1.0966057441253096,0.7467362924282333,3.6657963446475175,1.185372957528006,0.8533333333333455,1.958224543080944,0.8459530026110296,9,0.5092672775434388,0.1675843147874944,18.428991095087603,1,16,0,0,5,95.5,2024,1.8851174934725958,0,0.3211488250652796,0.044386422976461025,0,0.3211488250652796,1.1227154046997294,0,0.3211488250652796,1.0731070496083313,0
2024-02-13 15:45:00,2024-02-14 17:00:00,short,2004.31,1984.282857142857,target,52.39649692900861,9167.065505337518,2.8742950995078123,1.9323774876952744,6.27348598330835,2.141766567839713,0.8560924369748011,2.85212925315641,6.686924887652485,15,1.0650411224941774,0.1821141061566167,17.229789627893666,1,16,1,0,6,7.0,2024,3.0154076610314235,0,0.004493901134170937,0.41793280547827183,0,0.2306869248876458,0.45987588273056795,0,0.2306869248876458,1.3047292959554875,0
2024-02-14 21:30:00,2024-02-15 02:45:00,short,1989.83,1994.2585714285717,stop,-19.86591808543748,9147.19958725208,-1.0835483870967522,0.1535483870968399,2.6554838709676885,1.2982627882810842,0.9565217391304778,0.5193548387097184,-1.7477419354838215,22,0.9492234667696972,0.5119990278843245,17.375273232216365,1,21,2,0,0,4.5,2024,0.04516129032253957,1,0.4561290322580604,-0.43129032258066363,1,0.4561290322580604,-0.3296774193548469,1,0.4561290322580604,-0.23935483870971644,1
2024-02-15 05:15:00,2024-02-15 09:15:00,short,1991.99,1993.9314285714288,stop,-21.78096973094022,9125.41861752114,-1.190581309786609,0.0309050772626652,2.379690949227331,0.5949479767099062,1.0,0.9374540103017824,0.9374540103017824,24,0.908756351106172,0.4522837486044762,17.79464277905867,1,5,3,0,1,2.5,2024,0.9220014716703326,1,0.1648270787343317,-0.05665930831488626,1,0.1648270787343317,0.6438557763061113,1,0.1648270787343317,0.3142016188373308,0
2024-02-19 04:30:00,2024-02-19 14:30:00,long,2021.92,2017.1885714285715,stop,-19.678061523652044,9105.740555997489,-1.0782004830917804,0.5072463768116151,2.8955314009662505,1.4409632526090803,0.779411764705918,1.1497584541062955,3.7874396135265975,3,0.5604947434202435,0.0432016294107384,16.404647940318966,0,4,0,1,2,91.25,2024,0.2176932367149708,0,0.1056763285024158,0.06763285024153265,0,0.1056763285024158,0.04649758454106872,0,0.2578502415459003,-0.23460144927538998,1
2024-02-20 12:15:00,2024-02-21 02:00:00,long,2026.48,2023.3557142857144,stop,-20.368213443044983,9085.372342554443,-1.1184270690443443,0.883401920439041,2.8038408779149195,0.9766608425765072,0.9079497907949716,1.5299497027892963,4.519433013260208,11,0.5510003925494227,0.1452663111090713,15.38798969389484,0,12,1,1,3,21.75,2024,1.4019204389574598,0,0.1856424325559924,0.13443072702334496,0,0.2080475537265984,-0.13763145861913545,0,0.4032921810699622,-0.20164609053501747,0
2024-02-21 12:45:00,2024-02-21 13:15:00,long,2029.97,2027.6171428571429,stop,-21.028196338686445,9064.344146215755,-1.1572556162719776,0.1785063752277124,3.2641165755918204,0.7792906775125181,0.8496240601503592,1.1305403764421142,0.042501517911314,17,0.506339647760597,0.2455911570947266,14.90745719414412,1,13,2,1,4,10.75,2024,0.029751062537919856,1,0.9095324833029911,-0.8755312689738431,1,1.1220400728597548,-0.9902853673344878,1,1.1220400728597548,-0.7480267152398042,1
2024-02-21 15:00:00,2024-02-21 15:15:00,long,2030.88,2028.4057142857143,stop,-20.839618008216537,9043.50452820754,-1.1495381062355623,0.5739030023094853,2.2956120092379413,0.8183974035255804,0.8504672897196629,1.7297921478060465,3.6778290993072233,17,0.506339647760597,0.2455911570947266,14.90745719414412,1,15,2,1,5,1.75,2024,0.24249422632790235,1,1.3175519630485573,-0.8810623556582045,1,1.3175519630485573,-0.27482678983835673,1,1.3175519630485573,-0.5860277136258712,1
2024-02-23 20:45:00,2024-02-23 22:30:00,long,2040.44,2035.957142857143,stop,-19.579850148069376,9023.924678059471,-1.082536647546202,0.2899936265137488,2.9757807520714694,1.425362103521934,0.6288209606987237,1.0216698534098174,5.755258126195174,2,0.7366917501876014,0.0737753792416473,14.35467716849803,1,21,4,1,6,53.5,2024,0.0,0,0.15838113448057187,-0.09592096876993308,1,0.49298916507331214,-0.43499043977057256,1,0.8052899936265567,-0.7049075844487245,1
2024-02-29 15:45:00,2024-03-01 10:15:00,long,2047.61,2042.6057142857144,stop,-19.382246439543085,9004.542431619928,-1.0739366257493572,1.4507564944332874,6.362546388809585,1.7247891250806662,0.7870563674321152,1.9143591207537047,5.227519269197772,7,0.7643296798164272,0.1326083437328984,15.023009119120552,1,16,3,1,7,137.25,2024,0.6214673137310641,0,0.20582357978874588,0.41164715957753717,0,0.20582357978874588,0.0739366257493809,0,0.34370539537535055,0.025977733371417608,0
2024-03-01 12:00:00,2024-03-01 17:15:00,long,2048.84,2062.5328571428568,target,52.56736320330915,9057.109794823236,2.918935837245659,0.6046948356808154,3.715805946791971,1.5905380822690265,0.913580246913653,1.4197183098590975,1.064788732394423,12,0.521566791792147,0.2366806788265396,15.756812270046876,1,12,4,1,8,1.75,2024,3.238184663536808,0,0.07010954616592197,0.35054773082941054,0,0.07010954616592197,0.9727699530516815,0,0.07010954616592197,1.4525821596243769,0
2024-03-01 17:30:00,2024-03-01 20:15:00,long,2065.39,2086.63,target,53.39601169998871,9110.505806523224,2.947740112994336,0.4999999999999976,5.096045197740131,2.382728105891001,0.902499999999918,1.1299435028248652,2.5169491525423457,13,0.7246985593401292,0.2338983740584943,15.756812270046876,1,17,4,1,0,0.25,2024,3.1002824858757623,0,0.02259887005647675,0.540960451977394,0,0.02259887005647675,1.1483050847457845,0,0.02259887005647675,1.772598870056533,0
2024-03-01 20:30:00,2024-03-04 03:45:00,long,2088.0,2079.49,stop,-23.601712741579924,9086.904093781644,-1.295301997649836,0.1551116333724671,4.256169212690938,2.728318845834595,0.8888888888888025,0.5499412455934479,8.547591069330085,14,2.156461833582937,0.3428678411626418,15.756812270046876,1,20,4,1,0,0.25,2024,0.0023501762632175795,1,0.39012925969449225,-0.27967097532315915,1,0.39012925969449225,-0.3113983548766232,1,0.39012925969449225,-0.3172737955346404,1
2024-03-04 08:00:00,2024-03-04 09:45:00,long,2082.47,2088.05,target,50.90620465441052,9137.810298436056,2.801075268817169,0.2580645161287979,2.161290322580883,0.6031070202290206,0.6689189189187632,1.5913978494623873,1.225806451612768,17,1.6374140254632543,0.6116495317727288,18.00214055195001,1,8,0,1,1,4.25,2024,3.0806451612903367,1,0.8817204301074596,-0.4731182795697073,1,0.8817204301074596,-0.4623655913976741,1,0.8817204301074596,1.2580645161291122,0
2024-03-04 15:30:00,2024-03-04 16:15:00,long,2084.91,2094.668571428572,target,52.74808017683152,9190.558378612886,2.8862538427756266,0.2643829600350229,2.065876152832672,1.0445383363422274,0.7831050228309934,2.693017127799698,-0.5841018884498594,18,1.691527006918752,0.6947583548759795,18.00214055195001,1,15,0,1,0,5.75,2024,3.8335529205093706,0,0.006148440931043794,2.041282389108497,0,0.006148440931043794,2.2103645147122712,0,0.006148440931043794,4.134826526130796,0
2024-03-04 16:30:00,2024-03-04 18:00:00,long,2098.36,2115.6700000000005,target,53.9646651416648,9244.52304375455,2.935875216637794,0.3396880415944538,5.636048526863052,1.8441589078415557,0.7687500000000005,2.218370883882138,5.074523396880432,19,1.8660043894235452,0.7762194221313523,18.00214055195001,1,16,0,1,0,0.25,2024,3.039861351819692,0,0.02772963604857992,0.4176776429809026,0,0.1351819757366005,0.13864818024258435,0,0.1351819757366005,0.6949740034661501,0
2024-03-04 18:30:00,2024-03-06 16:45:00,long,2117.26,2147.5900000000006,target,52.830922157126224,9297.353965911676,2.857417408506431,0.205736894164274,5.091988130563691,3.1566417099777277,0.7685950413223436,0.9574678536103036,6.818991097922813,19,1.8660043894235452,0.7762194221313523,18.00214055195001,1,18,0,1,0,0.5,2024,3.1562809099900546,0,0.042532146389741406,0.18991097922844646,1,0.33333333333336335,-0.15628090999014463,1,0.33333333333336335,0.007912957467846314,0
2024-03-06 20:15:00,2024-03-06 21:00:00,long,2150.75,2141.5685714285714,stop,-19.344051226415125,9278.00991468526,-1.040298739691917,0.1720865100357774,2.404854519993752,2.1546718221147048,0.9327354260089284,0.9715263731134288,2.529018204449987,32,2.2632637448455712,0.8623818830957308,23.95321926254356,1,20,2,1,0,3.5,2024,0.15139256262640488,0,0.29407188423834757,-0.04247704994552808,1,0.4323945853430591,-0.39536331103159467,1,1.0902442819356006,-1.0379648358487776,1
2024-03-06 23:30:00,2024-03-07 15:00:00,long,2147.7,2164.264285714285,target,54.42459011274086,9332.434504798002,2.932988357050441,0.0869340232858198,2.9340232858990545,1.2690412623102556,0.9315589353611088,0.9526520051746816,1.5793014230270446,32,2.2632637448455712,0.8623818830957308,23.95321926254356,1,23,2,1,1,2.5,2024,3.0608020698577065,0,0.04165588615782984,0.03984476067274978,0,0.04165588615782984,0.17024579560156186,0,0.04165588615782984,0.0,0
2024-03-07 21:30:00,2024-03-08 05:00:00,long,2159.7,2154.9214285714284,stop,-20.11007112424035,9312.324433673764,-1.0774289985052312,0.1967115097159086,1.669955156950758,0.9737123145862256,0.8062015503875914,0.5399103139013257,1.908520179372159,38,1.9817130445793996,0.91698973915737,26.97525395574256,1,21,3,1,0,6.5,2024,0.8035874439462123,0,0.020926756352746118,0.060687593423011325,1,0.35994020926751874,-0.26367713004479143,1,0.35994020926751874,-0.073243647234659,0
2024-03-08 08:30:00,2024-03-08 15:30:00,long,2161.3,2158.051428571429,stop,-20.74592593711024,9291.578507736653,-1.1138962181177925,1.262093227792535,1.7669305189093252,0.6699705255197996,0.7951070336392594,2.013192612137171,3.10290237467013,41,1.5962443121033345,0.8224688114715217,29.96734397305628,1,8,4,1,1,3.5,2024,7.400175901495074,0,0.21547933157440013,-0.04309586631496402,0,0.46789797713279513,-0.3170624450308411,0,0.7572559366754651,-0.07695690413368433,0
2024-03-08 18:30:00,2024-03-12 15:30:00,long,2177.68,2163.2085714285718,stop,-23.18614997417759,9268.392357762476,-1.247697038499518,0.0165844027640522,1.9141164856860904,2.7863574839805927,0.7499999999999225,0.6080947680158143,1.4345508390917754,43,1.9366969645127745,0.7853762637462625,29.96734397305628,1,18,4,1,2,3.0,2024,1.203751233958558,0,0.030404738400793857,0.20315893385982844,0,0.030404738400793857,0.8831194471865986,0,0.030404738400793857,0.6067127344521434,0
2024-03-13 20:00:00,2024-03-14 06:30:00,long,2177.95,2171.49,stop,-19.59848910325625,9248.79386865922,-1.0572755417956654,1.0247678018575626,2.656346749225969,1.1959851714060297,0.93503937007867,1.5727554179567658,4.687306501547922,62,0.6776061278314409,0.0831727147820204,37.09268730840501,1,20,2,1,3,28.5,2024,0.28482972136225004,0,0.5123839009287813,-0.3947368421052187,0,0.5123839009287813,-0.14396284829718747,1,0.5773993808049531,-0.3637770897832656,0
2024-03-21 01:00:00,2024-03-21 17:15:00,long,2193.24,2180.4785714285717,stop,-19.033899751643176,9229.759968907576,-1.0289936191648783,0.7021157505876334,4.145303929251095,3.103914060068211,0.9456681350953968,1.0672786297996009,5.555804321056675,1,1.1937105087502924,0.0449030867946786,39.97753790645727,1,1,3,1,4,162.5,2024,2.3100861972461457,0,0.026642785178526956,1.1581775439382114,0,0.026642785178526956,0.23978506660699206,0,0.026642785178526956,0.8588380163438882,0
2024-03-28 05:15:00,2024-03-28 13:15:00,long,2193.92,2205.744285714285,target,53.64567990627009,9283.405648813849,2.90612540775638,1.1264951069229772,2.217470097861587,0.7142556654725392,0.8411764705882503,1.725262776368372,0.4769844146430353,16,0.5016295449828954,0.2011599227291771,44.42471343181359,1,5,3,1,5,156.0,2024,3.6788691554912827,0,0.15730337078649612,0.038057267125794964,0,0.1699891264951329,0.21565784704601762,0,0.1699891264951329,0.2131206959043595,0
2024-03-28 13:30:00,2024-03-28 16:45:00,long,2210.92,2204.5242857142857,stop,-19.640924347903663,9263.764724465944,-1.0578512396694209,0.7817735090462287,5.509939691757785,1.2762015165048246,0.8940568475452543,2.420370784007056,4.140272503908901,18,0.6653640109485717,0.2754602685403284,44.42471343181359,1,13,3,1,0,0.25,2024,0.9459459459458941,0,0.08912218003129567,0.19075273620724853,0,0.2923832923832725,0.10632119723026151,0,0.584766584766616,-0.31896359169085564,0
2024-03-28 19:15:00,2024-04-01 02:45:00,long,2219.06,2247.0671428571427,target,48.46877968651918,9312.233504152464,2.616041162968622,0.462739097169059,3.151338944146913,1.7906991878829692,0.9525691699604312,1.0840091813313804,1.6645753634276954,19,1.4964936792547208,0.3453418979410649,44.42471343181359,1,19,3,1,1,2.5,2024,3.024942616679448,0,0.0032134659525358484,0.4348890589135372,0,0.04498852333589156,0.12532517214996972,0,0.2538638102524753,-0.13282325937258582,0
2024-04-01 03:00:00,2024-04-01 17:00:00,long,2247.38,2237.4957142857143,stop,-19.32163957011338,9292.911864582353,-1.037433155080227,0.0161873103049426,5.588668882786595,1.9284473743346269,0.534954407294836,1.3314062725827274,5.362046538517123,21,2.0486845321642075,0.4948436229283537,45.91667605456451,1,3,0,1,0,0.25,2024,1.8494002023413516,0,0.05260875849110955,0.2741725682902188,0,0.05260875849110955,0.673796791443835,0,0.05260875849110955,1.2110131521896015,0
2024-04-01 22:45:00,2024-04-02 07:45:00,long,2244.64,2258.4014285714284,target,54.25833436225186,9347.170198944605,2.919339769542212,1.2992837122391991,3.038928682653323,0.8198324037204263,0.9949109414758314,1.7134848956710766,2.1538461538462,26,1.4335525226072123,0.963731943802304,45.91667605456451,1,23,0,1,1,5.75,2024,3.2961694176270164,0,0.35970102771724555,0.21364061040175017,0,0.35970102771724555,0.841482404235477,0,0.35970102771724555,1.4649641856120295,0
2024-04-02 10:45:00,2024-04-02 17:00:00,long,2256.37,2271.262857142857,target,54.68968762156569,9401.859886566168,2.9254676258992665,0.1369784172660642,1.5389928057554818,0.8920873774984174,0.5576208178438549,1.0837410071942808,1.9418705035970305,29,1.867197225027838,0.8198110388613955,47.669328611174585,1,11,1,1,0,3.0,2024,3.579568345323784,0,0.05438848920863014,1.1482014388489907,0,0.05438848920863014,1.0132374100719959,0,0.05438848920863014,0.9487769784172859,0
2024-04-02 17:15:00,2024-04-02 17:30:00,long,2275.12,2265.3371428571427,stop,-19.51490017927193,9382.344986386895,-1.0378212616822635,0.2003504672897259,4.268691588785032,1.7238921623386034,0.7167449139280154,1.3063668224298977,2.9684579439252685,31,1.6603349872948512,0.7402587188876542,47.669328611174585,1,17,1,1,0,0.25,2024,0.15230724299068038,1,1.0365070093457949,-0.9537091121495377,1,1.8276869158878855,-1.4760514018691837,1,2.1752336448598153,-2.0137266355140264,1
2024-04-02 20:30:00,2024-04-03 19:30:00,long,2262.74,2294.1671428571426,target,55.63130506042543,9437.97629144732,2.9646802127369245,0.0649120414563704,2.2146461202781653,1.7829919153850855,0.6289308176100054,0.6071185053866608,0.1565525705713332,32,1.6639237160171172,0.7567908312540617,47.669328611174585,1,20,1,1,1,3.0,2024,3.093822446474853,0,0.007636710759572995,0.29687713077868233,0,0.007636710759572995,0.8381290058639176,0,0.007636710759572995,0.5994817946270444,0
2024-04-03 21:30:00,2024-04-04 14:45:00,long,2297.17,2288.805714285714,stop,-19.710943482804367,9418.265347964518,-1.044235695986352,0.3945345858241025,3.5269000853970853,1.2937219225193912,1.0,0.6695132365499987,3.2112724167378905,38,2.257332590119404,0.8776522713205059,49.458752010976845,1,21,2,1,0,2.0,2024,0.901451750640471,0,0.16379163108452957,-0.09444918872757861,1,0.21639624252774686,-0.20324508966698332,1,0.31562766865924935,-0.22117847993167075,0
2024-04-04 17:15:00,2024-04-04 19:15:00,long,2297.44,2288.747142857143,stop,-19.63828278306869,9398.627065181448,-1.0425636811832302,0.7914543960558887,2.5814297452752246,1.3353541033747307,0.9930795847750932,1.3298274445357916,0.7684470008217272,43,1.3454020273169125,0.837519601737502,51.31017239941164,1,17,3,1,1,2.5,2024,0.21857025472474373,0,0.28414133114218254,-0.07017255546427112,0,0.4451930977814178,-0.26688578471653523,1,0.6304026294166012,-0.47280197206246394,1
2024-04-04 21:00:00,2024-04-04 22:30:00,long,2294.9,2288.1857142857143,stop,-19.833102815418865,9378.79396236603,-1.0551063829787126,0.2591489361701752,2.2936170212766327,1.0285092178315252,0.3996101364522686,1.5280851063829817,0.804255319149002,44,1.2029069318230137,0.7615208269206919,51.31017239941164,1,21,3,1,2,1.75,2024,1.5802127659574352,0,-0.001489361702092412,0.6731914893616864,0,-0.001489361702092412,1.0306382978723314,0,0.5972340425532124,0.565957446808459,0
2024-04-05 08:15:00,2024-04-05 13:00:00,long,2279.87,2295.877142857143,target,54.97203679360568,9433.765999159636,2.9306559571619824,0.0412315930386983,2.770013386880919,0.7836205472231205,0.7876447876447293,0.9708165997322956,3.482195448460419,47,0.6303430733256028,0.4863284862285599,53.06986427679487,1,8,4,1,3,9.75,2024,3.0342704149932502,0,0.13306559571620202,0.14431057563587027,0,0.2792503346719744,-0.020615796519349163,1,0.6240963855421413,-0.14056224899598085,0
2024-04-05 15:15:00,2024-04-05 15:30:00,long,2296.48,2290.2414285714285,stop,-19.98653607149684,9413.779463088138,-1.0593084497366825,0.1346462102129853,2.0196931531943427,0.896786702558205,1.0,1.9748110831233965,2.9301580032058467,48,0.9971738113243248,0.4443767638916629,53.06986427679487,1,15,4,1,0,2.25,2024,-0.012823448591699005,1,2.585527822303681,-1.1733455461415523,1,2.585527822303681,-0.9104648500114312,1,2.585527822303681,-0.1570872452484586,1
2024-04-05 16:45:00,2024-04-08 05:15:00,long,2299.74,2332.045714285714,target,52.08896193468949,9465.868425022829,2.766633855133993,0.1002918546033367,3.500928628283364,1.5351840592444914,0.5947643979057307,1.7736800212258312,1.625099495887511,49,1.0440207200614202,0.4229759308586267,53.06986427679487,1,17,4,1,1,1.25,2024,3.109047492703651,0,0.36587954364549385,0.38073759617939346,0,0.36587954364549385,1.0772088087026124,0,0.36587954364549385,1.645529318121549,0
2024-04-08 05:30:00,2024-04-08 15:00:00,long,2344.65,2331.611428571429,stop,-19.468969220393088,9446.399455802431,-1.0283773419524442,1.7532595595486544,4.65541799057744,1.7999391112960692,0.6511363636363635,4.049523392133286,5.511339980278396,52,1.2860107746398948,0.6104482582861781,54.91133568972459,1,5,0,1,0,0.25,2024,0.41338884628026173,0,0.25386216719622934,0.26613345020268264,0,0.25386216719622934,0.2109126766736079,0,0.28454037471239746,-0.09280157773639028,0
2024-04-08 20:15:00,2024-04-09 11:30:00,long,2332.11,2358.338571428572,target,55.87884854558208,9502.278304348016,2.9576797385621143,0.1258169934640933,1.6607843137254288,1.1397992314425722,1.0,0.7937908496732574,-0.1486928104575365,56,1.6588459303604937,0.8399431167480209,54.91133568972459,1,20,0,1,1,5.25,2024,3.097385620915011,0,0.0,0.6439542483659707,0,0.0,0.6611111111110791,0,0.0,1.0900326797385282,0
2024-04-09 12:00:00,2024-04-09 14:30:00,long,2359.42,2352.268571428572,stop,-19.987812733676176,9482.29049161434,-1.0517379145025794,0.0643228126248559,4.158609668397935,0.9535911663601544,0.9955555555556608,0.6292449061126713,3.828605673192224,60,2.3161359281811684,0.8167940761121262,56.78597722036947,1,12,1,1,0,0.5,2024,0.8166200559329092,0,0.0,0.7481022772672742,0,0.0,0.6907710747103623,0,0.20555333599684153,0.05593288054336127,0
2024-04-09 17:00:00,2024-04-09 17:30:00,long,2361.42,2351.3357142857144,stop,-19.66040567152124,9462.63008594282,-1.0366907493979387,0.097180903810786,3.012608018132924,1.3199954186304224,0.8958031837916332,1.3704490721065168,0.3173254001983138,61,1.8485378454884216,0.8206783609131962,56.78597722036947,1,17,1,1,1,2.5,2024,0.27369315767103775,0,0.10709732256692978,-0.038674033149159064,1,1.6124096897577953,-1.4904377390565597,1,1.7343816404590309,-1.6957076073098267,0
2024-04-09 22:45:00,2024-04-10 04:00:00,long,2351.13,2344.8942857142856,stop,-20.048202298923652,9442.581883643896,-1.0593356242841088,0.3720504009164787,2.363802978235928,0.7958596457908006,0.8724137931034899,0.930126002290978,3.463917525773246,62,1.5562080907573526,0.8132986523269992,56.78597722036947,1,23,1,1,2,5.25,2024,0.7056128293241826,0,0.07537227949603151,0.31752577319587855,0,0.07537227949603151,0.3977090492554431,0,0.07537227949603151,0.256586483390592,0
2024-04-10 07:45:00,2024-04-10 12:15:00,long,2356.2,2351.3671428571424,stop,-20.33099806103005,9422.250885582866,-1.076559266922889,0.1407035175878101,2.8595920780373407,0.6411963438730572,0.8087248322147114,1.2332249482707591,1.895359148684548,65,1.6785277411538435,0.7594256133969912,58.5994239111325,1,8,2,1,3,3.75,2024,0.7945610404966217,0,0.09725096068573934,0.42211055276380677,0,0.09725096068573934,0.39728052024831084,0,0.09725096068573934,0.24623115577890298,0
2024-04-11 01:45:00,2024-04-11 11:15:00,long,2335.98,2330.931428571429,stop,-20.22557872609784,9402.025306856767,-1.0732880588567917,0.0158460667798379,3.38313525749847,0.6344532912040263,0.4068965517241617,0.5744199207697571,-0.6893039049234924,69,0.5020854394012851,0.4719544111900786,59.21488335837023,1,2,3,1,4,13.5,2024,2.1511035653649864,1,0.35257498585175523,-0.16638370118847887,1,0.35257498585175523,-0.08715336728919892,1,0.35257498585175523,-0.08715336728919892,0
2024-04-11 19:30:00,2024-04-11 23:15:00,long,2347.76,2376.114285714286,target,55.67601987183148,9457.701326728598,2.960852478839199,0.2031438935913034,3.064087061668714,1.1609533791497817,0.8947368421052725,1.0855501813785096,1.7626964933495528,73,0.6708609065759864,0.2295320114344523,59.21488335837023,1,19,3,1,5,8.25,2024,3.002720677146303,0,0.02116082224912217,0.21584038694074784,0,0.02116082224912217,0.6591596130592101,0,0.02116082224912217,0.8506650544135469,0
2024-04-11 23:30:00,2024-04-12 11:00:00,long,2377.45,2400.2499999999995,target,55.82532651540016,9513.526653243998,2.951315789473658,0.3447368421052499,5.392105263157855,0.9282456244938152,0.972222222222157,0.6631578947368396,7.813157894736763,74,0.9609366126433014,0.2496960130512704,59.21488335837023,1,23,3,1,0,0.25,2024,3.043421052631604,1,0.7947368421052611,-0.6447368421052175,1,0.8197368421052683,-0.08552631578942611,1,0.8197368421052683,-0.5921052631578968,0
2024-04-12 16:30:00,2024-04-12 18:00:00,long,2402.53,2429.062857142857,target,56.28516463495752,9569.811817878955,2.9581650783395324,0.6083023744144953,2.1437570667097807,1.0824289961939526,0.8340929808569059,2.4806977871103184,1.5806816346309962,79,2.1616860780683043,0.7889218515658047,59.97702764488816,1,16,4,1,0,5.5,2024,3.26538523663384,0,0.3403327410757856,0.1842997900177318,0,0.3403327410757856,1.3104506541754033,0,0.3403327410757856,1.5094492004522848,0
2024-04-16 01:00:00,2024-04-16 09:30:00,long,2387.74,2378.452857142857,stop,-19.902146712463505,9549.909671166492,-1.0398400246116124,0.0516843562528373,4.436240578372555,1.0301568337585878,1.0,1.5289955391478094,6.869712351945801,6,1.3652358637632496,0.2146120727548162,61.73477011019848,1,1,1,1,0,79.0,2024,0.4726965082295401,1,0.2078141824334549,-0.08614059375477788,1,0.38547915705275465,-0.2939547761882328,1,0.44147054299337746,-0.20243039532375987,0
2024-04-16 13:00:00,2024-04-16 16:45:00,long,2374.51,2367.0800000000004,stop,-20.050954356688223,9529.858716809804,-1.0497981157469451,0.3606998654105356,2.7510094212651985,0.8111838667834713,0.8150851581509149,1.1063257065949152,-2.9286675639299085,9,0.57842337912001,0.3729115923609694,61.73477011019848,1,13,1,1,1,3.5,2024,0.6298788694481584,1,0.6002691790040401,-0.6002691790040401,1,0.7913862718708055,-0.6446837146703094,1,0.7913862718708055,-0.3405114401076971,0
2024-04-16 17:45:00,2024-04-17 19:30:00,long,2382.83,2369.2571428571428,stop,-21.0839613336738,9508.77475547613,-1.1062053468055937,0.5363645932006931,2.314914219555825,1.4625065300778115,0.9539666993143728,1.5044732133459582,1.8758025471002944,10,0.8060926724209749,0.4006384347720937,61.73477011019848,1,18,1,1,2,1.0,2024,1.1316703504894234,0,0.04641616671930041,0.1849279023260857,0,0.36322492369222825,-0.22176612988104616,0,0.36322492369222825,0.23502789180086542,0
2024-04-18 16:15:00,2024-04-18 16:30:00,long,2390.84,2382.7085714285718,stop,-19.88289478912132,9488.891860687008,-1.0455024595924256,0.6813070976809394,2.216092761770922,0.8855164313314583,0.9366515837104143,2.174279690794095,2.963808854532671,4,0.671209955309486,0.1080067742706081,62.54521618848298,1,16,3,1,3,20.75,2024,0.23120168657760634,1,1.8877371749824436,-1.7475404075895737,1,1.8877371749824436,-1.3908995080814872,1,1.8877371749824436,-1.6946591707659826,1
2024-04-19 19:45:00,2024-04-19 22:45:00,long,2399.6,2389.5414285714287,stop,-19.675872910954087,9469.215987776057,-1.0367845476494622,0.7158074137196254,2.065899730151946,1.0354782937991305,1.0,0.8768640818065344,3.604885669649226,11,1.0087083412218034,0.2017474341033276,62.69422290623215,1,20,4,1,4,27.25,2024,0.226672347677907,0,0.28035790370683145,-0.15906831415991174,0,0.28035790370683145,-0.13222553614542693,1,0.7237608294276142,-0.5955120011361817,1
2024-04-22 13:30:00,2024-04-22 14:15:00,short,2356.79,2340.217142857143,target,55.54685685717922,9524.762844633236,2.933023015257305,0.3801396431342777,2.0853374709075907,0.6379773461948931,0.9693251533742588,1.1802430824928007,0.9050943884147902,2,0.6636913608824967,-0.0833571601587257,63.11625494773192,0,13,0,0,5,62.75,2024,3.1424877165761744,0,0.3529868114817352,-0.15024566847684198,0,0.3529868114817352,1.3938453581587438,0,0.3529868114817352,2.2862684251357797,0
2024-04-22 15:45:00,2024-04-23 04:45:00,short,2336.83,2304.8971428571426,target,56.48640727132623,9581.24925190456,2.965239565159027,0.0920681787679942,4.445577774795262,1.225785334706568,0.5773542600896916,1.6760166420614666,4.261441417259444,3,1.534828139589722,0.0433665213512179,63.11625494773192,0,16,0,0,0,1.5,2024,3.8809555764326533,1,0.643537780163722,-0.38142531203864394,1,0.643537780163722,-0.03945779090055674,1,0.643537780163722,-0.15783116360222696,0
2024-04-23 09:30:00,2024-04-23 10:15:00,short,2299.67,2308.022857142857,stop,-20.011324758723585,9561.237927145838,-1.0442962202838912,0.3807080554130714,3.215666153583031,0.979329659428062,0.8506151142355183,1.3624080725158485,2.6362237044638004,7,2.410278486906493,0.6379969703460997,61.24290926652607,0,9,1,0,0,4.75,2024,0.009577561142457619,1,0.5734564734051671,-0.2705661022746455,1,0.7877544039678469,-0.5974003762613112,1,1.33726697451687,-1.2211390456644353,1
2024-04-23 12:00:00,2024-04-23 15:00:00,short,2297.27,2306.365714285714,stop,-19.90034945979816,9541.33757768604,-1.0406784985079172,0.3408198523637902,2.724359981152788,1.0615595911542246,0.8415977961432429,1.5963562117167105,3.076174022302546,8,2.349196786544226,0.7499248501268596,61.24290926652607,0,12,1,0,1,1.75,2024,0.6552536516412786,0,0.11543898225225797,0.19459714151091345,1,0.2627611119836515,-0.17700643945344555,1,0.2759541385268024,-0.18140411496781253,0
2024-04-23 22:30:00,2024-04-24 06:45:00,short,2322.41,2327.98,stop,-20.350285533735477,9520.987292152304,-1.0664272890484403,0.0502692998205852,3.134649910233454,0.6375005748173659,0.4913043478260955,0.8258527827648912,-0.807899461400373,10,0.9690650075328898,0.7201436353136415,61.24290926652607,0,22,1,0,2,7.5,2024,1.1938958707360416,0,0.24236983842017723,0.039497307001760094,0,0.24236983842017723,0.010771992818661844,0,0.24236983842017723,-0.0035906642728872813,0
2024-04-24 10:00:00,2024-04-24 17:45:00,short,2323.58,2329.3757142857144,stop,-20.257619498609003,9500.729672653695,-1.0638402760660333,0.2277544983977695,2.398323884643802,0.7076857104440085,0.6984815618221618,1.590830663051482,0.0345082573329716,13,0.8962761255527781,0.5767046633562201,58.293697307056696,0,10,2,0,3,3.25,2024,2.039438008380427,0,0.13113137786544907,0.2743406457973989,0,0.13113137786544907,0.4054720236627695,0,0.13113137786544907,1.0266206556568078,0
2024-04-24 21:15:00,2024-04-25 14:15:00,short,2321.53,2329.76,stop,-19.85571693434277,9480.873955719351,-1.0449574726609796,0.072904009720467,2.1093560145808348,0.9827504773764768,0.9051383399208628,0.6148238153098796,0.1190765492101513,16,0.7695935661367524,0.4206935736995598,58.293697307056696,0,21,2,0,4,3.5,2024,2.001215066828671,0,0.029161603888186807,0.22600243013366877,0,0.029161603888186807,0.13487241798300212,1,0.10692588092340688,-0.05346294046167581,0
2024-04-30 14:30:00,2024-04-30 17:45:00,short,2311.82,2295.311428571429,target,55.61029754816211,9536.484253267516,2.9327622014537544,0.1562824506749164,2.0825545171339885,0.8264125188337955,0.9110169491525146,0.8577362409137026,1.6718587746625004,4,0.923710418371819,0.0943230306482689,49.26369306487545,0,14,1,0,5,120.25,2024,3.3655244029076186,1,0.31256490134991555,-0.15628245067491647,1,0.31256490134991555,-0.08904465212872571,1,0.31256490134991555,0.6760124610592446,0
2024-04-30 20:15:00,2024-05-01 16:30:00,short,2292.42,2302.865714285714,stop,-19.748556422726463,9516.73569684479,-1.035421225382926,0.1435995623632405,1.765317286652065,1.5623959444371984,0.8172484599589542,0.9324398249452874,2.445021881838105,6,1.538460143802734,0.2820895887451491,49.26369306487545,0,20,1,0,0,2.5,2024,1.0406181619256056,1,0.33793763676146826,-0.1493435448577649,1,0.36570021881835796,-0.33793763676146826,1,0.4834518599562169,-0.2536925601750669,0
2024-05-02 11:45:00,2024-05-03 15:30:00,short,2303.98,2310.7285714285717,stop,-21.40024165884773,9495.33545518594,-1.1243477984758383,0.0711261642675048,4.38907705334472,1.0152585181341285,0.7652811735941315,1.2121083827265402,4.187552921253187,1,0.5631114124040706,0.1116511321048618,43.009508156388335,0,12,3,0,1,19.25,2024,2.745766299745994,1,0.15558848433533523,-0.14373412362401705,1,0.2044877222692785,0.3082133784927904,1,0.2044877222692785,0.3171041490262285,0
2024-05-07 03:45:00,2024-05-07 04:15:00,long,2329.2,2325.282857142857,stop,-20.78446513567597,9474.550990050266,-1.094456601021104,0.4493070751274738,3.16557257476313,0.5751628046003849,0.9187279151943376,1.444930707512747,2.1546316557256757,5,0.6726427278303159,0.1836617198441192,35.03138688692701,1,4,1,1,2,84.25,2024,0.1684901531729478,1,0.689277899343508,-0.3191101385849789,1,1.0900802334062833,-0.9394602479941361,1,1.7308533916848605,-1.6542669584245353,1
2024-05-09 17:00:00,2024-05-10 09:45:00,long,2333.17,2366.572857142857,target,56.21761420141952,9530.768604251683,2.966769309725424,0.7005388760585224,3.100333589940936,1.828761819845612,0.8399999999999908,2.110597895817294,4.537336412625132,1,0.5327683736826831,0.0092472131937748,30.59606090667124,1,17,3,1,3,60.75,2024,3.2215807031049404,0,0.10777521170133313,0.15088529638181736,0,0.42661021298434665,-0.34039004362329645,0,0.42661021298434665,0.2730305363099786,0
2024-05-10 10:00:00,2024-05-10 15:45:00,long,2369.35,2363.5114285714285,stop,-20.269498582861672,9510.499105668823,-1.0633716662588697,0.1061903596770063,5.912405187178795,0.9777331658058532,0.49735449735444,0.6474186444826194,6.58037680450211,5,1.3782251603660882,0.3383761209893254,29.42999146237322,1,10,4,1,0,0.25,2024,1.544898458527038,1,0.5343772938585587,-0.23807193540492133,1,0.7861512111572773,-0.4179104477612045,1,0.7861512111572773,-0.308294592610671,0
2024-05-13 03:30:00,2024-05-13 04:00:00,long,2363.6,2360.3371428571427,stop,-21.177932772079924,9489.321172896744,-1.1133975481610958,0.2819614711033368,2.114711033274747,0.561993757333673,0.7857142857142526,1.201401050788058,-0.1777583187390237,9,1.254148508565551,0.6289360601921423,29.25268354883164,1,3,0,1,1,59.75,2024,0.25131348511387397,0,0.15936952714534608,0.11339754816108216,1,1.4802977232923786,-1.271891418563892,1,2.7154115586689156,-2.3782837127844063,0
2024-05-14 20:45:00,2024-05-15 15:30:00,long,2355.86,2374.5242857142857,target,55.807231660213866,9545.128404556956,2.9405281285878297,0.1221584385763848,2.938231917336372,1.1051861908825271,0.6024096385542697,0.5336394948334813,0.642939150401841,4,0.6388373643482015,0.1119260050051806,28.518837135087985,1,21,1,1,2,40.75,2024,3.695292766934546,0,0.019288174512110783,0.4259471871412343,0,0.019288174512110783,0.4066590126291235,0,0.019288174512110783,0.28289322617677204,0
2024-05-15 18:00:00,2024-05-20 03:45:00,long,2380.66,2425.912857142857,target,51.37821435958392,9596.50661891654,2.691331754901031,0.2399848470499035,3.582536225021317,2.697246300301424,0.8600451467268376,1.1747324557249943,2.105502415001381,9,1.1132041862360185,0.3449408958730915,27.83740832232602,1,18,2,1,0,2.5,2024,3.03826119897718,0,0.02452883795813281,0.2307036651198049,0,0.10275594279759562,0.06629415664362175,1,0.2413107301827747,0.055687091580651917,0
2024-05-20 04:00:00,2024-05-20 15:00:00,long,2434.2,2424.5971428571424,stop,-19.93252386392671,9576.574095052614,-1.038530199345453,1.6057720916393947,2.0952097590002783,1.6842369006232565,0.5787401574803042,3.174055340672361,3.719726271942792,24,2.0270685881835577,0.5600730323907843,29.322721930387026,1,4,0,1,0,0.25,2024,1.646385004462993,0,0.8101755429931272,-0.10830110086283425,0,0.8101755429931272,-0.3603094317167534,0,0.8101755429931272,-0.23534662302883497,0
2024-05-20 18:00:00,2024-05-21 06:15:00,long,2424.74,2410.072857142857,stop,-19.63631419587465,9556.93778085674,-1.0252264536865552,0.1554494983928925,2.222655108600341,2.293194579711737,0.9424242424242212,0.4499853900847019,-1.2913217103341197,27,1.1534906773471632,0.7954272834435283,29.322721930387026,1,18,0,1,1,3.0,2024,0.8536086490698683,0,0.10499659101976999,-0.01772669718514027,1,0.3613519041589386,-0.22840167527027808,1,0.3613519041589386,0.037498782507074,0
2024-05-21 10:30:00,2024-05-21 12:30:00,long,2421.69,2413.7885714285712,stop,-20.00892053920152,9536.928860317536,-1.0468269752305432,0.9491954438618624,2.379316579280425,1.1749934166414082,0.972222222222206,1.366841439161105,2.52359428674747,31,0.733664194245306,0.6086165748218075,30.67454890695316,1,10,1,1,2,4.25,2024,0.05315494485627351,0,0.51889350931114,-0.3088049177363995,1,0.5695172663171175,-0.5669860784668216,1,0.9314771289097905,-0.7150605677092813,1
2024-05-21 14:45:00,2024-05-22 05:45:00,long,2423.43,2416.8028571428567,stop,-20.13877023403172,9516.790090083505,-1.0558309980599556,0.1539124811381038,3.2502694546238127,0.968641981968034,0.9246753246753324,1.1618883380038445,1.261478766975583,32,0.93127872737839,0.5108138948744401,30.67454890695316,1,15,1,1,3,2.25,2024,1.5738305669325612,0,0.16145721060568893,0.17956456132787935,0,0.16145721060568893,0.5945246820435479,0,0.16145721060568893,0.4194869583962333,0
2024-05-23 04:00:00,2024-05-23 08:45:00,short,2375.44,2363.5214285714287,target,55.32810578082317,9572.118195864328,2.906868033081609,1.7569219705140973,2.366055375764256,0.5682448976811794,0.93449781659385,3.45846817691496,1.787126932757867,3,0.8540744587182644,0.0710105169849262,31.537131570017547,0,4,3,0,4,22.25,2024,4.3193096008629706,0,0.5940309241280447,1.047105357784935,0,0.5940309241280447,0.8608414239482401,0,0.5940309241280447,0.9162171880618181,0
2024-05-23 15:30:00,2024-05-23 16:00:00,short,2363.1,2368.6514285714284,stop,-20.420190386956648,9551.698005477372,-1.0666495110653391,0.1513124034997683,2.1039629439012293,0.7757241847385355,0.7432885906040712,2.1471950591868305,-0.6809058157487939,5,1.520717115760014,0.3139911101767367,31.537131570017547,0,15,3,0,0,6.75,2024,0.4719505918682238,0,0.2017498713329699,0.08286155429748442,1,1.0411734431292143,-0.5782295419454498,1,1.2141019042717833,-0.4683479155944237,0
2024-05-23 16:45:00,2024-05-23 23:15:00,short,2358.69,2330.562857142857,target,56.556298109531205,9608.254303586904,2.9605363400883946,0.3818375742800465,1.9966478744476848,1.305766488709088,0.2811387900355797,2.39768398598197,1.136980039616012,6,1.3349769171410897,0.4272625738846347,31.537131570017547,0,17,3,0,1,0.75,2024,3.002437909492615,0,0.5514246533597509,0.641017827213187,0,0.5514246533597509,0.9407283254609332,0,0.5514246533597509,1.3545634618315066,0
2024-05-23 23:30:00,2024-05-24 04:45:00,short,2328.26,2334.928571428572,stop,-20.282720202987257,9587.971583383916,-1.0554841473864516,0.6838046272492834,1.7544987146529352,0.899987347542907,0.6564102564102271,1.169665809768669,3.9108826049700114,7,2.126781541538951,0.5365598095010471,31.537131570017547,0,23,3,0,0,0.25,2024,0.23243359040277017,0,0.09147386461006263,-0.061482433590381136,0,0.32690659811480094,-0.20994001713790678,1,0.5713367609254437,-0.3523993144815643,1
2024-05-24 05:15:00,2024-05-24 07:00:00,short,2326.12,2331.697142857143,stop,-20.448117675013947,9567.523465708902,-1.0663422131147535,0.2115778688525089,3.0230532786884337,0.7616003719564708,0.9335038363171392,2.804303278688553,2.1014344262295315,9,2.3172562934419627,0.733535782450323,29.53857566968825,0,5,4,0,1,0.5,2024,0.13985655737700203,1,0.8427254098361054,-0.6419057377048981,1,0.9556864754098128,-0.806864754098352,1,0.95927254098358,-0.7207991803278578,1
2024-05-24 18:15:00,2024-05-27 05:45:00,short,2334.84,2343.4471428571437,stop,-22.043694750766896,9545.479770958136,-1.1520063070539632,0.1440663900414673,2.765145228215768,1.134062500490177,0.808641975308606,1.5057261410788312,1.3663070539418185,12,1.5225868061248202,0.8054166507907246,29.53857566968825,0,18,4,0,2,11.25,2024,0.346224066390041,0,0.12082987551866707,0.053443983402493456,0,0.12082987551866707,0.030207468879693184,1,0.2393360995850541,-0.09643153526970037,0
2024-05-27 10:30:00,2024-05-27 11:15:00,short,2338.66,2342.9785714285717,stop,-20.72660576135332,9524.753165196782,-1.0856764803175978,0.3565994045650037,2.3896791266955493,0.6001722293777461,0.7738095238096376,1.167052596758213,2.866688719814863,16,0.9864598473846572,0.5828927494016423,27.634444447923737,0,10,0,0,3,4.75,2024,0.12504134965265817,0,0.19913992722464666,0.04399603043335829,1,0.6715183592458231,-0.6344690704598815,1,1.5097585180284887,-1.2712537214688318,1
2024-05-29 11:45:00,2024-05-30 08:30:00,short,2345.46,2327.052857142857,target,55.99978275379511,9580.752947950576,2.939697322467996,0.1564610011641509,3.34109429569268,1.0253987122830392,0.8309859154929704,1.1571594877764002,4.169033760186269,3,0.5483248669408222,0.0665136862891935,25.017806942770427,0,12,2,0,4,48.5,2024,3.2970896391152675,0,0.01955762514550034,0.49545983701978663,0,0.01955762514550034,0.41233993015137316,0,0.12060535506399288,-0.05215366705474169,0
2024-05-30 08:45:00,2024-05-30 09:45:00,short,2324.95,2331.13,stop,-20.30871579581717,9560.44423215476,-1.0598705501617918,0.0906148867314568,3.828478964401292,1.0855266253258058,0.498964803312701,1.56310679611649,2.954692556634356,8,0.7393294545770088,0.2849566311824647,23.716989308731563,0,9,3,0,0,0.25,2024,0.1472491909384886,1,0.39482200647250293,-0.22168284789649728,1,0.6181229773463082,-0.5242718446602354,1,1.3155339805825492,-1.2815533980582712,1
2024-05-30 13:00:00,2024-05-30 13:45:00,short,2331.52,2337.9985714285717,stop,-20.212908334707613,9540.231323820051,-1.0571113561190646,0.0401323042999239,1.941786108048524,1.1250920649687748,0.6981818181818447,0.8489525909592164,-1.605292171995553,9,0.6997026610893397,0.2952330964926197,23.716989308731563,0,13,3,0,1,3.25,2024,0.14972436604186729,1,0.2191841234840271,-0.21455347298785504,1,0.5633958103638577,-0.5587651598676856,1,1.4416758544653099,-1.0773980154355174,1
2024-05-31 20:15:00,2024-06-03 17:00:00,short,2325.06,2336.168571428572,stop,-21.327712229724654,9518.903611590327,-1.117777520576132,0.4789094650205514,1.879629629629645,2.0240632996990677,0.8830275229357853,1.5699588477366762,5.217592592592612,1,0.6645700134019012,0.093670806015278,22.075179197715343,0,20,4,0,2,30.5,2024,0.9299125514403255,0,0.12872942386829841,-0.04050925925928395,0,0.21965020576132246,-0.07921810699589484,0,0.21965020576132246,-0.0855195473251277,0
2024-06-05 04:00:00,2024-06-05 04:30:00,short,2327.04,2329.2942857142857,stop,-22.16251702724006,9496.741094563087,-1.1641318124208508,0.4258555133080201,1.8808618504435877,0.3911812751092241,0.5839160839160833,2.53738910012697,-0.0975918884665305,5,0.507297536712815,0.1657729127843787,18.16097705440976,0,4,2,0,3,35.0,2024,0.4968314321926229,1,0.2750316856780375,-0.2750316856780375,1,1.069074778200237,-1.0114068441065982,1,2.1558935361218268,-2.022813688212995,0
2024-06-06 04:00:00,2024-06-06 05:45:00,long,2363.66,2373.555714285714,target,54.8499520299235,9551.59104659301,2.8878302295365965,3.728886964053459,1.806842789086184,0.5748678911759417,0.9690476190475934,5.093113902122154,6.354265915980915,4,0.570123893578428,0.0986845296598204,17.156446105242896,1,4,3,1,4,23.5,2024,3.3256821134690906,0,0.8488523170202671,1.0853183196188538,0,0.8488523170202671,1.0368124729320207,0,0.8488523170202671,1.6158510177565724,0
2024-06-06 23:45:00,2024-06-07 04:15:00,long,2375.94,2372.0685714285714,stop,-20.928910566297905,9530.662136026713,-1.0955719557195192,0.2841328413284938,2.624354243542274,0.6645492503641567,0.9572368421052267,1.5704797047969552,1.591143911439002,9,1.1100616408733004,0.352028383605707,17.156446105242896,1,0,3,1,0,18.0,2024,1.0435424354242957,0,0.07490774907747785,-0.06457564575645452,0,0.09298892988932742,0.051660516605116634,0,0.09298892988932742,0.2970479704797143,0
2024-06-07 06:45:00,2024-06-07 09:15:00,long,2380.08,2373.674285714286,stop,-20.162324046018465,9510.499811980697,-1.057760927743056,0.012488849241737,3.331400535236408,1.11324151835567,0.2931726907630316,0.7774308652989117,0.9991079393398152,10,1.1325743545088345,0.3916576058032195,17.020790638544796,1,7,4,1,1,2.5,2024,1.1817573595004678,0,0.1311329170383809,0.27007136485281197,0,0.1311329170383809,0.636931311329157,0,0.1311329170383809,1.0240856378233603,0
2024-06-07 16:45:00,2024-06-12 15:30:00,short,2309.42,2323.9557142857143,stop,-21.960937668640728,9488.538874312057,-1.1545627518427477,0.5751351351351126,3.5388697788698136,2.3438253590962166,0.6450839328537059,1.7212776412776087,4.111253071253086,2,1.3731151803801034,-0.2161585913052821,17.020790638544796,0,17,4,0,2,7.5,2024,1.5602948402948602,0,0.385257985257979,-0.224275184275168,1,0.7636363636363573,-0.6109090909090984,1,0.8014742014742077,-0.2703685503685391,0
2024-06-14 02:15:00,2024-06-14 03:30:00,short,2302.18,2304.061428571428,stop,-22.709092279294644,9465.82978203276,-1.1966590736522178,0.6271829916478786,2.104783599088991,0.2914141255824315,0.9272727272727874,1.1693242217159987,-0.1913439635533688,2,0.7044609397923812,0.176146938972177,15.36453440446574,1,2,4,0,3,34.75,2024,0.3720577069095701,0,0.1807137433562012,-0.11161731207291936,0,0.26575550493547623,-0.04252088078987923,1,0.8238420653000731,-0.6643887623386906,0
2024-06-20 07:45:00,2024-06-20 11:00:00,long,2340.46,2336.0271428571427,stop,-20.51183997885624,9445.317942053904,-1.0834676119884428,0.1669352239767487,3.4830808894619545,0.8549244657152534,0.759162303664884,0.8617466967450268,4.877215597808587,10,0.651411731184388,0.1371339447262087,12.646564955676306,1,8,3,1,4,148.25,2024,1.1640348050273694,0,0.16242346116667172,0.26844988720594426,0,0.16242346116667172,0.3338704479536001,0,0.16242346116667172,-0.03609410248143701,0
2024-06-20 16:30:00,2024-06-21 14:30:00,long,2345.14,2368.1757142857145,target,55.7616425929776,9501.07958464688,2.951813953488373,0.4167441860464809,2.138418604651136,1.499725340998624,0.9871465295629932,2.026418604651062,2.65674418604642,12,0.5189997982288667,0.1508657237685451,12.646564955676306,1,16,3,1,5,5.5,2024,3.063069767441806,0,0.24744186046512393,0.5378604651162842,0,0.24744186046512393,0.6615813953488165,0,0.24744186046512393,1.9756279069767202,0
2024-06-21 20:00:00,2024-06-24 11:00:00,short,2321.13,2332.577142857143,stop,-21.17399237150114,9479.90559227538,-1.1142940222139028,0.3773867465368538,2.671408960439291,2.212890230578436,0.7666666666666518,0.8910520404342822,7.409709222513422,1,0.5431384752683248,-0.3772165314809728,12.593949408632374,0,20,4,0,0,5.5,2024,0.3904904530138764,0,0.1878197928366492,0.31186821415201865,0,0.1878197928366492,0.18345189067764167,0,0.1878197928366492,0.1755896667914837,0
2024-06-26 08:30:00,2024-06-26 16:15:00,short,2314.08,2300.357142857143,target,55.34583233666277,9535.251424612045,2.919113054341008,0.4372267332916992,2.597126795752717,0.9393633432181824,0.886462882096072,2.0024984384759503,0.2011242973141975,8,0.5258189041287546,0.177479525688462,11.252014360870591,0,8,2,0,1,45.5,2024,3.803872579637803,0,0.09181761399127274,0.45252966895684504,0,0.09181761399127274,0.6274203622735645,1,0.5815115552779281,-0.2514053716427469,0
2024-06-26 16:30:00,2024-06-27 11:15:00,short,2295.13,2304.487142857143,stop,-19.82458838173578,9515.426836230306,-1.0395419847328449,0.3312977099236035,4.5099236641221845,1.841597972836444,0.923371647509558,1.1157251908396442,4.779236641221271,10,0.7288872335562195,0.2301436073310458,11.252014360870591,0,16,2,0,0,0.25,2024,0.16351145038169965,0,0.3729770992366153,-0.1250381679389382,1,0.650839694656451,-0.3825954198473178,1,0.650839694656451,-0.15282442748089747,1
2024-07-03 15:30:00,2024-07-05 15:30:00,long,2352.66,2372.1342857142854,target,49.725166403126295,9565.152002633433,2.6128710387323903,0.9150528169013548,2.2429577464789547,1.3258104870033776,0.5554140127388182,2.4185739436619653,2.33538732394366,4,0.7233307652196579,0.0953109131393681,8.853751493965172,1,15,2,1,1,148.25,2024,3.630941901408508,0,0.6408450704225185,-0.32812499999994965,0,0.7902728873238973,0.010783450704250666,0,0.7902728873238973,0.7332746478873641,0
2024-07-05 16:00:00,2024-07-08 18:30:00,long,2376.81,2367.431428571429,stop,-26.441987787627465,9538.710014845805,-1.3822042650418718,0.1236862147753071,5.118050266565076,2.0142155860094118,0.654008438818545,2.0216298552932086,2.3585681645087275,17,1.071610017845151,0.3472466232437687,10.369305201995136,1,16,4,1,0,0.5,2024,1.7156130997715169,1,0.5555217060167548,-0.2505712109672388,1,0.5555217060167548,0.7559786747905652,1,0.5555217060167548,0.046915460776852345,0
2024-07-10 16:45:00,2024-07-10 17:30:00,long,2383.23,2377.7514285714287,stop,-20.365829883065377,9518.34418496274,-1.067535853976508,0.5110821382008167,3.117601043024766,1.1179101250786363,0.4168067226890914,2.1720990873532635,4.1215123859191625,5,0.6543116952390132,0.1226294121647431,14.881149644440413,1,17,2,1,1,46.25,2024,0.3522816166883673,0,0.24823989569754665,0.06388526727508134,1,0.9874837027379159,-0.7465449804433139,1,1.6938722294654904,-1.5168187744458868,0
2024-07-11 11:00:00,2024-07-11 15:15:00,long,2383.28,2378.9471428571437,stop,-20.662307324033,9497.681877638706,-1.085393999340542,0.0092317837124875,2.201780415430474,0.933292390459104,0.8171806167401027,2.095614902736553,1.426310583580684,9,0.6900774593787554,0.2198180929696258,16.56619089153145,1,11,3,1,2,17.5,2024,0.30926475436854134,1,0.7570062644247101,-0.6000659413123176,1,0.7570062644247101,-0.26079788987803443,1,0.7570062644247101,0.2631058358061038,0
2024-07-11 17:45:00,2024-07-12 10:15:00,long,2417.77,2401.927142857143,stop,-19.438988571563875,9478.242889067142,-1.0233543733092878,0.6059513074842425,4.395671776375073,3.271589497627349,0.9759615384615596,1.050315599639277,4.481514878268707,11,1.5428354230733288,0.291814166567983,16.56619089153145,1,18,3,1,3,2.5,2024,0.4285843101893571,0,0.33327321911633334,0.05428313796213603,0,0.33327321911633334,0.176104598737599,0,0.33327321911633334,-0.02777276825969684,0
2024-07-12 17:00:00,2024-07-15 18:15:00,long,2409.19,2437.368571428571,target,49.635227010994974,9527.878116078136,2.618377034220534,0.7452471482889838,3.032091254752944,1.75308303203373,0.7635605006954373,1.530950570342238,1.5394676806083902,17,0.6615281209749515,0.5454219951062544,19.051598748557,1,17,4,1,4,6.75,2024,3.008669201520929,0,0.26615969581749416,-0.10326996197721486,0,0.26615969581749416,-0.08091254752854148,0,0.26615969581749416,0.2810646387832603,0
2024-07-16 02:45:00,2024-07-16 03:00:00,long,2422.55,2420.578571428572,stop,-22.632162655437845,9505.245953422698,-1.1876811594202934,0.0507246376813449,1.8565217391303976,0.3832217820854148,0.8873239436620801,1.4405797101450295,0.1014492753626899,25,1.0734530246560727,0.4326455235264426,23.923055183479253,1,3,1,1,0,8.5,2024,0.030434782608668574,1,1.0398550724638809,-0.13188405797112782,1,1.0398550724638809,-0.7050724637682959,1,1.2731884057972374,-0.6695652173914006,1
2024-07-16 04:00:00,2024-07-16 09:30:00,long,2424.74,2432.8614285714284,target,54.43320796123606,9559.679161383934,2.863324538258553,1.4406332453824306,2.0316622691292583,0.5320023137655667,0.8681592039800491,2.969920844327121,1.9208443271766864,26,0.9629182593342752,0.4389142951644276,23.923055183479253,1,4,1,1,1,1.0,2024,3.2986807387863397,0,0.3065963060685703,0.02585751978897831,0,0.4321899736146284,0.1514511873352044,0,0.4321899736146284,0.6094986807388112,0
2024-07-16 09:45:00,2024-07-16 17:30:00,long,2433.88,2448.3314285714287,target,55.88953588004781,9615.56869726398,2.923190984578859,0.0871886120996585,3.537366548042671,0.9334654420084888,1.0,0.900948991696346,1.5154211150652697,27,1.207424329576105,0.4582380144767972,23.923055183479253,1,10,1,1,0,0.25,2024,3.242586002372432,0,0.26364175563463244,0.08718861209965859,0,0.26364175563463244,0.28855278766307935,0,0.26364175563463244,0.6539145907473449,0
2024-07-16 17:45:00,2024-07-18 22:15:00,long,2452.07,2441.1985714285715,stop,-23.67657274625417,9591.892124517728,-1.2311582128777838,0.4727989487516675,3.684888304862021,2.04115730400494,0.7530864197530975,1.4901445466491967,2.2076215505913037,29,1.1646007583798526,0.5104198541447502,23.923055183479253,1,18,1,1,0,0.25,2024,2.9103810775295234,0,0.011957950065712932,0.3918528252299346,0,0.011957950065712932,0.7349540078843346,0,0.011957950065712932,1.0247043363994515,0
2024-07-19 09:00:00,2024-07-19 16:15:00,short,2416.61,2395.4728571428573,target,56.54393179809966,9648.436056315828,2.947485806974848,1.2802108678020372,2.392944038929515,1.1417900081799026,0.7807203389830348,2.679643146796438,2.82157339821574,2,0.5157577730513925,-0.1782845180049896,31.545931340814125,0,9,4,0,1,10.75,2024,3.234590429845888,0,0.2937956204379139,-0.16180048661798624,0,0.579075425790742,-0.18592862935927792,0,0.8231954582319131,-0.2285077047850298,0
2024-07-22 08:45:00,2024-07-22 13:45:00,short,2403.0,2407.8385714285714,stop,-20.772481760452656,9627.663574555376,-1.0764688514909664,0.0950693829347558,2.6123413049896724,0.7486506412131043,0.994764397905764,1.5789784470032782,1.4260407440211489,8,0.9070227987468796,0.4331304161505844,31.02862918588589,0,9,0,0,0,64.5,2024,0.8184233835252318,0,0.4360791260702847,0.3699439031591216,0,0.4360791260702847,0.14880425154999943,1,0.47121346324183716,0.10126956008262153,0
2024-07-22 14:45:00,2024-07-23 04:15:00,short,2398.03,2403.6014285714286,stop,-20.534078362345884,9607.12949619303,-1.0664102564102207,0.7933333333331739,2.925641025641025,0.8500818067508044,0.9971509971509352,1.2600000000000635,1.6297435897435577,9,1.038018504892182,0.4573444254077241,31.02862918588589,0,15,0,0,1,1.0,2024,2.548717948717968,0,0.09692307692306927,0.5779487179487569,0,0.278205128205076,0.20282051282053007,0,0.278205128205076,0.6623076923076944,0
2024-07-23 06:00:00,2024-07-23 11:30:00,short,2397.17,2402.0,stop,-20.68615874956652,9586.443337443465,-1.0766045548654108,0.0621118012422737,2.753623188405651,0.7484114104516938,0.7388888888888672,1.4906832298136294,-0.8322981366460545,13,0.7866570064664167,0.4185034244523877,30.14268913866716,0,6,1,0,2,1.75,2024,1.8364389233954255,1,0.33126293995857387,-0.25879917184265055,1,0.7494824016562933,-0.3519668737059671,1,0.7494824016562933,-0.17391304347829128,0
2024-07-23 15:15:00,2024-07-24 04:00:00,short,2405.14,2411.062857142857,stop,-20.370614038320987,9566.072723405145,-1.0624698504582966,0.1316931982635011,2.188133140376342,0.8958154496294837,0.8320000000000922,1.266280752532602,-2.178002894356014,15,0.5190743840912525,0.3810111723493881,30.14268913866716,0,15,1,0,3,3.75,2024,0.9404245055474966,1,0.6398938736131354,-0.5115774240232049,1,0.7057404727448859,-0.05402797877475199,1,0.7057404727448859,0.1013024602025928,0
2024-07-25 01:00:00,2024-07-25 04:30:00,short,2395.52,2376.5085714285715,target,56.27938817299951,9622.352111578144,2.9416140667267614,0.3566275924256421,4.039675383228036,1.0234580932440516,0.8832807570978289,1.000450856627613,6.917944093778182,1,0.6787286247140206,0.0317269078479842,29.1135033599323,0,1,3,0,4,21.0,2024,3.946573489630249,1,0.3045536519386568,-0.21776375112715818,1,0.3045536519386568,0.08994589720471449,1,0.48286744815147786,-0.4197475202885241,0
2024-07-25 10:00:00,2024-07-25 10:15:00,short,2367.0,2374.365714285714,stop,-20.21141841900532,9602.14069315914,-1.0502327385570218,0.5674941815361246,2.6283941039565604,1.1621823038246648,0.8171701112877429,1.7079131109387342,1.281613653995315,3,1.387891826768051,0.1631784586568652,29.1135033599323,0,10,3,0,0,5.5,2024,0.0692397207137625,1,1.0413110938712473,-0.909619860356858,1,1.4282389449185657,-1.1512800620636392,1,1.4282389449185657,-1.1363460046547775,1
2024-07-25 14:30:00,2024-07-26 05:45:00,short,2369.24,2377.0614285714287,stop,-20.112757893908796,9582.02793526523,-1.0473059360730748,0.3196347031963391,3.0838356164383813,1.211818830318192,0.8910034602076674,1.4779908675798066,1.595616438356185,4,1.4173756550646466,0.2519324795963507,29.1135033599323,0,14,3,0,1,4.25,2024,2.0610045662099803,0,0.2505936073059345,0.08821917808213842,0,0.2505936073059345,0.723652968036493,1,0.9793607305936224,-0.1419178082191908,0
2024-07-26 07:45:00,2024-07-26 15:30:00,short,2369.87,2376.9614285714283,stop,-20.16395322558032,9561.863982039651,-1.0521756647864635,0.0592264302981581,2.6369863013698924,1.0516763475220938,0.9675925925927252,0.6091861402094801,-2.016518936341728,9,1.116883955581417,0.592801092293338,27.26446427572171,0,8,4,0,2,2.0,2024,0.6571313456889537,0,0.025382755842104424,0.1494762288476989,1,0.3299758259468445,-0.3229250604351346,1,0.7699435938759277,-0.6218775181305964,0
2024-07-31 04:30:00,2024-07-31 05:00:00,long,2411.09,2407.118571428572,stop,-20.90539902260326,9540.958583017047,-1.0931654676259004,0.4330935251799245,3.1978417266186905,0.5993739452900554,0.7944954128440499,2.744604316546698,0.3827338129497539,3,0.6449595372944251,0.0940296243967075,23.527668030510807,1,4,2,1,3,109.0,2024,0.05539568345318757,1,0.6672661870503892,-0.5010791366907119,1,1.7071942446043837,-1.4553956834533022,1,1.7525179856115372,-1.4050359712230172,1
2024-07-31 06:00:00,2024-07-31 21:45:00,long,2415.12,2434.894285714285,target,56.1746165726568,9597.133199589704,2.9438664932812872,0.8829648894668071,2.52752492414392,0.9927580017894232,0.913294797687862,2.624620719549259,1.7355873428694888,3,0.6449595372944251,0.0940296243967075,23.527668030510807,1,6,2,1,4,1.0,2024,3.061551798873078,0,0.20177719982660616,0.43541395752057843,0,0.20177719982660616,0.4399653229302318,0,0.20177719982660616,-0.0622019939314915,0
2024-07-31 22:15:00,2024-08-01 11:30:00,long,2442.21,2433.832857142857,stop,-20.04203498672872,9577.091164602974,-1.0441678035470816,1.5088676671214378,3.43553888130961,1.2255769166294217,0.852365415986951,2.927012278308226,5.16643929058653,7,1.1000782696837306,0.383252154282343,23.527668030510807,1,22,2,1,0,0.5,2024,1.9302523874488233,0,0.04894270122781281,0.630286493860807,0,0.04894270122781281,0.9203615279672499,0,0.04894270122781281,0.6481923601636825,0
2024-08-01 14:15:00,2024-08-01 16:30:00,long,2438.79,2456.515714285714,target,56.26309504775721,9633.354259650732,2.93737911025146,0.670212765957473,2.217117988394558,0.8956694511967076,0.9712793733681124,1.2964216634429542,-1.5062862669245485,11,0.970605513144702,0.5559032451254886,23.782712632532952,1,14,3,1,1,2.75,2024,3.1445841392650724,0,0.4315764023211269,-0.03215667311413012,0,0.4315764023211269,0.3435686653772202,0,0.4315764023211269,0.9003868471954125,0
2024-08-01 23:45:00,2024-08-02 04:00:00,long,2446.16,2440.405714285714,stop,-20.505555963814867,9612.848703686916,-1.064299900695146,0.7090367428003891,3.187189672293988,0.8768331983386984,0.6995515695066963,1.55014895729893,0.5734856007943161,14,1.1947206112807849,0.5662312024691918,23.782712632532952,1,0,3,1,0,7.25,2024,1.068768619662386,0,0.3510427010923526,-0.3041211519364468,0,0.4257696127109939,0.012164846077486321,0,0.4257696127109939,-0.16857000993045287,0
2024-08-02 05:45:00,2024-08-02 17:30:00,long,2455.57,2445.8700000000003,stop,-19.95904875177856,9592.88965493514,-1.0381443298968938,0.1443298969072735,4.096907216494845,1.5034527933721045,0.981060606060624,1.0886597938144802,2.1402061855670445,15,1.2267147082605243,0.5330670158555595,24.27815679314287,1,6,4,1,1,1.75,2024,2.2793814432989477,0,0.14226804123712541,0.3226804123711001,1,0.14226804123712541,-0.07938144329896762,1,0.39587628865981095,-0.1082474226804317,0
2024-08-06 02:45:00,2024-08-06 03:15:00,short,2404.83,2410.2542857142857,stop,-20.494474817180585,9572.39518011796,-1.0682117461153655,0.2322886489334071,2.6252304450881696,0.633379843371803,0.8519855595668386,1.0213326310244797,0.0626810639979194,4,0.5566449845234966,0.2075475222476308,22.35257999948652,0,3,1,0,2,81.25,2024,0.038714774822234524,1,0.9309981564393215,-0.868317092441402,1,1.4895970503028473,-1.2646826441927987,1,2.49249407426914,-2.048195944166457,1
2024-08-06 08:30:00,2024-08-06 11:00:00,short,2405.76,2412.214285714286,stop,-20.24228940921743,9552.15289070874,-1.0573262505533116,0.2324037184594938,1.8871181938909944,0.7447756596170881,0.9790940766549928,1.778663125276733,2.277556440903012,6,0.5770256460353038,0.3156075382859002,22.35257999948652,0,8,1,0,3,5.25,2024,1.6918990703851267,0,0.0185922974767426,1.0861000442674018,0,0.0185922974767426,1.3727312970340968,0,0.3966356795041944,0.4462151394422451,0
2024-08-06 16:00:00,2024-08-06 17:00:00,short,2391.34,2400.44,stop,-19.88107425824393,9532.271816450497,-1.0406593406593188,0.1098901098901086,5.252747252747112,1.01964388497127,0.7653157398680295,2.331868131868133,4.58681318681311,8,1.1034626857376668,0.2618341872537288,22.35257999948652,0,16,1,0,4,5.0,2024,0.18681318681321465,1,0.7560439560439094,-0.4890109890109634,1,0.7560439560439094,-0.6571428571428516,1,1.296703296703252,-0.625274725274724,1
2024-08-06 18:00:00,2024-08-07 14:45:00,short,2385.83,2400.4585714285718,stop,-19.54674253924071,9512.725073911255,-1.0252929687499863,0.0656250000000018,2.320117187500012,1.6148140263314206,0.6284348864994027,1.144335937500036,3.508203124999946,8,1.1034626857376668,0.2618341872537288,22.35257999948652,0,18,1,0,5,1.0,2024,0.46416015624999296,0,0.08613281250001407,-0.03076171875001835,0,0.15859375000000964,0.09091796874999414,1,0.22421875000001149,-0.10937499999999271,0
2024-08-08 23:45:00,2024-08-09 04:00:00,long,2427.12,2422.2885714285712,stop,-20.482455348380704,9492.242618562876,-1.0765819041987263,0.3187463039621477,1.9662921348314772,0.5237221255628403,0.8064516129031988,0.8982850384388315,3.738024837374261,3,0.8026040577569471,-0.0279931950460277,19.562593363271787,1,0,3,1,6,33.0,2024,0.12004730928443304,1,0.4739798935541065,-0.16351271437018902,1,0.529863985807208,-0.2835600236546221,1,0.529863985807208,-0.2670017740981615,1
2024-08-09 04:45:00,2024-08-09 05:45:00,long,2427.27,2422.5185714285712,stop,-20.46283210315536,9471.77978645972,-1.0778713168971563,0.2146722790137206,2.8202044497895176,0.5265470088853088,0.9118457300275058,1.5279615153337074,0.0631389055923383,4,0.6294640973141993,0.0766485807603079,18.622275745601694,1,5,4,1,7,0.75,2024,0.35989176187611804,1,0.6250751653637285,-0.41461214672272834,1,0.6250751653637285,-0.41461214672272834,1,1.0312687913409202,-1.0039085989175671,0
2024-08-09 10:15:00,2024-08-12 10:30:00,long,2424.53,2439.512857142857,target,43.23438858227563,9515.014175041995,2.2822737414187397,0.0160183066363231,3.0394736842103995,0.555673844937302,0.8944723618091417,1.5938215102974886,1.0371853546911327,5,0.5880864953895506,0.1509097481695809,18.622275745601694,1,10,4,1,8,4.5,2024,3.1876430205948862,1,0.2743135011442337,-0.2723112128146705,1,0.2843249427917763,-0.27030892448519844,1,0.40846681922205136,-0.20223112128150805,0
2024-08-12 10:45:00,2024-08-12 16:45:00,long,2441.64,2456.82,target,55.69856123809195,9570.712736280087,2.926877470355745,0.470355731225311,4.474308300395076,0.6508083427308968,0.6813471502590356,1.525691699604591,5.150197628458321,11,0.6929107104579916,0.2844194547326539,18.030680736164072,1,11,0,1,0,0.25,2024,3.144268774703572,0,0.26482213438728675,-0.053359683794462015,0,0.26482213438728675,-0.14031620553360194,0,0.3873517786561279,0.07707509881429281,0
2024-08-12 18:00:00,2024-08-14 16:15:00,long,2459.01,2450.801428571429,stop,-22.50285766244225,9548.209878617645,-1.1756103376261495,0.3557257222415651,3.757048381482756,1.1261845419118053,0.9774193548387312,1.510616080751881,4.081099895579499,13,1.0055740730603806,0.3319788546855884,18.030680736164072,1,18,0,1,0,1.25,2024,2.5534284719804354,1,0.32770623042116637,-0.20588235294118135,1,0.5384615384615427,-0.3569439610163916,1,0.5384615384615427,0.6724678036895151,0
2024-08-16 13:00:00,2024-08-16 15:45:00,long,2465.09,2481.997142857143,target,56.035527277504194,9604.24540589515,2.9343472750316635,0.2164765525982693,4.737642585551266,0.9762037448982152,0.9695652173914272,0.8162230671735351,3.0980988593155745,5,0.5123185345867133,0.1046047774094338,17.99068079592739,1,13,4,1,1,44.75,2024,4.854752851710935,0,0.03371356147022492,0.19340937896065358,0,0.04081115335868482,0.08162230671736964,0,0.25196451204056886,0.6458808618504166,0
2024-08-16 16:30:00,2024-08-16 17:15:00,long,2494.04,2482.862857142857,stop,-19.844354707528247,9584.401051187622,-1.0331032719836402,0.2612474437627884,5.004856850715725,1.9172632928866344,0.7726377952755926,1.817995910020429,5.715235173824157,6,1.572570637317957,0.2310799300215382,17.99068079592739,1,16,4,1,0,0.75,2024,0.5529141104294347,0,0.07783742331287388,0.04562883435584788,1,0.913471370143155,-0.37487218813906525,1,1.4860685071574797,-0.838317995910013,0
2024-08-16 20:15:00,2024-08-19 14:00:00,long,2499.3,2488.4714285714285,stop,-23.6173651817312,9560.78368600589,-1.232073087071243,0.2678100263852708,2.927440633245324,1.7779923600669385,0.9348198970841064,1.0767810026384936,2.0889182058047933,7,1.6275346763721463,0.3219609288048763,17.99068079592739,1,20,4,1,1,3.0,2024,0.9992084432717266,1,0.32598944591030404,-0.2825857519789247,1,0.32598944591030404,0.040633245382548214,1,0.32598944591030404,-0.002770448548831103,0
2024-08-19 17:00:00,2024-08-20 12:15:00,long,2497.53,2524.8128571428574,target,56.5867432801338,9617.370429286024,2.959315111530018,0.362865221489182,2.251963556393397,1.4508375238409046,0.5939278937381631,1.158969525604774,0.2309142318567794,12,0.9268661237272084,0.6374381314160571,18.507443755147037,1,17,0,1,2,3.0,2024,3.048067860508939,0,0.39695256047755184,0.17813383600375846,0,0.39695256047755184,0.567389255419401,0,0.39695256047755184,0.685045554508329,0
2024-08-20 14:45:00,2024-08-20 16:30:00,long,2526.31,2520.22,stop,-20.403354014183567,9596.96707527184,-1.0607553366174267,0.0394088669950379,1.753694581280831,0.968087149795574,0.7333333333332908,0.935960591133122,3.727422003284033,17,1.6122512518730578,0.5159495706624107,18.99608852950337,1,15,1,1,0,2.5,2024,0.8768472906404157,1,0.5188834154351143,-0.05582922824304509,1,0.5188834154351143,0.05090311986862802,1,0.761904761904739,0.06568144499180459,0
2024-08-20 21:15:00,2024-08-21 16:30:00,long,2514.25,2503.825714285714,stop,-19.875204391052588,9577.09187088079,-1.0354940386460378,0.1918596683568607,2.380978484308613,1.5892114243400723,0.9142857142856624,0.3357544196245062,-1.724818418528136,19,0.9993312155023908,0.5468875541480456,18.99608852950337,1,21,1,1,1,4.75,2024,0.5477593531588408,0,0.05468000548172101,0.019185966835668623,0,0.18994107167329385,-0.08441825407702919,1,0.3165684527888376,-0.12279018774841005,0
2024-08-21 21:00:00,2024-08-22 04:45:00,long,2515.86,2508.2385714285715,stop,-20.08406820082758,9557.007802679962,-1.0485473289597085,1.1940018744142953,2.1334582942830687,1.1405421583718125,0.9846153846153988,1.705716963448925,2.6924086223055914,25,0.5661071919931334,0.3595398700901642,19.936591522671787,1,21,2,1,2,4.5,2024,0.43036551077784924,0,0.07741330834116261,0.3660731021555722,0,0.12989690721652608,-0.12333645735708328,0,0.5432052483599314,-0.3923149015932838,0
2024-08-26 01:00:00,2024-08-26 06:30:00,long,2514.31,2509.905714285714,stop,-20.719766510903217,9536.28803616906,-1.084009082062955,0.694777813817596,2.193318196561969,0.6742903124534373,0.923780487804872,1.4894583198182465,1.3078170613039772,4,0.5884022673987607,0.0901529415847202,20.265888199836347,1,1,0,1,3,92.25,2024,0.5994161530976047,1,0.4836198507947064,-0.4427505676288926,1,0.74927019137198,-0.295167045085894,1,0.74927019137198,0.15212455400585534,0
2024-08-26 19:45:00,2024-08-27 04:00:00,long,2520.2,2512.4614285714288,stop,-19.984482515523275,9516.303553653535,-1.0478124423112272,0.3178881299612481,1.9460956248846195,1.2301095250507803,0.9260204081632674,1.013106885730043,-0.9433265645191604,9,0.6662042309603305,0.2828645155341425,20.265888199836347,1,20,0,1,4,13.25,2024,0.4083441019014746,0,0.03230570426435401,0.20417205095076668,0,0.1654052058334596,-0.12017721986337575,1,0.4716632822595215,-0.2726601439911055,0
2024-08-28 02:00:00,2024-08-28 02:30:00,long,2527.16,2524.36,stop,-21.547630189343824,9494.755923464192,-1.1321428571428438,0.7999999999999815,1.8714285714286325,0.4721277515066038,0.4889502762430422,2.5857142857147246,4.378571428571507,16,0.6781245535410416,0.1254375127802909,20.240122649112045,1,2,2,1,5,22.0,2024,0.30714285714292544,0,0.1642857142857395,-0.14642857142853033,1,1.060714285714293,-0.7107142857142605,1,1.0821428571428466,-0.8964285714285536,0
2024-08-30 20:15:00,2024-09-02 11:45:00,short,2495.13,2505.8528571428574,stop,-21.306500462818327,9473.449423001372,-1.1220141220357238,0.0802025046629063,3.5438316013855826,1.849144222656072,0.771764705882293,0.7926991739941435,3.7788435917932137,1,0.5557373089637513,-0.0630662818213556,19.180381444306573,0,20,4,0,6,65.75,2024,0.4709565680788904,1,0.3403943511857289,-0.2657873701039102,1,0.49893418598454065,-0.4187316813215919,1,0.8374633626432262,-0.7759126032507109,0
2024-09-04 11:45:00,2024-09-04 12:45:00,short,2473.29,2480.3414285714284,stop,-19.94107364363504,9453.50834935774,-1.0524716369529796,1.0239059967585424,4.421799027552575,1.2601219339016834,0.8517034068136645,1.4153160453808098,6.418557536466789,17,1.0931578800759043,0.2319250606351408,16.453087904571557,0,12,2,0,7,48.0,2024,0.19995948136140512,0,0.43537277147490056,-0.25668557536465936,0,0.43537277147490056,-0.1559967585089008,1,1.4181523500810336,-1.1912479740680813,1
2024-09-05 15:15:00,2024-09-05 16:00:00,long,2518.75,2513.5071428571428,stop,-20.24132659652746,9433.26702276121,-1.070572207084507,0.1373297002725305,1.9378746594005507,0.9381245709714828,0.6737481031866398,2.5138964577657665,1.8196185286103788,1,0.6043539508120911,-0.0325842891810923,15.766085582921605,1,15,3,1,8,26.5,2024,0.9079019073570056,0,0.4119891008174181,0.6141689373296727,1,0.4520435967302322,-0.18310626702998287,1,1.1978201634877972,-0.017166212534087996,0
2024-09-06 02:00:00,2024-09-06 04:00:00,long,2517.08,2515.1142857142854,stop,-22.417720322988124,9410.849302438222,-1.188226744186143,0.213662790697708,3.276162790697419,0.3485728399440209,0.6012658227847227,1.6075581395347842,0.9258720930230931,4,0.5650735614640604,0.1322792297253183,15.164732157071736,1,2,4,1,9,10.0,2024,0.4629360465115466,0,0.11700581395349577,0.13735465116277926,0,0.11700581395349577,0.19840116279062975,0,0.19331395348842456,-0.07122093023249224,0
2024-09-06 05:45:00,2024-09-06 15:00:00,long,2517.77,2514.67,stop,-21.06815940610326,9389.78114303212,-1.1193548387096577,0.1419354838708398,2.9161290322580773,0.570057531151756,0.8,0.9354838709676324,1.032258064516079,5,0.5068035336637506,0.1772031622561787,15.164732157071736,1,6,4,1,10,1.75,2024,1.3161290322580521,0,0.2580645161290931,0.02258064516134332,1,0.2580645161290931,-0.10322580645166658,1,0.2645161290323131,0.15806451612910988,0
2024-09-06 15:30:00,2024-09-06 16:00:00,long,2524.82,2517.237142857143,stop,-19.69589737123532,9370.085245660885,-1.0487942727957542,1.1842501883949397,2.1284853051996246,1.3980285900534002,0.7986143187067092,5.710248681235782,1.906932931424273,7,0.5100020971480376,0.2215015121808106,15.164732157071736,1,15,4,1,11,0.5,2024,0.3138658628484854,0,0.5499246420497467,-0.3376036171816059,1,1.7908816880181389,-1.329314242652652,1,2.979088168801832,-2.5148831951771164,0
2024-09-11 08:00:00,2024-09-11 15:15:00,long,2520.7,2517.157142857143,stop,-20.697309264406343,9349.38793639648,-1.1044354838709118,0.2709677419354921,1.9475806451611728,0.6586183620851874,0.7401129943502592,0.9991935483870792,2.0040322580643477,5,0.50707391258368,0.1484349713867017,13.013076033856882,1,8,2,1,12,112.0,2024,2.35403225806454,0,-0.008467741935540285,0.16088709677423857,1,0.25120967741931705,-0.21451612903218975,1,0.25120967741931705,1.205241935483857,0
2024-09-12 16:00:00,2024-09-13 06:30:00,long,2538.13,2568.335714285715,target,55.40918474791172,9404.797121144393,2.9632519863791216,0.5601589103291965,4.4256526674232735,1.8527439234770744,0.7859237536656842,4.06413166855841,3.960839954597008,13,0.6891351741723459,0.1250532788220404,13.152146844891003,1,16,3,1,13,24.75,2024,3.1752270147558974,0,0.7061577752553949,0.14103291713961943,0,0.7061577752553949,0.9941827468785106,0,0.7061577752553949,0.5154653802497149,0
2024-09-13 15:30:00,2024-09-16 06:00:00,long,2571.38,2588.882857142857,target,48.326867798871774,9453.123988943264,2.5692668952007804,0.6376101860921151,1.9985308521057688,1.0063807471773225,0.947882736156402,1.0523996082272924,1.5288932419197103,18,1.7220108114767505,0.6291642116450724,14.34145802888905,1,15,4,1,0,9.0,2024,3.0149363369245537,0,0.051420176297778876,0.7593046033300462,0,0.051420176297778876,0.8844270323212354,0,0.051420176297778876,1.955680705190979,0
2024-09-16 08:30:00,2024-09-16 09:45:00,long,2588.98,2585.3171428571427,stop,-20.816044477993863,9432.30794446527,-1.101014040561676,0.0054602184088555,2.806552262090428,0.6838074124696799,0.880733944954228,1.190327613104441,3.958658346333873,23,1.7130560474516598,0.7472582735767563,16.12782690179674,1,8,0,1,0,2.5,2024,0.18564742589699212,1,0.23478939157569895,-0.06552262090490107,1,0.5869734789391853,-0.5569422776911005,1,0.636115444617768,-0.027301092043657053,1
2024-09-16 16:00:00,2024-09-16 17:15:00,long,2585.24,2579.2,stop,-20.02022977616636,9412.287714689104,-1.0612582781456956,0.5596026490064934,2.764900662251793,1.1151241014042812,0.8995983935742884,0.8245033112582109,-0.3013245033113625,25,1.411180011366406,0.7120454100984164,16.12782690179674,1,16,0,1,1,6.25,2024,0.6804635761589656,1,0.4023178807946773,-0.2980132450330692,1,0.6639072847681767,-0.43377483443707066,1,0.7466887417218196,-0.6291390728476407,0
2024-09-16 19:45:00,2024-09-17 07:30:00,long,2583.68,2576.548571428571,stop,-19.80125111772149,9392.486463571382,-1.0518830128205203,0.2636217948718026,1.85096153846146,1.3080054303711366,0.7668711656441204,0.4571314102564277,0.0729166666665982,26,1.329417221397153,0.6634858329516158,16.12782690179674,1,20,0,1,2,2.5,2024,0.36879006410256876,1,0.19350961538456135,-0.19210737179485096,1,0.35336538461537187,-0.3281249999999472,1,0.5272435897435414,-0.14863782051280858,0
2024-09-17 09:30:00,2024-09-17 11:15:00,long,2585.71,2580.982857142857,stop,-20.255298701735555,9372.231164869649,-1.0782713810818587,0.1100030220611405,4.594741613780566,0.8927951110766124,0.798076923076881,0.8800241764883546,0.833484436385742,29,0.8574467565608597,0.5241209722512519,17.872747322810255,1,9,1,1,3,2.0,2024,0.25808401329703223,1,0.370202478090066,-0.27923844061654157,1,0.6029011786038025,-0.410395889996999,1,0.6029011786038025,-0.11846479298880958,0
2024-09-17 14:45:00,2024-09-17 15:30:00,long,2579.82,2573.2700000000004,stop,-19.80330982012116,9352.427855049526,-1.0564885496183016,0.0335877862595816,3.0351145038168768,1.2121338965136534,0.3687707641196726,0.9190839694655968,-1.230534351144987,30,0.9167964717545048,0.4726532658225979,17.872747322810255,1,15,1,1,4,3.5,2024,0.27786259541980896,0,0.3709923664122663,0.1618320610686975,1,0.5129770992366719,-0.3709923664122663,1,1.745038167939014,-0.3083969465648895,0
2024-09-19 12:15:00,2024-09-19 15:30:00,long,2590.71,2583.87,stop,-19.71666808038235,9332.711186969143,-1.0540935672514706,1.2046783625730533,3.69590643274859,1.1229847753239004,0.75187969924811,1.944444444444448,6.450292397660727,2,0.8149909046964428,0.1131223308329376,18.76111322581505,1,12,3,1,5,44.75,2024,0.609649122807021,0,0.08040935672517184,0.3450292397660964,0,0.08040935672517184,0.17105263157895598,0,0.5526315789473911,-0.33625730994154307,0
2024-09-20 03:30:00,2024-09-20 04:15:00,long,2588.09,2586.0642857142857,stop,-22.07469204590557,9310.636494923236,-1.1826516220028054,0.1974612129762752,1.7179125528910353,0.3381751242743195,0.8520710059171646,1.6685472496473033,1.4612129760224613,5,0.7270795173024079,0.202731124814659,18.82130827537822,1,3,4,1,6,12.0,2024,0.3850493653030857,0,0.2517630465445152,-0.0049365303245079,1,0.5677009873060617,-0.1480959097320942,1,1.6191819464033468,-0.08392101551483841,0
2024-09-20 05:00:00,2024-09-20 09:15:00,long,2589.6,2598.9685714285715,target,53.657547375591136,9364.294042298829,2.881518755718189,0.0768526989935236,2.9908508691673963,0.5259103364176316,0.8632812500000326,1.639524245196628,1.9021043000913127,6,0.734713404331335,0.2634690047487842,18.82130827537822,1,5,4,1,7,0.75,2024,3.250228728270757,1,0.31701738334850355,-0.19533394327542442,1,0.31701738334850355,0.4515096065874612,1,0.31701738334850355,0.6884720951509715,0
2024-09-20 09:30:00,2024-09-20 11:30:00,long,2599.85,2612.0814285714287,target,54.4861481662279,9418.780190465057,2.909250175192713,0.0490539593552454,4.096005606166679,0.6867727366383679,0.8909774436090303,1.3048353188506454,4.336370007007493,7,0.8899518487934183,0.3210614261654143,18.82130827537822,1,9,4,1,0,0.25,2024,3.156622284512891,0,0.04414856341972094,1.378416257883625,0,0.04414856341972094,1.9915907498247514,0,0.04414856341972094,1.4176594253679329,0
2024-09-20 13:45:00,2024-09-20 16:30:00,long,2613.24,2607.3614285714284,stop,-20.02320512908543,9398.756985335973,-1.062940461725372,0.1769137302551555,3.4770352369379176,0.9837295162184524,0.7506493506493354,1.3098420413122238,2.6434993924665444,8,1.4037898985048491,0.3627590748627174,18.82130827537822,1,14,4,1,0,2.25,2024,1.044471445929568,1,0.20072904009717485,-0.19562575941670346,1,0.40996354799510953,-0.3623329283109935,1,0.5001215066827929,0.08335358444718372,0
2024-09-20 18:30:00,2024-09-24 21:15:00,long,2622.33,2655.4457142857145,target,48.46380063291617,9447.220785968888,2.5782026659764608,0.6848712307492706,2.8844312152193576,1.8244316113608987,0.9545056867891524,2.0709201501229044,1.3896725766791822,9,1.5181012905243538,0.4370239687343513,18.82130827537822,1,18,4,1,1,2.0,2024,3.1562055131357534,0,0.23191406755531924,0.04982528795135566,0,0.23372589620809356,0.1259220913679184,0,0.23372589620809356,0.20745438074284528,0
2024-09-24 22:00:00,2024-09-25 19:45:00,long,2658.03,2650.7900000000004,stop,-19.86004148652525,9427.360744482365,-1.0511049723756638,0.0801104972376848,3.124309392265189,1.143280389064239,0.9704142011835944,0.4668508287292984,3.245856353591171,22,1.732629234539243,0.5281599167113349,20.97609113293508,1,22,1,1,0,0.75,2024,1.7292817679558043,0,0.0,0.309392265193341,0,0.0,0.7817679558010875,0,0.0,0.6823204419888973,0
2024-09-25 20:30:00,2024-09-27 17:45:00,long,2661.89,2653.575714285714,stop,-22.12370580193523,9405.237038680429,-1.1733774914089168,0.2477663230239906,2.6917525773195674,1.280165409688686,0.60915492957744,0.6831615120275178,-0.0890034364261988,28,1.1198174520709334,0.6319592629743909,22.72278174953706,1,20,2,1,1,0.75,2024,2.850515463917523,1,0.1539518900343317,-0.14914089347076226,1,0.275429553264597,-0.22250859106527837,1,0.33195876288656534,-0.3030927835051487,0
2024-10-09 04:00:00,2024-10-09 04:15:00,short,2620.31,2623.227142857143,stop,-21.196327547507288,9384.04071113292,-1.1268364348678432,0.4387855044073548,1.94025465230192,0.4551677251458647,0.8525896414342926,1.720861900097775,1.5426052889324138,10,0.8145625083977622,0.2564686981605724,27.15098523481261,0,4,2,0,2,274.25,2024,0.15083251714007695,0,1.3369245837414565,-0.1028403525955566,1,1.3369245837414565,-0.5176297747307292,1,1.3369245837414565,0.19539666993149518,1
2024-10-09 09:30:00,2024-10-09 12:15:00,short,2612.32,2618.177142857143,stop,-19.953674858452917,9364.087036274466,-1.0631707317073191,0.4200000000000202,3.674146341463456,0.9173529333618328,0.9362549800796484,1.7141463414634657,2.489268292682997,11,0.9491160098820072,0.305961950313216,27.15098523481261,0,9,2,0,3,5.25,2024,0.5378048780488139,0,0.1365853658536165,-0.07682926829265442,0,0.1365853658536165,0.08195121951220095,1,0.5634146341463137,0.0017073170732080556,0
2024-10-09 16:15:00,2024-10-09 18:15:00,short,2610.21,2616.937142857143,stop,-19.758243532050468,9344.328792742415,-1.0550010617965886,1.4448927585475095,2.1881503503927817,1.0421926842898286,0.9695024077046462,1.8521979188787605,2.0127415587173574,13,0.726353441474181,0.3830862284892711,27.15098523481261,0,16,2,0,4,4.0,2024,0.7373115311106494,0,0.4444680399235211,0.09811000212357213,0,0.4444680399235211,0.08027181991929858,0,0.4444680399235211,0.3448715226162933,0
2024-10-10 03:00:00,2024-10-10 03:30:00,short,2606.83,2609.1071428571427,stop,-21.725271333690504,9322.603521408724,-1.1624843161856715,0.3952321204519434,1.8971141781680505,0.3608506817121649,0.836909871244615,2.046424090339157,1.8795483061479907,15,1.027441636048351,0.3711803959357662,25.7019643439672,0,3,3,0,5,8.75,2024,0.39084065244662897,1,0.9441656210791102,-0.9353826850690803,1,1.449184441656327,-1.4316185696362673,1,1.651191969887214,-1.1856963613552312,0
2024-10-10 14:15:00,2024-10-10 15:30:00,short,2614.16,2618.542857142857,stop,-20.219232018075463,9302.38428939065,-1.0844198174706976,0.0821382007824042,2.0808344198175184,0.6878496431228597,0.8223234624146314,2.0032594524120064,-0.0867014341590892,18,0.5689963595083551,0.3365525044764061,25.7019643439672,0,14,3,0,6,10.75,2024,2.45730117340295,0,0.031942633637624715,0.358213820078173,0,0.031942633637624715,0.24641460234679774,0,0.28063885267276495,0.2715123859191875,0
2024-10-14 07:45:00,2024-10-14 14:15:00,long,2659.25,2653.962857142857,stop,-19.90675049229169,9282.477538898358,-1.069981086192886,0.3744933801674513,4.951634693326337,0.8554353379428741,0.539748953974909,0.9040799783842004,4.739800054039671,9,0.8153495033533664,0.261588017138914,24.78289761855296,1,8,0,1,7,88.25,2024,1.443123480140568,0,0.10970008105916285,0.07943798973252096,0,0.10970008105916285,0.12104836530665354,0,0.40286409078630714,-0.04728451769792095,0
2024-10-15 22:15:00,2024-10-15 22:45:00,long,2666.03,2660.958571428572,stop,-19.919412363753803,9262.558126534605,-1.0729577464788476,0.082816901408465,2.689577464788797,0.8402242570376223,0.7042253521128655,0.5599999999998494,1.0726760563381286,18,0.6714861629898697,0.1375237131718165,25.064845119616557,1,22,1,1,8,32.0,2024,0.0019718309858688656,1,0.7867605633803284,-0.737464788732441,1,1.3014084507042971,-0.865633802816966,1,1.3014084507042971,-0.9366197183098592,1
2024-10-16 04:00:00,2024-10-16 09:00:00,long,2663.82,2672.4642857142862,target,53.1965658590871,9315.754692393692,2.8715914724839355,0.6663361427863241,2.901338621715545,0.5048131822064149,0.7389558232932284,3.4566187407039384,2.1725334655429043,20,0.5280085877803017,0.1805516287505915,25.03445595526665,1,4,2,1,9,5.25,2024,3.8800198314326626,0,0.628160634605815,-0.0451165096678602,0,0.9439762022806785,0.42687159147247905,0,0.9439762022806785,1.8324243926622337,0
2024-10-16 09:15:00,2024-10-16 17:45:00,long,2676.97,2671.7485714285717,stop,-19.951772293312928,9295.80292010038,-1.0708618331053488,0.7545827633378317,3.608207934336625,0.9157527321470106,0.8728522336769389,2.2292749658003808,3.922298221614221,21,0.721806883535727,0.2234283748351329,25.03445595526665,1,9,2,1,0,0.25,2024,1.6145006839946159,0,0.6952120383036412,-0.32175102599176714,0,0.6952120383036412,0.06128590971275487,0,0.6971272229822056,-0.3102599179206419,0
2024-10-17 03:00:00,2024-10-17 04:30:00,long,2675.39,2680.79,target,51.953209653451225,9347.75612975383,2.794444444444516,0.5555555555555596,1.9777777777775087,0.3193140660802713,0.8374999999998544,1.7777777777776895,1.877777777777852,25,0.7230328312619851,0.3490413704078765,25.54063816479647,1,3,3,1,1,9.25,2024,3.422222222222419,0,0.4555555555553972,0.28333333333345667,0,0.4555555555553972,0.6888888888890252,0,0.4555555555553972,1.266666666666787,0
2024-10-17 04:45:00,2024-10-17 05:30:00,long,2683.04,2679.8585714285714,stop,-20.869799495795263,9326.886330258036,-1.1162999550965425,0.9366861248314756,4.815446789402983,0.5693910749802674,1.0,1.6910642119443553,5.852716659182728,26,0.8216974679671054,0.3696554270512742,25.54063816479647,1,5,3,1,0,0.25,2024,0.5720700493938552,0,0.38033228558600185,-0.3457566232599627,0,0.6129321957790184,-0.2388863942522833,1,1.3075886843286486,-0.333183655141429,0
2024-10-17 13:15:00,2024-10-17 15:00:00,long,2686.85,2680.615714285714,stop,-19.76085953473113,9307.125470723304,-1.0593492208982689,0.9527956003665748,2.213565536205352,1.0924440745109985,0.8540856031128369,1.6489459211731996,1.241521539871646,28,0.8521461285991306,0.3570049651070217,25.54063816479647,1,13,3,1,1,7.75,2024,0.30797433547205655,0,0.21173235563698417,-0.0128322639779902,0,0.21173235563698417,0.08661778185150679,0,0.2678735105408007,0.08501374885429448,0
2024-10-17 16:45:00,2024-10-18 08:30:00,long,2688.8,2713.0228571428565,target,54.98976432578403,9362.115235049088,2.954175513092685,0.0966029723992342,3.7848549186129095,1.3990986433235777,0.6867749419953768,1.0675866949752426,2.3085633404105708,29,0.7559946357755705,0.3309365026581634,25.54063816479647,1,17,3,1,2,1.75,2024,3.0467091295117403,0,0.5053078556263866,0.14614295824485235,0,0.5053078556263866,0.101556970983689,0,0.5053078556263866,0.8582802547770707,0
2024-10-18 12:00:00,2024-10-21 05:45:00,long,2709.32,2729.9857142857145,target,49.34190419354278,9411.457139242631,2.6351899626710837,0.037743674823756,2.1746163417669586,1.2197983234729728,0.9005681818182072,1.0219825798423785,-0.6009954375776808,34,1.2852829878169434,0.4697314153306431,26.343547953054163,1,12,4,1,0,3.5,2024,3.2096640398174383,0,0.05951887183745644,0.40211530485275343,0,0.05951887183745644,0.3716300290335861,0,0.05951887183745644,0.41082538365822036,0
2024-10-21 06:15:00,2024-10-21 08:45:00,long,2732.24,2725.137142857143,stop,-19.80343213812463,9391.653707104508,-1.0520917135961303,0.0675784392597952,3.091713596138449,1.243080929748011,0.9509803921568322,0.8616251005631576,2.5229283990345324,38,1.444527714256773,0.6036334262639054,27.73657809446014,1,6,0,1,0,0.5,2024,0.08306516492359435,1,0.1393805309734237,-0.11685438455349197,1,0.23934030571196688,-0.09573612228477395,1,0.36886564762670243,-0.36041834271922807,1
2024-10-21 11:15:00,2024-10-21 17:30:00,long,2732.66,2727.0885714285714,stop,-20.03071167581864,9371.622995428688,-1.0664102564102207,0.0610256410256664,3.1876923076921466,0.9759169553059406,0.7676767676767514,0.710769230769229,1.069743589743584,39,1.64712905283515,0.6128916820500097,27.73657809446014,1,11,0,1,1,2.5,2024,1.421538461538458,1,0.21179487179483997,-0.06999999999997633,1,0.3697435897435757,-0.22794871794871205,1,0.3697435897435757,0.49538461538464884,0
2024-10-22 02:15:00,2024-10-22 06:30:00,long,2722.0,2732.9885714285715,target,54.3364069617949,9425.959402390485,2.8989859594383622,0.1201248049920889,1.747269890795759,0.638153900080019,0.6026490066225145,0.8244929797190491,1.0483619344774056,43,0.8855213637393524,0.5872147374428538,29.408411928899472,1,2,1,1,2,8.75,2024,3.0440717628705007,1,0.20202808112318277,-0.1719968798752226,1,0.32488299531982356,-0.13923556942283474,1,0.3712948517941018,0.4149765990639523,0
2024-10-22 07:00:00,2024-10-22 08:45:00,long,2734.79,2730.1842857142856,stop,-20.36638746806824,9405.593014922417,-1.0803349875930504,0.7121588089329319,2.366625310173765,0.804733801658974,0.9344660194174784,1.7890818858559936,5.319478908188471,44,1.0087443004897632,0.5562067757433509,29.408411928899472,1,7,1,1,0,0.5,2024,0.2562034739453684,0,0.3582506203474066,-0.21495037220838473,0,0.3582506203474066,0.19540942928041258,0,0.3582506203474066,-0.10204714640193949,0
2024-10-22 13:30:00,2024-10-22 14:15:00,long,2738.59,2733.13,stop,-20.08593673150121,9385.507078190914,-1.06776556776558,0.0695970695970899,3.1282051282051317,0.9469825821814098,0.9437340153453176,1.4322344322343863,1.6593406593407414,46,1.2056152079960698,0.5038693693300011,29.408411928899472,1,13,1,1,1,4.75,2024,0.14102564102563844,0,0.18681318681318446,0.06593406593400632,1,0.3241758241758225,-0.3003663003663619,1,1.2655677655678288,-1.217948717948741,1
2024-10-22 18:00:00,2024-10-23 16:15:00,long,2743.91,2736.15,stop,-19.666023851982647,9365.841054338933,-1.0476804123711412,0.190721649484476,2.639175257731968,1.338529966200013,0.8795620437956374,0.706185567010239,1.7938144329896646,47,1.1714057175969537,0.4650418283442148,29.408411928899472,1,18,1,1,2,3.75,2024,1.8711340206185174,1,0.407216494845334,-0.33247422680410776,1,0.6894329896906963,-0.6301546391752288,1,0.9033505154638692,-0.5953608247422422,0
2024-10-24 12:00:00,2024-10-24 16:45:00,long,2738.06,2732.42,stop,-19.96053359453064,9345.8805207444,-1.065602836879422,0.0673758865248427,2.0106382978723887,0.9669484109469412,0.8347457627118954,0.8368794326240067,4.003546099290811,3,0.602345834034978,0.1225135179729663,32.08329065653366,1,12,3,1,3,19.75,2024,0.9255319148936725,1,0.1985815602836708,-0.1382978723403819,1,0.2145390070922074,-0.1737588652482321,1,0.3971631205673416,-0.11702127659572018,0
2024-10-25 20:45:00,2024-10-28 01:00:00,long,2744.35,2737.932857142857,stop,-26.011649405856573,9319.868871338544,-1.3916104185218463,0.4893143365983056,2.739536954586056,1.1071402164000648,0.8045325779036532,1.1001780943899455,5.139358860195827,2,0.5150896704738983,0.1028377543675906,32.976383428268335,1,21,4,1,4,28.0,2024,0.5235975066785586,0,0.36932324131788086,-0.1511576135351422,0,0.36932324131788086,0.05298308103297005,1,0.4815227070346794,-0.3506233303650929,0
2024-10-29 04:00:00,2024-10-29 16:30:00,long,2748.48,2759.1514285714284,target,53.98038106925444,9373.849252407796,2.895983935742952,0.9333333333332652,3.165461847389666,0.6284532856034014,0.6512141280353165,2.546987951807123,3.8457831325302583,10,0.539500686768219,0.1446136815274279,34.79087270103504,1,4,1,1,5,27.0,2024,3.4915662650603125,0,0.4441767068272953,0.025301204819318388,0,0.4441767068272953,0.7168674698795797,0,0.4441767068272953,2.479518072289239,0
2024-10-29 16:45:00,2024-10-30 08:45:00,long,2761.0,2784.618571428572,target,55.36201151648896,9429.211263924286,2.953003084739628,0.0254037379785651,3.706405371076058,1.3557369277486622,0.1815718157181742,0.9373979314099192,2.1821810923607647,13,0.5253754413781621,0.2488603104590092,34.79087270103504,1,17,1,1,0,0.25,2024,3.03828706223916,0,0.021593177281809227,0.6211213935764658,0,0.021593177281809227,0.9691526038831544,0,0.021593177281809227,1.0910905461803824,0
2024-10-30 09:00:00,2024-10-30 10:45:00,long,2785.58,2780.9571428571426,stop,-20.367795653533165,9408.843468270752,-1.0800370828183363,0.2855377008652016,3.335599505562425,0.7934532748950269,0.9708520179371954,1.9295426452410465,2.7169344870208927,17,1.2847238547512596,0.4398037064443194,36.276786339855725,1,9,2,1,0,0.25,2024,0.9063658838071775,0,0.09085290482078175,0.17305315203959365,0,0.09085290482078175,0.5818912237330132,0,0.09085290482078175,0.1817058096415635,0
2024-10-30 13:00:00,2024-10-30 13:45:00,long,2785.93,2780.552857142857,stop,-20.112527775160448,9388.730940495592,-1.0688097768331202,0.409139213602518,1.9601487778958555,0.9180730385152404,0.995708154506344,0.8666312433581056,0.1301806588735054,18,1.2619205636395217,0.4756617986463096,36.276786339855725,1,13,2,1,1,2.25,2024,0.0948459086079049,0,0.2678002125398623,-0.19341126461210867,1,0.7178533475025983,-0.6787991498405298,1,1.2794899043570072,-1.2608926673750898,1
2024-10-30 16:00:00,2024-10-30 16:15:00,long,2787.05,2780.542857142857,stop,-19.8451594939824,9368.88578100161,-1.0568605927551935,0.5593852908891809,3.5560922063666665,1.107598223101207,0.9926062846580478,1.6627881448958075,1.604390779363409,19,1.195776824789457,0.5229663137882312,36.276786339855725,1,16,2,1,2,2.25,2024,0.07222832052686248,1,1.1894621295280228,-1.1418221734358251,1,2.4803512623491075,-1.808781558726664,1,2.4803512623491075,-1.2371020856202206,1
2024-10-30 20:15:00,2024-10-31 09:45:00,long,2789.06,2781.117142857143,stop,-19.610628186923726,9349.275152814687,-1.0465827338129416,0.4079136690647214,3.90791366906475,1.3132022886565018,0.8704663212435276,0.9719424460431992,2.3769784172662045,20,1.2161905838602065,0.5264948288743909,36.276786339855725,1,20,2,1,3,4.0,2024,0.12841726618704827,0,0.17122302158275013,-0.015107913669051032,0,0.17122302158275013,-0.06043165467626138,0,0.1989208633093437,-0.11079136690648875,1
2024-10-31 13:45:00,2024-10-31 15:30:00,long,2780.96,2775.8542857142857,stop,-20.05359354266369,9329.221559272024,-1.072467823167359,0.1606043648572487,2.816452154448871,0.8965576351013582,0.8552631578948667,0.595411303861224,0.4348069390039752,24,0.7152017281907834,0.448886669136006,37.94452213923119,1,14,3,1,4,4.0,2024,0.3133743704532617,1,0.44459988808058676,-0.4387241186346376,1,0.6952993844432496,-0.609121432568587,1,0.8206491326245364,-0.2781197537772998,0
2024-11-05 04:30:00,2024-11-05 05:00:00,short,2726.11,2730.732857142857,stop,-20.15181047568332,9309.06974879634,-1.0800370828182904,2.954882571075234,1.596415327564845,0.7831759952685483,0.942391304347806,3.9802224969097,4.334981458590645,15,0.5334993075880299,0.1624956819795797,35.70285446156857,0,4,1,0,5,109.0,2024,0.3050061804697685,0,0.6208281829418514,-0.5126699629171345,0,1.0037082818293452,-0.6943757725586903,1,1.7716316440048745,-1.6872682323855246,0
2024-11-06 13:15:00,2024-11-06 15:30:00,short,2711.1,2674.264285714286,target,55.29338322461314,9364.363132020952,2.9698662012798085,0.8681791739383308,2.355322862129168,1.8283659976041728,0.9961013645224208,1.6712041884817233,2.3699825479930663,2,0.7365950219598637,0.0917367668225033,34.65350192235963,0,13,2,0,6,32.25,2024,4.2325770796975135,0,0.13030831878998775,0.3322862129144817,0,0.13030831878998775,0.9569517161140269,0,0.13030831878998775,0.8942408376963432,0
2024-11-06 22:30:00,2024-11-07 09:15:00,short,2660.02,2666.2085714285718,stop,-19.84847236339233,9344.51465965756,-1.0597876269621322,0.8014773776546743,2.2751615881809824,0.8409922232809695,0.932307692307754,1.0503231763619647,1.8453370267774944,4,2.6765070277985585,0.4423402511928409,34.65350192235963,0,22,2,0,0,7.0,2024,2.713065558633438,0,0.22783933518003344,-0.10664819944596059,0,0.3716528162511861,-0.33125577100649517,0,0.39104339796862014,0.06948291782084197,0
2024-11-08 08:00:00,2024-11-08 15:30:00,short,2690.62,2696.1114285714284,stop,-19.948253719342063,9324.56640593822,-1.0673777315296695,0.9760665972946126,1.278355879292346,0.7101545496007637,0.7588235294117899,2.4765868886577698,2.8407908428721376,13,0.5891465830593132,0.3403467874585231,32.58490456921534,0,8,4,0,1,22.75,2024,1.8774713839750579,0,0.23309053069723204,0.6573881373568748,0,0.23309053069723204,0.6501040582725941,0,0.23309053069723204,1.3566597294484881,0
2024-11-11 03:00:00,2024-11-11 12:45:00,short,2677.71,2661.9814285714288,target,54.63128797288358,9379.197693911105,2.929427792915518,0.6866485013624706,2.5291553133513798,0.670781115775232,0.8199541284403534,3.326430517711285,3.4370572207083736,17,0.8217894722143583,0.2582492509182632,31.77764377940024,0,3,0,0,2,59.5,2024,3.1948228882833942,0,0.06675749318799389,0.38528610354223275,0,0.13160762942780396,0.2822888283378795,0,0.13160762942780396,0.8678474114441806,0
2024-11-11 14:45:00,2024-11-11 16:00:00,short,2657.21,2631.8857142857146,target,55.452978614736246,9434.65067252584,2.9561685564393136,0.1587409037062289,4.120155694702986,1.0646239403757678,0.9014869888475484,1.274665764088711,2.911829412760203,20,1.221614063119946,0.3792458389838327,31.77764377940024,0,15,0,0,0,2.0,2024,3.507700118463394,0,0.027246573024202667,0.08884752073108863,0,0.04146217634116392,0.6882721272634934,0,0.04146217634116392,2.5718395667625833,0
2024-11-11 16:30:00,2024-11-13 19:00:00,short,2620.02,2582.764285714286,target,54.61995704271836,9489.270629568557,2.8946464971816246,1.1804900494650772,5.760727021741639,1.554066863042974,0.78551269990591,1.7119521454043691,7.806050845507862,21,2.269178064549316,0.502660425346646,31.77764377940024,0,16,0,0,0,0.5,2024,3.246750258828962,0,0.48717358794433857,-0.18601173357873746,0,0.5064994823421123,-0.0797193143909084,0,0.5064994823421123,0.175543540779925,0
2024-11-13 19:15:00,2024-11-14 11:45:00,short,2578.79,2538.1742857142854,target,56.41695308139838,9545.687582649954,2.9726706763743898,0.1344307270232975,4.467236467236482,1.6801608891006612,0.807692307692293,0.8834019204389562,4.439168513242594,33,1.325560910104734,0.7636728850591079,33.59201368324666,1,19,2,0,0,0.25,2024,3.1037248074284958,1,0.4306215046955714,-0.253350216313166,1,0.46312124089901524,-0.3279518835074416,1,0.4948823467341829,-0.1344307270233311,0
2024-11-14 22:00:00,2024-11-14 22:30:00,short,2566.3,2574.244285714286,stop,-19.98054369035212,9525.707038959605,-1.046574357130038,0.2190253551519266,2.449559431756917,1.011282056722073,0.8114104595879453,3.1771264161122272,1.3544326559970548,40,1.6692884584723855,1.020166035959602,34.81351672978152,1,22,3,0,0,10.25,2024,0.0,1,0.8773601870167107,-0.796799136845893,1,1.0007192950908022,-0.28322244200683727,1,1.0007192950908022,-0.25301204819274487,1
2024-11-15 03:30:00,2024-11-15 04:15:00,short,2564.56,2569.115714285714,stop,-20.598706723318504,9505.108332236285,-1.081216682345518,0.0965820006272652,3.0247726560048878,0.5871601299430268,0.8676470588235675,2.388209470053274,1.7516462841016602,41,1.8798100470411805,0.9755564059693134,36.40232210339317,1,3,4,0,1,5.0,2024,0.3270617748509946,1,0.3402320476638761,-0.07682659140794304,1,0.9285042333019569,-0.809971777986822,1,1.152398871119445,-0.6431483223580543,0
2024-11-15 07:30:00,2024-11-15 12:15:00,short,2565.46,2569.3514285714286,stop,-20.81772258080858,9484.290609655476,-1.0950807635829836,0.0513950073420975,2.8627019089575225,0.5103243974263625,0.3842105263157807,0.9765051395007888,-0.4625550660793456,42,1.7403245607708235,0.9087977253068537,36.40232210339317,1,7,4,0,2,3.25,2024,2.8344346549193102,0,0.0,1.4262114537445516,0,0.0,2.0146842878120945,0,0.0,1.0895741556535203,0
2024-11-15 18:30:00,2024-11-18 02:45:00,short,2563.17,2575.694285714286,stop,-20.950119657400634,9463.340489998076,-1.1044642409033931,0.175658720200739,1.879548306148061,1.6201513290087268,0.8720173535791477,0.736169727386815,0.645146572373671,45,1.3960100520488414,0.6785506631766358,36.40232210339317,1,18,4,0,3,6.25,2024,0.29782137561309735,0,0.18364320748258425,0.07984487281852436,0,0.18364320748258425,0.004790692369107104,0,0.18364320748258425,0.09182160374131028,0
2024-11-19 02:45:00,2024-11-19 04:30:00,long,2613.31,2622.215714285714,target,54.421038910238735,9517.761528908317,2.875360923965328,0.0134744947064364,1.980750721847992,0.3971990901503001,0.7865853658536974,1.1049085659287057,2.364773820981583,4,0.5448777254442625,0.0490350081750134,37.66767777018771,0,3,1,1,4,24.0,2024,3.6549566891241723,0,-0.030317613089558538,1.4653512993262627,1,0.05389797882574568,-0.05052935514921317,1,0.5861405197304438,0.7983638113570471,0
2024-11-19 05:00:00,2024-11-19 09:00:00,long,2625.0,2619.3900000000003,stop,-20.290985362876988,9497.470543545438,-1.065953654188915,0.2994652406417702,4.488413547237073,0.7532539462752551,0.8526011560693026,1.233511586452805,4.827094474153399,5,0.645244458209429,0.1170650694006347,37.66767777018771,0,5,1,1,0,0.5,2024,0.2959001782531005,0,0.2941176470588467,-0.13190730837786083,1,0.6470588235294465,-0.3796791443850552,1,0.6470588235294465,-0.27272727272731484,0
2024-11-19 11:15:00,2024-11-19 16:45:00,long,2630.31,2622.88,stop,-19.94085336195224,9477.529690183486,-1.0497981157469454,0.5545087483176142,2.8344549125168657,0.992517791118364,0.7590909090908837,1.7765814266486897,1.9084791386272184,6,0.845325350829089,0.2013756781329645,37.66767777018771,0,11,1,1,1,2.25,2024,1.228802153432042,0,0.02153432032299513,0.0928667563930083,0,0.09959623149391368,-0.0053835800807487824,0,0.09959623149391368,0.5975773889636657,0
2024-11-19 19:15:00,2024-11-20 09:45:00,long,2632.58,2622.542857142857,stop,-19.65380125049461,9457.875888932993,-1.0368630799886265,0.3068602334187242,2.018502704241417,1.3471905368141717,0.8589743589743156,0.777113578138364,0.4523199544548797,8,1.1717068353850744,0.334518728047084,37.66767777018771,0,19,1,1,2,2.5,2024,0.9195844007970444,1,0.2909194420723111,-0.251067463706233,1,0.5071164247082428,-0.4483347566182765,1,0.6286649587247334,-0.5370054084827673,0
2024-11-20 16:30:00,2024-11-21 13:15:00,long,2645.67,2672.438571428572,target,55.96288458264214,9513.838773515634,2.9585334614152834,0.8226064681396251,3.3487031700288283,1.2492109305956465,0.9341825902335578,2.1114313160422817,4.805635606788353,14,0.8519217644542821,0.3555548708240152,36.63943131770879,0,16,2,1,3,6.75,2024,3.1178354146653513,0,0.5603586295228943,-0.28017931476144714,0,0.5603586295228943,0.15914185078451012,0,0.5603586295228943,-0.1625040025616699,0
2024-11-21 19:45:00,2024-11-22 10:15:00,long,2671.84,2699.692857142857,target,56.32473621323075,9570.163509728864,2.9601477150330746,0.275734728419797,1.9839975380827688,1.3699481974504688,0.7325905292479116,0.77334974611481,1.376519464533061,21,1.518692265985781,0.5790071918323703,35.178103387362384,1,20,3,1,0,6.5,2024,3.076165563932874,0,0.2951223265117934,-0.07324203723652849,0,0.2951223265117934,0.021541775657773685,0,0.2951223265117934,0.06139406062467949,0
2024-11-22 11:30:00,2024-11-22 15:15:00,long,2704.92,2696.3971428571426,stop,-19.97125975463073,9550.192249974234,-1.043412671806928,1.0512906469996557,2.3348977539390217,1.2987923600342866,0.8034055727554219,3.03184713375794,4.573583640630235,24,1.742691880337097,0.6426953504691912,33.275579278417524,1,11,4,1,0,1.25,2024,0.6077774052966542,0,0.22879651357696507,-0.19007710358697774,0,0.25930271538719507,0.2968488099228628,0,0.25930271538719507,0.3250083808246669,0
2024-11-22 17:30:00,2024-11-25 04:45:00,long,2704.97,2693.165714285714,stop,-23.16667444055659,9527.025575533677,-1.2128904756142,0.1440154907418457,3.336076485537945,1.7451703814194188,0.9836065573770024,1.2402275202711142,0.3930775747306775,26,1.701300795228164,0.7076927943275635,33.275579278417524,1,17,4,1,1,2.25,2024,1.388478760740677,1,0.3295413288151891,-0.11690669248454034,1,0.3515672273992184,0.11690669248457887,1,0.3515672273992184,-0.020331598692950138,0
2024-11-25 12:45:00,2024-11-25 16:00:00,long,2677.76,2670.1414285714286,stop,-19.979421345728547,9507.046154187949,-1.0485655353459755,0.6746671666979568,1.9084942808925371,1.0734292463175157,0.942133815551587,1.4517157322331873,2.8404275267204424,31,0.537289101152244,0.5906810692744902,31.39719261125967,1,13,0,1,2,8.0,2024,1.4438402400149906,0,0.015750984436572534,0.7324207762985039,0,0.015750984436572534,0.7350459403712559,0,0.015750984436572534,1.1944496531032984,0
2024-11-25 20:00:00,2024-11-26 15:00:00,short,2623.11,2635.7985714285714,stop,-19.568545123942968,9487.477609064006,-1.0291600990767689,0.2127899121819251,2.354875028146806,1.6912786502332098,1.0,0.8527358702994532,5.980184643098368,1,1.1684543330409125,-0.2902941198844599,31.39719261125967,0,20,0,0,3,4.0,2024,1.4083539743301232,0,0.08038730015762016,0.4184868272911434,0,0.08038730015762016,0.22855212789912738,0,0.08038730015762016,0.230128349470844,0
2024-11-26 16:30:00,2024-11-27 01:30:00,short,2622.5,2633.83,stop,-19.594613949876127,9467.88299511413,-1.032656663724619,0.2612533097970025,3.186231244483705,1.416462890999982,0.5391999999999826,2.2065313327449263,1.4457193292144854,6,0.7465723657784241,0.418644842441529,29.87115815148656,1,16,1,0,4,1.5,2024,0.2586054721976909,0,0.2506619593998365,-0.021182700794332026,0,0.25595763459841947,-0.10414827890554608,1,0.7652250661959469,-0.7634598411297525,0
2024-11-27 02:15:00,2024-11-27 04:00:00,short,2629.34,2633.2957142857144,stop,-20.70693370112357,9447.176061413007,-1.0935355724088116,0.5359335500180284,1.8959913326110471,0.4982054602736697,0.9893048128342335,0.945467677861987,-1.8555435175153816,8,0.5328352344388695,0.3540920400876279,28.664223244434208,1,2,2,0,5,0.75,2024,0.5738533766702724,0,0.25785482123509784,0.3084145901047947,0,0.25785482123509784,0.34633441675703863,1,0.83929216323575,-0.3387504514264289,0
2024-11-29 08:00:00,2024-11-29 09:30:00,long,2665.93,2659.8642857142854,stop,-20.046880902810173,9427.129180510196,-1.0609985869053329,0.5704192180876113,2.4663212435232933,0.7635257320174906,0.9170616113743264,1.3914272256241846,3.1257654262835306,2,0.6632552741094634,0.0422191340181843,25.82983081340461,0,8,4,1,6,52.0,2024,0.0065944418275963755,1,0.6924163918982191,-0.3956665096560824,1,0.6924163918982191,-0.24234573716435423,1,0.7748469147432488,-0.6528497409326409,1
2024-11-29 11:45:00,2024-11-29 15:15:00,long,2664.16,2656.7657142857142,stop,-19.797699805282868,9407.331480704914,-1.0500386398763346,0.2542503863987772,2.34505409582678,0.9220950524535112,0.8786610878661175,1.292890262751085,0.4841576506955059,3,0.6829011695969125,0.0833696920654158,25.82983081340461,0,12,4,1,7,2.25,2024,0.23125965996909206,1,0.1852782071097217,-0.16499227202470176,1,0.3854327666151329,-0.21367851622873735,1,0.3854327666151329,-0.18798299845438693,1
2024-12-09 11:45:00,2024-12-09 16:45:00,long,2655.63,2673.557142857143,target,55.27903604965975,9462.610516754574,2.938082715754242,0.2911785799664951,3.671527611761985,0.8840397849604406,0.5506172839506589,1.3554864929475563,5.793449677265112,1,0.52036926082223,-0.0059057363495429,19.539440781883364,0,12,0,1,8,236.5,2024,3.2816160650250525,0,0.0016734401147867099,0.14224240975375027,0,0.0016734401147867099,0.36313650490080174,0,0.3581161845565938,0.3146067415730525,0
2024-12-09 17:00:00,2024-12-09 17:45:00,long,2676.06,2667.764285714286,stop,-19.769311312082653,9442.841205442492,-1.0446013432064518,0.1976924401584714,5.289478215946243,1.232846539054547,0.9662447257384258,1.142758739452347,4.327535732736364,2,0.8306963338613291,0.0672075308590924,19.539440781883364,0,17,0,1,0,0.25,2024,0.04098501808164369,1,0.5713793697261735,-0.4592732908558629,1,0.7401412088858216,-0.4399862235233505,1,1.1319097640778362,-0.9872567590838836,1
2024-12-10 02:45:00,2024-12-10 03:30:00,long,2664.95,2661.11,stop,-20.705396601516927,9422.135808840974,-1.096354166666656,1.7239583333334143,1.937500000000019,0.5878306159956425,0.8861003861003544,2.697916666666753,2.4739583333334907,4,0.5543734050416845,0.192339297557198,18.146556152701564,1,3,1,1,1,9.0,2024,0.4609375000000246,0,0.5312500000000243,-0.2031249999999466,0,0.5312500000000243,-0.0937499999999207,0,1.1354166666666536,0.6484375000001028,0
2024-12-10 03:45:00,2024-12-10 10:00:00,long,2667.44,2662.0457142857144,stop,-20.136820968577243,9401.998987872395,-1.0685911016949292,0.2669491525424754,3.2627118644067776,0.8268635771813031,0.8031999999999971,2.317266949152613,3.5630296610171044,5,0.7616934706809297,0.2305681230064582,18.146556152701564,1,4,1,1,2,0.25,2024,1.1753177966102322,0,0.2391419491525429,0.18352754237284646,0,0.2391419491525429,0.11122881355930854,0,0.2391419491525429,0.2947563559322393,0
2024-12-10 12:15:00,2024-12-10 16:30:00,long,2668.42,2686.094285714286,target,55.23104449083274,9457.23003236323,2.937196896217233,0.2919495635305912,2.1590688651794445,0.8988196725777833,0.7601156069364398,1.1745877788554728,-0.4311348205625472,7,0.5794168587861694,0.2943984006222866,18.146556152701564,1,12,1,1,3,2.25,2024,3.639185257031956,0,0.018671193016510147,0.9148884578079165,0,0.018671193016510147,1.210232783705139,0,0.018671193016510147,0.5109117361784188,0
2024-12-10 18:45:00,2024-12-11 06:45:00,long,2692.25,2683.78,stop,-19.74071156696334,9437.489320796269,-1.0436835891381195,0.0779220779220613,2.56434474616298,1.270042444530024,0.9257294429707688,0.8902007083825296,3.421487603305762,8,1.074663896043095,0.3116123871464982,18.146556152701564,1,19,1,1,0,2.25,2024,1.432113341204275,0,0.09681227863048059,0.14403778040139434,1,0.19008264462811578,-0.1475796930342397,1,0.20897284533648128,0.24793388429751198,0
2024-12-11 12:00:00,2024-12-12 02:45:00,long,2698.39,2723.3842857142854,target,55.78669527522799,9493.276016071495,2.95558984910836,0.5353223593964405,2.333333333333297,1.2293498853369134,0.8747514910536612,1.2074759945130855,1.500342935528128,13,1.188878360979042,0.5333736778343923,17.407188303506434,1,12,2,1,1,5.25,2024,3.138717421124855,0,0.1500342935528128,0.09602194787382204,1,0.7153635116598158,-0.70576131687239,1,0.7177640603566587,-0.4765089163237095,0
2024-12-12 06:15:00,2024-12-12 15:00:00,long,2712.89,2704.5014285714287,stop,-19.824003833287836,9473.452012238207,-1.0441076294277702,0.3337874659400799,1.869209809264252,1.2191478041965191,0.8872727272727471,0.6556539509536857,-1.912125340599472,17,1.3251306256722228,0.5805446438506001,17.384277044522428,1,6,3,1,0,3.5,2024,0.9024182561308197,0,0.05126021798363228,0.0,0,0.16689373297003995,-0.01430517711170377,0,0.16689373297003995,0.0941757493187978,0
2024-12-13 15:45:00,2024-12-17 11:30:00,short,2662.22,2638.854285714286,target,52.51664421561817,9525.968656453826,2.771779713866441,0.0410858400587741,2.7219369038885044,1.1090918954106357,0.433476394849795,1.1966250917094474,1.7384446074835171,2,0.6778754739860627,0.0316478114926299,17.48434479673046,0,16,4,0,1,24.75,2024,3.094277329420437,1,0.22725605282465303,-0.1630594277329425,1,0.22725605282465303,0.06162876008804447,1,0.22725605282465303,0.26320616287597826,0
2024-12-17 15:45:00,2024-12-17 19:30:00,short,2636.97,2643.871428571428,stop,-20.073351464023848,9505.895304989805,-1.0536120885944855,0.2984889256883272,2.570482301800889,1.0579382321890616,0.7267080745341903,2.332850341544293,0.8027323535500004,14,1.0336899823632213,0.2949315267759878,15.710868989551445,0,16,1,0,0,4.25,2024,0.5651003932932726,0,0.4404885116953706,0.31732560546465544,1,0.6013247774788081,-0.5795901469675131,1,0.7244876837093914,0.04057131028768902,0
2024-12-17 22:45:00,2024-12-18 02:00:00,short,2643.57,2647.8100000000004,stop,-20.670838375473014,9485.22446661433,-1.0872641509433911,0.5283018867923719,2.051886792452673,0.6505368856295837,0.7294685990338048,0.9764150943394307,-2.198113207547193,15,0.6455157515985929,0.2909168904861259,15.710868989551445,0,23,1,0,1,3.25,2024,0.007075471698160004,0,0.323113207547126,-0.16981132075466032,0,0.323113207547126,-0.2499999999999732,1,0.721698113207494,-0.6816037735848376,1
2024-12-18 16:15:00,2024-12-18 21:00:00,short,2638.77,2622.724285714286,target,55.59902140606806,9540.823488020398,2.9308226495726597,0.8151709401708976,2.550213675213795,0.8725437978513437,0.9266055045872224,1.2227564102564314,3.5560897435899066,20,0.5495781615285535,0.2145971684652026,14.636168082991029,1,16,2,0,2,14.25,2024,4.395566239316295,0,0.21501068376070567,-0.005608974359011897,0,0.21501068376070567,0.14770299145298804,0,0.21501068376070567,0.4225427350427005,0
2024-12-18 21:45:00,2024-12-19 03:45:00,short,2604.47,2616.1528571428566,stop,-19.68596912898675,9521.137518891412,-1.0316703350452268,1.6793837123992026,4.396184886280274,1.9225210461847817,0.967213114754098,2.5062362435804157,5.775984348251496,21,0.7981624344965585,0.2249462602013086,14.636168082991029,1,22,2,0,0,0.75,2024,1.8668378576669227,0,0.4117143555882012,-0.2097089752996094,0,0.4117143555882012,0.7207141110295651,0,0.4117143555882012,1.0211543164587866,0
2024-12-19 08:00:00,2024-12-19 08:30:00,short,2605.29,2612.1428571428573,stop,-20.070407044200877,9501.067111847213,-1.05399207838234,0.3443819053574622,1.5613925370023762,1.0675172583255068,0.572016460905376,1.4183864915572395,1.7248280175108763,24,1.5290705793555777,0.5004298594648793,14.965192438255544,1,8,3,0,1,4.25,2024,0.007296226808448366,1,0.6406087137794174,-0.5486762559933529,1,1.3060245987074797,-1.2374400667083436,1,1.4140087554721572,-1.3527204502814032,1
2024-12-19 13:30:00,2024-12-19 16:30:00,short,2616.85,2594.397142857143,target,56.06699576825109,9557.134107615462,2.9505630845581123,0.1389578163771679,2.418400458102767,1.1590713306928937,0.7719298245614525,0.9139148692497648,-0.2511929757587499,25,0.9523353593435768,0.5327274838639151,14.965192438255544,1,13,3,0,2,5.0,2024,3.0183241076541245,0,0.26054590570723535,0.008016797098675752,0,0.26054590570723535,0.2632181714067332,0,0.26054590570723535,1.1023096010689184,0
2024-12-19 16:45:00,2024-12-20 03:30:00,short,2592.57,2602.075714285714,stop,-19.85827114095177,9537.27583647451,-1.0389239555154928,0.3555755936279022,4.435226931169178,1.4559590971915874,0.8457711442785203,0.8458070333633813,5.670273519687332,26,1.7653220559114853,0.6141332156869073,14.965192438255544,1,17,3,0,0,0.25,2024,0.589119326720804,0,0.3513675984369956,-0.00841599038171757,0,0.3513675984369956,0.23775172828376057,0,0.3513675984369956,0.43552750225431486,0
2024-12-20 13:00:00,2024-12-20 15:30:00,short,2602.14,2607.022857142857,stop,-20.519931685614896,9516.755904788895,-1.0757753071971632,0.4014043300175528,1.8308952603862552,0.7635266008490611,0.7925696594427031,1.3229959040374275,1.626097132826283,31,0.9644836101197882,0.5757358492056941,15.294132636421672,1,13,4,0,1,9.5,2024,0.40754827384429987,0,0.047103569338797315,0.12287887653596466,0,0.30514921006440693,-0.13516676418964493,1,0.5406670567583935,-0.2703335283791968,0
2024-12-30 15:45:00,2024-12-31 10:30:00,short,2606.69,2615.171428571429,stop,-19.86384355266055,9496.892061236234,-1.0436247262927554,1.3629779349839306,2.3793161529392157,1.6997215800511116,0.9654747225647108,1.912413676941235,1.438436921003844,3,0.5926048488873578,0.0942312467897887,14.309930610315662,1,16,0,0,2,240.25,2024,1.243894222671397,0,0.6496547077648327,-0.6060299814721054,0,0.8347650328448577,-0.6649823143001327,0,0.8347650328448577,-0.564763348492497,0
2025-01-02 04:00:00,2025-01-02 16:30:00,long,2634.72,2649.5957142857137,target,55.56406913845658,9552.45613037469,2.925381734370458,0.0887352348025709,5.162777297608894,1.0200804147229734,0.9513274336282572,0.911552866608962,4.380293863439852,3,0.5074656506038948,0.0088397146647434,14.40749384831901,0,4,3,1,3,41.5,2025,3.1037165082109937,0,0.1573033707864674,0.19562085854226058,1,0.4093921060212731,-0.2722558340535718,1,0.48602708153267604,-0.31662345145485726,0
2025-01-02 17:30:00,2025-01-03 17:15:00,long,2652.03,2643.2457142857147,stop,-19.909623965991425,9532.546506408698,-1.0421206700276402,0.2276792974467434,3.4060822898032903,1.7374933994535646,0.6873822975518132,1.2089770694421953,2.247194665799437,6,0.7578223540222802,0.1924847688751674,14.40749384831901,0,17,3,1,0,1.0,2025,1.512928931533606,0,0.06716539274680589,0.23337127988288098,0,0.2413400552935874,0.1821434379573844,0,0.2413400552935874,0.6124573101317006,0
2025-01-07 15:45:00,2025-01-07 17:00:00,long,2662.29,2655.22,stop,-20.06284186921677,9512.48366453948,-1.0523338048090607,0.0707213578500697,5.677510608203645,1.2345622550905022,0.5570776255707748,1.2390381895332525,5.909476661951791,6,0.9332233667252854,0.1256988057841912,12.56334232498678,0,16,1,1,1,94.5,2025,0.09759547383310395,1,0.5247524752475226,-0.5120226308344894,1,0.9264497878359392,-0.28854314002827935,1,0.9264497878359392,-0.5205091937764901,1
2025-01-08 15:45:00,2025-01-08 19:30:00,long,2660.18,2653.352857142857,stop,-20.056033773572207,9492.42763076591,-1.0541954383762489,0.2490060682150836,3.954802259887046,1.1970930602710872,0.9589743589742806,1.1424984306340622,1.9363883657668208,12,0.6667418838641767,0.1895235099416359,11.825469982063812,1,16,2,1,2,22.75,2025,1.4544883866918341,0,0.02783008997699091,0.3295668549905872,0,0.02783008997699091,0.3705796191672229,0,0.02783008997699091,0.18309269721699287,0
2025-01-09 12:30:00,2025-01-10 16:00:00,long,2668.45,2685.8414285714284,target,52.23381637709496,9544.661447143004,2.751341301133544,0.5450961064563522,2.2217841301133543,0.9939363879487172,0.9599999999999664,1.1212419911286242,1.4972893050762717,17,0.6591265486248759,0.2356469535519156,11.352907056974924,1,12,3,1,3,17.0,2025,3.0963528831937097,0,0.2915229176933733,-0.17422375554456082,0,0.5571710202069965,-0.12419911286344387,0,0.5571710202069965,0.0983242976836153,0
2025-01-10 16:15:00,2025-01-13 03:15:00,long,2689.17,2679.71,stop,-24.16034300208712,9520.501104140916,-1.2656469344608872,0.5856236786469283,4.727272727272736,1.643608662535798,0.8218859138533411,1.8160676532768836,1.697674418604687,24,0.9403556732777268,0.3156735985146319,11.205992443963874,1,16,4,1,0,0.25,2025,0.9175475687103386,1,0.5211416490486546,-0.3551797040169254,1,0.7251585623678753,-0.10887949260044356,1,0.7251585623678753,0.594080338266371,0
2025-01-15 15:45:00,2025-01-15 16:15:00,long,2693.56,2686.3214285714284,stop,-20.014284144722875,9500.486819996191,-1.051115058219872,0.0524965462798654,3.108348134991142,1.2130848933981877,0.9222357229647788,2.2739293467535253,2.1247286362739604,6,0.8467356384503133,0.1721532910023304,12.023793168483746,1,16,2,1,1,60.5,2025,0.3412275508190628,1,0.8150779553976899,-0.6852180777580524,1,1.078942174856918,-0.5539767120583887,1,2.128873100453913,-1.5956187092954153,0
2025-01-15 19:00:00,2025-01-16 19:30:00,long,2691.25,2724.275714285714,target,54.5148511745514,9555.001671170745,2.86905567090578,0.1271736309369,2.5089540617701385,1.7945196241623076,0.5671641791045201,0.6086166623410204,0.9955878536205652,6,0.8467356384503133,0.1721532910023304,12.023793168483746,1,19,2,1,2,2.75,2025,3.043083311705185,0,0.2588891772644627,-0.04087723851542626,0,0.2588891772644627,0.14443290942124437,0,0.2588891772644627,0.20711134181159493,0
2025-01-17 18:00:00,2025-01-17 20:15:00,long,2716.47,2708.652857142857,stop,-20.01451556194413,9534.9871556088,-1.0473318713450217,0.3044590643273866,3.2364766081871967,1.2885842822310245,0.9203821656050925,0.8033625730993923,2.202850877192925,18,0.5233888632930398,0.3786490209606086,14.309731887866525,1,18,4,1,0,22.5,2025,0.10873538011700691,1,0.27759502923972057,-0.19572368421049607,1,0.27759502923972057,0.024305555555562828,1,0.6652046783625578,-0.5219298245614005,1
2025-01-21 03:45:00,2025-01-21 17:45:00,long,2718.0,2740.41,target,56.26535927968368,9591.252514888483,2.9504685408299944,0.4524765729585195,3.646586345381531,1.3205677885887583,0.733333333333315,1.3253012048193626,2.1686746987951766,27,0.7247526557594389,0.197146407794535,16.463491260611764,1,4,1,1,1,79.5,2025,3.005354752342708,0,0.021419009370797323,0.34805890227576086,0,0.021419009370797323,0.46854082998661756,0,0.021419009370797323,0.9344042838018854,0
2025-01-21 18:15:00,2025-01-24 04:00:00,long,2741.05,2764.518571428572,target,51.38531400223205,9642.637828890716,2.6787593133674004,0.1457268078890101,4.075237399561688,1.3295807021413202,0.1916666666666927,1.2271731190649262,3.898831263696081,30,0.857083696605049,0.2855995123864252,16.463491260611764,1,18,1,1,0,0.5,2025,3.621439006574088,0,0.1610664718773086,0.02173119065006047,0,0.1610664718773086,0.2543827611394869,0,0.1610664718773086,0.48064280496709316,0
2025-01-24 04:30:00,2025-01-27 01:00:00,long,2772.75,2766.9557142857143,stop,-27.649427137925063,9614.988401752791,-1.4337066074950695,0.4176528599605654,5.964497041420039,1.0211582127003782,0.8915441176470331,1.8777120315582068,6.547830374753391,45,1.0028619348041583,0.3288697727342971,21.23252852312987,1,4,4,1,0,0.5,2025,2.2850098619329042,0,0.10700197238656908,0.2744082840236941,0,0.10700197238656908,0.39866863905324557,0,0.3020216962524659,-0.04832347140042907,0
2025-01-27 12:15:00,2025-01-27 15:00:00,long,2767.49,2758.792857142857,stop,-20.04807207159135,9594.9403296812,-1.042542706964505,0.4093298291720795,3.7759526938238976,1.4695752009184972,0.8796992481202429,1.2233902759527202,3.39421813403408,53,0.5362317179855358,0.3279234992359381,23.08425644318465,1,12,0,1,1,11.25,2025,0.5243101182654814,0,0.10348226018392567,0.02529566360055467,0,0.10348226018392567,0.07358738501974788,0,0.2748028909329657,0.10578186596584181,0
2025-01-29 02:30:00,2025-01-29 06:00:00,long,2764.46,2761.904285714286,stop,-21.968069083494893,9572.972260597704,-1.1447736165455027,0.062604807154777,1.698155394074928,0.4477086682033179,0.899224806201463,1.009502515371669,0.3521520402457986,3,0.5358405234116335,0.0370459255590427,24.212098765843084,1,2,2,1,2,35.5,2025,0.6690888764673021,1,0.2817216321968524,-0.17607602012289933,1,0.2817216321968524,0.2817216321966745,1,0.2817216321968524,-0.007825600894347126,0
2025-01-30 12:00:00,2025-01-30 17:45:00,long,2776.62,2795.408571428572,target,56.30672050907277,9629.278981106776,2.940921532846746,0.0287408759123099,3.608576642335812,1.1184963401922965,0.9793103448276024,0.9260948905108296,4.87317518248166,12,0.7102049836907047,0.1253454313325352,24.747487573099438,1,12,3,1,3,30.0,2025,3.230155109489043,0,0.030337591240884525,0.22034671532848385,0,0.030337591240884525,0.25387773722629975,0,0.030337591240884525,0.1995894160583935,0
2025-01-31 09:15:00,2025-01-31 10:00:00,long,2799.97,2795.851428571428,stop,-20.98868855958261,9608.290292547194,-1.0898369753729056,1.6850502948316528,2.1269510926118875,0.7393725612978208,0.992537313432786,1.952133194588935,1.5442247658687864,17,1.0674289535117274,0.4536934412958215,26.014521416964826,1,9,4,1,0,15.5,2025,0.2452306625043855,0,0.6361429066943806,-0.5317377731528614,0,0.6361429066943806,-0.41762053416574535,1,1.6000693721816588,-1.5175164758931465,1
2025-01-31 13:15:00,2025-01-31 17:00:00,long,2796.7,2813.474285714285,target,56.37812847691266,9664.668421024106,2.933827286663224,0.0929994890137134,1.9279509453244597,1.0085457330117205,0.7795918367346923,0.8763413387838008,-1.169647419519684,18,0.9382708189990654,0.4697677165033997,26.014521416964826,1,13,4,1,1,3.25,2025,3.657383750638836,0,0.11624936126718245,0.09299948901379476,0,0.11624936126718245,0.6349003576903843,0,0.11624936126718245,1.5434338272867059,0
2025-02-03 13:00:00,2025-02-03 16:45:00,long,2801.93,2825.5485714285714,target,57.079591320539706,9721.748012344646,2.953003084739628,0.281981491562246,1.9916530575213531,1.3076529890920132,0.6340694006308975,1.61059698784253,3.4853928506622527,24,0.7071104871228848,0.3277078219868556,27.556753783964343,1,13,0,1,0,68.0,2025,3.645436399927444,1,0.43440391943381,-0.4064598076573884,1,0.4509163491199062,-0.21466158591907739,1,0.4509163491199062,-0.053347849754986736,0
2025-02-04 02:45:00,2025-02-04 08:15:00,long,2817.29,2813.114285714286,stop,-21.166337444598547,9700.581674900048,-1.0886075949367129,0.5124871707151208,1.906260691070914,0.6958650526496084,0.8156424581005955,0.8573383510092591,-0.4885391720834897,27,1.1137142624361398,0.3342563570063017,28.053857917607395,1,3,1,1,0,10.0,2025,1.7625726992816717,0,0.3256927813890294,-0.13410879233663356,0,0.3256927813890294,0.7926787547040945,0,0.3256927813890294,1.45603831679786,0
2025-02-04 10:15:00,2025-02-04 16:30:00,long,2817.01,2838.7514285714287,target,57.212971360734976,9757.794646260783,2.948945397200858,0.2621722846442699,2.439582101320757,1.2016397301462487,0.57894736842109,1.4157303370786811,-0.874827518233681,29,0.9878589702485998,0.4576673150985977,28.053857917607395,1,10,1,1,1,2.0,2025,3.315789473684174,1,0.6747486694264199,-0.5891977133846451,1,0.7285629804849475,-0.25665286812538707,1,0.7285629804849475,-0.004139562389146472,0
2025-02-04 17:00:00,2025-02-04 17:30:00,long,2843.32,2834.01,stop,-20.29118199265401,9737.50346426813,-1.039742212674544,0.4017185821697865,4.852846401718544,1.5034496348505495,0.8026315789474089,1.142857142857087,6.255639097744472,31,1.3741498427235657,0.500074391852845,28.053857917607395,1,17,1,1,0,0.5,2025,0.22986036519869874,0,0.35016111707843584,0.035445757250260924,1,1.0343716433942176,-0.8066595059076543,1,1.1568206229860414,-0.617615467239531,1
2025-02-05 02:30:00,2025-02-05 03:00:00,long,2847.17,2843.3185714285714,stop,-21.345936748451606,9716.157527519676,-1.096068249258177,1.2359050445104407,2.1965875370919945,0.6107443777470584,0.7922794117646879,2.824925816023763,1.8902077151334624,33,1.516891420094398,0.5585515898719251,28.841684033816293,1,2,2,1,1,9.0,2025,0.4595697329376801,0,0.8074925816024058,-0.4907270029673253,0,1.1216617210682902,-0.456973293768602,1,1.8720326409495618,-1.8201038575668198,0
2025-02-05 04:00:00,2025-02-05 12:30:00,long,2852.44,2873.1228571428574,target,57.254058799752485,9773.41158631943,2.946332366348953,1.015333609614583,2.668876916701269,1.090844362737021,0.8526422764227781,2.8545379196020524,2.8400331537504946,34,1.5113197048677087,0.5720521502772247,28.841684033816293,1,4,2,1,2,1.0,2025,3.566721922917535,0,0.24513054289267155,-0.20161624533773445,0,0.6715706589308044,-0.4641525072524204,0,0.6715706589308044,0.01595524243681906,0
2025-02-05 16:45:00,2025-02-05 21:00:00,long,2871.07,2862.992857142857,stop,-20.44222946936971,9752.96935685006,-1.0458082773258122,0.032189600283013,3.0555359037850183,1.2022672753490058,0.8159437280187859,2.1121330031835592,0.799787760877273,37,1.700256940123679,0.7326945505333748,28.841684033816293,1,17,2,1,0,4.25,2025,1.3915811814644463,0,0.022285107888257136,0.36275203395824546,0,0.022285107888257136,0.6871241598867835,0,0.022285107888257136,1.1229218252564384,0
2025-02-06 01:15:00,2025-02-06 08:45:00,long,2868.63,2862.5600000000004,stop,-20.69493333051484,9732.274423519544,-1.060955518945603,0.151565074135105,2.701812191103922,0.8776575830678794,0.949416342412412,0.8467874794069867,-0.5205930807248608,39,1.632065469065459,0.7598911482442183,30.2576019559458,1,1,3,1,1,4.25,2025,0.7710049423393592,0,0.19110378912690737,-0.03953871499180235,0,0.19110378912690737,0.09555189456341621,1,0.2322899505766609,-0.14497528830315043,0
2025-02-06 12:15:00,2025-02-06 16:45:00,long,2860.4,2852.1971428571437,stop,-20.342521356858224,9711.931902162683,-1.0451062347613924,0.092650644374811,2.735632183908059,1.1744637984880022,0.82000000000005,0.975269940787204,-2.155346569139646,42,1.076964937964002,0.6680052227820532,30.2576019559458,1,12,3,1,2,3.5,2025,1.2020202020202446,0,0.10849878091256093,-0.024381748519713364,1,0.29501915708813814,-0.15116684082204546,1,0.29501915708813814,-0.01950539881578178,0
2025-02-06 21:45:00,2025-02-07 05:00:00,long,2853.85,2870.002857142857,target,56.9368127647081,9768.868714927394,2.931281507031017,0.0557176970018923,1.7495356858583713,0.7374032247940003,0.899053627760203,1.1775006633059706,1.1737861501724325,44,0.7187582534559682,0.525302074086853,30.2576019559458,1,22,3,1,3,5.0,2025,3.1109047492704343,0,0.0055717697001385555,0.5200318386840467,0,0.0055717697001385555,0.11700716370392317,0,0.0055717697001385555,0.3380206951446388,0
2025-02-07 10:45:00,2025-02-07 15:15:00,long,2866.6,2860.7542857142857,stop,-20.77436352817605,9748.094351399215,-1.0632942326490489,0.0444770283480333,2.5659824046920776,0.8241221548283603,0.9589442815249622,1.1666666666666148,0.0239491691103598,47,0.8716159173581499,0.3810787208906152,31.30590725723553,1,11,4,1,0,5.75,2025,0.6911045943303934,0,0.17277614858255944,0.19159335288365645,0,0.17277614858255944,0.4926686217008976,0,0.17277614858255944,0.41226783968724673,0
2025-02-07 16:15:00,2025-02-07 18:30:00,long,2873.29,2863.272857142857,stop,-20.216313185688705,9727.878038213528,-1.036936679977195,0.5270964061608425,3.619794637763861,1.3935434507275215,0.816914498141244,2.148317170564793,1.385624643468353,49,0.7620328851488659,0.3664204741091081,31.30590725723553,1,16,4,1,1,1.0,2025,1.348687963491182,0,0.18468339988590107,0.38733599543640623,0,0.18468339988590107,0.3034797490017082,0,0.18468339988590107,0.9713348545350861,0
2025-02-10 01:15:00,2025-02-10 08:45:00,long,2869.68,2889.891428571428,target,57.298769326864445,9785.176807540392,2.945080576759937,1.7485156912637505,2.85877862595424,0.9032002706791856,0.9737569060773398,2.14927905004235,1.896946564885464,51,0.6019735369665905,0.3467579860254144,32.51974358767867,1,1,0,1,2,54.75,2025,3.367896522476694,0,0.44380831212889177,0.05343511450383586,0,0.44380831212889177,-0.3250636132315613,0,0.5773960983884477,-0.3666242578456033,0
2025-02-10 09:30:00,2025-02-10 15:15:00,long,2893.75,2910.7942857142857,target,57.436552022937626,9842.613359563333,2.934875534322354,0.4541111390495222,5.773195876288694,0.79051167343937,0.430678466076723,1.1933618305254774,7.163691224541083,53,1.107252979824615,0.3537822164587423,32.51974358767867,1,9,0,1,0,0.75,2025,3.025647472969586,0,0.48051294945939493,0.33266281116417185,0,0.48051294945939493,0.0880060346995223,0,0.48051294945939493,0.6266029670605892,0
2025-02-10 22:45:00,2025-02-11 02:45:00,long,2907.38,2923.7942857142857,target,57.7244859745454,9900.337845537875,2.932375979112236,0.1681462140992292,1.6449086161879818,0.7641135945634275,0.989159891598926,1.348825065274165,2.3174934725848986,56,1.5812992072306815,0.5358317486797715,32.51974358767867,1,23,0,1,0,7.5,2025,3.2075718015665147,1,0.3710182767624369,-0.24856396866842942,1,0.3710182767624369,0.10417754569185232,1,0.3710182767624369,0.6981723237597346,0
2025-02-11 03:00:00,2025-02-11 04:30:00,long,2930.18,2922.0528571428567,stop,-20.702130253211514,9879.635715284663,-1.0455264545614495,1.2919669537704164,4.702759711724235,1.1639366831947755,0.9014567266495216,2.871857971523972,6.378625417472133,57,1.63378005075044,0.6090847032084401,34.050238604969,1,3,1,1,0,0.25,2025,1.5319036737563845,0,0.3457549657233142,-0.2460889435753174,0,0.3519071893126636,0.20056248901389712,0,0.3519071893126636,1.1529267006504045,0
2025-02-11 08:00:00,2025-02-11 08:30:00,long,2926.27,2916.402857142857,stop,-20.500208349711865,9859.135506934954,-1.0374981902417837,0.1094541769219556,2.193137396843809,1.3510679613233134,0.5143288084464603,1.3438540610973642,-2.691761980599426,59,1.8461395885987235,0.7627458729072334,34.050238604969,1,8,1,1,1,3.5,2025,0.032430867236153765,1,0.5270015925872107,-0.42464166787317664,1,1.0955552338207535,-0.867525698566664,1,1.3945272911538746,-0.8127986101056861,1
2025-02-11 18:15:00,2025-02-11 22:30:00,long,2906.88,2894.321428571429,stop,-20.299209723071325,9838.836297211885,-1.0294619497212905,0.0254806051644219,2.519394835627304,1.640672477887153,0.4228187919463794,0.4745762711864443,1.160960072801725,61,0.8235861178816153,0.6568483983126372,34.050238604969,1,18,1,1,2,9.75,2025,0.03264702536684093,1,0.2802866568080982,-0.23967694232739806,1,0.36548743032648245,-0.35911727903539503,1,0.5741098851097752,-0.11625526106245332,1
2025-02-12 23:45:00,2025-02-13 07:00:00,long,2903.93,2920.1771428571437,target,57.68864500512446,9896.524942217007,2.931680295436575,0.0369295700342569,3.811131627538678,0.6769081285295391,0.73282442748072,0.483777367449354,0.4136111843840139,69,0.7522773183029883,0.196306128527679,35.88472606228969,1,0,2,1,3,25.25,2025,3.033764178317023,0,-0.035083091532586104,0.04800844104461803,1,0.3803745713531827,-0.3582168293326285,1,0.6388815615932334,0.3582168293326285,0
2025-02-13 07:15:00,2025-02-13 07:45:00,long,2922.38,2916.88,stop,-21.124582331204785,9875.400359885802,-1.0672727272727147,0.7345454545454393,4.996363636363664,0.7025408560962234,0.8469055374593341,1.1163636363635174,7.254545454545468,70,0.7733901189412659,0.2123151694251923,36.76813227171479,1,7,3,1,0,0.25,2025,0.01818181818180143,0,0.3981818181818234,-0.2763636363636298,1,1.0581818181818354,-0.7654545454545431,1,1.4327272727272757,-1.1563636363636458,1
2025-02-13 17:45:00,2025-02-14 17:15:00,long,2920.46,2909.762857142857,stop,-20.43395475107793,9854.966405134724,-1.0345886752136817,0.1009615384615327,2.634348290598346,1.3436210299658935,0.880281690140894,0.7964743589743233,0.4636752136752221,73,0.668215910383017,0.3493778635627498,36.76813227171479,1,18,3,1,1,10.0,2025,1.8313301282051615,0,0.1617254273504308,-0.04674145299145349,1,0.35897435897437646,-0.2421207264957427,1,0.6945779914529836,-0.6038995726495825,0
2025-02-18 16:15:00,2025-02-19 11:15:00,long,2923.12,2943.3528571428574,target,58.04848671764208,9913.014891852366,2.9451387417920127,0.2075831391653749,3.176022029231073,0.8899536187944116,0.9944237918215244,1.5954246981571858,3.941114170726489,3,0.5811594815348105,0.0863557300708306,37.95749517224661,1,16,1,1,2,95.0,2025,3.469603897479325,0,0.12751535691585777,0.14975640754080605,0,0.12751535691585777,0.6805761491209634,0,0.12751535691585777,0.48040669349717047,0
2025-02-20 02:00:00,2025-02-20 03:30:00,long,2939.21,2934.762857142857,stop,-21.475545271651608,9891.539346580716,-1.0831994860263263,1.227754577577903,1.897847735303469,0.6261631291059171,0.7966101694915287,2.122711211050541,6.516543527144318,11,0.6128555048840687,0.3299934280675654,39.21750813291638,1,2,3,1,0,14.75,2025,0.6993254095727856,0,0.14616125923548412,-0.05846450369423455,0,0.14616125923548412,0.2338580147767337,0,0.14616125923548412,0.34853838740768506,0
2025-02-20 05:00:00,2025-02-20 15:45:00,long,2943.74,2937.314285714285,stop,-20.92221105899768,9870.617135521718,-1.0575811471765526,0.4419742107602143,2.6331702979101657,0.9341321406892104,0.8915662650601931,1.0333481547353365,3.031569586482781,12,0.6923468170320908,0.3049947576220901,39.21750813291638,1,5,3,1,1,1.5,2025,1.7289906625166755,0,0.1789684304134586,-0.09493108048016147,1,0.37349933303684474,-0.2645620275677768,1,0.5867052023121297,-0.5026678523787618,0
2025-02-21 01:15:00,2025-02-21 03:45:00,long,2940.44,2935.7342857142858,stop,-21.29344425167496,9849.323691270043,-1.0786278081360046,0.0722525804493325,2.465088038858604,0.6743574258135175,1.0,0.7735276259867107,-0.1105039465694196,17,0.5242568053588782,0.2962714383095255,39.9842852001272,1,1,4,1,2,9.5,2025,1.9784456587735129,0,0.0,0.3591378263509521,0,0.0,0.2380085003035587,1,0.690649666059501,-0.38463873709774127,0
2025-02-24 13:45:00,2025-02-24 16:15:00,long,2947.66,2940.387142857143,stop,-20.70079817257683,9828.622893097468,-1.0508740915340715,0.2447456295422974,3.258691809074852,1.0652846958178912,0.8492063492063139,1.039481437831535,1.0422313887252035,26,0.5321701475636114,0.126810027301838,40.34006001954398,1,14,0,1,3,82.0,2025,1.1742290316244441,1,0.28461991750143656,-0.17462188175211113,1,0.28461991750143656,-0.0976232567275646,1,0.3093694755450832,-0.15262227460219602,0
2025-02-26 15:45:00,2025-02-26 17:30:00,short,2905.91,2912.1257142857144,stop,-20.82737372428437,9807.795519373183,-1.0595265456217269,1.1293955412549483,1.956331877729224,0.8195121491828556,0.9384116693679614,1.9852907377613007,2.3006205470007077,6,0.7303948123780473,0.2478806327573468,39.70163338418942,0,16,2,0,4,47.5,2025,2.432544242702797,0,0.05470006894968988,1.5541254883934414,0,0.05470006894968988,1.7487933808319662,0,0.05470006894968988,0.6998391174442475,0
2025-02-27 10:00:00,2025-02-28 10:15:00,short,2885.33,2855.287142857143,target,57.20303975355847,9864.99855912674,2.9162027104136814,0.5252496433666416,2.0750356633380656,1.3184772152419495,0.8560700876095048,1.5957203994294358,3.926390870185425,10,1.0985301657538458,0.2414348940463551,38.69153528722647,0,10,3,0,5,16.5,2025,3.1564907275321135,0,0.38245363766047824,0.3005706134093919,0,0.38245363766047824,0.13480741797431348,0,0.38245363766047824,-0.15577746077032284,0
2025-02-28 10:30:00,2025-02-28 11:00:00,short,2852.24,2858.755714285714,stop,-20.850380642398576,9844.148178484344,-1.0567857925893236,0.4542863407147553,3.9320324490244096,0.8178922522746098,0.9980000000000472,1.5347511510633438,3.3119929839948243,16,1.5331946918620754,0.4990260896181819,36.82239144516097,0,10,4,0,0,0.25,2025,0.19030914273182112,1,0.790396842797636,-0.593948695461567,1,1.3812760359570093,-1.2247314185485512,1,1.8585836439377288,-1.3751370313527616,1
2025-02-28 14:30:00,2025-02-28 16:45:00,short,2856.34,2836.4885714285715,target,57.96401066925402,9902.112189153597,2.94408462867015,0.8402417962002737,1.7711571675302742,0.835635374689641,0.9880774962742276,2.0280656303971227,-1.2392055267704114,17,1.4906897955235203,0.5225339809105223,36.82239144516097,0,14,4,0,1,3.5,2025,3.4667530224525342,0,0.27050949913643835,0.001511226252191891,1,0.7314335060448629,-0.7299222797927397,1,0.8946459412780823,0.04987046632123284,0
2025-02-28 20:15:00,2025-02-28 21:45:00,short,2839.21,2849.6014285714286,stop,-20.5093789169354,9881.602810236662,-1.035606268902942,0.2001649711300445,2.634863898817709,1.2830583614576871,0.8659909909909865,1.7091009073412309,1.4742919989001595,19,1.848452411467545,0.625870566224429,36.82239144516097,0,20,4,0,0,3.5,2025,0.006736321143815567,1,0.7323343414902491,-0.6563101457245119,1,0.8189441847676402,-0.5773989551828411,1,0.8564751168545565,-0.5985702502061927,1
2025-03-03 05:00:00,2025-03-03 11:15:00,short,2862.84,2870.5400000000004,stop,-20.712866150288598,9860.889944086372,-1.048051948051964,0.3324675324674601,2.059740259740297,0.9444021214005146,0.8503937007873564,1.6493506493505952,2.5792207792206887,21,0.7908286382067885,0.5986409106962354,34.46465662228971,0,5,0,0,1,55.25,2025,0.5116883116883093,0,0.08701298701299484,0.11428571428572633,1,0.3311688311687896,-0.26623376623372585,1,0.44415584415584536,-0.1831168831168608,0
2025-03-04 14:15:00,2025-03-04 16:15:00,long,2922.73,2915.3542857142857,stop,-20.71111573768632,9840.178828348688,-1.050164632965348,0.2576021692813779,2.646523339143985,0.8856348078665827,0.7937743190661534,1.3937633159015823,2.361805152043411,2,0.9224594945235078,0.0361540024324202,32.051290084373065,1,14,1,1,2,27.0,2025,0.6887468526050693,0,0.45961650203368715,0.1396474917683798,0,0.45961650203368715,0.27387177997288337,0,0.45961650203368715,-0.11388727484022967,0
2025-03-04 21:45:00,2025-03-05 03:00:00,long,2916.27,2909.634285714286,stop,-20.777712367802405,9819.401115980883,-1.055758880516665,0.2381054897739404,2.1941872981701445,0.783291743502162,0.9369369369369888,0.6691065662001576,3.080301399354096,4,0.5917078707552911,0.182141556412696,32.051290084373065,1,22,1,1,3,5.5,2025,0.6344456404736355,0,0.11754574811628465,0.3209903121636345,0,0.11754574811628465,0.34811625403659163,0,0.29386437029060886,0.140150699677048,0
2025-03-05 07:45:00,2025-03-05 12:45:00,long,2918.76,2911.25,stop,-20.606359732071887,9798.794756248812,-1.049267643142484,1.3954727030626175,1.4780292942743192,0.9150638712667586,0.9834710743801808,1.6111850865512805,3.0785619174434524,7,0.7088770118041948,0.3029855147842042,30.73385868576237,1,8,2,1,4,4.75,2025,0.499334221038605,0,0.19973368841544198,0.1078561917443314,0,0.26764314247672133,-0.033288948069240334,0,0.707057256990718,-0.22636484687087058,0
2025-03-05 22:15:00,2025-03-06 07:15:00,long,2922.01,2914.9528571428573,stop,-20.62507446871985,9778.169681780091,-1.05242914979758,0.1927125506073695,2.8651821862348488,0.8329811641291156,0.8664383561644305,0.8275303643724887,-1.8704453441295252,10,0.5295485518114376,0.2120246070659748,30.73385868576237,1,22,2,1,5,9.5,2025,0.6447368421052233,0,0.10202429149801161,0.06518218623475841,0,0.10202429149801161,0.11902834008092762,1,0.5696356275304252,-0.33016194331989157,0
2025-03-07 15:30:00,2025-03-07 15:45:00,long,2922.85,2914.2671428571425,stop,-20.399397268880243,9757.770284511213,-1.043109187749674,0.0163115845538599,2.922103861518011,1.0663881971936815,0.764144512610769,3.4184420772303032,0.1840878828228903,6,0.521148100300786,0.0930925927134174,28.364929867014087,1,15,4,1,6,32.25,2025,0.0233022636485,1,1.1592876165112722,-1.0602529960052929,1,2.21371504660448,-1.05209720372831,1,2.21371504660448,-0.34953395472702314,1
2025-03-11 02:30:00,2025-03-11 04:15:00,short,2883.05,2889.26,stop,-20.67830224543804,9737.091982265774,-1.0595813204509077,0.3285024154589362,2.006441223832564,0.7558510206683793,0.8216560509553051,0.5056360708535225,1.1787439613526278,4,0.5530516530526471,0.0628642997880346,25.79647073371292,0,2,1,0,7,82.75,2025,0.44283413848631903,1,0.3268921095007691,-0.2737520128824225,1,0.6988727858292683,-0.6553945249597053,1,0.8985507246376829,-0.4315619967793682,0
2025-03-13 01:45:00,2025-03-13 10:30:00,long,2938.26,2934.0057142857145,stop,-21.167875585356114,9715.92410668042,-1.0869711215581253,1.2316991269310178,2.237743451981137,0.5722537174032759,0.7985611510792143,1.960376091336548,0.9684351914038376,10,0.728231998993124,0.2018502494161689,23.831489877058,1,2,3,1,8,45.5,2025,2.0873069173941925,0,0.35963734049703344,-0.35963734049703344,1,0.8250503693754907,-0.7145735392882282,1,0.8250503693754907,-0.04701141705849373,0
2025-03-13 12:30:00,2025-03-13 15:45:00,long,2947.92,2941.512857142857,stop,-20.55399953716473,9695.370107143252,-1.057748049052397,0.0874024526199065,4.604236343366788,0.8686333308585954,0.915929203539807,0.7054626532888099,2.547157190635412,13,0.8219615452900055,0.3174716069374028,23.831489877058,1,12,3,1,9,2.0,2025,0.19665551839461232,0,0.1716833890746796,-0.032775919732447215,1,0.49944258639915173,-0.49476031215162886,1,0.922408026755832,-0.811594202898595,1
2025-03-13 16:30:00,2025-03-13 18:30:00,long,2951.95,2977.1542857142854,target,57.3182499379625,9752.688357081215,2.9559598707702843,0.6594116646828785,2.387689168508717,1.1395096872532506,0.95833333333328,1.7711273592926655,0.9593606529501264,14,0.797940325208819,0.3527342621003626,23.831489877058,1,16,3,1,10,0.75,2025,3.059003570821348,0,0.5153885393640496,-0.18806325454853914,0,0.5153885393640496,0.12616901887438983,0,0.5153885393640496,1.5592586294848383,0
2025-03-13 18:45:00,2025-03-18 07:45:00,long,2977.79,3016.387142857143,target,51.45722830622865,9804.145585387443,2.638104819009554,0.0217632689318034,5.538751943149032,1.7454587740506953,0.9346195069667596,1.4503664223850663,4.89518099045078,14,0.797940325208819,0.3527342621003626,23.831489877058,1,19,3,1,0,0.25,2025,3.0655118809682493,0,0.09249389296025302,0.07539418165669316,0,0.09249389296025302,0.119697979125025,0,0.09249389296025302,0.18731956473461017,0
2025-03-18 10:00:00,2025-03-19 08:30:00,long,3018.26,3040.6357142857146,target,57.85215805298167,9861.997743440425,2.950392645087157,0.166251675924245,3.1266040988316,1.1309188580340532,0.9320388349515164,1.1047692013024024,1.316606014173612,30,1.547085907892865,0.5178061194212047,26.24729733919129,1,10,1,1,0,2.25,2025,3.315648343229206,1,0.4558513694694622,-0.2011108982953456,1,0.4558513694694622,-0.033518483049224265,1,0.4558513694694622,0.19977015897334735,0
2025-03-19 08:45:00,2025-03-19 09:00:00,long,3044.5,3039.0314285714285,stop,-21.05850824317735,9840.939235197247,-1.0676593521421225,0.5522466039708188,3.29885057471262,0.8301834279585134,0.7876543209876324,1.4811912225705917,5.460292580982148,36,1.5522155982120502,0.7289039736133596,27.71754988790245,1,9,2,1,0,0.25,2025,0.04937304075234751,1,1.3934169278996593,-1.071577847439934,1,1.8249738766980084,-1.4281609195402125,1,1.8249738766980084,-0.4169278996865548,1
2025-03-19 13:30:00,2025-03-19 16:30:00,long,3037.46,3029.634285714286,stop,-20.61243825933744,9820.32679693791,-1.047280029207715,0.0996714129243912,3.6469514421321167,1.1650562868616274,0.9048991354467012,0.8868200073018733,-0.66192040890839,37,1.111731734158018,0.6784896809135743,27.71754988790245,1,13,2,1,1,4.5,2025,0.4651332603139614,1,0.45874406717781524,-0.3169039795545805,1,0.4664110989412255,-0.1456736035049108,1,0.4664110989412255,0.27345746622853107,0
2025-03-19 19:15:00,2025-03-20 13:30:00,long,3036.45,3027.525714285714,stop,-20.45495314258941,9799.87184379532,-1.0414599007523606,0.1479109972786594,2.214182807747718,1.31777842428761,0.5039370078739227,0.853849847926983,-0.1860092844566226,38,1.40215798132513,0.6401398870162778,27.71754988790245,1,19,2,1,2,2.75,2025,2.363214342884574,1,0.264446934528534,-0.21402273091081847,1,0.5669921562349802,-0.3742596446293832,1,0.5927645269729362,-0.3742596446293832,0
2025-03-20 21:00:00,2025-03-21 04:45:00,long,3045.01,3037.197142857143,stop,-20.52794511657009,9779.343898678751,-1.0473578350704211,0.4582190528434014,2.367891753519817,1.100987152381826,0.9623529411765048,1.087950265130727,2.5138050831962158,45,0.833441148921591,0.5282004544416852,29.30389889725204,1,21,3,1,3,7.5,2025,0.3123057231668868,0,0.2726275370268902,-0.05247760102399228,1,0.535015542146677,-0.31998537209727257,1,0.535015542146677,-0.1369537392576536,0
2025-03-27 21:30:00,2025-03-28 08:45:00,long,3057.23,3080.12,target,57.72760802050979,9837.071506699262,2.951507208387934,0.366972477064245,2.125819134993486,1.1755545834468173,0.992031872509968,0.6579292267366251,0.5557011795543635,5,0.7608913156256548,0.1883267776521702,31.85044765419449,1,21,3,1,4,160.75,2025,3.259501965923979,1,0.19003931847966213,-0.18872870249017804,1,0.3119266055046023,-0.023591087811249904,1,0.3119266055046023,-0.030144167758849122,0
2025-03-28 09:45:00,2025-03-28 10:45:00,long,3084.8,3078.2900000000004,stop,-20.79233547345326,9816.279171225808,-1.05683563748079,0.4639016897082206,3.3087557603687454,1.0176967269708703,0.9388489208634412,0.8540706605222177,4.015360983103075,8,1.351488456075275,0.3818108756120875,32.71098206480634,1,10,4,1,0,1.0,2025,0.1981566820276494,0,0.35637480798774573,-0.21812596006146087,1,0.42857142857143427,-0.2734254992319888,1,1.0952380952381409,-0.8356374807988015,1
2025-03-28 14:00:00,2025-03-28 18:00:00,long,3076.8,3067.762857142857,stop,-20.4363573640602,9795.842813861747,-1.0409421435346262,0.1394245969016993,2.2418589946253724,1.38671874108035,0.9572953736655184,0.6218779639582533,-1.456212456528591,9,1.236066319649953,0.4357586630038046,32.71098206480634,1,14,4,1,1,3.25,2025,1.1065444198545646,0,0.04536832121407137,0.2047107176730844,0,0.04536832121407137,0.11397407524499199,0,0.34634840341449086,-0.04315523237436426,0
2025-03-28 23:00:00,2025-03-31 05:15:00,long,3082.91,3101.7757142857145,target,50.9458863989985,9846.788700260746,2.6003830077237864,0.1272149023170116,2.855974557019514,0.941787683252052,0.8847736625513503,0.7728305315764963,-0.3084961381191147,11,1.40147444695488,0.5112038955756404,32.71098206480634,1,23,4,1,2,5.0,2025,3.794184461608342,1,0.15742844161741035,-0.0683780099954299,1,0.19082235347566204,0.08587005906405515,1,0.19082235347566204,1.218082689686543,0
2025-03-31 06:00:00,2025-04-01 06:45:00,long,3108.9,3147.261428571429,target,56.86065152554639,9903.649351786293,2.8872687967824837,0.2705842922578491,4.765724500055864,1.9286402046931437,0.5126903553299562,0.9243659926265636,2.932633225337929,13,1.077301059486133,0.5402912005120664,34.005744730364626,1,6,0,1,0,0.75,2025,3.008490671433321,0,0.29404535806056675,-0.05708859345324644,0,0.29404535806056675,-0.11495922243326673,1,0.29404535806056675,0.041447882918089485,0
2025-04-01 13:15:00,2025-04-01 17:00:00,long,3136.13,3126.8300000000004,stop,-20.595331017585277,9883.054020768708,-1.039784946236538,0.0838709677420066,2.511827956989233,1.240287431690508,0.334152334152352,0.8752688172043436,-0.0215053763440666,21,1.6542625165685572,0.7988653527079892,35.80235721210673,1,13,1,1,0,6.5,2025,0.17526881720431428,1,0.4720430107527273,-0.24086021505379088,1,0.4720430107527273,-0.30860215053762524,1,0.7473118279570248,-0.5806451612903372,1
2025-04-01 23:15:00,2025-04-01 23:45:00,long,3119.47,3114.08,stop,-21.12296517982429,9861.931055588884,-1.0686456400741873,0.2411873840443918,2.300556586270972,0.6908893506584668,0.778947368421025,0.7050092764378814,4.27087198515761,23,0.7214918146619042,0.6916780076636986,35.80235721210673,1,23,1,1,1,6.25,2025,0.211502782931415,1,0.23562152133580358,-0.1985157699442873,1,1.1669758812615882,-0.9554730983301732,1,2.141001855287562,-1.4730983302411125,1
2025-04-02 03:15:00,2025-04-02 08:00:00,long,3121.64,3115.412857142857,stop,-20.89580069498001,9841.035254893904,-1.059417297545296,0.7130075705436137,3.6902959394355994,0.806811346073786,0.9673278879813076,2.7524661619637105,1.4902500573525113,24,0.9021831721530948,0.625968266517507,37.7190069691044,1,3,2,1,2,3.5,2025,2.259463179628303,0,0.19591649460881633,-0.1381050699701193,0,0.19591649460881633,0.21679284239502264,0,0.19591649460881633,1.9061711401697532,0
2025-04-02 10:45:00,2025-04-02 13:45:00,long,3125.14,3115.402857142857,stop,-20.42996608813789,9820.605288805767,-1.037998826291073,1.113262910798139,2.021126760563321,1.2141796805415328,0.8505079825834225,1.415199530516409,-0.0821596244131643,26,0.8230434770145811,0.4776716949887349,37.7190069691044,1,11,2,1,3,2.75,2025,0.8996478873239679,0,0.18999413145539013,0.03594483568074191,0,0.18999413145539013,0.34198943661971154,0,0.18999413145539013,0.6326291079812537,0
2025-04-02 16:30:00,2025-04-02 23:00:00,long,3127.64,3115.7585714285715,stop,-20.25285823176552,9800.352430574,-1.0311410364313889,0.0589154743296708,2.17145605386559,1.4404173867863606,0.3936899862825658,1.2271251653240278,-0.2390284958518816,28,0.8815789355936733,0.3945754826901071,37.7190069691044,1,16,2,1,4,2.75,2025,0.5588553564987646,1,0.9308644944090363,-0.45617410123843305,1,0.9308644944090363,-0.3038355176144966,1,0.9308644944090363,-0.1456053865576544,0
2025-04-02 23:15:00,2025-04-03 09:15:00,long,3136.25,3121.57,stop,-20.09472807631318,9780.257702497687,-1.0252043596730247,1.2302452316076704,2.9836512261580217,1.7351293622014794,0.7884922749067644,5.114441416893785,0.5504087193460502,29,1.0923797507458042,0.4207471191668643,37.7190069691044,1,23,2,1,5,0.25,2025,2.136239782016381,0,0.7602179836512247,-0.4046321525885641,0,0.7602179836512247,-0.23978201634877527,0,0.7602179836512247,0.0367847411444121,0
2025-04-03 16:00:00,2025-04-03 16:30:00,short,3059.3,3084.5857142857144,stop,-19.846739895949725,9760.410962601738,-1.0146327683615768,0.2016949152542151,4.0402259887005485,2.567171449040776,0.7725828415796563,1.742485875706226,5.475028248587541,1,0.9267913889844068,-0.3220819430777455,39.4987531720308,0,16,3,0,6,6.75,2025,0.11627118644067982,1,0.4089265536723031,-0.19457627118642506,1,1.168248587570617,-1.0812429378530923,1,2.2664971751412346,-2.17711864406778,1
2025-04-04 15:30:00,2025-04-07 01:15:00,short,3088.85,3001.361428571429,target,57.68669863000759,9818.097661231746,2.955136768884094,0.1165866562163411,3.1608699911825093,2.5743391556903514,0.4193444730077194,2.1342216126187896,-0.3888507886744452,2,0.6477558252569231,0.0852827225095831,38.90517503813359,0,15,4,0,7,23.0,2025,3.050112667777018,0,0.04560595669638247,0.6062506123248712,0,0.04560595669638247,0.22082884295091854,0,0.04560595669638247,0.4828059175075917,0
2025-04-07 02:15:00,2025-04-07 04:15:00,short,2985.45,3010.5671428571427,stop,-19.92545562211768,9798.172205609628,-1.0147309748606583,1.150608576953729,3.2742577636218915,1.9975237348194932,0.922148695990658,2.045614833352305,3.1181890569901416,5,1.8503907276450144,0.3874017871887458,37.08172995527275,0,2,0,0,0,1.0,2025,0.5283244227050408,0,0.2050392446820657,-0.14253213513822535,0,0.6632920031850909,-0.5705266750085491,0,0.9587077693095404,0.001990672278455759,0
2025-04-07 10:00:00,2025-04-07 14:00:00,short,3014.3,3037.13,stop,-19.91393737802383,9778.258268231604,-1.0162067455102874,0.2102496714848559,2.4424003504161225,1.6161769390634275,0.9470960322024106,1.5234340779675717,1.0407358738501642,7,1.5583396133637335,0.7287086771532669,37.08172995527275,0,10,0,0,1,5.75,2025,0.029347349978102105,1,0.5773105562855805,-0.2120017520805816,1,0.5773105562855805,-0.21331581252737092,1,0.6482698204117253,-0.5873850197108988,1
2025-04-07 15:30:00,2025-04-07 17:15:00,short,3020.49,3036.725714285714,stop,-20.002195179924996,9758.25607305168,-1.0227892652881618,0.4373075230972557,2.7236251649802488,1.1207927895499383,0.6266149870801203,1.906907171139487,0.869687637483561,8,1.5969639086165883,0.7921923043566537,37.08172995527275,0,15,0,0,2,1.5,2025,1.1265288165420253,1,0.759436867575923,-0.6639683238011637,1,0.8345798504179704,-0.4403871535415856,1,0.8345798504179704,0.8327320721513501,0
2025-04-07 19:30:00,2025-04-08 08:45:00,short,2975.18,3005.5714285714284,stop,-19.75411563608365,9738.501957415596,-1.012174485287205,0.005264642286384,4.123531070790622,2.023617912198759,0.9867617107943322,0.6462348406505395,2.9817617749365355,9,1.4914256621559463,0.8245754427051222,37.08172995527275,0,19,0,0,3,2.25,2025,0.6159631475039882,0,0.013819686001694585,0.14938422487543343,0,0.013819686001694585,0.29547804832189556,0,0.013819686001694585,0.22901193945661466,0
2025-04-08 12:15:00,2025-04-08 12:30:00,short,2995.77,3007.162857142857,stop,-20.10954861877357,9718.392408796824,-1.032476489028208,0.9707836990596128,2.247021943573658,0.7232679923304758,0.8843861740167086,1.4728526645768052,0.7355485893417149,14,1.4860692612002664,0.890169258712159,34.966740487359694,0,12,1,0,4,3.5,2025,-0.0017554858934153612,1,1.047147335423201,-0.9295297805642919,1,1.0629467084639792,-0.9716614420063006,1,1.1428213166144379,-1.0726018808777436,1
2025-04-08 15:45:00,2025-04-08 16:00:00,short,3002.6,3015.13,stop,-20.01073616496054,9698.381672631862,-1.0295291300877791,0.1005586592178955,2.614525139664848,0.7914068013072746,0.977455716586172,0.9912210694333756,0.7805267358339859,15,1.544809711461334,0.8937061177274774,34.966740487359694,0,16,1,0,5,3.25,2025,0.0031923383878662425,1,1.438148443735049,-1.274541101356777,1,1.6097366320830226,-1.0039904229848406,1,1.6097366320830226,-0.6312849162011483,1
2025-04-08 18:45:00,2025-04-09 08:00:00,short,3001.4,3018.2285714285717,stop,-19.82322868536735,9678.558443946496,-1.0219864176570346,0.1295415959252606,2.410186757215649,1.0535382799176525,0.9670542635658764,0.6132427843802897,1.9110356536502504,15,1.544809711461334,0.8937061177274774,34.966740487359694,0,19,1,0,6,2.75,2025,1.8712224108658926,0,0.005348047538181976,0.12775891341256937,0,0.005348047538181976,0.4011035653650264,0,0.005348047538181976,0.909762308998301,0
2025-04-09 19:45:00,2025-04-09 20:15:00,long,3092.37,3073.2957142857144,stop,-19.732603202599662,9658.825840743895,-1.0193978430197692,0.1761533852606197,2.6769023367286287,1.0920681008989197,0.6429608127721217,0.7224385859796227,4.713151587777142,3,1.684909692329746,-0.1530543020606956,33.002821695726134,1,20,2,1,7,11.75,2025,0.34758837627322686,1,0.4309466746554763,-0.1619982025164624,1,1.750000000000024,-1.7070101857399789,1,2.156306171360124,-1.689709406830456,0
2025-04-10 03:15:00,2025-04-10 04:30:00,long,3096.14,3080.744285714285,stop,-19.78190627789747,9639.043934465995,-1.0240326621508853,0.7521573721814961,2.4578268534842924,0.8459915504857063,0.9459962756052198,1.3951934675698023,0.5702885775261992,4,1.294584983439204,0.0706808120847668,31.771513931760257,1,3,3,1,8,7.0,2025,0.3449011784355552,0,0.1370511274009258,0.06625220376728129,0,0.2149948965389229,0.07144845504314185,1,0.8723206829358752,-0.5456063839658615,0
2025-04-10 13:00:00,2025-04-10 18:00:00,long,3118.5,3159.3428571428576,target,57.31033655978094,9696.35427102578,2.9728226652675764,0.0881427072402794,2.1257082896117656,0.7489887325857837,0.9789719626167894,0.6287513116474513,-1.0136411332633806,7,1.6075769680071474,0.6295776015058374,31.771513931760257,1,13,3,1,9,8.5,2025,3.029905561385065,0,0.1784889821615809,0.0411332633787993,1,0.21668415529903978,-0.14543546694648446,1,0.38342077649525896,-0.1792235047219327,0
2025-04-10 18:15:00,2025-04-11 13:00:00,long,3170.64,3237.0,target,57.853744877485695,9754.208015903265,2.983273056057869,0.9846292947558646,3.940325497287512,1.2064375410576125,1.0,1.084086799276652,4.369801084990947,8,2.0367293416228915,0.7494756401529523,31.771513931760257,1,18,3,1,0,0.25,2025,3.0298372513562346,0,0.36980108499095066,-0.11075949367087774,1,0.7138336347197083,-0.5696202531645522,1,0.7454792043399532,-0.36301989150089226,0
2025-04-11 16:30:00,2025-04-11 16:45:00,long,3240.54,3221.7714285714283,stop,-19.893001185729545,9734.315014717537,-1.0197138072766123,0.3793575886740677,2.7546049627035862,1.0016763860205289,0.7294201861130901,1.4886588521845237,1.9511341147815355,14,3.930518938528509,1.541052889789185,31.765724723066132,1,16,4,1,0,3.5,2025,0.00692647282692008,1,1.1130309027249086,-0.880194854620181,1,1.1130309027249086,-0.40812909118586355,1,1.1130309027249086,-0.5344040188765254,1
2025-04-14 04:15:00,2025-04-14 13:15:00,long,3228.94,3213.32,stop,-19.929794761246026,9714.385219956288,-1.0236875800255951,0.2151088348271225,1.5224071702945277,0.8732713883120277,0.7586912065439709,1.878361075544173,-0.7336747759282953,17,2.868261509350661,1.5253572948664915,32.514733371290895,1,4,0,1,1,59.5,2025,1.074903969270158,0,0.151728553136996,0.7496798975672198,0,0.151728553136996,0.6856594110115223,0,0.151728553136996,0.3617157490396965,0
2025-04-14 15:00:00,2025-04-14 15:15:00,long,3226.4,3213.3585714285714,stop,-19.979986514393904,9694.405233441894,-1.0283711249863223,0.0076678716179488,3.077883667433426,0.7866994733397871,0.7495107632094271,0.7836564793514712,1.09650564136271,19,2.668910807319828,1.3871910819801103,32.514733371290895,1,15,0,1,2,1.75,2025,0.006901084456105147,1,1.1831525906452254,-1.113374958922121,1,1.9821448132325594,-1.4975353269799774,1,2.3900755833059666,-2.292693613758372,1
2025-04-14 20:30:00,2025-04-14 21:30:00,long,3216.13,3205.897142857143,stop,-20.08987174161813,9674.315361700275,-1.0361580343431465,0.9088370794360126,2.961049839452775,0.623014935368975,0.9476190476190608,1.231327656010093,1.6319977662990266,21,1.824770200593408,1.1225912954132555,32.514733371290895,1,20,0,1,3,5.25,2025,-0.007817953371485319,0,0.3830797152031361,-0.2013122993159247,0,0.3830797152031361,-0.2834008097166094,1,1.4502303504118597,-1.1453301689236657,1
2025-04-15 01:30:00,2025-04-16 01:30:00,long,3214.63,3237.421428571429,target,54.37461137443966,9728.689973074715,2.8102562993606632,0.2369311771342836,1.676946220383565,0.4790443434675007,0.7964285714286555,0.7371192177509583,-0.3948852952237662,22,1.7925742918649554,0.9910453095645976,33.21382059108256,1,1,1,1,4,4.0,2025,3.2104174501692024,1,0.33038736367057975,-0.3172245204964662,1,0.5475742760436632,-0.39356901090638474,1,0.5475742760436632,-0.3540804813839842,0
2025-04-16 01:45:00,2025-04-16 03:30:00,long,3241.37,3263.424285714285,target,57.39284302421354,9786.08281609893,2.949669646327252,0.639331519626892,3.4959191605131164,0.4990684693701928,0.8137044967880167,1.2705013602797692,3.653711620676336,28,1.638267204148054,0.7448536921404347,33.86297300946053,1,2,2,1,0,0.25,2025,3.446949086669397,0,0.4026428293820632,0.048970073843781166,0,0.4026428293820632,0.17819665759813322,0,0.4026428293820632,1.4201321414691588,0
2025-04-16 04:00:00,2025-04-16 04:30:00,long,3269.63,3257.57,stop,-20.17263837547436,9765.910177723455,-1.030679933665014,0.2603648424544244,5.595356550580451,0.8245205832052197,0.4953617810760711,1.7877280265340476,6.386401326699934,29,2.5199683122581704,0.8032740658055815,33.86297300946053,1,4,2,1,0,0.5,2025,0.32504145936982687,1,0.41376451077945986,-0.39137645107796865,1,1.1359867330016924,-0.3175787728026505,1,1.1359867330016924,0.1467661691542288,0
2025-04-16 06:15:00,2025-04-16 17:00:00,long,3275.81,3318.354285714286,target,58.08586688158604,9823.99604460504,2.973909539639372,0.0606426916490143,2.7430240757530107,0.9680909269512976,0.9418729817007572,1.3101641986501291,4.672307847285155,29,2.5199683122581704,0.8032740658055815,33.86297300946053,1,6,2,1,1,1.75,2025,3.079379470131941,0,0.057822101339791425,0.03314193613379423,0,0.057822101339791425,0.4012289714918911,1,0.3483429031933119,-0.30321345824516793,0
2025-04-16 18:30:00,2025-04-17 17:15:00,long,3322.0,3304.5157142857142,stop,-20.063780139794797,9803.932264465246,-1.021161859629058,0.2882588446768508,2.588610180570323,1.2030220535203435,0.7259658580413161,1.273143230656113,2.1676607565977424,32,3.136975761782242,1.0729773928805475,33.86297300946053,1,18,2,1,0,1.5,2025,2.0441212517362426,0,0.05833809951793349,0.19274450527003234,0,0.05833809951793349,0.24822289402729839,0,0.05833809951793349,0.027453223302558467,0
2025-04-17 19:45:00,2025-04-21 04:45:00,long,3316.16,3378.2257142857147,target,55.42630833282663,9859.358572798072,2.8267386410716826,0.2291120011048075,2.8798508493301784,1.526876444071147,0.7400793650793407,0.9744510426736936,-1.1581273304792088,39,1.9579071170645688,1.236557600177668,35.432089743021194,1,20,3,1,1,2.5,2025,3.0132578373152725,0,0.029968236431426626,0.1580582792431964,0,0.07057036320950269,-0.05461952768952853,0,0.0903880679464103,0.13727385720204993,0
2025-04-21 05:30:00,2025-04-21 16:45:00,long,3382.73,3425.39,target,58.643076518091306,9918.001649316164,2.973980309423338,0.0154711673699194,4.936708860759483,1.0778907549129113,0.6361829025844891,0.7074542897327352,5.0745428973276985,41,3.1281158857620115,1.09328260043966,36.99182440581166,1,5,0,1,0,0.75,2025,3.1026722925457038,0,0.054852320675119574,0.1476793248945084,1,0.16736990154712447,-0.1195499296764992,1,0.31153305203936976,0.02320675105484721,0
2025-04-21 21:15:00,2025-04-22 05:30:00,long,3424.81,3467.9071428571438,target,58.99711840282381,9976.998767718987,2.9742442322991347,0.0194908512330767,2.595067621320565,1.136220901711516,0.9687074829931944,1.023269689737449,-0.2116149562450235,45,3.485373149114096,1.3636821081282502,36.99182440581166,1,21,0,1,0,4.5,2025,3.067024661893367,0,0.033412887828163276,0.06056085918853604,0,0.033412887828163276,0.10789578361178581,1,0.20047732696897966,-0.1886435958631672,0
2025-04-22 05:45:00,2025-04-22 11:45:00,long,3473.09,3450.3057142857147,stop,-20.27803574232717,9956.72073197666,-1.0162392626496874,0.3704307480093024,4.695341400714765,1.8215246041397537,0.6970010341261826,0.8488306476895179,3.687629318452592,47,3.322016970646966,1.4810617879535082,38.89397061879535,1,6,1,1,0,0.25,2025,1.1823938804940788,0,0.04520659602483799,0.1408865759608771,0,0.04520659602483799,0.6833657282588131,0,0.04520659602483799,0.6508872029594309,0
2025-04-23 03:30:00,2025-04-23 08:30:00,long,3357.15,3328.2657142857142,stop,-20.168527340562783,9936.552204636098,-1.0128097334190682,0.1994163905237727,2.856224343439345,2.0168364799126173,0.8550913838119997,0.5303922053514246,-1.2248874820713254,52,1.1157864669018995,1.1964149292157833,41.005248122492674,1,3,2,1,1,15.75,2025,1.0216627924229624,0,0.02908155695138746,0.3742519412433838,0,0.02908155695138746,0.49438646817349235,0,0.02908155695138746,0.9915426084376058,0
2025-04-23 15:45:00,2025-04-24 03:15:00,short,3310.81,3332.2585714285715,stop,-20.215926711257296,9916.336277924842,-1.0172505661382802,0.2788064473158617,2.3563340881843686,1.3437055196055832,0.975879396984946,0.9278007193286132,1.0089250033302444,2,0.9259805484514244,-0.1283142616337995,41.005248122492674,0,16,2,0,2,7.25,2025,2.3623950979086312,0,0.13940322365793084,0.2312508325562834,0,0.13940322365793084,0.5170507526308866,0,0.13940322365793084,1.5520847209271391,0
2025-04-25 14:30:00,2025-04-25 15:15:00,short,3289.41,3302.662857142857,stop,-20.38637118600644,9895.949906738835,-1.027918508138402,0.3923682224857742,2.551902554705176,0.7447280706302198,0.8968531468531616,1.7264201789371734,2.339118249434096,2,0.914502223438922,0.0183073058232952,40.6148248479181,0,14,4,0,3,35.25,2025,0.11695591247168421,1,0.4617872156947573,-0.31464913226259195,1,0.816427724479913,-0.2791850813840901,1,1.0397757895871713,-0.4617872156947573,1
2025-04-25 16:00:00,2025-04-25 22:30:00,short,3284.44,3300.3928571428573,stop,-20.250940025861787,9875.698966712973,-1.0231933375123254,0.4287633204979061,2.320587445150869,0.8950455198882002,0.5264452644526341,2.0385063132444152,2.527446941882322,3,1.1717404436451957,0.1008994124533368,40.6148248479181,0,16,4,0,4,0.75,2025,1.2079340915196592,0,0.009402704396889408,0.8757052028297853,0,0.009402704396889408,0.3341094295692632,0,0.1178472284409493,0.09966866660697642,0
2025-04-28 09:30:00,2025-04-28 15:15:00,short,3287.16,3300.435714285714,stop,-20.301878086740768,9855.397088626232,-1.027870440116202,0.0858710857635031,1.9991391369848377,0.7348716416159671,0.6554132712456361,1.2940923275584078,-1.060583234692781,7,0.7906191885089562,0.3289555099542318,40.00926121069079,0,9,0,0,5,59.0,2025,1.0575702141396792,0,0.129559883783513,0.29150973851285283,0,0.129559883783513,0.07833853438071445,1,0.33293877111805353,-0.19810610136662957,0
2025-04-30 12:45:00,2025-04-30 15:15:00,short,3275.94,3290.5600000000004,stop,-20.20963096559632,9835.187457660635,-1.0253077975376328,0.313269493844041,4.972640218878185,0.9550671351738396,0.8982346832814115,1.3173734610123131,4.610123119014975,4,1.0166525199671088,0.1230888768998905,38.92480796239085,0,13,2,0,6,45.5,2025,0.6128590971272192,0,0.0608755129958867,0.1409028727770126,0,0.225718194254425,-0.10738714090288287,0,0.3358413132694804,0.1833105335157188,0
2025-05-01 01:00:00,2025-05-01 04:00:00,short,3276.51,3239.451428571429,target,58.42194617500637,9893.609403835642,2.9700474152885343,1.0637215219150593,3.6606915693303934,0.841970480643485,0.8639542275905705,2.5467792297906606,4.936509772175245,7,0.7900462000979729,0.2131481525604606,37.770166597913445,0,1,3,0,7,9.75,2025,3.3287845495547597,0,0.24771597085693814,0.03076211402799517,0,0.37319301491843926,0.0315716433445388,0,0.7059095640106176,-0.32866890250953373,0
2025-05-01 06:00:00,2025-05-02 06:15:00,short,3232.05,3252.6600000000003,stop,-20.59288792008449,9873.01651591556,-1.040716642406605,0.2241630276564722,2.426977195536125,1.412191946645957,0.9059024807527496,1.1344007763221793,4.708393983503153,8,1.956832739360548,0.3290059463442074,37.770166597913445,0,6,3,0,0,2.0,2025,1.4653081028627015,0,0.28772440562832785,-0.056283357593394215,1,0.28772440562832785,-0.15089762251332717,1,0.28772440562832785,0.17515769044153945,0
2025-05-02 15:30:00,2025-05-02 19:45:00,short,3256.25,3224.0514285714285,target,58.55738266327675,9931.573898578836,2.965526420870497,0.2031146013576735,2.2193531212564586,0.7803366519596927,0.5394422310756879,2.338613070677523,0.7919606016238508,16,0.6717363155159857,0.6114048023559193,35.539604804051926,0,15,4,0,1,9.25,2025,3.1119393052043165,0,0.3838679621988446,0.478903234393705,0,0.3838679621988446,1.1748968454678659,1,0.3838679621988446,0.2804472248103487,0
2025-05-05 21:15:00,2025-05-06 04:00:00,long,3319.85,3350.6042857142857,target,58.8725321206446,9990.44643069948,2.963907469342246,0.3219063545150669,2.4523411371236814,0.7692951946521357,0.8827433628318136,0.8818283166109191,0.2302118171683062,3,1.0153652430608526,0.0465288687877096,33.46836885260908,1,21,0,1,0,73.5,2025,4.380852842809381,0,0.2077759197324515,0.14437012263099352,0,0.2077759197324515,0.32775919732442615,0,0.2077759197324515,1.5997770345596471,0
2025-05-06 04:30:00,2025-05-06 05:45:00,long,3378.36,3361.017142857143,stop,-20.4071738540761,9970.039256845404,-1.0213344316309645,1.5683690280065663,4.771993410214141,1.3255032679233172,0.8687643898695311,3.005271828665589,5.285172981878037,5,1.3979797041877855,0.375657344245961,32.46940362448323,1,4,1,1,0,0.5,2025,0.49242174629323926,0,0.34769357495882247,0.07149917627675782,0,0.34769357495882247,0.2208401976935689,0,0.7951400329489204,-0.6515650741350957,0
2025-05-06 10:00:00,2025-05-06 19:30:00,long,3367.91,3406.3057142857147,target,59.2437783097916,10029.283035155197,2.9710905234959317,0.0031253488112483,2.7690590467685485,0.9497028424257768,0.5325542570951467,0.936041968969777,1.7126911485656735,6,2.2227715581795238,0.5616456706786233,32.46940362448323,1,10,1,1,1,4.25,2025,3.1315995088737156,0,0.2203370911931882,0.5000558098002021,0,0.2203370911931882,0.41957807791050317,0,0.2203370911931882,0.7844625516240531,0
2025-05-06 19:45:00,2025-05-07 01:15:00,long,3408.85,3394.305714285714,stop,-20.56884684942947,10008.714188305765,-1.025439544249096,0.1182595029957945,4.086828405854035,1.0747985335578665,0.4566473988439048,0.7136823494745225,2.446321579412639,9,2.979000748313083,0.9482627645772456,32.46940362448323,1,20,1,1,0,0.25,2025,2.024850211177713,0,0.08731951674688064,0.12513505549554277,0,0.08731951674688064,0.4035949317355804,0,0.08731951674688064,0.35409095373736194,0
2025-05-07 09:00:00,2025-05-07 11:45:00,long,3392.9,3378.8571428571427,stop,-20.544845868935543,9988.16934243683,-1.0263479145473178,0.4956256358087481,2.775788402848439,0.9808429628508696,0.6180645161290276,1.103763987792465,2.4482197355035527,12,1.734845384869227,1.06889096602385,32.549647071127325,1,9,2,1,1,7.75,2025,0.32258392675481196,0,0.25991861648016756,-0.15666327568669186,1,0.3930824008138314,-0.26134282807731785,1,0.3930824008138314,0.21576805696844437,0
2025-05-07 13:15:00,2025-05-07 22:00:00,long,3390.41,3375.057142857143,stop,-20.457763428465405,9967.711579008364,-1.0240997487670895,0.227970596445521,2.5233088303712674,1.0702377773669831,0.9234042553191512,0.918395831394778,-0.0377779845538244,13,1.642485135165212,1.0093937516900242,32.549647071127325,1,13,2,1,2,1.5,2025,0.5034893458639663,0,0.1335256350609303,-0.018888992276912233,0,0.1335256350609303,0.12245277751931558,1,0.38689866939611645,-0.23578673118078897,0
2025-05-08 02:30:00,2025-05-08 04:45:00,long,3375.87,3408.36,target,59.125188535134,10026.836767543498,2.9658356417359366,0.2382271468144007,1.998153277931643,0.7650644775723917,0.7575757575757506,0.7313019390581879,-0.7811634349030604,16,0.8191077039865691,0.6522088888888167,32.65503714300096,1,2,3,1,3,4.5,2025,3.128347183748896,0,0.18928901200367068,0.045244690674075966,0,0.19205909510618224,0.25023084025854764,0,0.19205909510618224,0.6094182825484759,0
2025-05-08 05:00:00,2025-05-08 07:00:00,long,3409.77,3394.807142857143,stop,-20.549558721795755,10006.287208821705,-1.024727897651327,0.0026732862325734,4.92953981287001,1.0578157385944076,0.2817518248174981,0.9156005346572402,5.680733244223829,17,1.206504167565004,0.6108240715986701,32.65503714300096,1,5,3,1,0,0.25,2025,0.25329387053656593,1,0.2639870154668599,-0.14569409967537666,1,0.29339316402519866,-0.21720450639679345,1,0.7004009929348921,-0.34284895932786896,0
2025-05-08 20:00:00,2025-05-09 07:45:00,short,3303.37,3326.792857142857,stop,-20.32870376468956,9985.958505057011,-1.0157965357404215,0.0853866796779702,4.93876555257381,1.6189336375608545,0.6024653312789023,1.108319102220055,5.050622102951946,1,0.926024115503141,-0.1809166314585164,32.65503714300096,0,20,3,0,1,13.0,2025,1.226152720175644,0,0.1297877531105132,0.05635520858744792,0,0.1297877531105132,0.017931202732376854,1,0.3214808489875664,-0.23011710173214373,0
2025-05-12 04:00:00,2025-05-14 16:00:00,short,3261.69,3182.5157142857147,target,58.925654649985375,10044.884159707,2.9504255710728566,0.306160008660819,1.8384756955721444,1.793936941766718,0.927536231884062,1.6732705423838916,5.131969254086829,2,1.6077003863748005,0.1755731568687912,30.24084883367801,0,4,0,0,2,68.25,2025,3.2703799935043945,0,0.26789000757822523,-0.1132943596405681,1,0.5024358557973297,-0.4599978347948437,1,0.6835552668615363,-0.5823860560788114,0
2025-05-14 21:45:00,2025-05-14 23:30:00,short,3171.84,3182.904285714286,stop,-20.761588848107,10024.122570858892,-1.0334409296320146,0.3561007101355339,3.0910264686894497,0.7751845848865317,0.9755178907721072,0.9598450613298768,1.8148482892188376,18,2.4251912224333307,0.7160752416879523,26.07662756342686,0,22,2,0,0,5.75,2025,0.34706262104584795,0,0.0822466107165779,0.0596513879922808,1,0.2937378954163966,-0.19070367979338482,1,0.8739832149774082,-0.7881213686248983,0
2025-05-15 04:30:00,2025-05-15 07:00:00,short,3177.99,3147.792857142857,target,59.40779311863805,10083.53036397753,2.9632415554924645,0.433153562304917,2.485665625887012,0.7153695911236961,1.0,2.241271643485733,0.5225659948907463,20,2.123926831955963,0.8713328641320128,24.86182602043069,0,4,3,0,1,5.0,2025,3.154271927334697,0,0.19770082316210372,0.5573374964518619,0,0.19770082316210372,0.3377803008798999,0,0.19770082316210372,1.9899233607720686,0
2025-05-15 07:30:00,2025-05-15 11:30:00,short,3144.31,3158.8171428571427,stop,-20.681415107919467,10062.84894886961,-1.0255046774987602,0.2660758247168652,4.0269817823732135,1.0337644644101625,0.7996688741721782,0.8326932545544002,5.274643032988696,20,2.123926831955963,0.8713328641320128,24.86182602043069,0,7,3,0,0,0.5,2025,1.630231413097,0,0.020679468242257703,0.3970457902510908,0,0.020679468242257703,0.3212210733628648,0,0.020679468242257703,0.794091580502213,0
2025-05-16 10:15:00,2025-05-16 14:45:00,short,3209.5,3167.255714285715,target,59.84827602501067,10122.69722489462,2.9737242568732785,0.0482905549356,3.0337830983057628,1.0391410772114535,0.5442105263157971,1.3492949173176587,0.1548138378817309,1,0.5441220053375939,0.3314437705505768,24.30538616656035,0,10,4,0,1,22.75,2025,3.9250278989551037,1,0.40691894085422153,-0.39271583646141695,1,0.40691894085422153,0.13208887085321142,1,0.40691894085422153,0.27269960434210555,0
2025-05-20 21:15:00,2025-05-21 08:45:00,long,3288.32,3318.6157142857146,target,59.99441546671197,10182.691640361332,2.963361154335846,0.0752581694723656,2.521148677323527,0.7743905570142862,0.7605893186004113,1.0753996321968828,1.6517187721035784,3,1.414013545293313,0.1103300834480069,22.94473372452429,1,21,1,1,0,102.5,2025,3.1014287735181467,1,0.20894044419296762,-0.08516056019240185,1,0.20894044419296762,-0.06634601782431045,1,0.20894044419296762,0.13269203564857587,0
2025-05-21 13:15:00,2025-05-21 15:15:00,long,3316.42,3305.297142857143,stop,-21.042834381378253,10161.648805979954,-1.033264834317989,0.3596198304649385,1.8880041099409277,0.852799606422646,0.7985185185184996,1.2137169278191675,-0.4153609041869942,7,1.807450259111249,0.6280342356256297,21.56441938082238,1,13,2,1,0,4.5,2025,0.16812227074234898,1,0.4791934240945241,-0.47020292833290883,1,0.6976624711020004,-0.41715900333931727,1,0.7075520164397568,-0.34343693809403103,1
2025-05-21 18:00:00,2025-05-22 13:30:00,long,3312.19,3295.2785714285715,stop,-20.767944856553388,10140.8808611234,-1.0218786957256294,0.3157627977699019,2.1949653657712367,1.2892905593746335,0.8795918367347072,1.1589795573576285,0.2743706707214247,8,1.5303579090809931,0.7069175229969638,21.56441938082238,1,18,2,1,1,2.75,2025,1.9661260348031744,0,0.08219293799627556,-0.025426592329775732,0,0.18508193951681656,-0.0029565805034741763,0,0.18508193951681656,0.019513431322854272,0
2025-05-22 14:45:00,2025-05-22 16:45:00,long,3314.59,3298.5828571428574,stop,-20.750568173479454,10120.13029294992,-1.023114680946006,0.4285586791611279,3.514680946006227,1.255258835286714,0.98871473354233,1.992860330209718,-1.625524319500204,13,1.2151544803296264,0.6898617450126654,20.21319130927111,1,15,3,1,2,1.25,2025,0.07746541722444024,1,0.5535029004908638,-0.46791610887998214,1,0.5647478804105324,-0.2436412315930461,1,0.8527443105756471,-0.6565818830879251,1
2025-05-23 01:15:00,2025-05-23 03:45:00,long,3298.38,3291.192857142857,stop,-21.28224577607037,10098.84804717385,-1.051480818922678,0.0306102166567629,2.5712581991650483,0.5656478019801854,0.9239766081872052,0.9516994633273658,0.7318624527926967,16,0.5717106000307216,0.5232094798831355,19.265239525196936,1,1,4,1,3,8.5,2025,1.4651162790696939,1,0.43410852713175646,-0.05008944543829906,1,0.43410852713175646,-0.08765652951700753,1,0.43410852713175646,0.13357185450208864,0
2025-05-23 07:00:00,2025-05-23 14:45:00,long,3305.98,3345.901428571429,target,60.03149909480549,10158.879546268656,2.9721953837896007,0.0571121846484328,2.210842726784759,1.0464572535131182,0.8915929203540301,0.6793344068706354,0.9032742887815672,17,0.701070625747779,0.4437346882196324,19.265239525196936,1,7,4,1,4,3.25,2025,3.286205045625334,0,-0.0067632850241655185,0.4493827160493837,0,-0.0067632850241655185,0.5861513687600776,0,-0.0067632850241655185,0.8957595276435902,0
2025-05-23 15:30:00,2025-05-23 16:30:00,long,3358.04,3342.8385714285714,stop,-20.812289644643904,10138.067256624012,-1.0243398176863034,0.3565454374588891,4.193026971149301,1.218700251581455,0.8297428769979264,1.8932431162484504,4.240390940701052,19,1.2984657182099544,0.3712977466109102,19.265239525196936,1,15,4,1,0,0.75,2025,0.4394323841744076,0,0.5131096701437939,-0.060520627760553426,0,0.5131096701437939,-0.17827271872944458,1,1.377502114462926,-0.8341321304388553,0
2025-05-23 18:45:00,2025-05-26 01:15:00,long,3361.65,3342.7657142857142,stop,-22.97437432625487,10115.092882297757,-1.1330746652545567,0.1588622437400699,2.5047280429684458,1.4990265371110243,0.8422090729783485,0.5369543838414056,1.4467054996596032,20,2.0604368348886064,0.4516619578577296,19.265239525196936,1,19,4,1,1,2.25,2025,0.2287616309856853,0,0.23670474317271772,-0.062485815871109594,0,0.23670474317271772,-0.07042892805809382,1,0.23670474317271772,-0.1397987744912548,1
2025-05-26 05:30:00,2025-05-26 09:15:00,long,3352.83,3339.79,stop,-20.80420177171977,10094.288680526037,-1.0283742331288344,0.3435582822085564,2.946319018404922,1.0677116079130875,0.7047058823529155,1.3036809815950956,0.4831288343558435,23,1.2625558097784828,0.6635359256585982,18.68534306095796,1,5,0,1,2,4.25,2025,0.3044478527607566,1,0.4194785276073478,-0.3634969325153217,1,0.5161042944785305,-0.3642638036809826,1,0.6556748466257478,-0.3673312883435565,0
2025-05-26 16:15:00,2025-05-27 08:00:00,long,3338.05,3330.38,stop,-21.162472227231127,10073.126208298803,-1.048239895697549,0.3102998696219227,2.7431551499348497,0.6584552240636322,0.8956158663883081,1.249022164276412,2.8474576271187084,26,0.8288826800370226,0.5739924066162416,18.68534306095796,1,16,0,1,3,7.0,2025,1.5567144719686818,1,0.44589308996090316,-0.3794002607562393,1,0.44589308996090316,0.04563233376791585,1,0.44589308996090316,-0.17079530638858162,0
2025-05-28 23:45:00,2025-05-29 02:30:00,short,3287.6,3258.345714285714,target,59.67434480093597,10132.800553099742,2.96205684148844,1.0644594198652362,2.077644301201319,0.8959913542391028,0.3831506058857415,3.5543510108409,1.2162320539115787,2,0.6199845486544178,0.0799410284677004,16.93428844228481,0,0,2,0,4,39.75,2025,3.838411954292408,0,0.7291239378845746,-0.2963668326984937,0,0.7291239378845746,0.21022560796950104,0,0.7291239378845746,0.08614122472894603,0
2025-06-02 14:30:00,2025-06-03 01:00:00,long,3356.7,3384.5442857142857,target,59.988924191846486,10192.789477291588,2.9601354471294306,0.5947360320147186,2.038479298137588,0.8791701988321458,0.4831130690161512,1.4674465137755608,0.4740649530552118,3,1.3478123351109867,0.0848580170855539,14.76838421895122,1,14,0,1,0,108.0,2025,3.2516546098199126,0,0.3760197014006188,-0.045251654609778265,0,0.3760197014006188,0.12174849930738306,0,0.3760197014006188,0.5440972756657055,0
2025-06-03 01:15:00,2025-06-03 02:30:00,long,3389.87,3383.3471428571424,stop,-21.541922570273,10171.247554721314,-1.056723609286056,0.916776171703816,3.066141042487903,0.6092820097677366,0.7333333333333485,1.8396846254927417,5.399474375821097,6,1.8718797994278795,0.4813330866373588,14.238156542151032,1,1,1,1,0,0.25,2025,0.35413929040734443,0,0.24989049496278082,-0.12111257117826658,0,0.24989049496278082,0.02606219886115833,1,0.7542706964520353,-0.6684187472623127,0
2025-06-03 15:30:00,2025-06-03 16:30:00,long,3361.44,3352.4,stop,-21.175097232284408,10150.07245748903,-1.0409292035398008,0.214601769911557,2.5420353982299955,0.8228529817801302,0.8349802371541486,2.238938053097382,0.2168141592920356,9,1.019096867001983,0.6106800932484724,14.238156542151032,1,15,1,1,1,13.0,2025,0.18030973451328325,1,0.41371681415931094,-0.22234513274338308,1,0.4745575221238814,-0.1570796460177044,1,1.3761061946902473,-1.0464601769911361,1
2025-06-04 01:00:00,2025-06-04 03:00:00,long,3356.41,3351.972857142857,stop,-21.99291295521698,10128.079544533814,-1.0833869929169788,0.4327108821635715,1.9742433998710645,0.4164133118862735,0.7819314641743723,1.446877012234404,2.438506117192469,12,0.6363711670089827,0.4071690027863672,13.902105892418604,1,1,2,1,2,8.5,2025,1.192208628461037,0,0.04282034771411411,0.2726980038634987,0,0.04282034771411411,0.41017385705090686,0,0.04282034771411411,0.8811976819060596,0
2025-06-04 17:00:00,2025-06-05 18:30:00,long,3366.84,3352.84,stop,-22.34183450967337,10105.73771002414,-1.1029649999999949,0.5700000000000311,2.667142857142855,1.306643800400161,0.9599027946537148,2.3514285714285657,1.020000000000042,16,0.6320094028519067,0.2584435940828911,13.902105892418604,1,17,2,1,3,14.0,2025,2.619285714285707,0,0.2028571428571523,0.19857142857140944,0,0.2028571428571523,1.1335714285714154,0,0.2028571428571523,0.4171428571428331,0
2025-06-06 11:30:00,2025-06-06 12:15:00,long,3367.1,3356.847142857143,stop,-20.94085707447124,10084.79685294967,-1.036087501741682,0.0117040546189111,2.7992197296921084,0.992709766043376,0.8935698447893474,0.8797547721889077,-0.9792392364497856,26,0.6197745546119738,0.1948266187985492,13.63949828820392,1,11,4,1,4,17.0,2025,0.06242162463423708,1,0.20384561794619085,-0.16873345408945745,1,0.7568621986902522,-0.6368956388463021,1,1.140169987459969,-0.9607078166364873,1
2025-06-06 21:00:00,2025-06-09 10:15:00,short,3315.35,3327.077142857143,stop,-22.419816675862343,10062.377036273809,-1.1115651114630456,0.9379948836642744,2.708247045925233,1.1180759758889685,0.8370298939247832,1.768546717017973,3.1567791448410776,2,0.8648336005460052,-0.0288879927508478,13.63949828820392,0,21,4,0,5,8.75,2025,1.8666098184918953,0,0.17992447313924897,-0.04263613107564884,0,0.399074186868098,-0.35643805579244914,0,0.399074186868098,-0.07248142282859528,0
2025-06-09 12:15:00,2025-06-09 18:15:00,short,3318.65,3327.0657142857144,stop,-21.00954634971461,10041.367489924094,-1.0439653709047778,0.1663554574774652,2.198268545238505,0.8223291707174611,0.7149390243902582,1.558988287217781,-1.5661178068240074,6,0.6782815215293294,0.3355316272835362,12.963035954223477,0,12,0,0,6,2.0,2025,0.9422848412833505,1,0.44440672211846105,-0.3636054999151192,1,0.4455949753861835,0.008317772873894878,1,0.4455949753861835,0.21626209472078048,0
2025-06-10 04:00:00,2025-06-10 09:15:00,short,3313.47,3321.851428571428,stop,-20.9692917140868,10020.398198210009,-1.044145219021623,0.2290778933015253,3.2094767342765227,0.8455809495670845,0.8186397984887063,1.8946650758478647,3.2047042781660786,10,0.6505431186515048,0.234484710205074,12.04677530716055,0,4,1,0,7,9.75,2025,1.3911709561956516,0,0.2720299982955749,0.3042440770410443,0,0.2720299982955749,0.8208624509970601,0,0.2720299982955749,0.6585989432418582,0
2025-06-12 01:00:00,2025-06-12 10:30:00,long,3361.13,3349.99,stop,-20.706424283913663,9999.691773926092,-1.033213644524254,1.0035906642729049,3.05924596050265,1.10699561701852,0.899814471243047,0.9676840215439512,6.095152603231575,1,0.5625688480142266,0.0636329085354603,11.096345990172445,1,1,3,1,8,39.75,2025,1.4946140035906548,0,0.132854578096948,0.23698384201075776,0,0.132854578096948,0.4425493716337323,0,0.132854578096948,0.5044883303410973,0
2025-06-12 16:30:00,2025-06-12 18:00:00,long,3398.41,3381.928571428571,stop,-20.448359914229624,9979.243414011864,-1.0224495102713131,0.5497096298864219,2.5131316633440304,1.5724388197395291,0.9795467108899756,2.195198058420753,4.546935945219708,5,1.2911128108379095,0.2713604621131793,11.096345990172445,1,16,3,1,9,6.0,2025,0.03094391956315794,1,0.6886538961601755,-0.3767877264453523,1,0.8530813903094367,-0.6698448470139535,1,0.8530813903094367,-0.6273728005547188,1
2025-06-12 22:30:00,2025-06-13 01:15:00,long,3388.15,3381.098571428572,stop,-21.00574130299481,9958.237672708869,-1.0524716369529894,0.3346839546192096,2.521474878444065,0.6678176162940584,0.941704035874391,0.632495948136152,0.1049432739059665,6,1.088558334022782,0.3572214997041634,11.096345990172445,1,22,3,1,10,4.5,2025,0.1645056726093808,0,0.0836709886548024,0.005672609400319027,0,0.0836709886548024,0.09927066450564748,1,0.47366288492709024,-0.28363047001620934,1
2025-06-13 02:45:00,2025-06-13 03:15:00,long,3395.86,3414.2028571428573,target,58.54420007492983,10016.781872783798,2.9394859813084007,2.283177570093454,3.045327102803707,0.6004489337822686,0.9510926118626646,3.1434579439252617,3.251401869158882,7,1.0880083050363525,0.3942242537000595,11.536691089472882,1,3,4,1,11,1.5,2025,3.0567757009345753,0,0.6689252336448808,0.9845794392523293,0,0.6689252336448808,2.9210280373831115,0,0.6689252336448808,3.329906542056007,0
2025-06-13 04:00:00,2025-06-13 09:45:00,long,3425.6,3410.4157142857143,stop,-20.52172754367656,9996.26014524012,-1.0243672970175848,0.7441904224292154,5.318656505786014,1.4914645786224896,0.9924114671163452,1.562141311506274,4.840530623765172,8,1.8298423029957296,0.4661425095938032,11.536691089472882,1,4,4,1,0,0.75,2025,1.2427321478972555,0,0.22325712672875264,0.2726502963590095,0,0.22325712672875264,0.2812117790949279,0,0.22325712672875264,0.2739674475491784,0
2025-06-13 15:30:00,2025-06-13 19:00:00,long,3431.55,3419.407142857143,stop,-20.601704144037548,9975.658441096084,-1.03047058823531,0.5945882352941386,2.7011764705882504,1.124999586397209,0.6192893401015281,1.2978823529411945,1.248470588235357,10,1.8009303013596505,0.6369415860332683,11.536691089472882,1,15,4,1,1,5.75,2025,1.2550588235293938,0,0.15976470588235744,0.43482352941174374,0,0.15976470588235744,0.7642352941176261,0,0.15976470588235744,0.8539999999999911,0
2025-06-13 21:45:00,2025-06-16 08:00:00,long,3436.55,3426.5457142857144,stop,-24.96297486389992,9950.695466232184,-1.2511943452805854,0.045980294159649,3.232614593745521,0.9099179989946534,0.4706927175843765,1.1255176352991687,1.709267456804247,12,1.7110389301052904,0.7339102110589524,11.536691089472882,1,22,4,1,2,2.75,2025,1.4663715550477847,1,0.14993574182493075,-0.030986719977192358,1,0.25289161787806985,-0.13394259603028602,1,0.49178923318578016,-0.42381836355849456,0
2025-06-16 13:45:00,2025-06-16 14:45:00,long,3421.08,3411.652857142857,stop,-20.682488106506863,9930.012978125676,-1.0392483709652836,0.2970146991968642,1.9030156084254568,0.8749782120060958,0.9460784313724916,0.8655856948023147,0.5834217305652311,16,0.8617543435132274,0.6506636560038803,12.722873634738333,1,14,0,1,3,5.75,2025,0.1665403849068197,0,0.3076223670253133,-0.14426428246705247,0,0.3076223670253133,-0.12410971359297505,1,1.093650553114091,-0.6491892711016637,1
2025-06-20 08:45:00,2025-06-20 10:00:00,short,3344.71,3354.24,stop,-20.631086775119197,9909.381891350557,-1.0388247639034496,0.3420776495278343,2.3819517313746186,0.8888864213638189,0.7121418826739225,1.5383001049317993,2.463798530954866,9,0.7341266174625055,0.1833160508254772,15.026333633445198,0,9,4,0,4,90.0,2025,0.45645330535151796,1,0.3809024134312861,-0.35886673662120855,1,0.42287513116472175,0.06715634837354471,1,0.42287513116472175,-0.05771248688354555,0
2025-06-20 14:45:00,2025-06-20 16:15:00,short,3347.0,3354.317142857143,stop,-20.82092306027281,9888.560968290283,-1.0505661850839776,1.1233893010542948,2.227645450995699,0.6981584231461004,0.955345060893108,2.019914096056165,0.1803982819210823,10,0.7792819685554074,0.2051156946509369,15.026333633445198,0,15,4,0,5,4.75,2025,0.6969933619679591,0,0.4742288168683768,-0.14623194064820463,0,0.5165950800468768,-0.1844982428738624,0,0.5165950800468768,0.33756345177661773,0
2025-06-24 08:00:00,2025-06-24 09:30:00,short,3341.78,3316.948571428571,target,58.4473004694634,9947.008268759746,2.955298584742854,1.2758025543665037,2.616845012081402,0.8177345173751674,0.9395973154362072,1.8001380738695565,1.761477390403828,3,0.6252315807992087,0.0994395662883174,15.118120138618458,0,8,1,0,6,87.75,2025,3.1085605799102027,0,0.22109078356919706,0.3866068346565678,0,0.22109078356919706,1.0740421125302253,0,0.22109078356919706,2.0538488091128415,0
2025-06-24 12:45:00,2025-06-25 04:00:00,short,3318.29,3330.554285714285,stop,-20.49419711797561,9926.51407164177,-1.030168899242855,0.1337216074548906,2.17216074548628,1.1983577543413064,0.924770642201859,0.8887594641816883,2.247175305765918,4,1.1843717934335736,0.159011168307821,15.118120138618458,0,13,1,0,0,3.25,2025,1.870471753057675,1,0.44356435643565084,-0.4125800815375637,1,0.6025626092020901,-0.5862550960978533,1,0.7640069889341835,-0.595224228305202,0
2025-06-25 07:00:00,2025-06-25 08:45:00,short,3327.0,3333.7057142857143,stop,-20.948455132867604,9905.565616508902,-1.055176821474192,0.0596506178099141,2.403919897741845,0.6786497847593166,0.8793969849247196,0.5935236472091202,-0.1580741371964758,8,0.8767110742680289,0.44001027150119,14.06236351111016,0,7,2,0,1,3.0,2025,0.178951853429878,1,0.34000852151684957,-0.04473796335750341,1,0.34000852151684957,0.016403919897760293,1,0.39220281210055835,-0.35641244141454204,1
2025-06-25 12:00:00,2025-06-25 19:30:00,short,3322.23,3330.622857142857,stop,-20.68450706099209,9884.88110944791,-1.0440851063829557,1.008000000000012,2.545021276595725,0.852332231850078,0.9260628465803878,1.2891914893616774,1.706212765957425,10,0.7611653096444435,0.423639867201675,14.06236351111016,0,12,2,0,2,3.25,2025,1.2272340425532227,0,0.32765957446808763,-0.05599999999997659,0,0.32765957446808763,-0.13821276595743054,1,0.7399148936170313,-0.6434042553191647,0
2025-06-26 15:45:00,2025-06-26 19:45:00,short,3322.03,3333.208571428572,stop,-20.4241223996875,9864.456987048225,-1.033099041533552,1.4992971246005686,2.461853035143795,1.1960240796967343,0.9689081706435072,2.4743769968050846,4.678594249201186,1,0.6928703643079454,0.1615943613240467,13.082018071281029,0,16,3,0,3,20.25,2025,1.0824281150160007,0,0.2424281150159356,0.21738019169331552,0,0.30594249201274365,0.2424281150159763,0,0.5939936102236274,0.19143769968053936,0
2025-06-27 05:30:00,2025-06-27 10:15:00,short,3311.78,3285.0285714285715,target,58.368127901255725,9922.82511494948,2.95850688881768,0.3184876642101006,1.9849407241269472,0.9669686184447568,0.7246835443037151,0.70874719641147,1.8548542133931236,4,0.6838926227485753,0.1745342415353179,12.448574220182712,0,5,4,0,4,9.75,2025,3.178148029477721,0,0.04261454661963406,0.3341877603332257,0,0.04261454661963406,0.7693047100288447,0,0.04261454661963406,1.4287087471964257,0
2025-06-27 15:00:00,2025-06-30 08:00:00,short,3275.73,3286.69,stop,-22.2147066187479,9900.610408330733,-1.1193740875912337,0.0711678832116549,2.695255474452526,1.1705058314556391,0.6656534954407227,1.8010948905109951,1.4653284671533076,6,1.394530353587509,0.3380227503637534,12.448574220182712,0,15,4,0,0,4.75,2025,2.4251824817517957,1,0.510948905109476,-0.37043795620437114,1,0.510948905109476,0.4224452554744586,1,0.510948905109476,1.1861313868613028,0
2025-06-30 12:00:00,2025-06-30 19:00:00,short,3282.91,3291.637142857143,stop,-20.64072256678719,9879.969685763945,-1.0423964642331216,1.1848092977574298,1.9960713701096928,0.9130783262223496,0.7918263090677305,1.7944017024062784,0.7929284661974261,12,0.8237420278365906,0.5717044191882459,12.494558412225736,1,12,0,0,1,4.0,2025,0.9510558192829986,0,0.4594860042560431,-0.16844000654774652,0,0.4594860042560431,-0.26698313963004705,0,0.6817809788836491,-0.46979865771816487,0
2025-07-01 12:15:00,2025-07-02 04:15:00,long,3342.95,3334.45,stop,-20.620077908876905,9859.349607855063,-1.0435294117647138,0.1223529411764672,2.7764705882352514,0.9532038965212988,0.6393442622950644,1.2917647058823116,3.167058823529445,3,0.740140926771294,-0.0425674129484021,12.676912743707812,1,12,1,1,2,17.25,2025,1.7682352941176842,0,0.022352941176423682,0.34470588235297805,0,0.022352941176423682,0.3305882352941673,0,0.022352941176423682,0.4470588235294366,0
2025-07-02 08:15:00,2025-07-02 08:30:00,long,3342.82,3336.7957142857144,stop,-20.92978365888489,9838.41982419618,-1.0614180697177975,0.2224330092483021,2.8816694332464445,0.70846861074128,0.8901734104047253,1.1486838985060446,2.566279345506258,8,0.5210060134188056,0.2864458173392536,11.888385065225778,1,8,2,1,3,4.0,2025,0.16101493953043666,1,1.0441071852027317,-0.8996917239743902,1,1.0441071852027317,-0.6838985060470016,1,1.6300687692672584,-1.1852027507707297,1
2025-07-02 19:00:00,2025-07-03 15:30:00,long,3346.18,3336.485714285714,stop,-20.427841927929105,9817.991982268251,-1.0381668140289035,0.134099616858164,2.407603890362554,1.1230768488144969,0.8383999999999651,1.2894193928676836,1.6463306808134623,10,0.6509833623098035,0.224098888049129,11.888385065225778,1,19,2,1,4,10.5,2025,2.0218096080165653,0,0.053639846743293765,-0.028882994400209847,0,0.2011494252873399,0.12378426171532578,0,0.2011494252873399,0.2238432066018374,0
2025-07-07 10:45:00,2025-07-07 11:30:00,short,3302.21,3311.5071428571428,stop,-20.417440609714127,9797.574541658538,-1.0397971727105182,0.7808850645359965,2.0156730178242377,1.1963927141926254,0.7429983525535386,1.3057775046096776,1.8758451137062064,2,0.7123239078663037,0.0233924169319887,10.078832519414563,0,11,0,0,5,91.25,2025,0.10433312845731305,1,0.5076828518746056,-0.5055316533497151,1,0.8938229870928228,-0.8798401966810099,1,1.1369084204056974,-0.8583282114321046,1
2025-07-07 13:30:00,2025-07-07 14:00:00,short,3298.5,3306.8728571428574,stop,-20.461066778690185,9777.113474879849,-1.0441904111926523,0.6544958198259148,2.756526190070048,1.0921190085493633,0.9097345132743392,2.6991980890633376,3.210373656372639,3,0.5969201532150423,0.0850245997482401,10.078832519414563,0,13,0,0,6,2.0,2025,0.24603310015355037,1,0.662856167889459,-0.42160040948645877,1,1.0820679065005883,-0.7189899334584505,1,1.0820679065005883,-0.28664050503328103,1
2025-07-09 02:30:00,2025-07-09 03:00:00,short,3298.28,3303.12,stop,-21.04907487773644,9756.064400002111,-1.076446280991697,0.4545454545454277,1.9421487603305492,0.6252453418214581,0.7555012224938691,1.6900826446280115,2.681818181818155,4,0.7209619832407854,0.1071911758138366,10.562202098450951,0,2,2,0,7,36.5,2025,0.1859504132231637,1,0.9297520661157245,-0.8285123966941856,1,2.0000000000000138,-1.3946280991735869,1,2.0000000000000138,-1.570247933884316,1
2025-07-09 05:30:00,2025-07-09 16:45:00,short,3294.38,3302.9957142857143,stop,-20.35007298159936,9735.714327020512,-1.0429447852760665,0.9842480517326718,2.1681313215056064,1.1276098238168013,0.973922902494328,2.0474216547835677,1.7270767700215823,5,0.5231570368185791,0.1529921157447433,10.562202098450951,0,5,2,0,8,2.5,2025,1.3579837506218304,0,0.002321339744650536,0.6801525451832405,0,0.002321339744650536,0.14856574365779265,0,0.002321339744650536,0.14972641353009153,0
2025-07-11 15:45:00,2025-07-14 17:15:00,long,3355.09,3345.8957142857143,stop,-27.062656762693848,9708.65167025782,-1.3898649782473649,0.108763206960845,2.72995649471725,1.2013603034822335,0.6115241635688058,1.1702921068986174,4.768178993163462,5,0.9383601565957914,0.138169122352938,10.93768553765275,1,16,4,1,9,47.0,2025,2.160037290242347,0,0.1881603480422639,0.15770665009320553,1,0.5394655065257954,-0.20773772529524767,1,0.5394655065257954,-0.3502175264139487,0
2025-07-15 08:00:00,2025-07-15 11:15:00,long,3362.68,3357.0671428571427,stop,-20.69729355817729,9687.95437669964,-1.0659200814456482,0.4810384321709983,4.892339017561675,0.7321234538282729,0.8395904436859358,1.0440315601935262,5.002799694578707,15,0.6404415937856138,0.2012542717386045,10.257398532813683,1,8,1,1,10,14.75,2025,0.5220157800967631,0,0.06413845762274577,0.14252990582848596,0,0.06413845762274577,0.26368032578264233,0,0.5629931280223657,0.012471366760018853,0
2025-07-21 14:00:00,2025-07-21 15:30:00,long,3369.46,3384.494285714286,target,56.69717883513244,9744.651555534774,2.926168757126582,0.5148232611174257,2.1710376282782198,0.691682710930907,0.9251101321585576,1.8118586088939224,0.526795895096981,7,0.6398061981423427,0.1830483270482963,8.156840712804785,1,14,0,1,11,146.75,2025,3.6117445838083806,0,-0.003990877993154822,0.8161345496009323,0,-0.003990877993154822,0.8680159635119451,0,-0.003990877993154822,1.2870581527935643,0
2025-07-21 17:15:00,2025-07-22 04:30:00,long,3397.63,3387.5414285714287,stop,-20.20407647637216,9724.447479058404,-1.0366751628433872,0.4599263664684557,4.397054658736876,1.3983096992637511,0.8183716075156791,0.9495893514585044,6.371566128575549,8,1.1821953609487057,0.2239043172868049,8.156840712804785,1,17,0,1,0,1.75,2025,0.5035400736335252,0,0.009912206173879418,0.2131124327386103,0,0.03766638346078686,0.2725856697819319,0,0.20121778532995502,0.24284905126024856,0
2025-07-22 11:15:00,2025-07-22 15:30:00,long,3388.53,3403.958571428572,target,56.94744493153084,9781.394923989934,2.9280555555555807,0.0816666666666808,1.9366666666666736,0.7200309013261825,0.5496183206107308,1.0188888888888463,-0.5094444444444232,12,0.9667850526340164,0.4566904305436603,8.834434735055668,1,11,1,1,1,6.75,2025,3.373611111111093,1,0.11083333333336516,-0.06027777777785558,1,0.11083333333336516,0.09138888888884998,1,0.7291666666666666,-0.5697222222222788,0
2025-07-22 15:45:00,2025-07-22 18:00:00,long,3407.63,3428.004285714286,target,57.622580193786185,9839.01750418372,2.9455195624736787,0.5153554901135742,5.830879259570779,0.954744686797646,0.9614835948644832,2.064366848969296,5.486327303323396,14,1.3009957903911795,0.4798330757525892,8.834434735055668,1,16,1,1,0,0.25,2025,3.3866217921749158,0,0.17227597812369122,0.3681110643668387,0,0.17227597812369122,1.1882625157761124,0,0.17227597812369122,0.697938578039494,0
2025-07-22 19:45:00,2025-07-23 04:45:00,long,3432.21,3420.998571428572,stop,-20.327450281961283,9818.69005390176,-1.0330020387359662,0.258664627930652,2.738277268093862,1.5448394421577087,0.8324873096447093,0.7028542303771798,4.38481141692152,15,1.8782975087819336,0.5188399593846205,8.834434735055668,1,20,1,1,0,1.75,2025,0.5958205912334239,1,0.5093017329255922,-0.4406218144750328,1,0.5093017329255922,-0.2943425076452778,1,0.5093017329255922,-0.2568807339449653,0
2025-07-23 09:45:00,2025-07-23 16:00:00,long,3425.11,3418.597142857143,stop,-20.75299349844246,9797.937060403316,-1.0568107041017971,0.1566132923887498,2.5273086203114943,0.9185548225261464,0.9691358024693022,0.4974775169993118,0.6141697740732658,18,1.3148896693574443,0.6067687542453681,10.14002212397924,1,10,2,1,1,5.0,2025,1.3388901074796888,0,0.3470059223514287,0.5051546391752556,0,0.3470059223514287,0.2978723404255423,1,0.7876727352489802,-0.670980478175096,0
2025-07-24 15:45:00,2025-07-24 16:30:00,short,3353.42,3361.54,stop,-20.488789567198246,9777.448270836116,-1.0455665024630634,1.1379310344827562,2.2832512315271383,1.138855159039058,0.918526785714284,2.2068965517241943,4.027093596059178,3,0.8527728166106555,0.0677884302458631,11.46011149821798,0,16,3,0,2,23.75,2025,0.24753694581284008,1,0.7426108374384083,-0.5775862068965709,1,0.8423645320197405,-0.7105911330049391,1,2.3140394088670404,-1.647783251231576,1
2025-07-25 08:30:00,2025-07-25 14:30:00,short,3356.66,3339.0285714285715,target,57.43359623554298,9834.88186707166,2.9370442391832543,0.3981526494895739,1.9635391346621291,0.8312944437241169,0.8914473684210753,1.0345162858531751,4.059795819154219,7,0.5232503170013469,0.1909582478744176,11.679170988548917,0,8,4,0,3,16.0,2025,3.059309674282949,1,0.3488089450656616,-0.3488089450656616,1,0.5036460865337948,-0.04764219737485189,1,0.5036460865337948,-0.3437044239183257,0
2025-07-25 17:45:00,2025-07-28 06:45:00,short,3331.96,3342.304285714286,stop,-22.15758545472793,9812.724281616933,-1.1264794917829222,0.0618699074713755,2.9600883855820976,1.4409681411416395,0.7692307692307807,1.1813285457809086,2.109377157851102,9,0.9972322762715132,0.2348278280910776,11.679170988548917,0,18,4,0,0,3.25,2025,1.2402983013395894,0,0.1894765916309941,-0.027068084518688324,0,0.3847534870874214,0.15854163789530634,0,0.3847534870874214,0.4031211158679819,0
2025-07-28 10:45:00,2025-07-28 16:45:00,short,3335.01,3315.5357142857138,target,57.75772967344376,9870.482011290376,2.943001760563402,0.00308098591542,3.176496478873123,0.8701101879470492,0.7604651162790333,1.3248239436619864,2.5448943661970307,13,0.7595440790145561,0.4007774558631549,11.114798462393368,0,11,0,0,1,4.0,2025,5.109815140844922,1,0.5915492957745817,-0.3774207746478475,1,0.5915492957745817,-0.254181338028105,1,0.5915492957745817,-0.16791373239431331,0
2025-07-29 01:00:00,2025-07-29 04:30:00,short,3312.78,3317.181428571429,stop,-21.40046083590328,9849.081550454472,-1.084063615709157,0.1090555014604673,2.6536838688738524,0.5804703565177797,0.7886435331230103,1.4404414151250164,-1.3586497890296658,17,1.2155644655057485,0.4173380514450486,10.655052819185414,1,1,1,0,0,8.25,2025,1.0882830249919988,0,0.6157091853293537,0.06134371957156456,1,0.6157091853293537,-0.2885426809477449,1,0.6157091853293537,-0.23401493021740788,0
2025-07-29 07:15:00,2025-07-29 07:45:00,short,3310.64,3317.3971428571426,stop,-20.776772877469764,9828.304777577005,-1.0547568710359112,0.1835095137421717,2.847357293868851,0.8860879047283883,0.6483516483516825,1.346723044397499,-0.5475687103593738,18,1.2240603461181423,0.4324353973396477,10.655052819185414,1,7,1,0,1,2.75,2025,0.020718816067634156,1,0.46617336152220595,-0.4424947145877669,1,1.0048625792811652,-0.8657505285412012,1,1.0344608879492811,-1.0285412262156715,1
2025-07-29 14:00:00,2025-07-29 17:30:00,short,3319.78,3327.761428571429,stop,-20.567843110691094,9807.736934466311,-1.0463576158940473,0.2706282441381558,1.9570431358510407,1.0381204699135025,0.5990338164250778,1.037408269196416,-1.5135135135135966,20,0.6599135313288348,0.4389437089233006,10.655052819185414,1,14,1,0,2,6.25,2025,0.9872919276892782,0,0.21675317701807686,-0.08770359763734842,0,0.21675317701807686,0.38339001252913,0,0.27563987828885816,-0.10148559155180842,0
2025-07-30 15:45:00,2025-07-30 21:45:00,short,3313.1,3284.364285714285,target,58.08871724705875,9865.82565171337,2.9613721103654203,2.000298284861996,1.912602535421361,1.2536303239557929,0.8234453180843575,2.921103653989467,3.9964205816553897,27,0.8005808469391963,0.2122942126578597,10.22814615049231,0,16,2,0,3,22.25,2025,3.504697986577094,0,0.3131991051454088,0.4061148396718668,0,0.3131991051454088,0.8070096942580053,0,0.3131991051454088,1.050260999254265,0
2025-07-30 22:00:00,2025-07-31 02:45:00,short,3275.33,3285.52,stop,-20.44810969226598,9845.377542021104,-1.0363101079489891,0.8243375858685634,4.975466143277775,1.3036872771081542,1.0,1.4425907752698746,4.971540726202213,28,1.177514352705368,0.2469998449428856,10.22814615049231,0,22,2,0,0,0.25,2025,0.7114818449460354,0,0.21884200196271333,0.2149165848871526,0,0.21884200196271333,0.2679097154072675,0,0.21884200196271333,0.16486751717368592,0
2025-07-31 13:30:00,2025-07-31 15:30:00,short,3300.88,3310.342857142857,stop,-20.46066836404888,9824.916873657055,-1.0391002415458723,0.5347222222221628,2.417874396135252,1.214555319695927,0.9840909090908724,0.9299516908212656,-0.1141304347825998,32,0.5087363798956352,0.439764378027152,10.784541809582574,1,13,3,0,1,10.75,2025,0.7513586956521795,0,0.02430555555555722,0.4871678743961436,0,0.23248792270529234,-0.04227053140097535,1,0.6879528985506924,-0.460748792270492,0
2025-07-31 17:15:00,2025-08-01 15:30:00,short,3296.68,3306.407142857143,stop,-20.397271982085304,9804.51960167497,-1.0380378910266026,0.3988838302247156,2.582464385372302,1.245797560183503,0.8567674113009544,1.5646937876339535,1.6572183874284,33,0.5410113335977048,0.4221849729351135,10.784541809582574,1,17,3,0,2,1.75,2025,1.5472169187839415,0,0.15317961521518142,-0.09149654868559731,0,0.15317961521518142,0.05140255544132789,0,0.23953590835662725,0.11308562197091201,0
2025-08-01 21:30:00,2025-08-04 16:00:00,long,3350.81,3373.1642857142856,target,52.2139014694892,9856.73350314446,2.6627465490797304,0.2496165644171325,2.501533742331317,0.9031575233727333,0.8892508143322061,0.8240030674847016,1.5648006134969037,2,0.8267262853877837,-0.1176579847781411,11.30119492159496,0,21,4,1,3,6.0,2025,3.0504217791410886,1,0.452262269938633,-0.43347392638036797,1,0.452262269938633,-0.21472392638035462,1,0.452262269938633,1.2695552147239237,0
2025-08-04 16:15:00,2025-08-05 09:30:00,long,3375.58,3367.2371428571428,stop,-20.587745765643167,9836.145757378818,-1.0443493150684928,0.4890410958904014,3.974657534246552,1.0290975572149172,0.5779220779220504,1.1075342465754237,3.4784246575341844,7,1.089684766395199,0.4048692631326567,10.597856937446933,1,16,0,1,0,0.25,2025,1.1806506849314942,0,0.24811643835612912,0.07071917808220911,0,0.24811643835612912,0.9373287671233058,0,0.24811643835612912,0.22054794520549656,0
2025-08-05 10:15:00,2025-08-05 11:45:00,long,3374.24,3368.2457142857143,stop,-20.88657261635905,9815.25918476246,-1.0617254528121696,0.0266920877025495,2.8160152526215603,0.7592188272759081,0.9187725631768456,1.8484270734032275,0.3269780743563841,11,0.8883677465446678,0.4394863957393191,10.4686576896934,1,10,1,1,1,0.75,2025,0.22187797902770892,1,0.32364156339364125,-0.12845567206863365,1,0.5021448999046313,-0.08508102955191472,1,0.5855576739751746,-0.23188751191608914,1
2025-08-05 15:30:00,2025-08-05 18:45:00,long,3363.88,3389.315714285714,target,58.03489053271848,9873.294075295178,2.9563605728727884,0.4953664700926575,2.802358887952895,1.071755876824804,0.6417112299465453,1.3233361415332223,-1.214827295703496,12,0.6914025669962544,0.4256086694259364,10.4686576896934,1,15,1,1,2,3.75,2025,3.091322662173603,0,0.11086773378265363,0.2677337826453267,0,0.11086773378265363,0.6133108677337715,0,0.11086773378265363,1.5191238416175616,0
2025-08-06 02:30:00,2025-08-06 04:00:00,long,3382.7,3379.5014285714283,stop,-22.03080714612619,9851.263268149052,-1.11567664135779,0.3251451540866363,2.50111656989729,0.4108355820495661,0.6216216216213559,0.9254131308620086,1.8195623046001876,15,0.9334473412116704,0.3775331041081742,10.464841100438974,1,2,2,1,0,7.75,2025,0.8066100937919954,0,0.190710138454566,0.17195176418049554,0,0.3595355069226217,0.07190710138455278,0,0.5721304153639823,0.031263957123829865,0
2025-08-06 09:15:00,2025-08-06 10:00:00,long,3377.21,3372.2485714285717,stop,-21.171848267626608,9830.091419881426,-1.0745752951339291,0.1773682695076522,2.454938093867031,0.636738267128022,0.7375415282392338,1.2133602073136491,0.7054419809962564,17,0.59020440940327,0.3389193300171067,10.464841100438974,1,9,2,1,1,5.25,2025,0.2862078894327815,0,0.13907284768213013,-0.06651310106534665,1,0.659084365102213,-0.4152029945292142,1,1.6426720414627296,-1.4068528649582521,0
2025-08-07 09:30:00,2025-08-07 11:15:00,long,3385.3,3378.4,stop,-20.714424528271863,9809.376995353154,-1.0536231884057965,1.2347826086956992,2.72463768115941,0.9327633113097702,0.8381410256410579,1.808695652173826,1.2695652173913192,23,0.5554683178381146,0.1885944374104164,10.46129712470272,1,9,3,1,2,23.5,2025,1.7449275362318557,0,0.19420289855074316,0.3579710144927199,0,0.19420289855074316,0.38695652173906997,0,0.19420289855074316,1.3739130434782454,0
2025-08-07 15:30:00,2025-08-11 04:00:00,long,3385.04,3374.53,stop,-26.30990644002152,9783.067088913132,-1.3410589914367097,0.315889628924807,2.2131303520457,1.393673108639773,0.4834070796460076,1.7202664129400569,1.221693625118953,24,0.546615743267042,0.2022419068288261,10.46129712470272,1,15,3,1,3,4.25,2025,2.2197906755470997,1,0.4957183634633736,-0.4034253092292862,1,0.4957183634633736,-0.03139866793529292,1,0.4957183634633736,0.5271170313986665,0
2025-08-11 23:15:00,2025-08-12 10:30:00,short,3349.76,3357.9000000000005,stop,-20.455503913182454,9762.61158499995,-1.0454545454545685,0.1056511056510637,2.1400491400491144,0.9400158374026838,0.9122807017543346,0.4201474201474223,-0.805896805896842,3,0.8208460001498009,0.0546043980485411,11.410680480101462,0,23,0,0,4,19.25,2025,0.971744471744494,0,0.015970515970473255,0.34152334152336056,0,0.015970515970473255,0.9520884520884366,0,0.015970515970473255,0.5958230958231309,0
2025-08-12 14:00:00,2025-08-12 15:30:00,short,3343.76,3351.784285714286,stop,-20.42553166226105,9742.18605333769,-1.0461100231440357,0.0498486736691734,1.95905287520033,0.9004326228486543,0.4378881987576841,0.8025636460744859,0.3115542104326174,7,0.5533513990123737,0.2405439936873254,10.665714705743218,0,14,1,0,5,3.5,2025,0.9521096670821196,0,0.026170553676287726,0.08225031155424954,1,0.33024746305852914,-0.33024746305852914,1,0.5807370482463807,-0.06355705892822448,0
2025-08-13 03:45:00,2025-08-13 04:00:00,short,3343.49,3348.415714285714,stop,-20.94796038266963,9721.23809295502,-1.0751160092807313,0.0852668213457246,4.092807424594229,0.5414278825676085,0.7500000000000351,1.3155452436196196,1.6281902552205485,11,0.5548566214186406,0.1969414300709626,10.115781575322965,0,4,2,0,6,12.25,2025,0.02639211136884003,1,1.0658352668213733,-1.0110208816705635,1,1.1754640371230851,-0.464907192575503,1,1.737819025522168,-1.498259860788924,1
2025-08-14 23:00:00,2025-08-15 04:45:00,short,3335.21,3340.1085714285714,stop,-20.911009674434613,9700.327083280585,-1.075532225138525,0.1837270341206632,2.2088072324294377,0.5251166973850341,0.9383753501399876,1.4575678040245847,-0.3878681831437049,4,0.7053689770048438,0.0889393143588712,9.518880623044035,0,23,3,0,7,43.0,2025,0.6022163896179359,0,0.13881598133563494,-0.06532516768740677,0,0.14902303878682416,-0.024496937882742726,0,0.5083114610673293,-0.057159521726399695,0
2025-08-19 19:45:00,2025-08-20 10:15:00,short,3317.5,3327.01,stop,-20.155464055270823,9680.171619225312,-1.0389064143007425,0.1240799158780517,3.909568874868432,1.3279489925556145,0.874643874643867,0.7381703470031886,3.623554153522553,9,0.7869772418378169,0.1681026380241368,8.14480467929714,1,20,1,0,8,111.0,2025,0.6309148264984126,0,0.15667718191374952,-0.03890641430072397,0,0.15667718191374952,0.20084121976864605,1,0.2828601472134607,-0.005257623554172566,0
2025-08-25 09:15:00,2025-08-25 11:00:00,long,3368.6,3364.658571428572,stop,-21.177787565654736,9658.993831659658,-1.0938745922435182,0.2689380210219833,2.532076839434726,0.6606553574234606,0.6470588235293117,0.9488945270027233,3.14606741573028,4,0.6418469039763224,0.1691464338319681,7.25006536005309,1,9,0,1,9,119.0,2025,0.3171438927147553,0,0.6698079014135309,-0.1116346502356077,0,0.6698079014135309,0.09894889452697134,1,0.6698079014135309,0.0888002899601084,0
2025-08-25 14:30:00,2025-08-25 15:45:00,long,3369.8,3365.3900000000003,stop,-20.938771208767623,9638.05506045089,-1.0839002267573563,0.5986394557823981,2.9251700680271817,0.7546581715673772,0.853982300885002,1.0249433106577142,0.6757369614513667,5,0.5418605588376335,0.2262561690301812,7.25006536005309,1,14,0,1,10,3.5,2025,0.39229024943311785,0,0.013605442176961741,0.17687074829926522,0,0.3129251700680577,-0.25850340136062316,1,0.9705215419501765,-0.9365079365079784,0
2025-08-25 17:00:00,2025-08-25 22:15:00,long,3373.86,3367.982857142857,stop,-20.48965229914946,9617.56540815174,-1.0629557608166904,0.7929022848808722,3.181818181818316,1.0140060510083948,0.9049881235154188,1.432668935342749,2.0690325717063502,6,0.5221114480908793,0.2911170919360106,7.25006536005309,1,17,0,1,11,1.25,2025,0.41346621293142705,1,0.7843947496354154,-0.47472046669907164,1,0.7843947496354154,0.06635877491490319,1,0.7843947496354154,0.2603305785123542,0
2025-08-26 03:45:00,2025-08-26 04:15:00,long,3383.21,3373.4328571428573,stop,-19.963052920543944,9597.602355231196,-1.0378433664523603,0.0388661601402802,6.484511981297487,1.714126495305491,0.2923728813559395,0.965517241379368,3.645236703682112,9,0.924444209220404,0.2679986630169439,7.686320652349999,1,4,1,1,12,5.5,2025,0.16978375219168684,1,0.8274400935125854,-0.7609585037989579,1,1.091320864991247,-0.9481297486849831,1,1.1751899473992127,-0.6545879602571726,1
2025-08-26 14:30:00,2025-08-26 15:45:00,long,3378.97,3371.8785714285714,stop,-20.19672727694284,9577.405627954253,-1.052175664786454,0.1099919419822377,3.1897663174859203,1.186893718935633,0.7787878787878549,0.9307010475422386,0.3779210314261864,11,0.6406710894418571,0.2792932994303276,7.686320652349999,1,14,1,1,13,10.25,2025,0.20447219983888051,1,0.3158742949234218,-0.19883158742947415,1,0.414585012086975,-0.14101531023368416,1,0.459709911361777,-0.1043513295728955,1
2025-08-26 22:00:00,2025-08-27 04:30:00,long,3388.29,3383.422857142857,stop,-20.61095922047593,9556.794668733775,-1.076019958908144,0.9820956853536396,2.3175814499559406,0.8013972114575997,0.8494623655914044,1.5286175520985512,2.794247138244889,13,0.7426815465008659,0.2754580981253474,7.686320652349999,1,22,1,1,14,6.25,2025,1.2512474317581856,0,0.05136483710008849,0.028764308776023394,0,0.09245670678012191,0.12738479600819705,0,0.09245670678012191,0.36366304666862276,0
2025-08-27 23:45:00,2025-08-28 03:45:00,long,3397.31,3393.52,stop,-20.979559800491035,9535.815108933286,-1.097625329815248,0.3535620052770684,1.6569920844325812,0.6385427201948234,0.6613545816733111,1.3245382585750176,0.944591029023688,20,0.8249208139451168,0.2706627356959146,8.645045635641672,1,0,2,1,15,19.25,2025,0.5408970976253552,0,0.28496042216355727,-0.08970976253301617,1,0.6569920844326326,-0.22691292875991856,1,0.6569920844326326,-0.3905013192612022,0
2025-08-28 09:30:00,2025-08-28 16:45:00,long,3395.37,3409.0800000000004,target,55.67079805390379,9591.485906987187,2.919037199124729,1.2166301969363875,2.1663019693654686,0.7681909551258541,0.960344827586202,2.5382932166299867,3.15536105032813,22,0.5393428897293482,0.270404127299928,9.694703434640676,1,9,3,1,16,5.75,2025,3.299781181619122,0,0.3238512035010865,0.0,0,0.3413566739605885,0.2975929978118334,0,0.3610503282275781,-0.09190371991248528,0
2025-08-28 17:00:00,2025-08-29 17:45:00,long,3411.57,3440.348571428572,target,54.66630755068062,9646.15221453787,2.8497309009679825,0.2335070737156339,3.392107222635881,1.5868311525400058,0.9728682170542876,1.075800446760951,3.4171258376769065,24,0.6408528554323124,0.2959469866229858,9.694703434640676,1,17,3,1,0,0.25,2025,3.0814594192107125,0,0.427401340282986,-0.07088607594939733,0,0.427401340282986,0.018763961280697728,0,0.427401340282986,0.007297096053580969,0
2025-08-29 18:00:00,2025-09-01 05:30:00,long,3442.25,3474.247142857143,target,53.33132491146356,9699.483539449331,2.7643833377980016,0.210018751674234,6.178676667559591,1.788622268538918,0.901098901098875,0.6825609429413884,6.979373158317597,30,0.837432757707322,0.3723847252210754,11.34527167661988,1,18,4,1,0,0.25,2025,3.213099383873525,0,-0.0028127511385132396,0.2409590141977091,0,-0.0028127511385132396,0.4669166889900853,0,-0.0028127511385132396,0.17907848915080155,0
2025-09-01 05:45:00,2025-09-01 10:30:00,long,3483.53,3468.9357142857148,stop,-19.89077722704225,9679.59276222229,-1.025352388410337,0.9606499608457806,5.403484729835633,2.448527142775778,0.8710900473933926,1.4457713390759497,4.55657791699304,33,1.3174994733887238,0.474359846557526,13.571218537654108,1,6,0,1,0,0.25,2025,0.43647220046985213,1,0.9462607674236948,-0.6934220830070847,1,0.9476311667972253,-0.8057948316366789,1,0.9476311667972253,-0.6159945184025339,0
2025-09-01 16:00:00,2025-09-02 04:30:00,long,3477.49,3501.327142857144,target,57.17607706041914,9736.76883928271,2.9534340165408137,1.0093491549801323,1.590794678173311,1.212160286513292,0.9369565217390908,2.315713772024449,0.7752606975907526,36,1.6489035580368203,0.7176416610647829,13.571218537654108,1,16,0,1,1,5.5,2025,3.1463502337287776,0,0.2970154620639554,0.05789284430061409,0,0.2970154620639554,-0.039014742898229975,0,0.4052499101042414,0.08558072635745938,0
2025-09-02 13:45:00,2025-09-02 15:30:00,long,3485.67,3475.537142857143,stop,-20.18461144971281,9716.584227832996,-1.0365148738192584,0.1184266177921718,2.054701818694553,1.459462518068381,0.9716088328075256,0.625687297335417,0.0453968701536763,41,1.3173892835031156,0.6938244064863763,16.271358787750888,1,14,1,1,0,9.25,2025,0.8408289863245455,1,0.23784012406596672,-0.20625969265474486,1,0.6345692936698455,-0.61581841251941,1,0.6997039334555355,0.40758494290146385,0
2025-09-02 17:00:00,2025-09-03 03:15:00,long,3498.02,3544.88,target,57.839180634053015,9774.42340846705,2.976312419974379,0.4903969270166374,2.5403329065301152,2.2040013119055364,0.8830798479087433,1.3469910371318836,2.1562099871959277,42,1.344543652388964,0.6720206989506039,16.271358787750888,1,17,1,1,1,1.5,2025,3.1209987195902777,0,0.10243277848911098,0.2746478873239421,0,0.17413572343148576,0.7893725992317517,0,0.17413572343148576,0.8758002560819381,0
2025-09-03 11:15:00,2025-09-03 13:15:00,long,3541.06,3532.5842857142857,stop,-20.40223487113655,9754.021173595913,-1.04365413787289,0.2548457778526656,3.08882521489968,1.107427256840364,0.9595375722543288,1.2246755435698495,1.609303893477165,46,2.2222704130495927,0.8596800350698652,19.43030339755725,1,11,2,1,0,8.0,2025,0.09438732513064471,1,0.5781223664250782,-0.27608292600709017,1,0.5781223664250782,-0.11208494859259366,1,0.5781223664250782,-0.33153547952130774,1
2025-09-03 14:00:00,2025-09-03 19:45:00,long,3546.25,3572.0628571428574,target,57.685245592476726,9811.70641918839,2.9569981736676154,1.0204217167524114,2.208201892744462,1.1137839158112814,0.8002512562813897,1.8502407438153683,2.6451934252033915,47,2.162613364376765,0.9206672113650116,19.43030339755725,1,14,2,1,1,0.75,2025,3.0612651502573396,0,0.1708450938070483,-0.0511373069898781,0,0.1708450938070483,0.2975261497592475,0,0.2266312468869105,-0.049975095467355644,0
2025-09-03 20:30:00,2025-09-03 22:15:00,long,3574.24,3564.3814285714284,stop,-20.35989507647804,9791.346524111912,-1.0375307926387274,0.2332995218083559,3.1667874221127112,1.224399726324234,0.9270072992699796,0.5558614693523066,4.570641935951185,49,2.705383959723152,1.0076556189348551,19.43030339755725,1,20,2,1,0,0.75,2025,0.42298217649616043,0,0.06897551079551914,0.02231560643387563,0,0.06897551079551914,0.4047239530502999,1,0.8926242573539643,-0.48688595855669525,0
2025-09-04 09:15:00,2025-09-05 15:30:00,long,3537.57,3578.4,target,56.67396835437443,9848.020492466288,2.894084496693617,0.477590007347541,1.4665686994856824,1.5895664022580058,0.8231631382316733,1.1800146950771175,-1.1300514327700355,52,1.234720867709585,0.9006128135242264,22.741476688943983,1,9,3,1,1,11.0,2025,3.6179279941219713,0,0.17560617193242758,0.10286554004405901,0,0.17560617193242758,-0.11388684790596544,0,0.36149889786922096,0.0022042615723545547,0
2025-09-05 16:45:00,2025-09-05 17:30:00,long,3594.41,3577.335714285714,stop,-20.12285445674484,9827.89763800954,-1.021670013386892,0.8902275769745545,4.5542168674698935,1.8024340097822855,0.9147005444646048,1.2908299866131172,4.919678714859439,60,1.788527960485041,0.5694720283796473,25.182539441955143,1,17,4,1,0,1.25,2025,0.2102576974565012,0,0.13704819277106625,-0.07320950468540831,1,0.9728078982596865,-0.9025267737617052,1,1.2293340026773636,-0.24188420348056883,1
2025-09-05 19:15:00,2025-09-08 01:00:00,long,3599.61,3581.5628571428574,stop,-22.392816146056152,9805.504821863486,-1.1392475263199529,0.0642761022718199,2.8381223778991798,1.840115702148288,0.8942857142857454,0.3878730309506863,4.9625583788490895,60,1.788527960485041,0.5694720283796473,25.182539441955143,1,19,4,1,1,1.75,2025,0.031029842476051884,1,0.3845484049711121,-0.26319955671653716,1,0.3845484049711121,-0.24214359217923334,1,0.5081136705454031,-0.19061188949576888,1
2025-09-08 08:45:00,2025-09-08 11:15:00,long,3591.23,3613.9228571428575,target,57.87377463510456,9863.378596498593,2.9510859301227668,0.6398489140698878,2.456279508970684,0.7483706684396509,0.925675675675693,1.1739376770538228,0.4547686496694404,64,1.3472450905343794,0.6794334264504709,27.822054027822617,1,9,0,1,2,7.75,2025,3.4345609065155362,0,0.23002832861192613,0.4203966005665448,0,0.23002832861192613,0.4151085930122532,0,0.23002832861192613,0.893673276676066,0
2025-09-08 13:00:00,2025-09-09 05:00:00,long,3621.03,3651.531428571429,target,58.46238059782189,9921.840977096414,2.96360826190812,0.7514402135731663,2.1382605030209123,1.0059986041539684,0.9863945578231414,1.445833918785986,5.236476043276724,65,2.01830843819518,0.7550064330013484,27.822054027822617,1,13,0,1,0,1.75,2025,3.187719544751985,0,0.4534213854152151,-0.2390051988197558,0,0.5468596318673987,-0.32555852184913275,1,0.7406210481944829,-0.48489532106227345,0
2025-09-09 05:15:00,2025-09-09 06:00:00,long,3653.72,3645.01,stop,-20.68663974099581,9901.154337355418,-1.0424799081515652,0.0642939150401259,5.228473019517847,0.8711449315525912,0.9507692307691356,0.746268656716426,4.9322617680827205,69,2.12855187766934,0.8794088236696807,30.661388542744163,1,5,1,1,0,0.25,2025,0.08610792192881837,1,0.3214695752008906,-0.09758897818598372,1,0.7715269804821897,-0.7049368541905785,1,1.1343283582089276,-0.5648679678530046,1
2025-09-09 07:30:00,2025-09-09 09:00:00,long,3655.15,3645.11,stop,-20.53207503025337,9880.622262325163,-1.0368525896414549,0.1354581673307384,2.3525896414343066,0.9932568628247456,0.9605911330049616,0.8087649402390517,3.470119521912445,69,2.12855187766934,0.8794088236696807,30.661388542744163,1,7,1,1,1,1.5,2025,0.41533864541834353,0,0.06374501992030751,-0.013944223107557361,0,0.08167330677292656,-0.02191235059763543,0,0.27191235059761765,0.18326693227088978,0
2025-09-09 12:00:00,2025-09-09 17:30:00,long,3655.53,3641.341428571429,stop,-20.276564936640124,9860.345697388526,-1.0260773258155365,0.6258558195731038,1.886024969794616,1.3978363467474857,0.9923469387755172,1.1051147805074697,0.0845751107531723,71,2.077970807293347,0.9602933174168716,30.661388542744163,1,12,1,1,2,3.0,2025,1.3644784534836638,0,0.15646395489329196,-0.12827225130891184,0,0.2727547321788399,-0.09232782923885206,0,0.2727547321788399,-0.1332057994361888,0
2025-09-10 02:00:00,2025-09-10 03:15:00,long,3639.05,3629.172857142857,stop,-20.459432943988787,9839.886264444536,-1.0374602256291778,0.5568411917847819,3.373445183685323,0.9711680107314542,0.8289473684210853,1.0772345964709569,-1.0124385305177852,74,1.158289161594271,0.8089360734524043,33.499335830675314,1,2,2,1,3,8.5,2025,0.18021405843214,0,0.18831356667632096,-0.10630604570438587,0,0.3766271333526419,-0.21767428406133305,1,0.9982643910905491,-0.8656349435927249,1
2025-09-10 05:30:00,2025-09-11 08:45:00,long,3635.89,3624.941428571429,stop,-22.270849281065587,9817.615415163473,-1.131661925887249,0.084029227557419,2.763830897703523,1.072363051234799,0.9135802469135677,0.8877870563674674,0.8074112734864543,75,1.0195187107082877,0.7292873898389507,33.499335830675314,1,5,2,1,4,2.25,2025,1.980167014613832,0,0.05936847599165838,0.0347077244258977,1,0.25391440501041856,-0.15070459290188926,1,0.25391440501041856,0.00913361169101478,0
2025-09-11 09:30:00,2025-09-11 10:00:00,long,3636.37,3628.317142857143,stop,-20.53739949895503,9797.078015664516,-1.0459464254036002,0.5016852935958849,2.861096327833978,0.8102130636136502,0.8571428571428205,1.321270179173373,0.0794748979953161,82,0.6458280582819723,0.4613590141907098,35.8802605585814,1,9,3,1,5,0.75,2025,0.20489622139437205,1,0.5215540180947138,-0.3998580805392731,1,1.3361717225474383,-1.0840872804683472,1,1.5460351250665176,-1.041866240908279,1
2025-09-11 19:00:00,2025-09-15 19:30:00,long,3640.14,3685.315714285714,target,52.72404650460483,9849.80206216912,2.6908046674888437,0.1421117541029878,2.746608481168812,1.519199877495507,0.7919010123734606,1.1807228915662498,2.6855137083767917,84,0.5297449681148241,0.3430776994546081,35.8802605585814,1,19,3,1,6,9.0,2025,3.016222369794146,1,0.256332416279269,-0.1912532017834893,1,0.3619201214305927,-0.31211460013280307,1,0.5498529551275808,-0.4874300351010142,0
2025-09-16 03:15:00,2025-09-16 04:15:00,long,3683.61,3678.8028571428576,stop,-21.21585894401168,9828.58620322511,-1.0769687964338406,0.986032689450404,2.117682020802329,0.555242733064767,0.9765458422175518,1.951263001485792,1.776523031203626,98,1.2133364339980128,0.3085647796742696,41.63979161532245,1,3,1,1,0,7.75,2025,1.2460624071322455,0,0.2766716196136655,0.13521545319467487,0,0.2933135215453949,0.5991084695393267,1,1.3479940564636508,-1.0546805349183503,0
2025-09-16 07:45:00,2025-09-16 17:15:00,long,3684.28,3702.2285714285713,target,57.75585159058559,9886.342054815696,2.9381566380134023,0.250716332378231,2.9350525310412245,0.688577722408866,0.6366459627330153,1.0764087870104715,-0.7387774594077142,100,1.1731848057976615,0.4269531693520623,41.63979161532245,1,8,1,1,1,3.5,2025,3.1623686723973568,0,0.2473734479465243,-0.0250716332378383,0,0.2473734479465243,-0.006685768863489421,1,0.6652340019102426,-0.2540592168099377,0
2025-09-16 23:00:00,2025-09-17 04:15:00,long,3692.64,3687.77,stop,-21.27492089003505,9865.06713392566,-1.0759753593429389,0.6611909650922387,1.9301848049281576,0.5809050264018962,0.981250000000016,1.3141683778232756,2.1971252566733765,103,1.0745023108408995,0.5081851741481014,41.63979161532245,1,23,1,1,0,5.75,2025,0.5441478439424997,0,0.03490759753594769,0.19712525667351002,0,0.04106776180694235,0.01437371663247651,1,0.7063655030800621,-0.24640657084184084,0
2025-09-17 15:45:00,2025-09-17 21:00:00,long,3678.72,3669.5042857142857,stop,-20.52227576147569,9844.544858164183,-1.040148814137322,0.7443807161680032,3.2987133777708606,1.170575477750222,0.8534136546184707,1.080762672453891,3.003565338707121,108,0.5435089248376327,0.3110899525751387,43.622053263655154,1,16,2,1,1,11.5,2025,3.1250968842040305,0,0.6380406138582814,-0.026042474035009738,0,0.6380406138582814,-0.22461633855213167,0,0.6380406138582814,0.008680824678385924,0
2025-09-22 01:00:00,2025-09-22 09:15:00,long,3687.89,3704.2357142857145,target,57.73022818502891,9902.275086349217,2.932092291557421,0.7855270057681595,1.8390141583639648,0.6395425610627872,0.9189189189188912,1.6297850026219058,6.394336654430939,2,0.6953382737683194,0.0194276140914384,44.364129498132016,1,1,0,1,2,100.0,2025,3.402726796014606,0,0.3450445726270926,0.6295228106974711,0,0.3450445726270926,0.5028841111694091,0,0.3450445726270926,-0.1706869428421269,0
2025-09-22 09:30:00,2025-09-22 10:15:00,long,3716.98,3708.742857142857,stop,-20.694140615766397,9881.580945733447,-1.0449184876864464,2.5615678113077567,3.96253902185224,0.9516866883250688,0.9733656174334196,3.0083246618106383,7.2889351370101885,4,0.7754989420588073,0.1592261169389264,44.364129498132016,1,9,0,1,0,0.25,2025,0.34599375650363734,0,0.4625390218522391,-0.3204994797086273,0,0.8825875823794799,-0.6701352757544325,0,1.0088449531737893,-0.35570586194934495,0
2025-09-22 11:30:00,2025-09-23 04:00:00,long,3722.02,3753.657142857143,target,58.59608836609832,9940.177034099548,2.964914657274464,0.3887835274993587,4.64074776483336,1.217038037934203,0.9396551724137544,0.8799783256570691,5.820373882416723,4,0.7754989420588073,0.1592261169389264,44.364129498132016,1,11,0,1,1,1.25,2025,3.169059875372547,0,0.20671904632889346,-0.15835816851802434,0,0.260769439176376,-0.1431861284204604,0,0.260769439176376,-0.08913573557302097,0
2025-09-23 08:15:00,2025-09-23 12:00:00,long,3750.08,3778.4557142857134,target,58.863383348886266,9999.040417448434,2.9608820419876216,0.5455369279564863,2.287871922670325,1.064434157629422,0.9559902200488302,0.8648240447062681,0.0401752001208391,10,1.5181980210571286,0.6649469667603158,45.22519629037697,1,8,1,1,0,4.25,2025,3.709862558525916,0,0.060262800181210704,0.7580425917535188,0,0.060262800181210704,0.33197402205103604,0,0.060262800181210704,0.6850928862709577,0
2025-09-23 12:15:00,2025-09-23 16:45:00,long,3786.91,3775.605714285714,stop,-20.65263700022481,9978.387780448207,-1.0327309490711598,0.3078478453177906,6.395804372551468,1.2619538316218837,0.5260770975056447,1.5604701124731633,6.516112725894039,11,2.143248393938844,0.7163915440852486,45.22519629037697,1,12,1,1,0,0.25,2025,0.16630860609125073,1,0.7563503096170563,-0.7563503096170563,1,0.7598887905977177,-0.18046253001389667,1,0.7598887905977177,-0.381271325666617,1
2025-09-23 20:15:00,2025-09-23 21:45:00,long,3782.33,3769.384285714285,stop,-20.52715791250477,9957.860622535703,-1.0285808872213789,0.0401677333921504,2.6155374089605297,1.3846468255458897,0.41594454072792,0.8914146987419934,-0.2085632310748031,13,1.9803024057620155,0.8023412018046017,45.22519629037697,1,20,1,1,1,3.5,2025,0.056389318031340854,1,0.399359964687711,-0.3252041491944399,1,0.49977929816815747,-0.3808210108143757,1,0.49977929816815747,-0.2796292209225242,1
2025-09-24 02:00:00,2025-09-24 04:30:00,long,3769.08,3757.27,stop,-20.53966848136916,9937.320954054334,-1.0313293818797629,0.1558001693480232,1.5834038950042255,1.2517775913085665,0.777108433734915,0.8433530906011925,-1.446232006773921,14,1.4842160677996483,0.7811476471472512,46.40504117889501,1,2,2,1,2,4.25,2025,0.2218458933107454,0,0.15495342929720032,0.03725656223539853,1,0.6003386960203368,-0.4682472480948155,1,0.861134631668088,-0.8154106689246532,1
2025-09-24 06:45:00,2025-09-24 17:00:00,long,3765.39,3755.672857142857,stop,-20.63140936682672,9916.689544687508,-1.0380770361658338,0.0020582181710774,3.019406057042082,1.0179717078344812,0.6166666666666364,0.6174654513378461,0.3210820346956687,15,1.4124476799393322,0.7611974103659769,46.40504117889501,1,7,2,1,3,2.25,2025,1.4325198471038105,0,0.007203763598911587,0.1481917083210887,1,0.22743310790944374,-0.04322258159365672,1,0.22743310790944374,0.2830049985298461,0
2025-09-26 20:30:00,2025-09-26 22:30:00,long,3782.76,3771.032857142857,stop,-20.45913681676579,9896.230407870742,-1.0315507369959969,0.2694603483981658,1.659398221464256,1.158459714748048,0.9318600368324362,0.9260567669631424,4.181751735899713,31,0.963781771002948,0.2277716746982072,47.26396583374376,1,20,4,1,4,51.5,2025,0.040077963211092846,0,0.16883907905957096,0.017907175051736838,1,0.6898526008040107,-0.5602387623340397,1,0.6898526008040107,-0.3291509319040199,1
2025-09-29 03:00:00,2025-09-29 07:30:00,long,3774.01,3805.2528571428575,target,58.67419351014981,9954.904601380891,2.964471879286714,0.3053497942387031,3.059259259259236,1.0295643741068583,0.9446529080675704,2.0471879286693286,-0.3764060356652047,32,0.539097226927059,0.2304520673362065,47.886211771473526,1,3,0,1,5,52.5,2025,3.142798353909341,0,0.12866941015090225,0.31591220850478935,0,0.12866941015090225,0.8517146776405708,0,0.12866941015090225,0.21412894375852587,0
2025-09-29 08:45:00,2025-09-30 05:00:00,long,3813.54,3850.877142857143,target,59.13752671486093,10014.042128095753,2.9702708907254465,0.2474747474747406,3.17539026629938,1.1867875885884795,0.9193262411347628,1.812672176308492,5.5922865013774175,34,1.5437016339421403,0.3614753409474369,47.886211771473526,1,9,0,1,0,1.25,2025,3.0862029384756418,0,0.21774563820018572,0.2514921946740206,0,0.21774563820018572,-0.06668962350779922,0,0.21774563820018572,0.3117539026630011,0
2025-09-30 06:00:00,2025-09-30 10:45:00,long,3853.55,3842.078571428572,stop,-20.67407103357065,9993.368057062182,-1.0322540473225466,0.2789539227896052,3.017932752179345,1.0550498770011665,0.8734463276836268,1.542963885429637,4.132004981320135,39,1.8116116797555808,0.7258151094212018,48.92424677453076,1,6,1,1,0,1.0,2025,1.5769613947696013,0,0.10199252801993255,0.4097135740971236,0,0.10199252801993255,0.8917808219178179,0,0.10199252801993255,0.8072229140722159,0
2025-09-30 15:45:00,2025-10-01 02:00:00,long,3819.34,3862.188571428572,target,59.44244832501408,10052.810505387197,2.974094818963808,0.2198439687937816,2.0738147629525825,1.256543515606118,0.793805309734523,1.5823164632926838,0.4270854170834421,42,1.00334096729038,0.6909378994001569,48.92424677453076,1,16,1,1,1,5.0,2025,3.0001000200039942,1,0.38577715543110147,-0.16733346669336158,1,0.537707541508322,-0.2786557311462305,1,0.537707541508322,0.3360672134426694,0
2025-10-01 02:45:00,2025-10-01 09:15:00,long,3862.78,3855.142857142857,stop,-21.07968682480216,10031.730818562392,-1.0484474373363435,0.1309390198279108,2.6135428357651054,0.6665071878455204,0.8860103626943945,0.505424616535693,3.8653198653199854,44,1.7871390998747243,0.6717740031751962,50.17080373455129,1,3,2,1,0,0.75,2025,1.6550692106247764,0,0.051066217732928104,0.30901608679382675,1,0.19902731013842212,-0.19902731013842212,1,0.5368499812944821,-0.23830901608681918,0
2025-10-01 10:15:00,2025-10-01 17:45:00,long,3870.68,3859.82,stop,-20.74702340560843,10010.983795156784,-1.0340699815837762,0.176795580110506,2.996316758747731,0.9573960640593818,0.8846153846153207,0.9576427255985884,1.294659300184131,46,1.7014689580211664,0.6176111820747954,50.17080373455129,1,10,2,1,1,1.0,2025,2.259668508287317,1,0.22928176795578378,-0.15377532228357627,1,0.22928176795578378,0.7891344383057337,1,0.22928176795578378,1.9511970534070269,0
2025-10-02 05:00:00,2025-10-02 17:15:00,long,3869.85,3860.068571428571,stop,-20.779334262708826,9990.204460894076,-1.0378267854534766,0.7463122535417178,2.754198919234668,0.835413674098275,1.0,1.6807360887979776,1.3883452606981124,51,0.9562976787480336,0.6506251497020221,51.48794115340006,1,5,3,1,2,11.25,2025,2.757265955893126,1,0.7688038557032281,-0.595005111727736,1,0.7688038557032281,-0.5029940119760568,1,0.7688038557032281,-0.09610048196290931,0
2025-10-03 02:30:00,2025-10-03 04:00:00,long,3862.05,3855.527142857143,stop,-21.113769830842116,9969.090691063231,-1.0567236092859968,0.8309242225142413,2.1861585632939304,0.5565548087185708,0.8389830508475009,1.4472185720542434,4.249671484888316,56,0.6329106194472618,0.4011702042121756,51.58404643908201,1,2,4,1,3,9.25,2025,0.2575558475689613,0,0.09658344283838664,0.061322820849702905,0,0.714410862899736,-0.11804643013578267,1,0.8508541392904295,-0.5595707402540618,0
2025-10-03 15:30:00,2025-10-06 01:45:00,long,3870.87,3899.0742857142855,target,54.48502978627646,10023.575720849509,2.732698070202101,0.6722382616623356,2.7378817808843623,0.8104555040716688,1.0,1.6848503266980988,1.66783163652935,59,0.7396399443098185,0.2806784827306785,51.58404643908201,1,15,4,1,4,11.5,2025,3.1399483361191534,0,0.14146786202704092,0.33080079015348823,0,0.14146786202704092,0.676492934204547,0,0.14146786202704092,1.7029326850023156,0
2025-10-06 02:00:00,2025-10-06 08:00:00,long,3909.86,3942.864285714286,target,59.46722861111209,10083.04294946062,2.9663680041553167,1.721594598104194,3.1650435008440296,0.9385244736211364,0.5137046861184866,4.1121932216596,4.982989222179009,62,1.080767932573354,0.3260327502044191,51.67328706150097,1,2,0,1,0,0.25,2025,3.2004934424100897,0,0.2263342423062162,0.06544604596803812,0,0.2263342423062162,0.1063498246980981,0,0.8644331904947635,-0.48902739903909725,0
2025-10-06 10:45:00,2025-10-06 15:30:00,long,3941.53,3927.53,stop,-20.69904674053588,10062.343902720086,-1.0264285714285857,0.150000000000028,2.548571428571485,1.1788557781224878,0.7987910189982779,1.654285714285727,1.7200000000000837,64,2.1494510420438573,0.5129733485675692,51.67328706150097,1,11,0,1,0,2.75,2025,0.5700000000000093,0,-0.002142857142838983,0.4121428571428616,0,0.09071428571428568,0.1592857142857178,1,0.4350000000000165,0.07000000000000228,0
2025-10-06 16:30:00,2025-10-07 18:15:00,long,3944.78,3990.555714285714,target,58.47284095560604,10120.816743675692,2.905527853197279,0.2569047841962412,2.1404362887370607,1.2843255755113212,0.984822934232716,2.331804138189305,0.7956183877914272,66,1.769513380479154,0.6715288966704147,51.67328706150097,1,16,0,1,1,1.0,2025,3.033049339949428,0,0.2687014324501691,-0.003932216084662499,0,0.29426083700029654,0.23593296507817038,0,0.29426083700029654,0.8395281340698405,0
2025-10-07 23:30:00,2025-10-08 05:45:00,long,3984.07,4009.981428571428,target,59.85778450551678,10180.67452818121,2.9571617598412097,0.0324181276878037,2.2669533575918206,0.7146147995058327,0.9631147540984882,0.5650016539861273,1.604697320542598,73,1.8612074149772373,0.8368667496745141,52.43121140755539,1,23,1,1,0,5.25,2025,3.1955011577903103,0,0.021998015216678816,0.09841217333773485,0,0.0752563678465217,0.523321204101891,0,0.0752563678465217,0.6900430036387836,0
2025-10-08 06:00:00,2025-10-08 18:00:00,long,4013.46,4049.6442857142856,target,60.45943631919992,10241.133964500408,2.969323700106592,0.2968139286983245,4.505270638398694,1.0145159005010211,0.7340659340659367,0.7544711595404793,3.8884282837853616,75,1.9800658244394835,0.8169897132515924,53.28130826719271,1,6,2,1,0,0.25,2025,3.0866990406253776,1,0.37889375814285453,-0.17991235342888237,1,0.37889375814285453,-0.028189032334490386,1,0.37889375814285453,0.515693473883675,0
2025-10-08 19:00:00,2025-10-08 22:00:00,long,4055.44,4037.467142857143,stop,-20.90392816217887,10220.23003633823,-1.020586598839527,0.5285748350687548,2.708528733804961,1.4738321862644626,0.9211618257261543,1.340910897384916,1.1328193307368075,78,2.589388027742648,0.9713024222771648,53.28130826719271,1,19,2,1,0,1.0,2025,0.20976075033781008,0,0.1836102058659986,0.011684285827837655,0,0.1836102058659986,0.1468881646927837,0,0.1836102058659986,-0.041173197679053,1
2025-10-09 04:15:00,2025-10-09 05:00:00,long,4031.37,4010.807142857143,stop,-20.80825770772032,10199.421778630507,-1.0179936084479582,0.3219396970960078,2.6046964012782925,1.657578810997551,0.9080118694361844,1.3111018479922243,-1.2274558843962688,81,1.7070860344366792,1.04456363172567,54.478739628410544,1,4,3,1,1,6.25,2025,0.24510212588578464,0,0.1337362790051414,0.08753647353064685,1,0.6998054745032609,-0.5670418229817924,1,1.3991246352646964,-0.8894678338196477,1
2025-10-09 07:15:00,2025-10-09 16:45:00,long,4038.32,4019.995714285714,stop,-20.81073257896004,10178.611046051548,-1.020191782957834,0.5511811023622246,3.347470180088884,1.4477280256995166,0.9633027522936112,0.7138068137522375,1.219147111561558,81,1.7070860344366792,1.04456363172567,54.478739628410544,1,7,3,1,2,2.25,2025,1.0668901535822726,0,0.12115069774695397,0.02019178295781739,0,0.12115069774695397,0.03601777500583911,0,0.21337803071647438,0.03165198409604344,0
2025-10-13 01:00:00,2025-10-13 16:15:00,long,4022.22,4089.394285714285,target,60.73527987067859,10239.346325922226,2.983475819829013,0.0777083067500225,2.5304325634809284,1.4870462183844104,0.7085798816568003,2.415209901748125,3.574582110501481,4,1.0001175530822664,0.1622451176912065,54.53336497152803,1,1,0,1,3,80.25,2025,3.1556718131938517,0,0.11164986602016126,0.8003062396325192,0,0.11164986602016126,0.6533750159499886,0,0.11164986602016126,1.1584790098251958,0
2025-10-13 16:45:00,2025-10-14 04:00:00,long,4094.15,4138.391428571428,target,60.92227563093467,10300.268601553162,2.974910394265211,0.1084955923665852,2.7245955633052104,0.9333262008072272,0.8328042328042373,1.2816041848299722,2.264845490651989,8,2.0050388184217787,0.6051342704811891,54.53336497152803,1,17,0,1,0,0.5,2025,3.1843456359585245,1,0.20410733313960688,-0.12476993122155453,1,0.23258742613583397,0.03865155478056747,1,0.23258742613583397,0.22987503632664158,0
2025-10-14 04:15:00,2025-10-14 08:30:00,long,4146.85,4131.64,stop,-21.10166795689637,10279.166933596263,-1.0243261012491696,0.7547666009205297,4.3274161735699535,0.969985742202634,0.7132216014897832,1.4122287968442568,4.744247205785606,11,2.557400599224166,0.9387379188261712,55.206005160183935,1,4,1,1,0,0.25,2025,2.1617357001971627,1,0.7863247863247801,-0.4648257725181158,1,0.9690992767916193,-0.6351084812623707,1,0.9690992767916193,-0.300460223537184,0
2025-10-14 11:15:00,2025-10-14 15:45:00,long,4144.3,4106.337142857143,stop,-20.75870296750131,10258.408230628764,-1.0097463686309975,0.1796492812523434,2.656280574998134,2.313827051789344,0.955315870570112,0.3419131481899471,-1.0320614134116084,12,3.3481290441243288,1.058084949591942,55.206005160183935,1,11,1,1,1,2.75,2025,0.01975615263039052,1,0.3653571159780192,-0.3129374576653887,1,0.3653571159780192,-0.007112214946952087,1,0.3653571159780192,-0.10931737788817525,1
2025-10-14 18:00:00,2025-10-16 03:15:00,long,4141.19,4218.62857142857,target,60.40469492763504,10318.812925556398,2.944155348940168,0.2820299961259214,3.062814765620709,1.5143388779171028,0.9979999999999564,1.1622115224971146,0.8639105650561603,14,1.6102942471812431,1.066811636584264,55.206005160183935,1,18,1,1,2,2.25,2025,3.2518678399469465,0,0.2122973047761227,-0.12125740218050128,0,0.2122973047761227,-0.08212961425645854,1,0.4823177818362955,-0.3936023022856838,0
2025-10-16 04:30:00,2025-10-16 08:30:00,long,4230.81,4214.261428571429,stop,-21.099050669434465,10297.713874886964,-1.0223584254143645,0.3408149171271461,2.794198895027608,0.8972657561126751,0.7643171806168023,1.0973756906077246,2.436464088397879,23,2.475855888310187,1.1369157224111692,57.20910554916374,1,4,3,1,0,1.25,2025,0.6822341160220964,0,0.47979972375693625,-0.03081837016575901,0,0.47979972375693625,0.22660566298342513,0,0.47979972375693625,0.30093232044196216,0
2025-10-16 12:45:00,2025-10-16 19:15:00,long,4239.54,4280.759999999999,target,61.23167566071797,10358.945550547682,2.9730713245997085,0.5138282387190395,2.0232896652111743,0.7526615434302498,0.8459958932238159,2.126637554585139,5.048034934497939,25,2.6137316517993376,1.1095034392555547,57.20910554916374,1,13,3,1,1,4.25,2025,3.8202328966521555,0,0.3165938864629136,-0.049490538573529974,0,0.3165938864629136,-0.1302765647743808,0,0.393013100436661,0.23216885007275476,0
2025-10-16 22:45:00,2025-10-17 04:30:00,long,4307.39,4283.021428571429,stop,-21.03246102694716,10337.913089520736,-1.015183491616826,0.7082893656935255,2.0895767381873647,1.2899296401155156,0.6986449864498891,1.5142455153007244,2.7765271426896425,27,3.345239913893701,1.1662290075620474,57.20910554916374,1,23,3,1,0,3.5,2025,2.9685777934106863,0,0.005745104936113802,0.38533239535699354,0,0.005745104936113802,0.3410130144213651,0,0.005745104936113802,0.807597608160369,0
2025-10-17 06:45:00,2025-10-17 10:15:00,long,4366.77,4328.457142857144,stop,-20.875499506919837,10317.037590013815,-1.009657332488158,0.3059025317871967,4.264886833960995,1.9871390558329445,1.0,0.5836160930683632,0.0527238152056492,29,4.436972569187178,1.424493019293127,58.59282059237616,1,7,4,1,1,2.25,2025,0.3074685857041588,0,0.0065252246541631035,0.10910175621759095,1,0.3079906036765032,-0.216898467504392,1,0.3079906036765032,0.25135165367834184,0
2025-10-17 23:45:00,2025-10-20 03:15:00,long,4250.31,4222.607142857143,stop,-22.505862026471576,10294.531727987343,-1.0907133869637011,0.1443894389438943,2.578795379537971,1.2586767488889758,0.7212543554007285,0.6215965346534416,3.2855816831683318,34,1.151187698287727,1.2007862146075745,58.59282059237616,1,0,4,1,2,13.5,2025,0.8544245049504646,0,0.395266089108937,0.3216274752475194,0,0.395266089108937,0.3440078382838191,0,0.395266089108937,0.19095503300329897,0
2025-10-20 14:30:00,2025-10-20 15:30:00,long,4263.81,4308.317142857143,target,61.25370289222878,10355.785430879572,2.975060182956196,0.014829080404508,2.4387096774193875,0.6735248706841134,0.7444852941177352,0.7333654309099162,0.6403466538276394,37,1.1035478620186758,0.5312733641376743,60.018140357030575,1,14,0,1,3,11.25,2025,4.034857968223398,0,0.019547424169472857,1.035339431872877,0,0.019547424169472857,1.1708233028406343,0,0.019547424169472857,3.8083774675012236,0
2025-10-20 18:00:00,2025-10-21 10:30:00,long,4346.36,4313.431428571428,stop,-20.944295237169097,10334.841135642404,-1.0112364425162768,0.706377440347081,2.588633405639917,1.4735702313241503,0.9086195722617798,0.9371800433839694,5.536225596529285,38,2.4174864769894957,0.5096596692552691,60.018140357030575,1,18,0,1,0,2.5,2025,1.062603036876381,0,0.14880694143165984,-0.026117136659426173,0,0.14880694143165984,0.10993492407808823,0,0.14880694143165984,-0.014577006507578993,0
2025-10-21 15:45:00,2025-10-21 17:30:00,short,4211.37,4120.392857142858,target,61.75685877408333,10396.597994416486,2.987799133220279,0.2169775767853775,3.811286979461124,1.2904209536367572,0.6672738312082707,1.0862068965516916,4.123892971547037,1,0.902371968926209,-0.7215344401659607,61.34620823836387,0,16,1,0,1,5.25,2025,3.7387412850951973,0,-0.0009892594686179547,0.4639626907857496,0,-0.0009892594686179547,0.3370077256453857,0,0.46495195025439756,1.2256924816280528,0
2025-10-22 02:45:00,2025-10-22 03:00:00,short,4093.16,4022.54,target,62.05276203124556,10458.650756447732,2.984282073067128,1.7340696686491028,1.595581988105415,0.951505397739368,0.9157434402332392,2.914188615123184,1.8470688190314253,3,2.6212840215009257,0.0573179677288759,59.854356798905776,0,3,2,0,0,9.25,2025,3.766779949022959,0,0.03398470688191101,2.37383177570093,0,0.03398470688191101,1.878079864061182,0,0.03398470688191101,0.7765505522514793,0
2025-10-22 11:00:00,2025-10-23 09:00:00,short,4088.04,4118.8042857142855,stop,-21.168872494638677,10437.481883953094,-1.0120269328999305,2.5802646853958584,2.181750638495513,1.1703862655112802,0.9615616824310752,3.230369166473179,2.3104713257487943,5,2.1452092871082984,0.7917268882532968,59.854356798905776,0,11,2,0,0,8.0,2025,2.506152774553067,0,0.8555374970977442,-0.49602971906200255,0,0.8555374970977442,0.005525888089159588,0,0.8555374970977442,0.40176456930578813,0
2025-10-23 19:30:00,2025-10-24 11:00:00,short,4128.45,4057.9928571428577,target,62.29602174070819,10499.777905693803,2.9842457420924493,0.3781021897810682,1.8590024330900323,0.7871718284417839,0.9489732420659788,1.3684914841849007,-0.809854014598565,13,0.8805826342601636,0.7745986736599653,57.32342019281684,0,19,3,0,1,10.5,2025,3.258150851581533,1,0.2656934306569271,-0.1941605839416244,1,0.46581508515817616,-0.4168491484184932,1,0.46581508515817616,-0.25291970802922076,0
2025-10-27 07:00:00,2025-10-27 08:15:00,short,4057.67,4079.2914285714287,stop,-21.35891391876457,10478.41899177504,-1.0171126527915455,0.7298315163528132,2.614073339940557,0.797265189883837,0.7511054958938678,1.4642880740006547,1.0804096465146864,22,1.383724400364983,0.4797299171824254,52.46753166659703,0,7,0,0,0,68.0,2025,0.1632639577139175,0,0.3445655764783532,-0.22477700693756797,0,0.3445655764783532,-0.12395110670630237,1,0.8033696729435038,-0.7423191278493436,1
2025-10-27 11:15:00,2025-10-27 17:00:00,short,4058.52,4012.735714285714,target,62.36243372620566,10540.781425501244,2.975755873818207,0.6617991200973695,2.7782458111017045,0.5696923332106496,0.8299510146956024,1.8726949358794152,0.5255078161565349,23,1.5862910400100223,0.5156393751073907,52.46753166659703,0,11,0,0,1,3.0,2025,3.8305719367218667,0,0.26406440138538967,-0.0242441261817768,0,0.26406440138538967,1.0005616399887582,0,0.26406440138538967,1.383225685668817,0
2025-10-27 17:15:00,2025-10-28 11:15:00,short,3998.89,3912.7,target,62.97318913585205,10603.754614637097,2.9871214758092512,0.0814479638009098,3.505046989209869,1.0668752095034395,0.4044423877834421,1.504350852767147,2.5805777932474805,25,1.8924132984290096,0.5409152584205601,52.46753166659703,0,17,0,0,0,0.25,2025,3.060911938739986,0,0.04385659589280246,0.15210581273929266,0,0.04385659589280246,0.3835711799512687,0,0.04385659589280246,0.42603550295857107,0
2025-10-28 11:30:00,2025-10-28 13:45:00,short,3905.54,3930.465714285714,stop,-21.52231579107956,10582.232298846018,-1.0148441082072388,0.4340898670334602,4.637780834479623,0.919454118031435,0.6991315136476464,1.2934433745988023,5.7450710683172925,29,2.9629076344503336,1.0180918228766989,49.16116692167655,0,11,1,0,0,0.25,2025,0.7598578633654327,0,0.17491976157726366,0.31052269601099614,0,0.17491976157726366,0.3309834938101796,0,0.22226043099495552,-0.17692572214579927,0
2025-10-29 01:00:00,2025-10-29 02:30:00,short,3936.84,3958.0228571428574,stop,-21.534143335944275,10560.698155510074,-1.017466954410581,0.7883733477205191,1.6570002697598858,0.8121760682473304,0.5236961696602423,4.362961963852169,3.101564607499313,33,2.596544533861235,1.2625260039053732,46.16638554841893,0,1,2,0,1,11.25,2025,0.5084299973023994,1,0.6425006743997679,-0.4593336930132185,1,0.6425006743997679,-0.31818181818180746,1,0.6425006743997679,-0.4923792824386213,0
2025-10-29 05:30:00,2025-10-29 09:30:00,short,3954.19,3976.1928571428575,stop,-21.476573667503533,10539.22158184257,-1.0168159979223566,0.4563043760550535,2.109726009609133,0.8640153146462145,0.5061064973131411,1.860667445786274,-0.964420205168166,34,1.8426271292314704,1.2320301472861783,46.16638554841893,0,5,2,0,2,3.0,2025,0.1463446305674695,1,0.32632125697960374,-0.3072328269055842,1,0.45357745747305367,-0.2190624594208606,1,0.8130762238670198,-0.6976366705622565,1
2025-10-29 20:15:00,2025-10-29 21:00:00,short,3986.88,4003.762857142857,stop,-21.540392459622996,10517.681189382947,-1.0219157217803312,0.3020815704856667,3.033846674564232,0.7350591019581209,0.9159663865546224,1.4097139955999396,3.764765611778604,38,1.105630048940853,0.5929147096360943,46.16638554841893,0,20,2,0,3,10.75,2025,0.4933998984599708,1,0.4933998984599708,-0.30267388729055356,1,0.5396006092401214,-0.47207649348450215,1,1.2142494499915355,0.34058216280250386,0
2025-10-29 21:30:00,2025-10-29 22:00:00,short,3953.9,3979.184285714286,stop,-21.34318535498508,10496.338004027964,-1.014633595118376,1.8224758460929944,2.407819650827732,1.113997375873936,0.7644672218663204,3.7042770778009952,4.450985931408547,38,1.105630048940853,0.5929147096360943,46.16638554841893,0,21,2,0,4,0.5,2025,0.2448160913045953,0,0.7324707610599452,-0.60670094355612,0,1.024351658285781,-0.6529747443358279,0,1.024351658285781,0.9741228317984097,1
2025-10-29 22:30:00,2025-10-30 03:15:00,short,3929.27,3963.77,stop,-21.217814852200256,10475.120189175765,-1.0107246376811576,0.7884057971014425,3.739710144927542,1.5289184801030935,0.9545112781954872,1.5420289855072382,4.334492753623179,38,1.105630048940853,0.5929147096360943,46.16638554841893,0,22,2,0,5,0.5,2025,0.3721739130434818,1,0.5875362318840563,-0.47333333333333033,1,0.5875362318840563,-0.3492753623188452,1,0.7217391304347839,-0.19594202898551322,0
2025-10-30 05:45:00,2025-10-30 07:15:00,short,3922.15,3948.732857142857,stop,-21.241841424030326,10453.878347751732,-1.0139187446259623,0.3205073086844199,3.009458297506457,1.1894188828290868,0.9950829748002504,1.2240971625107502,1.453568357695597,40,1.889674537965284,0.5940012261638206,43.25575498432647,0,6,3,0,6,2.5,2025,0.25241831470335546,1,0.2753654342218299,-0.25204213241615897,1,0.4796324161650916,-0.41116723989681353,1,0.5977536543422153,-0.594368013757515,0
2025-10-30 14:15:00,2025-10-30 16:45:00,short,3966.27,3989.2,stop,-21.24512564349034,10432.63322210824,-1.016136066288711,0.448320976886161,3.5368512865241954,1.0178529317926537,0.8489857250188,1.16092455298734,0.1639773222852242,42,1.0594333615699818,0.5545540233669599,43.25575498432647,0,14,3,0,7,7.0,2025,0.261665939816832,1,0.44788486698647667,-0.30614914958569267,1,0.45180985608373553,-0.3571740078499781,1,0.843436546009595,-0.20671609245530762,0
2025-11-04 04:00:00,2025-11-04 05:30:00,short,3977.26,3996.622857142858,stop,-21.26397560823095,10411.36924650001,-1.0191087501844476,0.1291131769219419,2.20112144016526,0.930895271563346,0.8618307426597259,1.1961044710048625,2.864246716836314,3,0.5346119739313419,0.0636202986204148,35.35604306257685,0,4,1,0,8,107.25,2025,0.08108307510698796,1,0.3491220303969187,-0.34344105061234664,1,0.4100634499040668,-0.30935517190496153,1,0.6842998376862921,-0.5789434853179659,1
2025-11-04 07:30:00,2025-11-04 09:15:00,short,3976.14,3990.665714285714,stop,-21.35313672959367,10390.016109770417,-1.0254720692368082,0.6787962234461496,2.50039339103068,0.6990361011962647,0.9434523809524096,1.3878835562549157,1.5214398111723395,3,0.5346119739313419,0.0636202986204148,35.35604306257685,0,7,1,0,9,2.0,2025,0.6602084972462455,0,0.3662470495672834,0.20584185680565104,0,0.3662470495672834,0.11772226593233996,0,0.3662470495672834,-0.24439417781275988,0
2025-11-04 16:15:00,2025-11-04 18:15:00,short,3951.32,3970.0957142857146,stop,-21.18952992515317,10368.82657984526,-1.0197063075401425,1.443353876588266,3.7463288442516927,0.9284558143724176,0.9858367499068166,2.8579471962261143,4.339648482081684,6,0.6982093179314675,0.1887875295081831,35.35604306257685,0,16,1,0,10,7.0,2025,1.2058129802937074,0,0.27429049684240564,1.0747926652971296,0,0.4575058966750187,-0.32062694970706673,0,0.4575058966750187,0.11504222780188794,0
2025-11-04 20:30:00,2025-11-05 05:30:00,short,3938.58,3959.167142857143,stop,-21.11035818837396,10347.716221656889,-1.0179723822080262,0.6848934841440737,2.902782596627584,1.014704924544921,0.667011375387797,1.87884255082924,-0.7227812087988389,7,1.1414247936695396,0.2587254554935692,35.35604306257685,0,20,1,0,11,2.25,2025,0.45028103532024016,0,0.12677815557560804,0.03254458399833811,0,0.27298591353826385,-0.0850045104434112,0,0.27298591353826385,0.02185830268543976,0
2025-11-06 13:30:00,2025-11-06 14:45:00,long,4015.85,4006.4385714285713,stop,-21.509050689036183,10326.207170967851,-1.0393139040680093,0.1296296296296573,2.297207043108683,0.5503413615233349,0.8486055776892548,1.6001821493624315,2.265330904675148,2,0.5647648665765806,-0.0201403980633285,31.832663029499248,1,13,3,1,12,32.0,2025,0.3942015786278141,0,0.17531876138434574,0.2518214936247621,1,0.38995142683668255,-0.31769884638734947,1,0.9679720704311056,-0.708712811171839,0
2025-11-10 06:00:00,2025-11-10 15:00:00,long,4056.18,4105.525714285714,target,61.49268029221617,10387.699851260068,2.977505645301352,0.3428869202709408,1.885878061490396,1.1175830995564784,0.90652818991096,0.8195240576689025,4.912280701754367,7,1.188054222023694,0.1639292979594753,27.76543129316994,1,6,0,1,13,87.25,2025,3.026402640264054,0,0.20913670314400298,-0.1440854611776908,1,0.22311968038906946,-0.22311968038906946,1,0.381188118811882,-0.3641653639048001,0
2025-11-10 19:00:00,2025-11-11 05:00:00,long,4096.3,4143.292857142857,target,61.83547147208829,10449.535322732156,2.9763793889648924,0.0702234382125174,2.73360693114453,1.105119471410558,0.5397590361446235,0.5298677610579228,-0.84651162790699,10,1.965173099174879,0.4968944936670327,27.76543129316994,1,19,0,1,0,4.0,2025,3.0591883264933903,0,0.1844961240310285,0.04149566803463246,1,0.1844961240310285,-0.09767441860466386,1,0.1844961240310285,0.5413588691290186,0
2025-11-11 05:15:00,2025-11-11 07:30:00,long,4144.36,4132.2242857142855,stop,-21.53625243441916,10427.999070297736,-1.0304885226603668,0.0230723955266843,2.7258387286638905,0.8813920703246166,0.5298507462686263,0.4416715715126987,3.993172454384826,13,2.552184368899511,0.8672986548942552,26.928521588343884,1,5,1,1,0,0.25,2025,0.3765744555621431,0,0.07828134196584662,0.041200706297821896,0,0.07828134196584662,0.20765155974105834,1,0.16150676868746483,-0.023896409652733704,0
2025-11-11 11:00:00,2025-11-11 16:15:00,long,4143.16,4129.7928571428565,stop,-21.433288246229534,10406.565782051506,-1.027679811905544,0.8184247087742045,1.8956930640160885,0.9836991922092004,0.90206185567012,1.451319867478842,0.3815325424815856,14,2.270351702119717,0.9100097486654856,26.928521588343884,1,11,1,1,1,3.5,2025,0.2648284706636672,0,0.166078871433168,0.04563428449293582,0,0.166078871433168,0.035908945174770286,0,0.4256706209254734,-0.14737629582132689,0
2025-11-11 21:30:00,2025-11-12 06:00:00,long,4121.67,4110.717142857143,stop,-21.516222874277588,10385.049559177229,-1.0337811399504733,0.4857180122603209,2.2459893048129183,0.8104051497246322,0.895196506550312,0.8363114647189309,2.521716447111125,17,1.453682874857247,0.9290295719047492,26.928521588343884,1,21,1,1,2,5.25,2025,2.1720359984348967,0,0.047476196687141495,0.12599452197731817,0,0.047476196687141495,0.5067170992565821,0,0.047476196687141495,0.7130559540889223,0
2025-11-12 08:30:00,2025-11-12 17:00:00,long,4116.91,4156.874285714285,target,61.73341202834506,10446.782971205574,2.972225201072414,0.1381233243967964,2.5702949061662537,1.0393506612624577,0.6941678520625397,1.0554423592494486,-1.240107238605955,20,0.929049165052842,0.7231641644469766,26.529687490893927,1,8,2,1,3,2.5,2025,3.4035388739947154,0,0.27774798927613115,0.11560321715817647,0,0.27774798927613115,0.6050402144772536,1,0.27774798927613115,-0.19817694369969208,0
2025-11-12 17:15:00,2025-11-13 10:00:00,long,4166.73,4224.192857142856,target,62.27710045409155,10509.060071659664,2.9806831742243367,0.4677804295942299,4.119182577565644,1.497575222099686,0.5421303656597575,1.313544152744632,4.434516706443878,22,1.2895381501802936,0.5805139526640746,26.529687490893927,1,17,2,1,0,0.25,2025,3.325104415274514,0,0.03236873508352676,0.6306682577566115,0,0.03236873508352676,0.7679743436754252,0,0.03236873508352676,1.0619033412887982,0
2025-11-13 10:15:00,2025-11-13 12:45:00,long,4237.41,4222.618571428571,stop,-21.543877639661183,10487.516194020003,-1.0250144871547404,0.9451419741162628,3.657523662352772,1.1024899593048108,0.9233097880928124,1.3399652308286578,3.7535252076492815,26,2.5777707823165232,0.9088241432002376,26.814507394535603,1,10,3,1,0,0.25,2025,0.18050994784624955,0,0.2798918292446995,-0.09262120919450766,0,0.3420900135213131,-0.3076105852810659,1,0.7159551864014071,-0.709870581417816,1
2025-11-13 14:45:00,2025-11-13 15:00:00,long,4242.53,4226.961428571429,stop,-21.47352141249391,10466.042672607511,-1.0237658285923856,0.314736648926389,2.659203523582318,1.140539265342204,0.7426470588235358,1.222976692971142,1.2422462837218085,27,2.863590871111198,1.0211797002105172,26.814507394535603,1,15,3,1,1,2.0,2025,0.08864011745275173,1,1.0598274912828174,-0.7874839420076732,1,1.0598274912828174,-0.4740319324646853,1,1.4259497155441425,-0.6840704716461588,1
2025-11-14 01:45:00,2025-11-14 09:15:00,long,4185.82,4168.97,stop,-21.39172164062876,10444.650950966883,-1.0219584569732707,0.1317507418397249,2.8415430267062103,1.1554964863240835,0.9173228346456538,0.904451038575663,3.317507418397635,30,1.049652725503028,0.9429855661726938,27.38867878841556,1,2,4,1,2,10.75,2025,1.5252225519288405,0,0.38753709198811903,-0.01186943620176973,0,0.38753709198811903,0.1495548961424605,1,0.44807121661717164,-0.11513353115724734,0
2025-11-17 05:00:00,2025-11-17 21:30:00,short,4080.46,4020.597142857144,target,62.280568277923024,10506.931519244808,2.981457617411216,0.0270618556701013,2.107817869415837,1.2005264335914705,0.1921296296296122,1.2989690721649578,1.8301832760595949,4,0.8268045235906348,0.1627167199797718,26.12736246880521,0,5,0,0,3,67.75,2025,3.2258734249713723,0,0.27663230240549863,0.0005011454753832207,1,0.27663230240549863,-0.12678980526917452,1,0.38237399770905645,-0.17439862542955495,0
2025-11-17 21:45:00,2025-11-17 22:30:00,short,4011.0,4031.372857142858,stop,-21.39550461530532,10485.5360146295,-1.0181614192553117,0.4996844541056117,6.384965991164645,1.1744504928887427,0.9873417721518952,1.473529205525565,5.238342332234724,8,0.9602034938621672,0.4395756205249679,26.12736246880521,0,22,0,0,0,0.25,2025,0.2066475001753029,1,0.5757660753102817,-0.2621134562793677,1,0.8192272631652701,-0.7843769721618327,1,1.6291283921183504,-1.4617488254680542,1
2025-11-18 03:45:00,2025-11-18 11:45:00,short,4024.89,4043.44,stop,-21.389362953832045,10464.146651675668,-1.0199460916442151,0.2361185983827553,2.7407008086253466,1.0532016549635794,0.7732406602954192,1.2409703504042882,1.7132075471698478,10,1.9308930645843927,0.5471557330567034,24.620581088585304,0,4,1,0,1,5.25,2025,1.4474393530997267,1,0.5002695417789869,-0.49002695417790576,1,0.508355795148264,-0.3056603773584947,1,0.583827493261452,0.38760107816711914,0
2025-11-18 14:15:00,2025-11-18 15:15:00,short,4033.1,4048.075714285714,stop,-21.445361696517896,10442.70128997915,-1.0247066679385537,0.3859582180673254,1.9137651435658003,0.8168929482298831,0.9136242208370616,1.4997615186492257,-1.4530191739005975,12,1.3150258338313758,0.602715796498321,24.620581088585304,0,14,1,0,2,2.5,2025,0.2597538872460057,0,0.4687589430506464,-0.020700181245822676,0,0.4687589430506464,0.042735858055891,1,1.3201373652580193,-1.0617189735762593,0
2025-11-19 03:00:00,2025-11-19 04:30:00,short,4064.54,4075.4814285714288,stop,-21.5916722324209,10421.10961774673,-1.0338164251207846,0.1370936153544838,2.436610523567013,0.5840839228212079,0.6417050691244213,1.5866301083692795,1.648779213996589,15,0.5248559136836554,0.4631752362972974,23.103537502567864,0,3,2,0,3,11.75,2025,0.8289593941767939,1,0.4889672280976507,-0.30617574095833894,1,0.542890716803761,-0.08682595639115648,1,0.542890716803761,0.4478391434913222,0
2025-11-19 11:45:00,2025-11-19 17:45:00,long,4113.06,4095.994285714286,stop,-21.2940972517326,10399.815520494998,-1.0216808973715048,1.659467604219062,2.402477816842385,0.8990589176416195,0.8229744728080176,2.1118365980244778,2.050895697304574,2,0.5798035174735435,-0.1060260807762003,23.103537502567864,1,12,2,1,4,7.25,2025,1.1649087560689209,0,0.2297003180981106,-0.11309224845138063,0,0.2297003180981106,-0.03515821195381311,0,0.3527540599364032,-0.23731793068810522,0
2025-11-20 08:15:00,2025-11-20 14:45:00,short,4062.94,4081.162857142857,stop,-21.221950297780243,10378.593570197218,-1.020304170586391,0.1525556600815152,1.7724992160551878,0.924453194770846,0.7319018404907998,1.7889620570711402,-0.8549702100971994,4,0.5060250399333484,0.0097785075707568,22.30957357682695,0,8,3,0,5,14.5,2025,1.3159297585449905,1,0.5136406396989688,-0.2727343994982625,1,0.5136406396989688,-0.31334274067105666,1,0.7622295390404394,-0.000548761367186769,0
2025-11-21 08:15:00,2025-11-21 11:00:00,short,4031.67,4051.555714285714,stop,-21.14340204480284,10357.450168152414,-1.0186063218390902,0.8076149425287058,2.497270114942554,0.9983543052087004,0.9547945205479346,2.2025862068965494,4.210057471264359,10,0.5585781319158594,0.148229908541797,21.329369547802795,0,8,4,0,6,17.5,2025,0.46767241379311014,0,0.4551005747126276,-0.220761494252866,0,0.4551005747126276,-0.0663793103448126,0,0.4551005747126276,-0.28864942528734383,0
2025-11-24 03:45:00,2025-11-24 09:30:00,short,4044.4,4061.728571428572,stop,-21.157205298143644,10336.292962854272,-1.0213520197856627,0.6613355317394876,3.137015663643824,0.895738274088469,0.862931034482745,1.338829348722159,2.66727122835944,2,0.7927845764286975,0.1520963540418973,20.172368943990964,0,4,0,0,7,64.75,2025,0.2417971970321536,0,0.2371805441055296,-0.11368507831820716,0,0.2585325638911786,-0.21005770816157443,0,0.4079967023907478,0.049629018961260186,1
2025-11-25 01:45:00,2025-11-25 02:45:00,long,4143.73,4130.58,stop,-21.25424803920696,10315.038714815064,-1.0281368821292478,0.5520912547527289,2.8806083650190835,0.7081410416167493,0.9342560553632512,1.318631178707233,3.554372623574121,3,1.336018806993007,0.0226326708133939,19.601534137585933,1,2,1,1,8,16.25,2025,0.05247148288977247,1,0.5642585551330151,-0.5391634980988002,1,0.7346007604562613,-0.6091254752851174,1,1.225855513307974,-1.0752851711026152,1
2025-11-25 07:45:00,2025-11-25 09:15:00,long,4150.84,4138.71,stop,-21.2593543174257,10293.779360497638,-1.0305028854080678,0.4023083264633901,1.4822753503709158,0.6627806285689782,0.8452722063037459,1.150865622423798,2.647980214344614,5,1.5253661599254649,0.3190407252807503,19.601534137585933,1,8,1,1,9,5.0,2025,0.11211871393236982,1,0.41220115416322356,-0.2901896125309454,1,0.8837592745259722,-0.785655399835083,1,0.9967023907666865,-0.7502061005770968,1
2025-11-25 15:15:00,2025-11-25 16:30:00,long,4141.9,4124.694285714286,stop,-21.03028353905689,10272.74907695858,-1.021504483560264,0.2406177349717389,2.735137827964132,0.9515161480344596,0.4546460176990806,1.0508136831617476,1.9946861507804765,6,0.923759616995864,0.3879682823560548,19.601534137585933,1,15,1,1,10,6.0,2025,0.5149452009299631,0,0.01569246097639248,0.2278312852872867,0,0.01569246097639248,0.3400033211557871,1,0.48704749252735835,-0.4382265028229851,0
2025-11-25 19:00:00,2025-11-25 21:15:00,long,4150.01,4128.7528571428575,stop,-20.90311132742969,10251.84596563115,-1.017405913978501,0.8157258064516287,2.846102150537666,1.1722831455082534,0.8203939745075562,1.6239247311827487,1.1158602150538306,7,1.2990088298022993,0.4735964610533827,19.601534137585933,1,19,1,1,11,2.5,2025,0.4389112903225821,0,0.2243951612903456,-0.01458333333335232,0,0.2243951612903456,0.11619623655911027,0,0.3838709677419329,-0.19993279569892694,0
2025-11-26 02:00:00,2025-11-26 04:45:00,long,4138.49,4166.377142857144,target,60.69496142307949,10312.54092705423,2.9601967112340835,0.2926079606576758,2.0224373751345404,0.5208885070184384,0.8050490883590034,1.534040264330708,0.0430305824496294,9,0.761111912684391,0.4856324020076075,19.31052892037512,1,2,2,1,12,4.75,2025,3.037959120946578,0,0.10757645612417144,0.3550023052097853,0,0.10757645612417144,0.09897033963424555,0,0.42062394344549464,0.18825879821730002,0
2025-11-26 13:30:00,2025-11-26 14:30:00,long,4171.23,4159.544285714285,stop,-21.278125399366903,10291.262801654862,-1.0316625916870412,1.0371638141808397,1.5694376528117449,0.6605038259394794,0.824873096446689,1.348655256723732,2.755501222493788,12,1.263887503762794,0.4863908248720072,19.31052892037512,1,13,2,1,0,8.75,2025,0.19083129584356082,0,0.4270171149144058,0.020537897310572553,0,0.4270171149144058,-0.03679706601461692,1,1.3298288508557397,-1.0919315403422367,1
2025-11-26 18:30:00,2025-11-27 03:15:00,long,4167.52,4149.000000000001,stop,-20.993731568386213,10270.269070086477,-1.0199784017278406,0.197624190064886,3.1015118790496192,1.0444986868904185,0.8669410150892524,0.7872570194384445,0.9773218142548836,13,0.9741875270265856,0.4633441341382216,19.31052892037512,1,18,2,1,1,4.0,2025,0.2235421166306391,0,0.16684665226782716,-0.02321814254861193,0,0.16684665226782716,-0.08639308855293579,0,0.16684665226782716,0.06425485961120977,1
2025-11-27 08:15:00,2025-11-28 03:00:00,long,4156.64,4184.1285714285705,target,60.79217890784297,10331.06124899432,2.9596195821640285,0.4059869036484174,2.6127221702525647,0.5489620037027269,0.9301310043668748,0.9996881821016884,0.8250701590273137,17,0.5718221902895221,0.4107285757063428,19.216731140456897,1,8,3,1,2,5.0,2025,3.817586529466941,1,0.3405051449953284,-0.28921110071725564,1,0.44855004677277144,0.08076083567194792,1,0.44855004677277144,0.29575927658249507,0
2025-11-28 03:30:00,2025-11-28 06:15:00,long,4192.32,4182.465714285714,stop,-21.437925589751902,10309.623323404569,-1.0375471151058555,0.142070165265262,6.770658161786179,0.6660436119524933,0.8683834048640771,1.4186720788634406,7.324731806320941,21,0.6345364747507505,0.287383418658238,19.129633201961408,1,3,4,1,0,0.5,2025,0.059872426790390745,1,0.1907799362134125,-0.11670049289645863,1,0.5124673818497545,-0.2699333140040532,1,0.6261235140620748,-0.43128443026965746,1
2025-11-28 15:45:00,2025-11-28 20:30:00,long,4182.31,4223.821428571428,target,61.30638903380717,10370.929712438376,2.9732603758001237,0.3295478009499233,1.6462936196571742,0.9667625469342268,0.9490268767377874,1.5595705141441405,2.223002271319474,25,0.9456812431997624,0.3704415619995904,19.129633201961408,1,16,4,1,1,9.5,2025,3.208754903985148,0,-0.0021680776378094164,0.7082386950237021,0,-0.0021680776378094164,1.032004955606024,0,-0.0021680776378094164,1.1512492256865279,0
2025-12-01 03:15:00,2025-12-01 07:15:00,long,4238.61,4221.785714285714,stop,-21.198014777771636,10349.731697660603,-1.0219920183408335,0.5813025388468291,3.3106903286066114,1.208051798071656,0.9527346387575484,1.760550225014887,2.202768107327787,27,1.5884166257781025,0.5064658857425686,19.76477678655716,1,3,0,1,0,54.75,2025,1.0633438057230267,0,0.2264583510231479,0.16345419037106038,0,0.2264583510231479,1.013415980300585,0,0.2264583510231479,0.1628598114970249,0
2025-12-01 09:45:00,2025-12-01 16:30:00,long,4245.4,4229.088571428571,stop,-21.16899930523435,10328.562698355368,-1.0226834822210549,0.2550359082150955,3.4245927482921674,1.183792575376949,0.8591715976330728,1.0360833771238394,0.7491679803818291,29,1.5642006830398545,0.6098131076358149,19.76477678655716,1,10,0,1,1,2.5,2025,1.1715712033631716,0,0.04230162900680769,0.34025223331583554,0,0.04230162900680769,0.25871431073745327,1,0.42608162550358875,-0.044140830267958696,0
2025-12-02 16:00:00,2025-12-02 17:00:00,long,4223.23,4208.0828571428565,stop,-21.161718009910004,10307.40098034546,-1.0244270489484275,1.039139866075627,2.7978873903611725,1.0915019475481018,0.9356223175965646,1.5382438932377185,4.779779307743079,37,0.5698159022487082,0.3450975881120977,20.76087284377959,1,16,1,1,2,23.5,2025,0.49976421767428514,0,0.08912571913605774,0.300386683014254,0,0.49712345562575067,-0.3320758275959474,1,1.2292747335659675,-1.13288691879656,0
2025-12-03 04:00:00,2025-12-03 07:30:00,long,4223.97,4211.361428571429,stop,-21.21974572998792,10286.181234615471,-1.029345116700637,0.4869703149785796,2.6125084976206097,0.9088001400371744,0.9679037111334302,1.5814638567868355,2.326988443235948,40,0.5475362815972331,0.1840873810675658,20.86785919678274,1,4,2,1,3,11.0,2025,0.38624518468162083,0,0.36324495807840557,-0.06186267845008705,0,0.36324495807840557,0.10231135282120904,0,0.36324495807840557,-0.09438024019945294,0
2025-12-03 15:45:00,2025-12-03 16:00:00,long,4236.86,4224.041428571429,stop,-21.16617076963581,10265.015063845834,-1.0288643708904603,1.7349827259557065,4.08625877632911,0.9510306563772536,0.903870162297128,2.499498495486499,5.410899364761098,43,0.9649120134144372,0.1798098249847557,20.86785919678274,1,16,2,1,4,8.25,2025,0.3136074891341172,0,1.4010921653851105,-0.7949403766856172,1,1.4010921653851105,-0.9595453025743766,1,2.4675136520674337,-1.8824250529366815,0
2025-12-05 16:45:00,2025-12-05 18:00:00,long,4242.12,4228.442857142857,stop,-21.08541740605706,10243.929646439778,-1.0270524336745257,0.4094422393983942,2.5984959264674283,0.9689394634222026,0.6746411483253293,1.5280969291833,2.8076039273030657,8,0.713034004084744,0.1677957814641528,20.79863798752469,1,17,4,1,5,48.75,2025,1.252454564445372,0,0.5761437225819968,-0.17547524545641668,0,0.5761437225819968,0.47451430958844937,0,0.5761437225819968,0.11259661583454844,0
2025-12-09 07:45:00,2025-12-09 10:00:00,short,4179.72,4188.308571428572,stop,-21.37048663101195,10222.559159808765,-1.0430805056553247,0.1606786427144731,4.266134397870736,0.665342940645386,0.6795918367346033,1.141051230871685,3.8399866932799465,5,0.5263854180988472,0.0868287891858443,21.05370549415281,0,8,1,0,6,85.75,2025,1.1375582168995528,0,0.01047904191618431,0.5751829673985792,0,0.01047904191618431,0.11759813705923698,1,0.5041583499667104,-0.28642714570857897,0
2025-12-11 02:00:00,2025-12-11 04:30:00,long,4242.94,4223.697142857142,stop,-20.838235293989072,10201.720924514775,-1.0192279138827158,0.5695619896064923,1.6785449146250686,1.601167294939576,0.9532019704433,1.2659242761693057,3.18144023756495,1,0.5727816959051003,0.0480420087032751,20.97244829485134,1,2,3,1,7,40.0,2025,0.23749072011881653,0,0.15330363771342906,-0.09561989606529143,0,0.15330363771342906,-0.047809948032622084,1,0.4115812917594253,-0.13979213066070786,1
2025-12-11 20:00:00,2025-12-11 21:00:00,long,4283.77,4263.71,stop,-20.77977651922641,10180.941147995549,-1.0184446660020134,0.2103688933200978,4.31006979062807,1.646547828147484,0.7615207373272305,0.8654037886341264,5.641076769691008,6,1.5431753939305377,0.2413078485408837,20.97244829485134,1,20,3,1,8,15.5,2025,0.0967098703888135,0,0.18045862412765695,-0.09571286141575633,0,0.3260219341974511,-0.05333998005985134,1,1.0314057826520688,-0.6216350947158649,1
2025-12-11 23:30:00,2025-12-12 03:00:00,long,4282.22,4268.527142857143,stop,-20.912088609465904,10160.029059386085,-1.0270213875847387,0.394366197183063,2.4012519561815533,1.124989546752086,1.0,0.7931142410015894,0.6762649973917585,6,1.5431753939305377,0.2413078485408837,20.97244829485134,1,23,3,1,9,2.5,2025,0.10735524256645991,0,0.2526864893062045,-0.18184663536780848,0,0.2526864893062045,-0.029212310902490938,1,0.7010954616588526,-0.48638497652579993,1
2025-12-12 07:30:00,2025-12-12 10:30:00,long,4277.83,4301.26,target,59.997508350690325,10220.026567736772,2.952624839948817,0.5352112676056704,2.4839948783610257,0.6408882795177135,0.6789168278530308,1.323943661971848,2.2509603072983237,8,1.183367322406638,0.3346389951225825,21.684762612178737,1,7,4,1,10,4.5,2025,3.390524967989813,0,0.20486555697827935,0.157490396927077,0,0.20486555697827935,0.011523687580044226,0,0.20486555697827935,0.4417413572342911,0
2025-12-12 10:45:00,2025-12-12 15:30:00,long,4308.13,4340.667142857144,target,60.62284990140409,10280.649417638177,2.965885142255018,0.7044257112749636,5.065595363540551,0.8913893223879696,0.8186274509804424,1.5047418335089109,7.697049525816509,9,1.2787664409241233,0.422858030132156,21.684762612178737,1,11,4,1,0,0.25,2025,3.5073761854583285,0,0.10050052687040201,0.79386195995781,0,0.10050052687040201,0.496048472075873,0,0.10050052687040201,0.9487618545837568,0
2025-12-12 16:45:00,2025-12-12 17:15:00,long,4346.99,4329.784285714285,stop,-21.003458948058004,10259.645958690118,-1.0215044835603018,0.0953171703752563,2.8757887744934862,1.3865465801386243,0.6105826397146079,1.955164397210187,1.9795748920624,11,2.384670880282429,0.697274216435817,21.684762612178737,1,17,4,1,0,1.25,2025,0.26154101627366216,1,0.34058452341412765,-0.2051643972102135,1,2.814181335104609,-2.697359681169027,1,3.7133012288275826,-3.2878611756891094,0
2025-12-15 03:00:00,2025-12-15 11:00:00,long,4313.19,4348.997142857143,target,60.92178998235023,10320.567748672467,2.9690005984440573,0.7691202872529954,2.7011370436864848,0.91143155252222,0.8996372430470625,1.3857570317175745,2.22022740873723,13,1.282510303651442,0.6622742413830984,23.08050762990716,1,3,0,1,1,57.75,2025,3.0404548174744903,0,0.2907241172949711,0.1499700777977193,0,0.2907241172949711,0.557989228007232,0,0.2907241172949711,0.6970676241771746,0
2025-12-15 20:45:00,2025-12-16 04:45:00,long,4312.95,4294.8042857142855,stop,-21.062018357824723,10299.505730314644,-1.020390489686671,0.3174303259329372,2.7301212407494466,1.358041823151362,0.9042553191489328,0.6216343882852476,-1.1815462131948051,18,0.8334369958312373,0.6478733608614062,23.08050762990716,1,21,0,1,0,9.75,2025,0.27003621476935874,0,0.04518973390015733,-0.018737206739104294,1,0.21602897181546696,-0.2077625570776003,1,0.2755471579278864,0.06668241221855052,0
2025-12-16 15:45:00,2025-12-16 18:30:00,long,4313.27,4300.271428571429,stop,-21.185355450991203,10278.320374863652,-1.0284646664468626,0.0646224859874831,6.000659413122396,0.959322706993094,0.982155603140614,2.155621496867848,5.065171996922813,23,0.8397632412284495,0.2540599820356481,24.376556574940693,1,16,1,1,1,11.0,2025,1.688647104077378,0,0.14309264754373266,0.47082096933728723,0,0.14309264754373266,0.9616441367183326,0,0.14309264754373266,0.8624024618089335,0
2025-12-17 02:00:00,2025-12-17 07:15:00,long,4312.58,4337.792857142857,target,60.76491290799992,10339.085287771652,2.955974842767342,0.0951895291517068,2.7390787013429074,0.610727834611413,0.903448275862003,1.3802481727010478,1.5968043515213433,25,0.5126906850322717,0.2166051603279317,25.235158185424165,1,2,2,1,2,7.5,2025,3.0067992520823266,0,0.059493455719870886,0.09518952915181506,0,0.16182219955800986,0.0035696073431619522,0,0.16182219955800986,0.6246812850586443,0
2025-12-17 07:30:00,2025-12-17 08:45:00,long,4338.22,4326.305714285714,stop,-21.32033438598329,10317.76495338567,-1.0310551558753214,0.0621103117505807,4.215107913669135,0.86436178826505,0.7913907284768738,1.5208633093524224,2.54988009592333,26,1.003177878869876,0.2293873057493067,25.235158185424165,1,7,2,1,0,0.25,2025,0.3491606714628152,1,0.3936450839328939,-0.3592326139089255,1,0.5455635491606678,-0.1133093525180154,1,0.9383693045563731,-0.7545563549161202,0
2025-12-17 15:00:00,2025-12-18 16:30:00,long,4323.37,4312.205714285714,stop,-23.299947808388545,10294.46500557728,-1.1291179782469702,0.0250799744082475,2.963019833653169,0.795130019401339,0.6476923076923133,2.328854766474685,0.4030710172744646,28,0.6580299171099645,0.3264135860205464,25.235158185424165,1,15,2,1,1,6.25,2025,2.2777991042866117,0,0.025079974408166103,0.4182981445937287,0,0.025079974408166103,1.3444657709532895,0,0.025079974408166103,0.37888675623803914,0
2025-12-18 18:00:00,2025-12-18 19:00:00,long,4362.3,4336.927142857143,stop,-20.889168335172855,10273.575837242108,-1.0145825122459318,1.5260402004391975,2.69027644839809,1.821999975208797,0.8151093439363859,2.378920105849899,3.002421034851628,35,0.7115617297480661,0.3224646192083069,26.190392146644182,1,18,3,1,2,1.5,2025,0.4835876358312931,0,0.016553122008898625,0.20179043972748684,0,0.016553122008898625,0.1982433421541463,1,1.56111705421993,-1.3285851021901822,0
2025-12-22 04:45:00,2025-12-22 16:15:00,long,4385.93,4428.067142857145,target,61.10019055196305,10334.67602779407,2.9736574450773268,0.0170870626525469,3.821806346623161,1.0739249565991589,0.5685670261942425,0.9241253051260564,6.737998372660559,44,1.401455424379276,0.2675328107750951,28.46209374242209,1,5,0,1,3,81.75,2025,3.0749593165173605,0,0.11676159479253358,0.05553295362080992,0,0.11676159479253358,0.2306753458095779,0,0.11676159479253358,0.4748779495524707,0
2025-12-22 17:45:00,2025-12-23 03:00:00,long,4431.84,4484.104285714288,target,61.56907607800713,10396.245103872076,2.978761787617884,0.3122591225912463,1.9573595735957012,1.3237673637612897,0.5107458912768695,0.9080770807707652,2.4567445674456674,47,1.937119113670311,0.5724162706436609,28.46209374242209,1,18,0,1,0,1.5,2025,3.1530135301352287,0,0.21697416974167666,0.3478474784747457,0,0.21697416974167666,0.350717507175043,0,0.21697416974167666,0.4006560065600292,0
2025-12-23 04:30:00,2025-12-23 06:45:00,long,4495.72,4480.001428571429,stop,-21.28192535850373,10374.963178513572,-1.023539034808697,0.6272834681450898,4.175952013087312,1.215966256927153,0.8206071757129864,1.383077342542932,6.4573298191402495,50,2.8314920096579903,0.880575177009324,30.36384178214302,1,4,1,1,0,1.5,2025,0.055984731436887925,0,0.3995274016177832,-0.14505134963196056,1,0.639371080614391,-0.596746341906761,1,0.8092338453149321,-0.6031082432064298,1
2025-12-23 10:30:00,2025-12-23 11:15:00,long,4491.74,4480.291428571429,stop,-21.42053166354878,10353.542646850025,-1.0323184427251966,0.1904167706513847,3.712253556276501,0.8812896403013506,0.923178807947022,1.3189418517592886,1.278762166209078,51,2.4168595290698787,0.9350373182286376,30.36384178214302,1,10,1,1,1,3.75,2025,0.1257798852009424,1,0.2856251559769977,-0.16421262790118182,1,0.9669328674818773,-0.8935612677813408,1,1.1023209383578598,-0.8725979535812103,1
2025-12-23 13:45:00,2025-12-23 15:45:00,long,4493.5,4482.835714285714,stop,-21.425522680314117,10332.11712416971,-1.0346952444742497,0.913328868050888,1.9598124581379528,0.8289046970109433,0.8814504881449993,1.344675150703302,1.2940388479570712,52,2.3658621526347177,0.9771473985245916,30.36384178214302,1,14,1,1,2,2.5,2025,0.3675820495646436,1,0.7286001339585173,-0.7126590756865747,1,0.9508372404554941,-0.7858004018754327,1,0.9508372404554941,-0.6526456798392564,0
2025-12-23 18:45:00,2025-12-29 09:00:00,long,4474.24,4447.731428571428,stop,-25.129032933851278,10306.98809123586,-1.216064076309561,0.1207156714808823,3.1793489976288485,2.021601719349213,0.7806267806267373,0.7944600129338087,-0.9280017245096134,53,2.186105492054572,0.995252268212643,30.36384178214302,1,19,1,1,3,3.0,2025,2.859452468204383,0,0.09732701013149185,0.049795214485904286,0,0.13127829273548788,0.1335417115757703,0,0.15994826471221546,-0.05545376158652455,0
2025-12-29 15:45:00,2025-12-29 17:00:00,short,4421.71,4345.87,target,61.54022082638984,10368.528312062248,2.985363924050622,0.2776898734177372,3.361550632911357,1.6340595281471575,0.3549245785270636,1.7832278481012531,3.9920886075949182,1,0.8600970021687533,-0.3087919212779288,36.780409380495335,0,16,0,0,4,6.75,2025,3.694224683544297,0,-0.00039556962026179686,0.9094145569620118,0,-0.00039556962026179686,1.2535601265822558,0,-0.00039556962026179686,2.4260284810126422,0
2025-12-29 17:15:00,2025-12-30 04:45:00,short,4320.03,4361.831428571429,stop,-20.920608029259387,10347.60770403299,-1.0088513721335628,0.3966371620928856,6.655753391886827,2.644615899087462,0.577915632754352,1.9281637674720236,6.952393971497904,1,0.8600970021687533,-0.3087919212779288,36.780409380495335,0,17,0,0,0,0.25,2025,0.11865623184443522,1,0.3992686511055786,-0.272478725949223,1,0.47031885444789556,-0.12631147260860706,1,0.5396944738730819,-0.33922285636171645,1
2025-12-30 10:15:00,2025-12-30 11:00:00,short,4353.45,4372.698571428571,stop,-21.09302309625739,10326.514680936732,-1.0192222057295603,0.6047202018703421,2.5144723170550884,1.105653663672718,0.9334373374935114,1.998070357725976,0.999554697936771,5,1.29377561528242,0.614584159439191,35.28308452104615,0,10,1,0,1,5.5,2025,0.16364850823807175,0,0.37405373311562634,-0.29456731482856696,1,0.6701796051655424,-0.5995250111325588,1,1.2125575181831936,-0.7823957251002256,1
2025-12-30 15:30:00,2025-12-31 01:30:00,short,4379.48,4330.057142857143,target,61.4952366630809,10388.009917599811,2.97754075615678,0.184530003468664,2.8407908428719937,0.9337212368041288,0.8189655172413964,2.112382934443266,-1.366978841484495,6,1.3329818576296586,0.7197139624600113,35.28308452104615,0,15,1,0,2,4.5,2025,3.062955254942747,1,0.6167186958030358,-0.5402358654180062,1,0.6731703087062246,-0.40487339576830556,1,0.7624002774887593,0.4752861602497404,0
2025-12-31 06:45:00,2026-01-02 02:45:00,short,4332.82,4355.885714285714,stop,-21.531886848427117,10366.478030751388,-1.0363817044469157,0.7274866840084431,2.6038647342994645,1.2367939694867878,0.8577777777777916,1.3656633221850456,0.8289359593707671,10,1.1207643613104157,0.522730203023436,33.89271143727191,0,7,2,0,0,5.25,2026,2.5492382014120536,0,0.07847144803668187,-0.07847144803668187,1,0.4417812461290892,-0.4149015235971978,1,0.4417812461290892,2.0281184194227326,0
2026-01-02 20:00:00,2026-01-05 01:00:00,short,4314.61,4337.837142857143,stop,-21.900803346911125,10344.577227404476,-1.0563280644566082,0.0464973245587025,2.753674887754497,1.167644176972536,0.8151183970856414,0.9454455993603889,4.810750968694221,2,1.3163275963584289,0.2917876053913915,31.851662460440675,0,20,4,0,1,17.25,2026,0.20450212190171466,1,0.30352420198044744,-0.1791008057076398,1,0.30352420198044744,0.08955040285380034,1,0.32892551817456145,-0.3030936711974871,1
2026-01-05 08:00:00,2026-01-05 15:15:00,long,4418.46,4402.76,stop,-21.17673325406242,10323.400494150414,-1.023566878980892,0.5222929936306256,2.1617834394903874,0.7814004416559573,0.8047673098751218,1.1222929936306372,3.073885350318521,2,0.720432799084856,-0.1005673272415408,30.321264164796133,1,8,0,1,2,7.0,2026,1.3656050955413916,0,0.1713375796178109,0.35923566878983393,0,0.1713375796178109,0.11974522292994465,0,0.1713375796178109,0.10191082802550205,0
2026-01-05 23:45:00,2026-01-06 01:45:00,long,4449.01,4437.565714285714,stop,-21.31432332708148,10302.086170823331,-1.032330545499949,0.1380601672699979,1.8384721008614,0.5642487226823328,0.9303482587065228,0.7025340157282937,0.9646735738360558,6,1.2382570026870223,0.3847832398933049,30.321264164796133,1,0,0,1,3,8.5,2026,0.9821495443764673,0,-0.03757333666203574,0.23679940082387133,0,0.019223567594579813,0.0008737985270444169,1,1.0616652103358404,-0.7374859568094346,0
2026-01-06 04:00:00,2026-01-07 08:45:00,long,4459.49,4441.477142857143,stop,-22.25305681547816,10279.833114007854,-1.0800267269410595,0.7905464350860424,2.721389483702158,0.8969458917693053,0.9165957446808108,1.304623681497351,1.3934491236418718,7,1.1876408318563327,0.4315833369653798,29.521752150193667,1,4,1,1,4,2.25,2026,2.272821000872435,0,0.16654770402093844,0.046078198112455594,0,0.5962407803949475,-0.32088190974699393,0,0.5962407803949475,0.15988579586010696,0
2026-01-07 18:15:00,2026-01-08 06:45:00,long,4457.93,4431.501428571429,stop,-20.847501555208236,10258.985612452643,-1.014000000000015,0.2701621621622116,2.32702702702705,1.4904487912510496,0.7995169082125828,1.253189189189232,0.5902702702702899,16,0.559451826890159,0.4519651286165826,29.21673283455239,1,18,2,1,5,9.5,2026,0.39464864864862914,0,0.037459459459485984,0.373459459459459,0,0.037459459459485984,0.2353513513513289,0,0.037459459459485984,0.020810810810783485,0
2026-01-08 22:15:00,2026-01-09 03:00:00,long,4469.95,4456.685714285714,stop,-21.09030881750032,10237.895303635143,-1.027894453419464,0.8820678513730882,2.925148088314528,0.8089102091154956,0.7773631840796055,2.4245557350564986,2.474313408723692,1,0.6699492735845776,0.0900900406449745,28.85985008162193,1,22,3,1,6,15.5,2026,1.0630048465266688,0,0.00376952073237769,0.2751750134626114,0,0.00376952073237769,0.4674205708131194,0,0.00376952073237769,0.3890145395799514,0
2026-01-09 08:15:00,2026-01-09 14:30:00,long,4473.62,4463.437142857143,stop,-21.21979029403841,10216.675513341106,-1.0363355780022456,0.3437149270482704,2.6907968574635666,0.640481379383138,0.9973190348524884,1.4652076318743483,0.2808641975309295,4,0.619757674722775,0.18956265450627,28.24534869568905,1,8,4,1,7,5.25,2026,0.6913580246913745,0,0.06383277216607162,0.15712682379353077,0,0.09034792368126679,0.03044332211002896,1,0.4831649831650044,-0.3240740740741014,0
2026-01-09 15:30:00,2026-01-12 01:15:00,long,4486.44,4536.154285714285,target,58.20138119574003,10274.876894536848,2.8483522413792866,0.697586206896521,2.3594827586207114,1.051536228709129,0.8352185875878838,3.947758620689659,1.7946551724137798,5,0.6448540828838659,0.233534651245848,28.24534869568905,1,15,4,1,8,1.0,2026,3.1252586206896527,0,0.4513793103448012,-0.22448275862065012,0,0.4513793103448012,0.17318965517246207,0,0.4513793103448012,0.0941379310345069,0
2026-01-12 01:30:00,2026-01-12 02:30:00,long,4542.3,4583.558571428572,target,61.096401054416845,10335.973295591264,2.973096499428709,0.5918770125689097,5.888231016931544,0.8656174016641824,0.763865546218523,1.7305494962085357,5.811156123402963,8,1.283780115644,0.341380339382602,28.10530241350296,1,1,0,1,0,0.25,2026,3.7606731068869172,0,0.2850316817284787,-0.15560403033138429,0,0.4297288875038868,0.8143762335099107,0,0.4297288875038868,3.5767113327100746,0
2026-01-12 07:30:00,2026-01-12 17:30:00,long,4581.62,4625.012857142856,target,61.48704627556023,10397.460341866825,2.9744197530863925,0.0248888888889295,2.479209876543169,0.8995677077404297,0.8962623951182528,1.812740740740728,1.1144691358024188,9,2.4372680852221684,0.4671041807871479,28.10530241350296,1,7,0,1,0,5.0,2026,3.173333333333428,1,0.1977283950617093,-0.056691358024672255,1,0.6989629629629529,-0.6229135802469399,1,0.8247901234568251,-0.4943209876543047,0
2026-01-12 18:00:00,2026-01-12 20:15:00,long,4629.14,4602.35,stop,-21.08212190258317,10376.37821996424,-1.0138111235535598,0.120940649496072,3.1608809257185517,1.685073145747307,0.9437194127243403,0.9152668906308454,3.49832026875703,12,2.8545414286913577,0.8781134841066018,28.10530241350296,1,18,0,1,0,0.5,2026,0.04143337066068192,1,0.35013064576334735,-0.3393057110862304,1,0.7920865994774237,-0.626726390444192,1,0.7920865994774237,-0.5117581187010074,1
2026-01-13 05:00:00,2026-01-13 08:30:00,long,4597.71,4579.4800000000005,stop,-21.17395884710173,10355.20426111714,-1.020296215030156,0.2249040043883929,2.206253428414686,1.1456121506767285,0.7232524964336959,0.7690619857377264,2.0307185957213822,15,1.6071350728431415,1.0132689361838088,29.01103915971882,1,5,1,1,1,8.75,2026,0.2336807460230532,0,0.16017553483269892,-0.1069665386725089,1,0.23477783872736077,-0.2089961601755588,1,0.2797586396050693,-0.004388370817330116,1
2026-01-13 10:30:00,2026-01-13 22:30:00,long,4593.43,4577.231428571429,stop,-21.18346574132387,10334.020795375816,-1.0228415204162549,0.1086515565746687,2.32366169856259,1.0206798156043069,0.5395590142672277,0.9519357968073832,-0.6716641679160014,16,1.7878704618395178,0.9626826774463692,29.01103915971882,1,10,1,1,2,2.0,2026,2.531704735867351,0,0.10494752623692785,-0.04876973278066688,0,0.23520592644856822,0.025310873974768663,1,0.4222594585060556,-0.16668136519980015,0
2026-01-14 02:00:00,2026-01-15 03:30:00,long,4605.16,4590.322857142857,stop,-22.676055459751545,10311.344739916063,-1.0971554977854527,0.8451761987289825,3.919892162526412,0.9139550066063336,0.7541743970315042,1.4531099557096765,1.2913537454265074,20,1.2451147223250658,0.6729543958396089,29.88501407131574,1,2,2,1,3,3.5,2026,2.5490082803773753,0,0.1408626997881842,0.30666281532833445,0,0.1408626997881842,0.22780666281533243,0,0.1408626997881842,0.681398035817476,0
2026-01-15 08:00:00,2026-01-15 15:45:00,long,4605.21,4584.427142857143,stop,-20.989837993392648,10290.354901922672,-1.0178031344514773,0.6091558977178942,1.7033269177893746,1.25047655902625,0.7683997299122081,1.4252130877096938,-0.8449271377508717,28,0.6504568575645928,0.5427965289177994,30.76708242457537,1,8,3,1,4,4.5,2026,0.8617679406103889,0,0.06784437723397727,-0.05822106131427193,0,0.2232609293373824,0.01876546604345821,0,0.2232609293373824,0.19824030794610478,0
2026-01-16 07:30:00,2026-01-16 08:30:00,long,4606.85,4595.955714285715,stop,-21.27968749060015,10269.075214432072,-1.0339627589824043,0.8830317335432023,1.6871230002621624,0.6702017921702231,1.0,1.927616050354024,0.3084185680566972,33,0.5099526901812772,0.3017733714272053,31.426374607732583,1,7,4,1,5,15.75,2026,0.8564122738001381,0,0.033044846577550975,0.43417256753208044,0,0.2478363493312984,-0.2147915027537474,1,1.0133752950432546,-0.9895095725151255,0
2026-01-19 08:45:00,2026-01-19 09:15:00,long,4678.19,4667.0485714285705,stop,-21.220209790458654,10247.855004641611,-1.0332093858186933,0.3087575330169224,3.1091165534042573,0.6471758320750898,0.875375375375264,1.195537889473094,2.816514937812345,3,1.6466036647614677,0.299099053223717,31.12821808618749,1,9,0,1,6,72.25,2026,0.03500448775486822,1,0.8948583151685133,-0.7575330170533993,1,1.305039107577834,-0.9621746377739726,1,1.4621105269905725,-1.1605334017180626,1
2026-01-19 17:45:00,2026-01-20 02:15:00,long,4674.4,4664.155714285715,stop,-21.235967838372463,10226.61903680324,-1.036117696276633,0.0956630874354638,2.3915771858876624,0.6093968510034378,0.7325038880248559,1.2553339841027238,2.6746618323804525,5,1.366867636705598,0.4408020571800231,31.12821808618749,1,18,0,1,7,8.5,2026,0.5720262167062488,1,0.2938223399804168,-0.19327848277781745,1,0.3914377353227703,-0.27137079905171807,1,0.3914377353227703,-0.21573002370660493,0
2026-01-20 05:30:00,2026-01-20 08:00:00,long,4676.88,4717.007142857143,target,60.79393523320199,10287.412972036442,2.9723379258784672,0.1211150272349215,2.405852824949311,0.8297007403031277,0.6726094003242297,0.9225675531346978,1.5819715903022562,8,1.1733445045695392,0.5928084191799687,31.54255358146901,1,5,1,1,8,3.25,2026,3.019651820997594,0,-0.001495247249777749,0.24821104346895398,0,-0.001495247249777749,0.2691445049663185,0,-0.001495247249777749,0.9554629926305563,0
2026-01-20 09:15:00,2026-01-20 20:00:00,long,4718.1,4764.574285714286,target,61.23306507682258,10348.646037113263,2.976115824419033,0.0335669494651703,3.750461084470712,0.9652515595268264,0.4426450742241186,0.9566580597565322,5.796753965326539,9,1.9740100453688256,0.6164001084474791,31.54255358146901,1,9,1,1,0,1.25,2026,3.033935817041693,0,0.08327185540390795,0.13362227960160472,1,0.2259313906307644,-0.14588712652159339,1,0.2259313906307644,0.02582073035777816,0
2026-01-21 01:30:00,2026-01-21 03:15:00,long,4773.62,4814.0257142857145,target,61.52329342174418,10410.169330535007,2.972528638099308,1.0810352142553743,2.8139584217225093,0.8328330686316503,0.9973244147157214,2.21998302927448,2.386296139159912,13,2.356175710281853,0.8692663060058115,32.5324681664486,1,1,2,1,0,5.5,2026,4.004879083580872,0,0.11953754773014147,0.16779804836658432,0,0.20937632583790852,0.22645311837082446,0,0.20937632583790852,0.8501272804412277,0
2026-01-21 06:30:00,2026-01-21 09:00:00,long,4865.48,4835.417142857143,stop,-21.07658593883144,10389.092744596175,-1.0123075460938855,0.758410948488851,2.4575175822086623,1.861314635276229,0.9869321717485974,1.0690933282645618,5.34945827789389,14,3.5581103999765302,1.0437694398135466,32.5324681664486,1,6,2,1,0,3.25,2026,0.7663942216308925,0,0.11276373313056341,0.01463600076032857,0,0.21920737502373283,0.049230184375609394,0,0.21920737502373283,0.18694164607491606,0
2026-01-21 11:15:00,2026-01-21 16:00:00,long,4875.62,4846.578571428571,stop,-21.042908301022685,10368.049836295151,-1.0127404200895225,0.4118254710019831,2.5487726892616385,1.753129716133681,0.9548913043478292,1.2671552953907848,0.4689851935658027,15,3.967908615436951,1.1917914467461266,32.5324681664486,1,11,2,1,1,2.25,2026,0.18559693049339349,1,0.3935756800629708,-0.3205765163067335,1,0.5647105120763266,-0.5220128879925133,1,0.5647105120763266,-0.5261449161296535,1
2026-01-22 07:00:00,2026-01-22 16:30:00,long,4800.42,4845.762857142858,target,61.700676161892346,10429.750512457043,2.975519848771292,0.0026465028355965,3.388846880907323,0.7999754260856822,0.8421717171717186,1.048015122873354,1.196219281663509,20,1.585073629381239,1.2598925373020098,34.19101007109941,1,7,3,1,2,15.0,2026,3.119565217391275,1,0.3453686200378234,-0.3294896030246054,1,0.3453686200378234,0.023818525519827067,1,0.3453686200378234,1.1743856332703193,0
2026-01-22 17:15:00,2026-01-22 21:00:00,long,4853.8,4921.355714285714,target,62.23576306551503,10491.98627552256,2.983569117553776,0.5533210683246024,3.267525217280988,1.2122548249928606,0.8871873404798356,1.7398972276851072,2.3083169447440133,23,1.7046089987411823,0.8389372147687979,34.19101007109941,1,17,3,1,0,0.75,2026,3.132969612383454,0,0.021759817293652794,0.4236503203704884,0,0.021759817293652794,0.7962316817864385,0,0.021759817293652794,0.9814121677345491,0
2026-01-22 22:00:00,2026-01-23 10:15:00,long,4925.83,4904.232857142857,stop,-21.343467781282225,10470.642807741278,-1.0171318957534188,0.1370551660272132,3.2495039026326697,1.1348113980312555,0.9695534506089428,1.3686995634343069,4.834898796137107,24,3.13614925886192,0.890576673414456,34.19101007109941,1,22,3,1,0,1.0,2026,1.9284958327821167,0,0.05834105040350322,-0.006482338933736617,1,0.34310093927767893,-0.14353750496099196,1,0.540349252546642,-0.13427702076992762,0
2026-01-23 14:00:00,2026-01-26 01:00:00,long,4933.9,4996.274285714285,target,60.29272391363221,10530.93553165491,2.8791319224955267,0.1279373368146152,2.8021162566992177,1.0464742655908903,0.9686346863468503,1.5641060876735229,-0.8061014154184574,28,2.5029300973360398,1.2895104782529865,35.98455371152405,1,14,4,1,1,3.75,2026,4.549470935825239,0,0.16785763364022696,0.015390957812315129,0,0.16785763364022696,0.09907929091660639,0,0.16785763364022696,0.3063762539508444,0
2026-01-26 01:45:00,2026-01-26 08:45:00,long,5039.87,5110.85,target,62.85624327051181,10593.79177492542,2.984361792054105,0.6601859678782294,4.7540152155537125,1.1479676820735354,0.9871099050203188,1.2459847844463754,6.198647506339778,31,3.2451647002523414,1.3353877659821434,37.86918948043106,1,2,0,1,0,0.75,2026,3.011834319526622,0,0.2235841081994902,-0.027049873203733067,0,0.39433643279796626,0.11580726965341372,0,0.39433643279796626,0.08284023668639168,0
2026-01-26 18:00:00,2026-01-26 18:15:00,long,5101.59,5071.604285714286,stop,-21.449021574596596,10572.342753350824,-1.0123392091472172,0.2834683182467835,2.851357789423528,1.4330830359478364,0.78773895847065,1.011815150071465,0.7503573130061915,35,3.634100886118342,1.6582288634160005,37.86918948043106,1,18,0,1,0,9.25,2026,0.07703668413528535,1,1.0341591233920961,-0.8650786088613773,1,1.2069080514530868,-0.8020485945688464,1,1.2069080514530868,-0.2407813244402175,1
2026-01-27 03:00:00,2026-01-28 03:30:00,long,5071.27,5202.948571428572,target,62.73963201487032,10635.082385365697,2.967158437754275,0.4547436940602331,3.2798047192839506,1.9144020329942235,1.0,2.3776078112286543,0.9668999186330464,37,2.1113582186385167,1.6448170599540957,40.0663298090546,1,3,1,1,1,8.75,2026,3.281627339300243,0,0.18408462164363174,-0.10388934092759251,0,0.38457282343368837,-0.17132628152970888,1,0.49415785191213524,-0.16676973148902954,0
2026-01-28 04:45:00,2026-01-28 20:15:00,long,5231.86,5323.7757142857145,target,63.55362982412501,10698.63601518982,2.9879237189350496,0.1573180398190785,4.501515363454074,1.198487849992042,0.810606060606058,0.86165897328296,3.385275329882928,44,4.223412976691108,1.4091638647522275,42.34151996746509,1,5,2,1,0,1.25,2026,3.078146127663539,0,0.04471487853778703,0.37795495873548307,0,0.04471487853778703,0.18114421597426708,0,0.23630344570335338,0.1047698978878171,0
2026-01-28 22:15:00,2026-01-29 01:15:00,long,5354.66,5491.331428571429,target,64.01803454658345,10762.654049736404,2.991878331765436,0.697146440890563,3.0945751019128016,1.6907210482576582,0.9680974477958136,1.513703355283802,2.95760426465975,48,4.617320297916559,1.977380330201739,42.34151996746509,1,22,2,1,0,2.0,2026,3.099404201944165,0,0.03160865475069662,0.6304170586390746,0,0.03160865475069662,0.48861712135465923,0,0.03160865475069662,0.6547820633427361,0
2026-01-29 01:30:00,2026-01-29 02:00:00,long,5531.16,5465.608571428571,stop,-21.64680604651041,10741.007243689894,-1.0056444231356008,1.0770169550625504,5.326504816283824,2.4146377480974484,0.3854291233557135,3.316785076058053,7.856731900797625,49,6.247725430212969,2.149376522742763,44.94760554811939,1,1,3,1,0,0.25,2026,0.19007976289064232,0,0.7172993941507132,-0.2779497014339921,1,1.2249923724011693,-0.5510177396155667,1,1.2249923724011693,-0.33561434860305933,1
2026-01-29 06:30:00,2026-01-29 10:30:00,long,5557.44,5505.781428571428,stop,-21.63587753741262,10719.371366152482,-1.0071624125439085,0.1846740964021822,1.8587428445009824,1.799175007035612,0.6379220779220647,0.7452780620004947,1.8691960952407116,50,7.91027140086319,2.445609922695735,44.94760554811939,1,6,3,1,1,4.5,2026,0.7325018666519176,0,0.12214817068111018,0.016067033544442447,0,0.14228035729099298,0.041038688089393385,1,0.800447996460261,-0.15234645059594318,0
2026-01-29 14:00:00,2026-01-29 16:45:00,long,5535.69,5494.849999999999,stop,-21.632972282034668,10697.738393870446,-1.009059745347708,0.3050930460332811,2.872673849167493,1.3657624413138898,0.836655323286316,1.0073457394711431,-0.102840352595513,52,6.409003786422188,2.7902726340765405,44.94760554811939,1,14,3,1,2,3.5,2026,0.33521057786485287,0,0.18021547502447888,0.11998041136142447,0,0.23334965719881984,-0.14103819784523366,1,0.5374632713026433,-0.5046523016650293,0
2026-01-29 22:45:00,2026-01-30 03:00:00,long,5394.59,5318.774285714286,stop,-21.499892165028427,10676.238501705418,-1.0048802547530682,0.8581334438770636,2.090859414746289,2.1107471776281708,0.7667293233082726,1.4034029884494308,3.4422942850144085,54,2.664807588180236,2.764532303797562,44.94760554811939,1,23,3,1,3,6.0,2026,0.7427220139058929,0,0.14812232669443445,0.048670648753551274,0,0.14812232669443445,0.22594260518927617,0,0.33014263910609976,-0.21895197000245434,0
2026-01-30 15:15:00,2026-01-30 16:30:00,short,5027.61,5109.258571428572,stop,-21.44923823698831,10654.78926346843,-1.0045316163348177,0.6547573223221578,2.240333135038665,1.808165558161853,0.7868036602986073,1.5258074675438256,0.0215557966196618,2,3.6523887143789846,-0.7011396789705193,47.62693134329317,0,15,4,0,4,12.25,2026,0.4351576442593656,0,0.25389299086678635,-0.13153934982679202,0,0.25389299086678635,0.10888126815270292,1,0.7357140357630326,-0.5468558631067,0
2026-01-30 19:00:00,2026-02-02 03:00:00,short,4914.48,4589.764285714285,target,63.67115481637547,10718.460418284803,2.9879124420922025,0.5245819420064192,3.1530349624506693,2.2871202454090405,0.8274704929414506,1.5968429527366768,2.9610516451753326,3,3.3195676575832294,-0.0414074069654768,47.62693134329317,0,19,4,0,5,2.5,2026,3.036163501260428,0,0.24002534084760233,-0.10504573231090765,0,0.24002534084760233,0.50601185212559,0,0.24002534084760233,0.9805192234085981,0
2026-02-02 07:30:00,2026-02-02 11:15:00,short,4576.68,4678.360000000001,stop,-21.514926941108747,10696.945491343697,-1.0036388670338354,0.5216365066876387,2.481904012588521,1.762991598454734,0.956389570910786,1.6823367427222624,2.661290322580633,6,8.078076345763387,1.7561016989766087,46.19086804694436,0,7,0,0,0,4.5,2026,1.7155782848151129,0,0.029602675059001885,0.27793076317860194,0,0.029602675059001885,0.4080448465775052,0,0.029602675059001885,1.2382966168371359,0
2026-02-02 15:30:00,2026-02-02 16:30:00,short,4684.56,4773.608571428571,stop,-21.48278336508721,10675.46270797861,-1.0041550357750142,0.4274071935059485,2.442487246125724,1.4121346376686204,0.7934156378600759,1.6373086918856494,0.127121635062724,8,7.194509159680379,2.644963707995973,46.19086804694436,0,15,0,0,1,4.25,2026,0.05210639458401912,1,0.42257836814578864,-0.2412166714794459,1,0.6112394519844673,-0.46087207623448095,1,1.2319119581608802,-0.7640773895466398,1
2026-02-02 17:45:00,2026-02-03 01:15:00,short,4619.52,4732.152857142857,stop,-21.42106340769687,10654.041644570912,-1.0032850094491563,0.5128166102253714,2.5910733990335286,1.7475981552724185,0.9620899950552138,1.0773055312456434,2.6209048361934437,9,7.023339390177438,2.8688422406774605,46.19086804694436,0,18,0,0,2,1.25,2026,0.2012734167903312,1,0.7544867648364447,-0.6927818576157672,1,0.7934629580305169,-0.48058800400795904,1,0.7934629580305169,-0.4124906459672952,1
2026-02-03 04:30:00,2026-02-03 07:15:00,short,4758.76,4837.222857142857,stop,-21.408563836295816,10632.633080734617,-1.0047156070206085,0.0379797538416667,2.4406452552618294,1.1367570246278929,0.9688128772635716,0.7601048721870187,-2.284647877066507,12,2.895267584386448,2.712452812367172,43.20330064647055,0,4,1,0,3,3.25,2026,0.16249726895346384,1,0.33136697982667135,-0.3122496540674403,1,0.454100211200936,-0.12961546864758738,1,0.6852924040492293,-0.635332459398438,1
2026-02-04 04:00:00,2026-02-04 16:30:00,long,5058.79,4998.2357142857145,stop,-21.395201613385264,10611.237879121232,-1.0061102198735448,0.1691044635274097,4.381523072567702,0.8203238914680675,0.644777662874879,0.6387656884023827,3.332216665093904,1,1.576903119076,-0.2736599116419103,40.90369145539263,1,4,2,1,4,20.75,2026,0.5520666226290506,0,0.10288289138434682,-0.003137680475599694,0,0.32615362838539197,0.020807775785603295,1,0.3829621591016258,-0.15556289515900842,0
2026-02-05 11:00:00,2026-02-06 02:00:00,short,4865.14,4700.114285714287,target,63.52468013866064,10674.762559259892,2.993273775515501,1.1227341193580302,1.7302758011738215,0.7131393351274253,0.9526102870352524,1.8873422323793712,-0.4610190619643814,4,1.57447341945335,0.0533679166433542,39.17032101507972,0,11,3,0,5,18.5,2026,3.3792915389809566,0,0.38721238248583456,-0.14961304731729383,0,0.4775619383992037,-0.46174622136809357,0,0.5255544590453429,-0.15288526463408092,0
2026-02-06 23:45:00,2026-02-09 01:30:00,long,4966.82,5031.405714285715,target,61.55645534697703,10736.31901460687,2.883270471134717,0.2257465162574066,2.587259455872616,0.3173496913610187,0.7969451931715906,1.033974784339753,0.5620437956203677,3,0.7823689943648033,-0.224233094453119,37.0448632173682,1,0,4,1,0,21.75,2026,3.5706038487060163,0,0.12216323822163687,0.5625082946251073,0,0.12216323822163687,2.5979429329794304,0,0.12216323822163687,3.2891174518911774,0
2026-02-09 07:30:00,2026-02-09 09:15:00,long,5036.81,5007.014285714286,stop,-21.739282956555183,10714.579731650314,-1.0124178932732284,0.3275638874238928,1.762669607326087,0.4741853243427519,0.6999347684279533,1.0290070479934714,1.8599990410893197,4,1.039770131888482,0.0644894385108951,34.539808679736154,1,7,0,1,0,6.0,2026,0.2973582010835572,0,0.44670853909959496,-0.0006712374742439253,0,0.44670853909959496,-0.06913745984562861,1,0.7793067075801952,-0.05302776046414069,0
2026-02-09 16:30:00,2026-02-10 01:00:00,long,5036.8,5007.992857142857,stop,-21.70439637383843,10692.875335276476,-1.0128440366972475,0.8282667989090187,2.0654599553682065,0.5201470181639295,0.9706132879046162,1.630151252169566,3.496355070667028,7,1.2069257430007223,0.4909814580293048,34.539808679736154,1,16,0,1,1,7.25,2026,1.7190181006694558,0,0.20932308455243295,0.09060252913462762,0,0.27111331515002557,-0.186759236300524,0,0.45370691792712164,0.6508802380361995,0
2026-02-10 07:45:00,2026-02-10 17:30:00,long,5039.51,5015.238571428572,stop,-21.71176064251689,10671.16357463396,-1.015244261330178,0.342789876397868,1.991642142436727,0.5010173997754799,0.86646884273002,0.8330782813419362,0.7679811653914552,11,1.3873338933661137,0.6332082797509742,32.73722273487928,1,8,1,1,2,6.75,2026,1.608887580929961,0,0.18210712183637676,-0.1285462036492005,1,0.35473808122427236,-0.2867569158328434,1,0.8392583872866319,-0.6431430253090272,0
2026-02-10 22:30:00,2026-02-11 12:30:00,long,5036.41,5098.595714285713,target,63.64602605623489,10734.809600690194,2.982150241212944,0.2566505858028831,2.790351481736768,0.4588875061472216,0.9847328244274454,0.8847691247415734,1.5949000689179789,14,0.8744473142269322,0.5848614403613617,32.73722273487928,1,22,1,1,3,5.0,2026,3.0947622329428555,1,0.40523776705718845,-0.23108201240523832,1,0.5268090971743713,-0.33818056512751216,1,0.6411440385940776,-0.581805651274964,0
2026-02-11 13:15:00,2026-02-11 14:30:00,long,5106.11,5084.222857142857,stop,-21.83256100499331,10712.9770396852,-1.016904901768802,0.4651132432608083,4.91612819006588,0.5294682904573615,0.8879310344827595,1.6959728477252771,4.239018340839267,18,1.27781636959702,0.4717620764391972,31.063392928940758,1,13,2,1,0,0.75,2026,0.5966973435154475,0,0.2389530709483487,0.15214411591932125,0,0.2389530709483487,0.2832713269369138,1,0.8763135565563217,-0.4550616800469905,0
2026-02-11 19:00:00,2026-02-12 16:45:00,long,5084.28,5042.954285714285,stop,-21.61778628714698,10691.359253398054,-1.0089532632743428,0.1166344026548599,2.258158185840696,0.9892323493876476,0.9124999999999858,0.8130530973451398,0.1059872787610423,19,1.3103393867289248,0.4659803895476155,31.063392928940758,1,19,2,1,1,4.5,2026,0.39007190265486374,0,0.09171045353982193,0.04984789823009807,0,0.09171045353982193,0.2918279867256728,1,0.4304825774336265,-0.31626797566370907,0
2026-02-13 01:00:00,2026-02-13 02:00:00,short,4910.53,4943.047142857143,stop,-21.626024195806743,10669.733229202247,-1.0113786134786045,0.0436692733503227,2.8926280643177527,0.9447971585937333,0.420061219684484,2.612160618574824,1.340831209911262,2,1.8921798222580917,-0.0366273815250561,27.637647669208835,0,1,4,0,2,8.25,2026,0.14300149371758783,1,0.5501713381952458,-0.2933837096915891,1,0.5501713381952458,-0.08641595641860439,1,1.1689218873561225,-0.9671821456813898,1
2026-02-13 07:30:00,2026-02-13 10:00:00,short,4964.23,4988.702857142856,stop,-21.66209338110141,10648.071135821148,-1.0151187904967442,0.1029712217617361,2.611055980386413,0.733877092758314,0.7832923832923944,1.6630669546436545,1.2765162570778743,3,0.6402760623366743,0.0717449701905792,27.637647669208835,0,7,4,0,3,5.5,2026,0.7927149611814671,0,0.07314225672760541,0.748993053528686,0,0.07314225672760541,0.24516957562313876,0,0.07314225672760541,0.36734574747532733,0
2026-02-13 12:45:00,2026-02-13 15:00:00,short,4949.95,4975.921428571428,stop,-21.59953615769034,10626.471599663457,-1.0142464246424596,0.8871287128713331,1.958305830583038,0.8265878952954446,0.8727735368956739,1.815841584158436,1.3330033003300823,5,0.7180982103523907,0.3505055907891408,27.637647669208835,0,13,4,0,4,2.75,2026,0.652255225522546,0,0.13476347634763663,-0.06430143014301799,0,0.13476347634763663,0.18982398239821865,0,0.2163916391639152,-0.1651815181518161,0
2026-02-17 07:00:00,2026-02-17 07:30:00,short,4928.39,4867.995714285715,target,63.36821703137402,10689.83981669483,2.981620777746252,1.7922225376099985,2.3684359920522566,0.7378358142530231,0.9506263817243856,2.6962815782003555,2.181663355095106,4,0.9148288992165008,0.1340623089445158,23.961657340706918,0,7,1,0,5,88.0,2026,3.4617513482827595,0,0.007451036048804,1.3799318762418802,0,0.007451036048804,2.4002270791939138,0,0.007451036048804,1.8250070962248537,0
2026-02-17 15:45:00,2026-02-17 16:00:00,short,4870.67,4899.437142857143,stop,-21.65466284961094,10668.18515384522,-1.0128618960123157,2.5146744798132743,2.6217410736455204,1.0709307002217077,0.9627707177376064,3.8842925957193,3.848140239360392,7,2.3118619797902435,0.4926381759584597,23.961657340706918,0,16,1,0,0,8.25,2026,1.0098326463723517,0,1.0192183542732143,-0.9288374633758805,0,1.1732134876098677,-0.9642945821125177,0,1.2768038933306645,0.23186174703282675,0
2026-02-18 01:45:00,2026-02-18 02:30:00,short,4859.04,4881.151428571428,stop,-21.69340092596734,10646.491752919252,-1.0167334280914786,0.068742731619092,2.4340354050910875,0.8040638697781544,0.7654213727193855,2.082181160356596,3.5945212559762103,9,1.8662214612668315,0.731725147271256,22.883467291644543,0,2,2,0,1,9.75,2026,0.03889391394235507,1,0.47305853469440734,-0.23472024809405126,1,0.5933583150277774,-0.5029073523711033,1,1.0903863548261918,-0.7186328983072908,1
2026-02-18 10:30:00,2026-02-18 14:45:00,short,4921.19,4935.707142857143,stop,-21.83568009391311,10624.65607282534,-1.025487108836852,0.1708325132848818,2.740208620350248,0.5378715250830493,0.806993006993109,0.9850423145049696,1.6780161385554444,11,0.5842374600615272,0.6659967340049144,22.883467291644543,0,10,2,0,2,8.0,2026,1.0243062389293383,0,0.10539263924428847,0.2707144262939943,0,0.10539263924428847,0.3037787837039856,0,0.13087974808112413,0.04270812832118914,0
2026-02-19 07:45:00,2026-02-19 12:00:00,long,4996.92,4984.722857142857,stop,-21.893909457167343,10602.762163368172,-1.030334973061639,0.0803466854063824,4.83227922230034,0.483719906930092,0.4281524926686506,0.5591473412977032,3.894354649800885,4,0.6304414136100202,0.0637694374607589,21.81574173363156,1,8,3,1,3,17.0,2026,2.0529397985476634,0,0.024595924104020502,0.1754509252752667,0,0.024595924104020502,0.39517451393766595,0,0.024595924104020502,1.7627078941204006,0
2026-02-19 15:45:00,2026-02-19 16:00:00,long,4997.32,4977.11,stop,-21.593750155578128,10581.168413212594,-1.0183077684314696,0.002968827313186,2.479960415635859,0.8177999286802397,0.8418079096045336,0.700643245917854,0.1543790202869359,6,0.5605629225891944,0.2072478721124815,21.81574173363156,1,16,3,1,4,3.75,2026,-0.0014844136565930375,1,1.25482434438395,-1.1796140524492875,1,1.2572983671449682,-0.9460663038099879,1,1.6942107867392242,0.43542800593766284,1
2026-02-19 16:45:00,2026-02-19 20:15:00,long,5006.12,4978.927142857143,stop,-21.450282465408023,10559.718130747186,-1.0136065143157196,0.5648542159180606,2.6006829524559483,1.0987283837564654,0.7969762419006526,1.7026530076175004,0.9436301549776565,6,0.5605629225891944,0.2072478721124815,21.81574173363156,1,17,3,1,5,0.75,2026,0.5975833990018319,0,0.25521407932753687,-0.22800105069607685,0,0.36222747570262875,0.37840819542946635,0,0.36222747570262875,0.2901497241922861,0
2026-02-20 07:45:00,2026-02-20 16:45:00,long,5011.64,5058.709999999999,target,62.86027236531466,10622.5784031125,2.9764181007010837,0.6921606118547393,3.126832377310436,0.6813432174178762,0.9860191317145256,1.7323135755258754,1.859783301465968,10,0.710386311991609,0.2138923634538825,20.74647069571402,1,8,4,1,6,11.5,2026,3.1287444231995214,0,0.0006373486297143743,0.3123008285532034,0,0.0006373486297143743,0.6870618228170823,0,0.0006373486297143743,0.574888463989787,0
2026-02-20 21:45:00,2026-02-23 01:00:00,long,5079.7,5137.6857142857125,target,60.97326400551695,10683.551667118018,2.8699841832963684,0.3393939393939217,2.2929785661493414,0.8663384992510146,0.9691119691119954,0.8039911308203707,3.858536585365949,13,1.6547621589026889,0.38338382266494,20.74647069571402,1,22,4,1,0,5.0,2026,3.4643015521065204,0,0.15210643015519382,-0.001552106430142075,0,0.15210643015519382,0.2612712490761432,0,0.15210643015519382,0.8779748706578331,0
2026-02-23 01:30:00,2026-02-23 02:00:00,long,5158.6,5136.802857142858,stop,-21.72980354157404,10661.821863576444,-1.016974701795767,0.6349456023069897,6.87429545156636,0.9902157944221712,0.966261808367073,1.3598112465592314,8.406606370428655,14,2.1516950270041,0.5018738645121035,19.363662178481214,1,1,0,1,0,0.5,2026,0.5973259929217211,0,0.22434132913882623,0.3073797352208577,1,1.2029099488792816,-0.9047057281426204,1,1.3423777690391951,-0.821667322060589,0
2026-02-23 04:30:00,2026-02-23 09:00:00,long,5174.43,5142.318571428572,stop,-21.56934279848186,10640.252520777962,-1.011522377435715,0.4216567310259214,2.3866892072248365,1.4736048512660724,0.8612903225806686,0.965388379749093,4.6805765637512815,15,2.9158647020667785,0.6777075359312157,19.363662178481214,1,4,0,1,1,2.5,2026,0.0672657709760613,0,0.32636355547648227,-0.026470326541518718,1,0.6810659311326632,-0.5020019574695249,1,0.6810659311326632,-0.17875255805678908,1
2026-02-23 12:15:00,2026-02-23 18:15:00,long,5156.06,5218.550000000002,target,63.46351287477003,10703.716033652732,2.982237157945284,0.2851656265002584,2.9563130100815465,0.9659319256809168,0.9222373806275967,0.7037926068170687,0.3264522323572225,17,2.4073472579907835,0.927769708227988,19.363662178481214,1,12,0,1,2,3.25,2026,3.0216034565529646,1,0.5218434949592208,-0.1929908785405833,1,0.5218434949592208,0.32885261641859376,1,0.5218434949592208,-0.2621219395103178,0
2026-02-23 21:30:00,2026-02-24 03:00:00,long,5217.03,5195.357142857143,stop,-21.77290071837832,10681.943132934352,-1.0170720453496622,0.1125832179816157,2.319952541032276,0.9883681396067476,0.9695652173912356,0.8489882011733632,1.452508074616032,19,3.136039520811673,1.1083070925440808,19.363662178481214,1,21,0,1,0,3.25,2026,1.5157207830729935,1,0.12227275723418074,-0.0627513018258372,1,0.12227275723418074,0.2865335178959891,1,0.12227275723418074,0.4923208753543005,0
2026-02-24 19:00:00,2026-02-27 23:30:00,long,5156.35,5266.295714285715,target,62.00209600561999,10743.945228939974,2.9021918219381058,0.0365634988695759,2.503235362906364,1.638935198950775,0.8843125378558553,0.900990099009913,-0.1478911670694648,24,0.675941015868109,0.9399511894402356,18.86751637336666,1,19,1,1,1,16.0,2026,3.2773446636002097,0,0.031106260232331383,0.06384969205579892,0,0.031106260232331383,0.11569345910968457,0,0.031106260232331383,0.21774382162624523,0
2026-02-27 23:45:00,2026-03-02 01:00:00,long,5278.53,5329.521428571428,target,61.28669634128764,10805.23192528126,2.852150445453004,0.2435703479576047,3.859472180198359,0.7760252674557614,0.7204545454545471,1.0354681459068924,5.154984030929487,44,2.099330285705247,0.5068547288823222,17.775066738458513,1,0,4,1,0,0.25,2026,5.933350142881154,0,-1.4384770549672048,4.091864178853583,0,-1.4384770549672048,4.535468145906865,0,-1.4384770549672048,6.37577744158679,0
2026-03-02 01:30:00,2026-03-02 02:45:00,long,5382.38,5347.828571428571,stop,-21.84188327243061,10783.39004200883,-1.01070867443977,0.1736541801041927,7.568428016207734,1.5809698796345628,0.7270906359539373,2.311915984453796,8.257256263954396,44,2.099330285705247,0.5068547288823222,17.952856885454178,1,1,0,1,0,0.5,2026,0.23674853220872455,0,0.24022161581080523,0.13081948234514484,1,0.5331183329198739,-0.18754651451254187,1,0.9666749359133554,-0.48999421152733896,1
2026-03-02 05:30:00,2026-03-02 16:15:00,long,5362.24,5321.465714285714,stop,-21.76248452104949,10761.62755748778,-1.0090743465769776,0.1363604512647906,2.756148833298285,1.7995874132809253,0.7683923705721951,0.5400462476350764,-0.9878775138392734,45,2.7607386975802,0.6380865151446757,17.952856885454178,1,5,0,1,1,2.75,2026,1.3937705837012144,0,0.058615373835036,0.09957255973653872,1,0.1643192488262871,-0.14837782916404385,1,0.42428701562610055,-0.20282390862587366,0
2026-03-02 21:00:00,2026-03-03 08:00:00,long,5330.65,5284.84,stop,-21.697094983836845,10739.930462503944,-1.008076839118091,0.4278541803099465,1.6716874044968422,1.8732518313365432,0.8667355371900841,0.8452302990613306,-0.1344684566688471,49,1.6130684797483834,1.185505967168332,17.952856885454178,1,21,0,1,2,4.75,2026,1.0757476533508168,0,0.26195153896529283,0.005893909626728619,0,0.26195153896529283,-0.1250818598559178,0,0.26195153896529283,0.14996725605764763,0
2026-03-03 16:30:00,2026-03-04 03:45:00,short,5071.85,5165.928571428572,stop,-21.56433870163191,10718.366123802312,-1.003932882848681,1.1350087313036106,2.160321919368309,3.4300796710290284,0.8811904761904705,1.7857414015640445,4.012603446966826,1,1.5543699780931957,-0.417323847854445,18.890089705974567,0,16,1,0,3,8.5,2026,0.8032647483106901,0,0.052190418343328555,0.35321539746413116,0,0.052190418343328555,0.339397160428217,0,0.052190418343328555,0.10671930756966035,0
2026-03-04 08:00:00,2026-03-04 09:45:00,short,5141.87,5175.677142857143,stop,-21.671345121136405,10696.694778681176,-1.0109444327065285,0.611705049651391,1.6813015001056415,1.1071490706749092,0.4511639676113396,2.3379674624973257,2.8544263680540816,5,1.007957212332934,0.5476981756896593,17.711733803297513,0,8,2,0,4,4.25,2026,0.38837946334249124,0,0.24639763363616884,0.22007183604477953,0,0.4155926473695375,-0.1718571730403664,1,0.9991971265581985,-0.7655186984998958,0
2026-03-04 14:30:00,2026-03-04 15:00:00,short,5167.34,5194.191428571429,stop,-21.688180358349832,10675.006598322829,-1.0137795275590646,0.5511811023621722,2.358906150244715,0.8672203421827811,0.5230978260869665,1.644605235156395,0.6480102149393289,6,0.5299411989783768,0.6266499534088421,17.711733803297513,0,14,2,0,5,4.75,2026,0.2685145775696944,0,0.2353692274951986,-0.1541817407958908,1,1.0651202383485538,-0.9712704830814944,1,1.0651202383485538,-0.7932538838050638,0
2026-03-04 17:00:00,2026-03-05 02:15:00,short,5134.71,5174.835714285715,stop,-21.546882087913705,10653.459716234913,-1.0092210196525302,0.2173170037026317,2.834591284534305,1.282929190553847,0.9025769956002418,1.5860153802335768,3.026488180005698,7,0.7581629610230379,0.5733503767549664,17.711733803297513,0,17,2,0,6,2.0,2026,0.6462190259185466,1,0.6247863856451058,-0.542046425519793,1,0.8079606949587002,-0.23301765878667868,1,0.8079606949587002,-0.3421745941327136,0
2026-03-05 07:45:00,2026-03-05 09:00:00,short,5148.94,5171.074285714285,stop,-21.66308905509832,10631.796627179814,-1.0167161481863831,1.1764554020911746,2.644765715760904,0.6882612037297079,0.9821008007536878,1.9182909513359665,2.138763392280895,11,0.8750597607209054,0.3392566913076322,16.6175461793831,0,8,3,0,7,5.5,2026,1.2573254162901768,0,0.31037821092039325,0.747257002710727,0,0.31037821092039325,0.25435652510645734,1,0.8963469730218238,-0.829030592487433,0
2026-03-05 15:15:00,2026-03-06 17:00:00,short,5122.41,5149.834285714285,stop,-21.91424901754558,10609.882378162269,-1.0305995207584469,1.7925717560035517,1.802052404021479,0.8422389617782501,0.4798252377280941,5.67526175964997,3.448768036672422,12,0.6022874426441764,0.3441713068096264,16.6175461793831,0,15,3,0,8,6.25,2026,2.611189248320059,0,0.5681096004584069,-0.3219773923008803,0,0.5681096004584069,0.13601083502629138,0,0.5681096004584069,0.07766838568526793,0
2026-03-09 16:30:00,2026-03-09 17:30:00,short,5076.41,5103.777142857143,stop,-21.506653051563347,10588.375725110704,-1.0135198621913704,0.2594351934018996,2.353917628021062,0.747644888841886,0.94782608695652,2.689356371039286,1.931513284961108,4,0.8814760153651772,0.329908195180939,14.424873733671305,0,16,0,0,9,71.5,2026,0.5839118859946523,0,0.2999947799759854,0.08952341180768654,0,0.4366550086130274,0.18160463538132976,1,1.3991230359659463,-1.3180038628177417,0
2026-03-10 16:00:00,2026-03-10 21:15:00,long,5200.68,5177.865714285715,stop,-21.52019406923264,10566.855531041472,-1.0162179085785907,0.7688165309956604,3.1006887914840444,0.6593989642440148,0.8864182692308002,1.458735128365645,1.1247338760175345,3,0.8151441723556817,0.0943210419697582,13.78904964921374,1,16,1,1,10,22.5,2026,1.6691296180338218,0,0.06750156543518986,0.9182842830306809,0,0.06750156543518986,0.3835316217908605,0,0.6693174702567551,-0.23669380087666925,0
2026-03-11 03:15:00,2026-03-11 08:30:00,long,5212.35,5193.2814285714285,stop,-21.543782321079444,10545.311748720393,-1.0194036559784443,1.3886724602937446,1.6403955648785666,0.6240005656582918,0.8681592039801246,2.529817201078793,1.1946359005094698,5,0.7281534614152582,0.292717515880958,12.896246509797704,1,3,2,1,11,6.0,2026,0.5716212166616511,0,0.3403506143242784,-0.05454000599340515,0,0.3403506143242784,0.16624213365298496,0,0.3403506143242784,0.12428828288881613,0
2026-03-12 21:30:00,2026-03-13 04:30:00,short,5098.78,5121.315714285714,stop,-21.4368974426605,10523.874851277733,-1.0164183835182363,0.2067828843106104,3.2783518225039883,0.831607772830944,0.983870967742023,0.5502377179080631,4.432076069730606,1,0.7381098327821937,0.0280642124731222,12.067215023197098,0,21,3,0,12,37.0,2026,1.9533438985736602,0,0.02263074484945488,0.20412044374006968,0,0.02263074484945488,0.615467511885887,0,0.02263074484945488,0.30351822503962433,0
2026-03-13 07:15:00,2026-03-13 15:45:00,short,5105.45,5121.015714285714,stop,-21.548058730911357,10502.32679254682,-1.0237701908957586,0.102790014684312,2.831864904552148,0.6030747346915288,0.8399999999999763,1.3812408223201285,0.1156387665198948,3,0.7762106266919148,0.1869903491873437,12.02945304617783,0,7,4,0,13,2.75,2026,2.8337922173274612,0,0.10792951541852176,0.06295888399409874,0,0.10792951541852176,0.0745227606460999,1,0.3058002936857727,-0.03404919236415425,0
2026-03-13 17:00:00,2026-03-13 19:00:00,short,5090.97,5020.298571428571,target,62.684051399396544,10565.010843946216,2.984293511218937,0.0899939357185743,2.5291691934505787,0.9227887264764744,0.9994131455398932,1.4466949666464526,0.2063068526379103,6,0.5093527410030074,0.3798496574710097,12.02945304617783,0,17,4,0,14,1.25,2026,3.054275318374772,0,0.14730139478469054,0.081503941782902,0,0.14730139478469054,0.4924196482716964,0,0.14730139478469054,0.9254093389933391,0
2026-03-13 22:30:00,2026-03-18 14:00:00,short,5025.28,4958.641428571428,target,61.2529065333519,10626.263750479568,2.8988567753553225,0.6095568846871547,2.873110810984603,0.872336086051722,0.8398576512455537,1.2650331211010462,1.9349154286449823,7,1.8250144355219755,0.4525582691992547,12.02945304617783,0,22,4,0,0,3.5,2026,3.3710206444144215,0,0.0292623319827886,0.40472056080775737,0,0.0292623319827886,0.3871631616180842,0,0.0292623319827886,0.022959675863368355,0
2026-03-18 14:15:00,2026-03-18 15:45:00,short,4948.68,4872.882857142858,target,63.4463530206458,10689.710103500212,2.985355648535565,0.136152889290913,3.5771796901504485,1.1931966002397525,0.9187613843351372,2.1729051226959077,4.781182856496644,23,1.282890720093091,0.5103911509410697,13.32427042452118,0,14,2,0,0,0.25,2026,3.089958158995846,0,0.5228429266086194,0.380357344792515,0,0.5228429266086194,0.731030193373301,0,0.5228429266086194,1.8756643672961828,0
2026-03-18 16:00:00,2026-03-19 10:45:00,short,4858.7,4734.075714285715,target,63.94783901662648,10753.657942516838,2.991093228790534,0.573403487052507,5.6271536160115785,1.938311406968288,0.7075734157650717,1.557481343925192,6.151449499638956,24,3.25515655951976,0.6433228537605418,13.32427042452118,0,16,2,0,0,0.25,2026,3.171532721207755,0,0.17211733553424804,-0.06595825165926798,1,0.643454038997228,-0.34303105333746114,1,0.8646789779566056,-0.5346469961140369,0
2026-03-19 11:00:00,2026-03-19 15:30:00,short,4714.54,4580.105714285714,target,64.34436557099532,10818.002308087836,2.9917431777607693,0.5538765621014977,5.3455113491456405,1.9845547153512155,0.6617948717948821,1.7406273909716892,6.0971053302728695,28,3.005859835864196,1.1934212856950177,14.788756893755108,1,11,3,0,0,0.25,2026,3.447558020913024,0,0.4887146136189662,-0.08747768426421985,0,0.4887146136189662,0.5808786023973413,0,0.4887146136189662,0.4387273654679892,0
2026-03-20 02:30:00,2026-03-20 04:00:00,short,4635.49,4666.53,stop,-21.893908021716328,10796.108400066118,-1.0119201030927791,0.0418814432990041,2.6469072164948324,1.1232941275811863,0.8955441928415323,0.8820876288659509,-1.6572164948453136,32,5.583856114604207,2.1411362254036392,17.389042109878012,1,2,4,0,0,11.0,2026,0.007087628865958263,1,0.36469072164950334,-0.2593427835051597,1,0.8804768041237063,-0.8505154639175407,1,0.9523195876288759,-0.6575386597938078,1
2026-03-20 08:45:00,2026-03-20 11:00:00,short,4688.51,4715.951428571429,stop,-21.883350339162497,10774.225049726954,-1.013483263053772,0.9722525899318172,2.4750898016554865,0.973521657835058,0.8887545344619036,1.8082148992660052,-0.8184705086157907,34,3.3894936571447465,2.2799754350520507,17.389042109878012,1,9,4,0,1,4.75,2026,0.9901088031651896,0,0.4558800562236549,-0.10094226664582626,0,0.4558800562236549,0.02004268832318855,0,0.4558800562236549,0.7004008537664757,0
2026-03-20 12:45:00,2026-03-20 17:15:00,short,4667.51,4561.772857142858,target,64.41914048254775,10838.6441902095,2.9895022697794995,0.1957684824902625,3.616326199740581,1.228120535543911,0.5580331618067371,0.9924610894942052,1.1916342412451393,35,3.749038237480731,2.1607410147870487,17.389042109878012,1,13,4,0,2,1.75,2026,3.2999756809338723,0,0.07064688715952706,0.1290937094682286,0,0.07064688715952706,0.2681177042801512,0,0.07064688715952706,0.6307149805447622,0
2026-03-20 21:30:00,2026-03-23 03:30:00,short,4526.15,4379.865714285715,target,64.45023198754214,10903.094422197044,2.9731685465678326,0.4298479477338852,3.168898133770856,1.5930079646314497,0.9529809465273588,1.334661471303433,2.0364456684147587,37,5.590141209810111,1.7844165075602492,17.389042109878012,1,21,4,0,0,4.25,2026,4.022441625406498,0,0.06665104151407748,0.5426420179884592,0,0.06665104151407748,0.5293118096856325,0,0.06665104151407748,0.24301995136670207,0
2026-03-23 08:30:00,2026-03-23 09:45:00,short,4322.05,4179.078571428571,target,65.24926788478017,10968.343690081823,2.992236211031181,0.5384292565947206,1.9711630695443727,1.4248796182809016,0.9495005549389408,1.5124700239808504,4.764868105515581,40,8.987816956561941,2.490549604472592,19.8834814607294,1,8,0,0,0,5.0,2026,3.3348621103117533,0,0.09610311750599357,0.24655275779376473,0,0.09610311750599357,0.5713729016786664,0,0.09610311750599357,2.917505995203833,0
2026-03-23 10:00:00,2026-03-23 10:30:00,short,4130.17,4206.6957142857145,stop,-22.04275073947261,10946.30093934235,-1.0048349761051374,0.861148446833924,5.716509856630824,2.274134862781864,0.9647798742138398,2.493279569892458,5.730361409796887,40,8.987816956561941,2.490549604472592,19.8834814607294,1,10,0,0,0,0.25,2026,0.41423984468338976,0,0.39646804062126745,-0.08284796893668032,1,1.1206690561529276,-1.109431003584222,1,1.6415397252090749,-1.603643966547192,0
2026-03-23 18:45:00,2026-03-23 21:30:00,short,4363.78,4457.307142857143,stop,-21.979210561978768,10924.321728780373,-1.0039560708121398,0.8085353373352331,2.3798438955841603,2.35038606392802,0.7921914357682662,1.3583222593899449,0.3258946982541492,42,5.194359959391953,3.0054209988273017,19.8834814607294,1,19,0,0,1,8.25,2026,0.12071362018665241,0,0.28334020681543837,-0.2176908155004713,0,0.28334020681543837,0.09505262032411631,0,0.2974537567398366,-0.12402816600223351,1
2026-03-24 03:30:00,2026-03-24 09:45:00,short,4344.3,4398.064285714286,stop,-21.9990034590355,10902.322725321335,-1.006881891855978,0.5884947522253093,3.280988441610185,1.279226379901516,0.7707474457788139,2.0753553872724773,2.685425800451683,44,5.98543971234906,3.0240188191834383,23.12039551761657,1,3,1,0,2,6.0,2026,0.7214826624153018,1,0.7875116248173243,-0.38259598777732823,1,0.7875116248173243,0.24012222665072053,1,0.7875116248173243,0.4242593330676292,0
2026-03-24 15:30:00,2026-03-24 17:30:00,short,4369.51,4420.011428571429,stop,-21.964397739735382,10880.358327581602,-1.007326525416537,0.2178156204916402,2.653786314389975,1.1078432140646692,0.8345779588142042,1.7500495035501262,1.2233317303612077,47,4.643629911076446,2.334080395244409,23.12039551761657,1,15,1,0,3,5.75,2026,0.3619699584170297,1,0.41820599134394715,-0.1865293768210243,1,0.41820599134394715,-0.17365845379196201,1,0.41820599134394715,0.24672569375689507,0
2026-03-24 20:30:00,2026-03-24 21:30:00,short,4378.01,4419.030000000001,stop,-21.95699810719668,10858.401329474404,-1.0090199902486623,0.5002437835202409,2.078498293515304,0.8744323180204278,0.878523223501376,1.2281813749390698,-1.021940516821057,49,3.812122060941401,2.123997371916564,23.12039551761657,1,20,1,0,4,3.0,2026,0.1387128230131757,1,0.4122379327157418,-0.2579229644076023,1,0.4122379327157418,-0.2849829351535717,1,1.1097025841052945,-0.5426621160409568,1
2026-03-26 05:45:00,2026-03-26 09:00:00,short,4508.85,4426.367142857143,target,64.85815754098113,10923.259487015386,2.986542658214703,0.2189545879662814,2.3728566974955863,0.5492841173952311,0.7874677002583943,1.1260521666839596,0.6263119609269249,57,0.7298050211358561,0.2753807255054807,27.86386748285119,1,6,3,0,5,32.25,2026,3.2832276836745606,0,0.10874987010287109,-0.09092798503585202,0,0.17203574768781615,0.08147147459214855,1,0.36080224462226346,-0.2829678894315622,0
2026-03-26 19:15:00,2026-03-27 06:30:00,short,4396.56,4440.997142857143,stop,-22.02842112841494,10901.231065886972,-1.0083263679032983,1.3236674596540738,2.413296470134364,0.8878169380612073,0.8157150932730254,2.388542403394861,1.8867099594933,60,2.6725553799886463,0.6193724701082925,27.86386748285119,1,19,3,0,0,10.25,2026,1.0241432521057037,0,0.0020253327332175448,0.34318137979810825,0,0.0020253327332175448,0.1636018774513047,0,0.135247219185993,0.3019996142223369,0
2026-03-27 11:15:00,2026-03-27 17:00:00,short,4433.9,4459.817142857142,stop,-22.11371985926405,10879.117346027708,-1.0142762650203847,0.6891191709844782,2.3181567633116487,0.5460792630649006,0.8052256532066676,1.2995259618564765,0.0200639400286796,64,1.521922308383426,1.1336289856545112,29.75515795807379,1,11,4,0,1,4.75,2026,1.1424870466321113,0,0.2342079153346065,-0.03974203505679959,0,0.2342079153346065,0.37928563554183364,0,0.2342079153346065,-0.017748870025356925,0
2026-03-30 14:15:00,2026-03-30 16:45:00,long,4543.37,4521.922857142857,stop,-22.133601559786467,10856.98374446792,-1.0172517151801892,0.2405914873775976,1.607673349763507,0.4901028501598897,0.6337078651685247,1.2449210684074057,1.930327049890065,1,0.8096824653840644,-0.1467938458322271,31.414888113193346,0,14,0,1,2,69.25,2026,1.7480183840671197,0,0.21681209618328937,1.0173849330579958,0,0.21681209618328937,0.7548791047758795,0,0.21681209618328937,1.0682075534536595,0
2026-03-31 03:45:00,2026-03-31 19:30:00,long,4547.63,4641.757142857143,target,64.88583919768955,10921.869583665612,2.9882074397850844,0.6610208077220707,3.477211674179311,0.8562271973378456,0.9590733590733782,0.8254792150434702,2.169831079542864,5,0.8097911912309658,0.2601988903556673,32.72232948868001,0,4,1,1,3,11.0,2026,3.317215316668939,0,0.49337522196422734,-0.12111278058553594,0,0.49337522196422734,1.0753540044620422,0,0.49337522196422734,1.8300778582160921,0
2026-03-31 20:30:00,2026-04-01 18:00:00,long,4660.4,4774.194285714285,target,65.31814396913953,10987.187727634751,2.990245555890321,0.1202169328110744,3.112985839108169,1.1208093843303029,0.7971398305084698,0.995480566435633,3.826378427237111,9,2.354360621949307,0.4643007472531213,32.72232948868001,0,20,1,1,0,1.0,2026,3.0196595360048253,1,0.1816435673395451,-0.13972582103041192,1,0.1816435673395451,0.14157125640255222,1,0.1816435673395451,0.19034347695089587,0
2026-04-01 18:30:00,2026-04-01 21:30:00,long,4785.53,4747.257142857143,stop,-22.186811095705053,10965.000916539046,-1.0096674256279992,0.4750102646411154,3.154716136015801,1.1830273484827225,0.9209905660377274,0.8862677764921019,1.3084991228397496,14,3.0946234524936878,1.2615079819834565,32.995497197207115,0,18,2,1,0,0.5,2026,0.19073569482289185,0,0.08151991340375163,0.023515359635712666,1,0.29341943189875874,-0.2766973983800551,1,0.29341943189875874,-0.034227912358614374,1
2026-04-02 02:00:00,2026-04-02 04:00:00,long,4791.2,4768.297142857143,stop,-22.28428517107517,10942.71663136797,-1.016155189620764,0.7125748502993938,2.721057884231545,0.7174841734311614,0.982132886655466,1.5639970059881023,1.7543662674650955,16,3.280834392859791,1.4260277340742975,32.41190590349844,0,2,3,1,1,4.5,2026,0.4021332335329388,0,0.1135229540917934,0.1606786427145848,0,0.12705838323352753,-0.0733532934131472,0,0.6999126746506927,0.06156437125747914,0
2026-04-02 22:00:00,2026-04-06 01:00:00,long,4674.52,4647.634285714286,stop,-24.80330225664121,10917.913329111328,-1.1333247077577162,0.1829968119022372,1.952709883103112,0.8154774618011109,0.450443786982275,1.0057385759829771,0.1643995749203028,1,0.8431657490059776,0.610688701956752,32.41190590349844,0,22,3,1,2,18.0,2026,0.1309245483528006,1,0.3845908607864088,-0.34702444208292704,1,0.48650371944743503,-0.3191285866100254,1,0.48650371944743503,-0.01822529224232142,1
2026-04-06 08:00:00,2026-04-06 09:00:00,long,4673.59,4645.715714285714,stop,-22.125672860789265,10895.78765625054,-1.0132738827388272,0.5130176301763341,2.944649446494423,0.8625685658734888,0.8220115850447611,1.3625461254612858,2.280237802377975,1,0.7117482449766888,0.1649531548466809,32.33383362523697,0,8,0,1,3,7.0,2026,0.18188806888067593,0,0.24072365723657044,-0.22816728167283454,1,0.45023575235752405,-0.4294280442804462,1,1.0855883558835522,-0.4563345633456365,1
2026-04-06 10:45:00,2026-04-06 18:15:00,long,4684.69,4656.564285714286,stop,-22.078248311583355,10873.709407938955,-1.0131552214546795,0.4287891101178199,2.512291751320595,0.8754664403790068,0.8538283062644791,1.8388866314506704,3.145164567249053,1,0.7117482449766888,0.1649531548466809,32.33383362523697,0,11,0,1,4,1.75,2026,0.7797135310849347,0,0.1535960991466779,0.17457334416906403,0,0.1535960991466779,0.23679398618450487,0,0.1535960991466779,0.3985676554246252,0
2026-04-08 01:00:00,2026-04-08 02:45:00,long,4732.04,4834.052857142857,target,65.00562318824137,10938.715031127196,2.9891190186110914,0.7804898542200293,3.607780531865744,1.104346210658032,0.3788395904436816,1.8956434062933545,3.763643238247271,11,1.262009817897014,0.2425999744933626,32.08939679346649,0,1,2,1,5,30.75,2026,3.065201865311112,0,0.18821156997016134,0.10351636348360745,0,0.5619879847078009,1.1169180355417534,0,0.5619879847078009,2.5305633743645837,0
2026-04-08 08:15:00,2026-04-08 11:30:00,long,4815.61,4796.274285714286,stop,-22.29606725369289,10916.418963873502,-1.0191355744366326,0.5161433321019374,2.108016254155912,0.6124496165261064,0.9072580645161225,1.0260805319542046,2.213520502401153,13,2.835494977309547,0.6246922414929079,32.08939679346649,0,8,2,1,0,5.5,2026,1.4605097894348404,0,0.09929811599557122,0.3578869597340281,0,0.09929811599557122,0.6159586257850439,0,0.09929811599557122,1.082970077576684,0
2026-04-08 15:00:00,2026-04-08 15:15:00,long,4805.23,4779.494285714285,stop,-22.14672663289785,10894.272237240604,-1.0143769081321274,0.1189009159033948,2.5388842631140958,0.8292147651090312,0.7926960257786899,0.7235081876213921,-0.7709131279489426,14,2.4637086168377698,0.7382216729729718,32.08939679346649,0,15,2,1,1,3.5,2026,0.005051346100476106,1,1.4516791562586708,-0.8148209825145515,1,1.4516791562586708,-0.39245073549817755,1,1.4516791562586708,-0.46744379683596343,1
2026-04-09 13:15:00,2026-04-13 01:00:00,long,4738.16,4715.198571428571,stop,-25.189974445711247,10869.082262794893,-1.1561109313756042,0.4085111677968905,1.907546817644539,0.7558304942077158,0.8980222496909446,1.4093199776022114,1.7298575250419623,20,0.6473263913414647,0.4271342849631931,30.81159282649846,0,13,3,1,2,22.0,2026,2.7450382629253838,0,0.07316617930692468,0.112797859764829,0,0.07316617930692468,0.13021837864741126,0,0.07316617930692468,0.33490947551797057,0
2026-04-14 04:00:00,2026-04-14 08:30:00,long,4775.93,4759.302857142858,stop,-22.2218989196207,10846.860363875272,-1.022252770856595,0.0240570495747933,3.536386287481716,0.670389050331374,0.8930693069307041,1.8223215052840336,4.0319615087207525,6,0.8825734872401446,0.1023835303233466,28.07469430322759,0,4,1,1,3,27.0,2026,0.07277257496348738,1,0.38431136695594564,-0.3380015465246106,1,0.7012629951026668,-0.17862359309220624,1,0.8450038663115539,-0.47693100781856096,1
2026-04-14 09:45:00,2026-04-14 10:15:00,long,4782.04,4768.181428571429,stop,-22.272905726047785,10824.587458149224,-1.026698278527959,0.7691990516441555,2.708792907947717,0.5607978405727888,0.9324804548685262,2.030512318317672,0.9943304813937252,7,0.9097296319017064,0.1656228849219898,28.07469430322759,0,10,1,1,4,1.25,2026,1.0527780641171194,0,0.07287908463046675,0.5743737758993985,1,1.0383465622101125,-0.6782805896299137,1,1.0383465622101125,-0.3449128955777596,0
2026-04-14 16:30:00,2026-04-15 04:15:00,long,4793.11,4864.844285714285,target,64.6125303467373,10889.199988495962,2.98452622774525,0.0460031067032489,2.5293344485602187,0.9813928154761784,0.5509770603228278,1.9689329669016569,1.2312104194048912,9,0.7254280946651626,0.2907535335527011,28.07469430322759,0,16,1,1,5,6.25,2026,3.286294658860074,0,0.16770223443658228,0.06398613932372194,0,0.16770223443658228,0.07862349145657041,0,0.16770223443658228,0.23336121400405943,0
2026-04-15 14:45:00,2026-04-15 18:30:00,long,4812.64,4792.042857142857,stop,-22.169619674178836,10867.030368821785,-1.0179636565404353,0.3874323761964874,2.170203911776888,0.9548534076835976,0.78308823529415,1.0564572062699489,0.1427382438618638,14,1.1699172460113216,0.5850552202126158,26.84651491857732,1,15,2,1,0,10.5,2026,0.8748786239422697,0,0.2747953946456185,0.05583298654457926,0,0.2747953946456185,0.006311555000698864,0,0.2747953946456185,-0.05049244000554675,0
2026-04-16 07:30:00,2026-04-16 09:15:00,long,4830.5,4816.732857142857,stop,-22.318176305875344,10844.712192515908,-1.0268755836878694,0.0610148386427412,2.559717754487874,0.6902314499253375,0.8588770864946479,0.9573518729895328,-0.305074193213706,18,1.2371470420487634,0.4159261773118317,25.502673015473427,1,7,3,1,1,13.0,2026,0.5709245615855272,0,0.06682577565632931,0.18812908581509669,0,0.06682577565632931,0.2861886479194456,1,0.42855660475248636,-0.3827954757704965,0
2026-04-16 14:45:00,2026-04-16 16:45:00,long,4822.15,4809.478571428571,stop,-22.32274579604977,10822.38944671986,-1.029199549041745,0.2399098083426566,2.440135287485943,0.651274663341347,0.950399999999936,0.9864712514092568,0.1767756482525215,20,0.7121332362788473,0.367501820286531,25.502673015473427,1,15,3,1,2,5.5,2026,0.14678692220974335,1,0.8325817361893553,-0.38117249154453103,1,0.8325817361893553,-0.5674182638105729,1,0.8325817361893553,-0.4711386696730093,1
2026-04-17 15:45:00,2026-04-17 23:45:00,long,4846.42,4827.721428571429,stop,-22.07307729159045,10800.316369428268,-1.019787607915022,2.2793185117274417,4.58002903201157,1.008126668585773,0.9507123604158748,2.777752311100945,5.398273359309357,27,1.1724434675505662,0.1613157003950371,24.351811742328024,1,16,4,1,3,23.0,2026,2.4183665673466344,0,0.6155550462220286,1.9675299870119878,0,0.6155550462220286,0.285048514019401,0,0.6155550462220286,1.8145771258308612,0
2026-04-21 19:45:00,2026-04-22 03:00:00,short,4710.97,4743.995714285715,stop,-21.842633079688955,10778.47373634858,-1.0112033912968248,0.5232286529976262,3.695907950514771,1.7956239530446254,0.813605442176833,0.8902154165585653,4.106497101825365,4,1.7033650483848992,0.1034842465074015,21.657832013177305,0,20,1,0,4,92.0,2026,1.2886927934942523,0,0.24708019724889127,0.13867981659312797,0,0.24708019724889127,0.3288346742797979,0,0.3388268881390985,-0.007872653343693884,0
2026-04-22 11:00:00,2026-04-23 03:00:00,short,4757.97,4718.755714285714,target,64.06065122733384,10842.534387575914,2.9716939890710186,0.1300546448086571,2.0640437158470597,0.7044482087014572,0.951327433628267,0.691584699453605,-0.0856830601093491,7,0.5705850783770813,0.3565115803138785,21.083884841024847,1,11,2,0,5,8.0,2026,4.541202185792304,0,0.1491803278688356,0.2784699453552108,0,0.1491803278688356,0.1445901639344484,1,0.2914754098360208,-0.210382513661198,0
2026-04-23 12:00:00,2026-04-23 14:45:00,short,4696.96,4714.655714285715,stop,-22.138482258058765,10820.395905317857,-1.0209090175183806,0.5165092435617662,2.646968596108834,0.9557169806225604,0.7441601779755019,1.0160652296762498,1.2082021474125657,14,1.256930778749055,0.3703139348395168,20.55093389545471,1,12,3,0,0,9.0,2026,0.7222087672559804,0,0.34528134334381,-0.2237829983046765,0,0.3458464519253998,-0.2243481068862663,0,0.3458464519253998,0.447565996609353,0
2026-04-23 20:30:00,2026-04-23 20:45:00,short,4677.33,4703.358571428571,stop,-21.94841887314673,10798.447486444707,-1.0142151481887935,2.088474204171275,2.806915477497253,1.3744414799196714,0.9009318293281025,3.133479692645444,4.4005488474204775,16,0.5535151024570656,0.3236885279373158,20.55093389545471,1,20,3,0,1,5.75,2026,0.5036772777167852,1,1.2901207464324966,-1.2294182217343652,1,1.7254116355653175,-1.4003841931942935,1,1.7254116355653175,-1.30318331503843,0
2026-04-24 05:15:00,2026-04-24 14:00:00,short,4683.69,4703.025714285714,stop,-22.01016396424328,10776.437322480464,-1.0191355744366326,0.672330993719988,2.16076837827858,1.0135378630525718,0.886509635974353,1.449131880310241,0.925748060583751,18,1.0015016596341195,0.4016757790638481,20.44277270149474,1,5,4,0,2,8.5,2026,1.350350942002205,0,0.3728851126708567,0.018101219061663763,0,0.3728851126708567,0.3589213151089575,0,0.3728851126708567,0.48097524935349223,0
2026-04-27 01:00:00,2026-04-27 04:00:00,short,4685.28,4700.165714285714,stop,-22.08859388997445,10754.34872859049,-1.0248560460652414,2.654894433781201,2.828214971209218,0.7773456945638844,0.7937819756001648,3.414011516314736,5.724952015355125,23,0.5872619982834449,0.3645891894875186,20.392397496527057,1,1,0,0,3,59.0,2026,0.8807101727446935,0,0.22370441458732562,-0.10479846449138892,0,0.22370441458732562,0.056429942418435484,0,0.22370441458732562,0.11084452975045464,0
2026-04-27 12:00:00,2026-04-27 18:00:00,short,4705.12,4670.34142857143,target,63.839616383691336,10818.188344974182,2.968083795440508,0.0379544054221028,2.23240911891558,0.635457490402946,0.5415224913495237,0.997165742452232,2.297966728280973,26,0.5484866122577635,0.2211044087020108,20.392397496527057,1,12,0,0,4,8.0,2026,3.277017868145479,0,0.1337030191004506,0.23203943314846218,0,0.1337030191004506,0.0396796056685193,0,0.15009242144175972,0.2751694393098928,0
2026-04-28 04:45:00,2026-04-28 08:30:00,short,4670.61,4636.427142857143,target,64.2065446181522,10882.394889592331,2.9675275827482106,2.318706118355065,3.075225677031161,0.6464124722379733,0.917070543887996,3.2595285857573715,2.2239217652958945,30,0.6681735435714081,0.274917618590087,20.34562052048564,1,5,1,0,0,10.75,2026,4.057296890671966,0,0.6310180541625304,-0.5932798395185732,0,0.7960130391174042,-0.42652958876634883,0,0.7960130391174042,0.13427783350047878,0
2026-04-28 11:00:00,2026-04-29 16:15:00,short,4620.28,4539.597142857143,target,64.6152526347335,10947.010142227067,2.9687974609582493,0.0237968766599844,2.8236481461807754,1.5071435409587317,0.7041954328199824,1.400297460958249,3.678104748751743,31,1.0883013497579914,0.3353821484070707,20.34562052048564,1,11,1,0,0,2.5,2026,3.1898969510251884,1,0.2573037288855874,-0.2547009455009175,1,0.5640603420801068,-0.2937426962711358,1,0.5640603420801068,-0.19223414426856816,0
2026-04-29 16:30:00,2026-04-29 17:15:00,short,4514.76,4535.82,stop,-22.27867306248084,10924.731469164586,-1.017568850902172,1.873694207027521,3.5783475783476484,1.188798864853783,0.951886066204772,2.467236467236455,4.190883190883251,39,2.64100200017228,0.8523710174020427,21.135071954371146,1,16,2,0,0,0.25,2026,0.21462488129157123,0,0.7231718898385444,-0.33333333333331483,0,0.7231718898385444,-0.5432098765431973,1,1.339981006647658,-1.1419753086419975,1
2026-04-29 21:00:00,2026-04-29 22:15:00,short,4525.56,4549.452857142857,stop,-22.18781934496745,10902.54364981962,-1.0154857997010407,1.2229596412555843,2.075097159940217,1.313244251489215,0.9891852919971096,2.322032884902834,0.0535724962630307,40,2.45984136046682,0.863050370942342,21.135071954371146,1,21,2,0,1,3.75,2026,0.3059491778774474,0,0.5939013452914662,-0.310553064275004,0,0.6324065769805577,0.21219730941706738,1,0.9730941704035927,-0.9287294469357132,0
2026-04-30 06:45:00,2026-04-30 09:30:00,short,4556.14,4572.05,stop,-22.312182353119045,10880.2314674665,-1.0232558139534802,0.1847894406033119,3.123821495914568,0.8645061129439184,0.9328743545610498,0.7303582652420372,0.700188560653641,42,1.6367895811443989,0.8653749451696391,22.15372208423105,1,7,3,0,2,8.5,2026,0.9591451917033459,0,0.026398491514775184,0.04965430546825672,0,0.056568196103057015,0.5562539283469751,0,0.056568196103057015,0.8793211816468074,0
2026-05-01 12:45:00,2026-05-01 14:45:00,short,4562.67,4578.515714285714,stop,-22.268573275732468,10857.962894190769,-1.02335016227912,0.2120447169131288,4.263613415073928,0.911162292568768,0.7675521821632043,1.330328164442847,5.331410025243431,5,1.2961390370495185,0.1960909820317602,22.627160015363668,1,13,4,0,3,27.25,2026,0.08077893977639997,1,0.33573746844571084,-0.24990984493328944,1,0.6310854670032503,-0.5976379372520941,1,0.8462856112513495,-0.26063829787234927,1
2026-05-04 13:00:00,2026-05-04 13:30:00,short,4541.88,4561.074285714286,stop,-22.134534360813124,10835.828359829957,-1.0192765704078597,3.1509377791008863,1.945370646025602,1.0793783091031937,0.8823989569752235,3.995980946710351,5.79860077403983,4,0.9479312776588068,0.1570238546608648,22.89183745205477,1,13,0,0,4,70.25,2026,0.8294135159273596,0,0.1708841917237133,-0.15890145876749912,0,1.1576362012503805,-0.877344447752311,0,1.508782375707051,-1.2238017267043597,0
2026-05-04 18:00:00,2026-05-05 16:00:00,short,4548.54,4575.137142857143,stop,-21.97313695869686,10813.855222871258,-1.0139112686647282,0.3639488666881598,2.247609839939853,1.4537695826356705,0.9843049327354404,1.341497475561287,1.2655494682565125,5,1.058542738039671,0.1782964834866063,22.89183745205477,1,18,0,0,5,4.5,2026,1.7986894403265594,0,0.26732194650336977,0.39891502846705995,0,0.26732194650336977,0.509829197550769,0,0.26732194650336977,1.4633150714362377,0
2026-05-05 19:15:00,2026-05-06 02:00:00,short,4559.69,4579.784285714285,stop,-22.02594569424553,10791.829277177012,-1.0184131949381356,0.2657471918100459,2.4176027299872023,1.0620240759936883,0.6522167487685167,1.010237452011999,1.4143324328167264,11,0.5814558632331054,0.5598822713826501,23.576089500992737,1,19,1,0,6,3.25,2026,0.6668562491113149,0,0.02139911844164681,0.14979382909139188,0,0.16074221527088964,-0.07962462675958025,0,0.16074221527088964,0.05175600739371359,0
2026-05-06 03:45:00,2026-05-06 11:45:00,long,4618.74,4684.071428571429,target,64.3842630177215,10856.213540194734,2.983009708737882,0.7282865389660871,5.925478876935173,1.2039754726723382,0.8985365853658572,0.9413539753345492,5.846496982419245,1,0.6398597153521969,-0.2282831838796406,24.21146640357799,0,4,2,1,7,1.75,2026,3.864602466544172,0,0.42246129624769174,-0.3297034898976332,0,0.42246129624769174,0.2860797690894969,0,0.42246129624769174,0.337509839937038,0
2026-05-06 13:30:00,2026-05-06 14:45:00,long,4714.1,4691.632857142858,stop,-22.069998048394737,10834.14354214634,-1.0164684936732946,0.4958351878934853,3.2856870350352674,1.2173719527239857,0.8303186907838587,1.0335092516054871,4.445603102944014,3,2.1328337667534494,0.1508895168258028,24.21146640357799,0,13,2,1,0,1.75,2026,0.3970242258536296,0,0.2968779805430176,0.17625739174667882,0,0.2968779805430176,-0.08857379029697209,1,0.7299548547084853,-0.6453869142239442,0
2026-05-06 22:00:00,2026-05-07 09:30:00,long,4695.3,4733.022857142857,target,64.36726907441475,10898.510811220754,2.970574869347865,0.5121563281072916,2.0899795501023126,0.66494592246578,0.947046843177236,1.5619177459667877,-0.2051806407634581,5,1.5545000902558153,0.4595187386754684,24.21146640357799,0,22,2,1,1,7.25,2026,4.364462622131366,0,0.029425130652115994,0.2505112474437352,0,0.11372415360147797,0.012724380822528827,0,0.23142467620994195,0.29743240172686447,0
2026-05-07 14:45:00,2026-05-07 19:00:00,long,4742.78,4725.325714285714,stop,-22.259079946243627,10876.251731274511,-1.0211982321165565,0.3311507611719713,1.6053363889343686,0.9468946005288482,0.9066390041493242,1.1045997708299498,-0.0401047634637833,9,2.0930558729658526,0.6964138334410119,23.08610006922377,0,15,3,1,0,5.25,2026,1.2610083483385173,0,0.18906531347193525,0.0807824521198141,1,0.5545915861842774,-0.27901456866916763,1,0.5545915861842774,0.41938124079230504,0
2026-05-08 04:00:00,2026-05-11 01:00:00,long,4714.08,4692.005714285714,stop,-24.228890556518905,10852.022840717991,-1.113843774268715,0.4194926223142747,2.51333160755888,1.1745064378090129,0.7246984792868337,1.727802226249008,0.2274139269997616,13,1.0802319562190763,0.6570609339100919,21.604002815354608,0,4,4,1,1,9.0,2026,1.6005047890240762,0,0.13273362671500194,-0.06749935283457484,0,0.40726119596167915,-0.15176028993012308,0,0.40726119596167915,0.45392182241783113,0
2026-05-11 15:45:00,2026-05-12 02:30:00,long,4699.91,4756.374285714285,target,64.68546927721134,10916.708309995203,2.9803415559772084,0.1551423149905162,4.052827324478116,0.978008722278928,0.9149223497636608,1.5737381404174997,3.4386337760910464,1,0.596463277540686,0.1964361151948424,20.294907577132328,0,16,0,1,2,14.75,2026,3.1554459203036225,0,0.062163187855791335,1.126907020872867,0,0.062163187855791335,1.5168880455408065,0,0.062163187855791335,1.9148387096774173,0
2026-05-12 02:45:00,2026-05-12 03:15:00,long,4767.42,4753.192857142857,stop,-22.40123014590501,10894.3070798493,-1.0260066271714303,1.1414800682799515,3.812430966964603,0.7626501307107464,0.8430273300630795,2.006024701275196,5.985741540315383,3,1.1972555972874768,0.2061463294543708,19.38043046447803,1,3,1,1,0,0.25,2026,0.42383773471230973,0,0.6241590521136842,-0.032332563510395707,0,1.000200823375891,-0.3570639622452062,1,1.321417813033472,-1.2687016768752224,0
2026-05-15 03:15:00,2026-05-15 08:30:00,short,4630.03,4574.637142857143,target,64.92922730947367,10959.236307158775,2.9799613152804496,1.351798839458465,2.471798839458382,1.014207072835566,0.974552957359017,3.1498646034816167,3.609129593810512,2,0.8537864993676086,0.0267000113749582,16.487701736521664,1,3,4,0,1,72.0,2026,3.593423597678887,0,0.029245647969050253,0.6125338491295662,0,0.029245647969050253,-0.005415860735029374,0,0.08665377176017444,1.1384139264990072,0
2026-05-15 08:45:00,2026-05-15 10:00:00,short,4559.0,4583.055714285714,stop,-22.25559978381136,10936.980707374963,-1.0153809608646538,0.3890967397114077,4.817150662153292,1.3194769577354457,0.8819530284301718,1.3452105231902347,4.547775996199275,4,1.6250050226917876,0.2527008925503948,16.487701736521664,1,9,4,0,0,0.25,2026,0.10974523427758331,1,0.597363263851767,-0.4980105706989535,1,0.8043826830572022,-0.6680325435001944,1,0.9012411663400542,-0.44438505849514254,1
2026-05-15 12:00:00,2026-05-18 15:45:00,short,4547.28,4573.254285714286,stop,-23.37087207408531,10913.609835300878,-1.0684334506655018,0.2155978440215698,2.979870201297918,1.411944228643046,0.9146814404432162,1.389836101638972,3.456495435045611,5,2.598353153566588,0.4276360957380709,16.487701736521664,1,12,4,0,1,2.0,2026,2.576009239907548,1,0.279507204927954,-0.2360026399736001,1,0.3203167968320496,0.14167858321414142,1,0.5921240787592057,-0.5270597294027158,0
2026-05-19 03:45:00,2026-05-19 16:00:00,short,4563.32,4516.074285714285,target,64.96884606780274,10978.57868136868,2.976505805515248,0.6121190130624841,2.7088171262699303,0.7918927489596512,0.8203753351206988,1.421081277213293,-0.5981494920174174,15,1.0925031032483752,0.5882555287819335,18.002507064565567,1,4,1,0,2,12.0,2026,3.074564586357025,0,0.38352685050797786,-0.15112481857765475,0,0.38352685050797786,0.25843613933234566,1,0.5702104499274575,-0.03936865021769965,0
2026-05-19 16:15:00,2026-05-20 17:30:00,short,4491.94,4517.854285714286,stop,-22.66818555572852,10955.910495812952,-1.0323825248070506,1.771995589856641,2.5484013230429863,1.2798099804365877,0.9777015437392872,2.6996692392502637,3.754685777287736,18,1.3835176234432418,0.5382080025037705,18.002507064565567,1,16,1,0,0,0.25,2026,1.483351708930498,0,0.1404630650496242,0.610474090407916,0,0.7443770672546709,-0.46615214994489707,0,0.8562844542447671,0.07486218302093138,0
2026-05-22 13:30:00,2026-05-22 15:00:00,short,4512.52,4529.214285714286,stop,-22.397458646668607,10933.513037166284,-1.0221632722916227,0.2767413999657064,2.6332363511894803,0.8004686410764558,0.985595147839234,1.5801814136574084,1.685606708882367,35,0.5260236654665116,0.2324913998098643,20.46017552200764,1,13,4,0,1,44.0,2026,0.14196474413833124,0,0.15933595755603921,-0.13357864110899148,1,0.2863255177134844,-0.20426150949853392,1,0.6337497860687877,-0.5522847852130292,1
2026-05-22 22:00:00,2026-05-25 01:00:00,short,4507.33,4521.648571428571,stop,-23.865095856419643,10909.647941309864,-1.0913736406265322,0.6313478998304539,2.241843759353395,0.7061359785545411,0.96158192090394,1.236156839269736,0.5279856330439655,37,0.6142973624529173,0.1780635913880002,20.46017552200764,1,22,4,0,2,7.0,2026,0.2570088795769944,0,0.12431407762145338,0.014666267584558128,0,0.24862815524297027,-0.16272573081911168,0,0.24862815524297027,-0.04958595230969048,0
2026-05-25 23:00:00,2026-05-26 01:00:00,long,4574.82,4569.125714285714,stop,-23.237057456529072,10886.410883853336,-1.0649774209734544,1.1520321123933233,2.883592574009134,0.3195670691987672,1.0,1.8544907175112575,1.478675363773265,5,0.5630477520576574,0.1141066138737434,21.00112721570613,0,23,0,1,3,22.0,2026,0.0017561465128331693,0,0.6111389864525264,-0.393376818866005,1,0.6251881585548723,-0.6234320120420391,1,1.3048168590064548,-0.24410436527838003,1
2026-05-26 18:15:00,2026-05-27 01:00:00,short,4506.17,4526.722857142857,stop,-22.16478401402836,10864.246099839307,-1.0180023632445767,0.1722388267185194,2.290679085285325,1.2012313309970022,0.7925531914893609,0.5488288037812236,1.715576562174197,3,0.535361790295515,0.0319395340460104,20.922138684420297,1,18,1,0,4,17.25,2026,1.149718495864328,1,0.1386668520192018,-0.10460832696182293,1,0.22478626537846152,-0.013136859664952323,1,0.22478626537846152,-0.09098491693889793,0
2026-05-27 05:00:00,2026-05-27 13:45:00,short,4504.2,4454.811428571428,target,64.69713231929627,10928.943232158605,2.9775251648732994,0.318292259632057,2.587643179451586,0.9996512121732438,0.7085492227979371,0.9378687955571235,0.0692467893093423,6,0.5108679827750918,0.2463762329320107,21.382747546827755,1,5,2,0,5,4.0,2026,3.7338597709128702,0,0.097188476223555,-0.07896563693163154,0,0.1141964595626578,0.2569420340159386,1,0.37903505727176506,-0.3055362721277161,0
2026-05-27 14:15:00,2026-05-27 15:15:00,short,4440.92,4460.150000000001,stop,-22.27844902239328,10906.66478313621,-1.0192407696307983,0.188247529901141,5.820072802912056,1.189851217035602,0.9143780290791284,1.2875715028601111,4.708268330733128,8,0.8009354369674017,0.2728533632194607,21.382747546827755,1,14,2,0,0,0.5,2026,0.8237129485179391,1,0.17628705148207435,-0.11856474258968903,1,0.20124804992198897,0.6323452938117379,1,1.3270930837233097,-0.720228809152377,0
2026-05-27 16:00:00,2026-05-27 17:00:00,short,4416.7,4447.542857142857,stop,-22.075008693538216,10884.589774442671,-1.011996294580833,0.5433997220935652,3.3829550717924786,1.898586338026866,0.8012221423436447,1.803983325613679,4.867253358036121,9,2.0017801326221645,0.3710709553213509,21.382747546827755,1,16,2,0,1,0.75,2026,0.49314497452524103,0,0.15173691523854477,0.3858267716535289,0,0.29115331171840153,-0.08559518295508182,1,1.2583140342751318,-1.0135247799907368,0
2026-05-28 02:45:00,2026-05-28 04:45:00,short,4447.1,4411.507142857144,target,64.62864430551727,10949.218418748187,2.968813967489486,0.3540036122816729,3.054545454545496,0.7345091424867258,0.5150645624102688,1.174954846477938,1.228898254063835,11,1.4058815795467998,0.4690431724487576,22.53483245109179,1,3,3,0,2,9.75,2026,3.378205900060265,0,0.4551475015050957,0.20818783865144036,0,0.5714629741119704,0.06658639373870986,1,0.9043949428055198,-0.8420228777844654,0
2026-05-28 05:00:00,2026-05-28 15:45:00,short,4402.59,4423.488571428571,stop,-22.2861390140573,10926.932279734132,-1.0177045594367296,0.4239524232688854,4.944835600519529,1.2913120667149716,0.6263803680981548,1.559915236858342,5.296055779615945,12,1.2881491861101366,0.5214051378190754,22.53483245109179,1,5,3,0,0,0.25,2026,1.7273907990977326,0,0.27705243010459024,-0.17178207669698198,0,0.37562376102260725,0.023446578713504248,0,0.37562376102260725,0.401462847768155,0
2026-05-29 17:00:00,2026-06-01 01:00:00,long,4543.97,4523.244285714286,stop,-24.503674257611664,10902.42860547652,-1.1212513096222771,0.313620071684588,2.70002757099536,1.2398487720069746,0.5014261266400508,1.6916184174248454,1.4918665563826896,6,0.5325770713842202,0.1204313342421325,23.87678662818873,0,17,4,1,1,25.25,2026,2.4785635511441924,1,0.8617314585056806,-0.6788668320926687,1,0.8930934656741218,-0.17176730079957825,1,0.8930934656741218,2.2257375241246273,0
2026-06-03 07:45:00,2026-06-03 16:30:00,short,4469.44,4429.775714285714,target,64.80436547212082,10967.23297094864,2.97201512695842,0.2193408968126433,2.6094003241491035,0.7472814659258932,0.805996472663238,0.8576985413290206,2.535278227984901,4,0.6960049296911223,0.0689754012408672,24.442780559853148,1,8,2,0,2,54.75,2026,3.183468395461848,1,0.316909778498147,-0.30329551593734705,1,0.36077795786064815,0.06126418152346216,1,0.36077795786064815,0.9356023770934528,0
2026-06-03 23:30:00,2026-06-04 01:45:00,short,4433.22,4443.892857142857,stop,-22.69487641960409,10944.538094529036,-1.0346673805380568,0.3447998929193234,3.2231294338107777,0.6099654150861399,0.840314136125628,1.4316691205997476,1.0868692276804242,7,1.1096106498469005,0.3039538196520919,24.442780559853148,1,23,2,0,0,7.0,2026,0.8835497256057236,0,0.14616517199834955,-0.08245214830679844,0,0.8470084326060937,0.12274126622946085,1,0.8470084326060937,-0.34479989291923824,0
2026-06-05 04:30:00,2026-06-05 10:15:00,short,4446.03,4465.067142857142,stop,-22.31450548014063,10922.223589048896,-1.0194356896292966,0.3487918355096018,2.590724898694315,1.1400281135928716,0.9500000000000444,1.5128320576316878,3.0340687378058617,3,0.510027782610934,0.05874343387684,25.291465703390173,1,4,4,0,1,26.75,2026,0.9155785682125016,0,0.257391565360982,-0.04254840162091331,1,0.257391565360982,-0.18069938466159402,1,0.47276001800991435,0.16283956175894185,0
2026-06-05 15:45:00,2026-06-05 18:30:00,short,4406.12,4341.92,target,65.15565716719557,10987.37924621609,2.9827102803738383,3.138317757009354,3.381308411214997,1.2590468162508506,0.9706347413598336,4.137383177570155,5.298130841121568,6,1.543186764932492,0.2350717355502296,25.291465703390173,1,16,4,0,2,5.5,2026,3.300467289719647,0,0.6742990654205776,-0.5766355140187012,0,0.6962616822430195,0.05140186915885325,0,0.6962616822430195,1.8789719626168333,0
2026-06-05 18:45:00,2026-06-10 02:45:00,short,4335.47,4212.221428571427,target,64.72255159918119,11052.101797815272,2.945313443215805,0.0009736421169531,4.163780513248468,2.3576290011541023,0.817490494296521,0.3841018151471007,6.560887405243653,6,1.543186764932492,0.2350717355502296,25.291465703390173,1,19,4,0,0,0.25,2026,3.043848668196642,0,0.08835802211558678,0.045030947910155036,0,0.08835802211558678,0.14069128590306726,1,0.23075318172333303,-0.22101676055358055,0
2026-06-10 03:30:00,2026-06-10 15:00:00,short,4204.35,4142.524285714286,target,65.91575866355387,11118.017556478826,2.9820463052821222,0.5890752807430699,4.641757937058046,1.0800027887220305,0.7325408618127583,1.9593788992097945,4.524331068903323,20,2.726659828364618,0.8283799055595176,29.288953659172996,1,3,2,0,0,0.75,2026,3.382087896852913,1,0.8006377374185436,-0.6749618743934439,1,0.8006377374185436,0.04464161929849202,1,0.8006377374185436,0.8307223069458246,0
2026-06-10 17:45:00,2026-06-11 20:30:00,short,4124.82,4164.23,stop,-22.709514270169983,11095.308042208657,-1.0212933265668582,0.2907891398122545,2.831768586653144,1.932785939128839,0.7956225968648396,1.7158081705151187,2.529307282415639,24,4.405013396138253,1.4642869693556326,29.288953659172996,1,18,2,0,0,2.75,2026,2.562293834052261,0,0.294341537680801,0.03197158081703398,0,0.30956609997464435,-0.07663029687897584,0,0.30956609997464435,-0.09972088302462047,0
2026-06-12 03:30:00,2026-06-12 18:15:00,short,4203.91,4231.972857142857,stop,-22.483192421510577,11072.824849787146,-1.013184687436358,0.1033394420688118,2.941967012828384,1.2034070190064174,0.9529865125240764,1.8494196701283303,0.4482793728364858,32,0.5750774145834825,1.484810334211828,33.75522709711781,1,3,4,0,1,7.0,2026,1.1983811850946862,1,0.1550091631032502,-0.1535837914885091,1,0.2526471187130976,0.5986560781918192,1,0.2526471187130976,0.8694766849928579,0
2026-06-15 04:30:00,2026-06-17 20:30:00,long,4317.8,4380.902857142857,target,63.79115159630416,11136.61600138345,2.880527438196154,0.917549578918831,2.578647106764476,0.8610230496466788,0.8993471164309285,1.747622928551961,9.916191252377144,1,1.4257808231841902,-0.0799705819095164,35.388921942787995,0,4,0,1,2,58.25,2026,3.0726025536539274,0,0.23770714479761118,-0.04563977180114308,0,0.23770714479761118,0.41551208910621396,0,0.23770714479761118,0.5847595762021321,0
2026-06-18 11:45:00,2026-06-18 22:00:00,short,4266.7,4206.442857142857,target,66.40939962930207,11203.025401012752,2.981578947368408,1.4378378378378849,2.817923186344159,0.986016962215105,0.9318040917545252,1.6061166429586642,4.9119487908961394,1,0.7075010067197557,-0.0884950343329249,35.192492340748444,1,12,3,0,0,15.25,2026,3.1231152204836117,0,0.13243243243242483,-0.05128022759600426,0,0.3246088193456823,0.020412517780931536,0,0.3310810810811074,-0.09359886201991983,0
2026-06-19 02:00:00,2026-06-19 06:45:00,short,4195.76,4149.530000000001,target,66.68017454775345,11269.705575560503,2.9759896171317064,0.7475665152498668,2.345230369889647,0.7784194916375407,0.8856534090908672,1.8273848150551515,4.231018818948668,4,1.785959288998356,0.3114572602153975,35.605871503385764,1,2,4,0,0,4.0,2026,3.263465282284232,0,0.23880597014921384,-0.09798831927321348,0,0.23880597014921384,0.10123296560677494,0,0.23880597014921384,0.6632057105775643,0
2026-06-19 07:00:00,2026-06-19 10:45:00,short,4145.4,4161.924285714285,stop,-23.044097542418697,11246.661478018086,-1.0223912855537305,0.0084723783177025,5.494942508861369,0.8753050946270252,0.813502109704644,1.4342526151984525,4.858303795279712,5,2.0849911507409646,0.4687337486674048,35.605871503385764,1,7,4,0,0,0.25,2026,1.430016426039546,1,0.26566957724563217,-0.07262038557971028,1,0.26566957724563217,0.6063802195901845,1,0.26566957724563217,0.9071496498659843,0
2026-06-19 13:30:00,2026-06-19 15:45:00,short,4151.26,4167.12,stop,-23.01807260885632,11223.64340540923,-1.0233291298864906,0.187894073139948,3.253467843631815,0.8556098903401388,0.7984031936127397,0.6317780580075965,-1.9205548549811524,7,2.215739084117415,0.8240981842735695,35.605871503385764,1,13,4,0,1,2.75,2026,0.5901639344262687,0,0.21248423707439504,0.09520807061792086,0,0.21248423707439504,0.28373266078184234,0,0.21248423707439504,0.08007566204290302,0
2026-06-22 06:45:00,2026-06-22 08:30:00,short,4171.5,4194.217142857143,stop,-22.81289159537399,11200.830513813857,-1.0162872594642187,0.1989686831845249,3.627216702301592,1.2648806120774916,0.9043478260869044,0.7087158847943836,-2.748585083637309,11,0.9532044431690035,0.860161203212606,36.443078997451344,1,7,0,0,2,63.0,2026,0.036096088542309016,1,0.3032951829958649,-0.21173437303485662,1,0.32310401207396033,-0.21525594264873849,1,0.4696893472519226,-0.45252169538421855,1
2026-06-22 15:45:00,2026-06-22 17:00:00,short,4193.37,4207.151428571428,stop,-23.00309465529946,11177.827419158555,-1.026847724681219,1.092774955944793,2.0650979579144018,0.7946112993103674,0.9108832807570912,1.840157561936356,0.580491344459405,14,0.9171474902319215,0.5716677079795396,36.443078997451344,1,16,0,0,3,7.25,2026,0.7546387477972001,0,0.2655747900901672,-0.06893334715454115,0,0.2655747900901672,0.46802114647038207,0,0.8961335130092328,-0.4723748315538566,0
2026-06-22 18:30:00,2026-06-23 09:00:00,short,4180.94,4113.1957142857145,target,66.7006638504909,11244.528083009049,2.9836148541785232,0.1797937622572871,2.4595432403365365,1.2955528633740558,0.9390609390609732,0.8865692414753218,2.2744353767318706,14,0.9171474902319215,0.5716677079795396,36.443078997451344,1,18,0,0,4,1.5,2026,3.086607199342079,0,0.18289365470994484,-0.08635414689697726,0,0.18289365470994484,0.14569494527740823,0,0.2355918264060518,-0.042512810780036096,0
2026-06-23 10:30:00,2026-06-23 13:00:00,short,4104.94,4130.774285714286,stop,-22.811145612324488,11221.716937396724,-1.0143220526432355,0.3948241539482694,2.1227604512276086,1.4642309823564998,0.9250960307298866,1.209245742092448,2.6259677062596807,18,2.415989884069649,0.4577983235644955,37.10920150167736,1,10,1,0,0,1.5,2026,0.543463835434619,0,0.12309223623093353,0.23805573988054313,0,0.12309223623093353,0.4223070117230466,0,0.23070117230701295,-0.17728378677287013,0
2026-06-23 21:00:00,2026-06-24 04:00:00,short,4124.31,4075.5171428571434,target,66.81973075274497,11288.536668149469,2.977250768555128,0.2877470355730253,2.1162933684672622,0.888303131005215,0.9519774011299224,0.8706192358366084,1.639174352217803,21,1.5807869539481518,0.6974138689508913,37.10920150167736,1,21,1,0,1,8.0,2026,3.4296003513394555,0,0.07747035573118193,0.20105401844534737,0,0.07747035573118193,0.5097057531840061,0,0.10513833992094967,0.18383838383842427,0
2026-06-24 05:30:00,2026-06-24 08:30:00,short,4057.29,4085.7114285714288,stop,-22.87098949584176,11265.665678653626,-1.0130183463181772,0.7909525006283141,3.059663231967828,1.5417587926312135,0.7930052867019066,1.7303845187233051,3.303141492837364,23,2.2039029103838192,0.872147288112135,37.98315568511784,1,5,2,0,0,1.5,2026,0.24031163608946682,0,0.4289017341040476,-0.1354611711485264,0,0.4289017341040476,-0.013722040713742674,0,0.43840160844433346,-0.3940688615229888,1
2026-06-24 12:15:00,2026-06-24 15:15:00,short,4069.36,4011.9057142857146,target,67.15869533840359,11332.824373992027,2.9806802924063787,0.0605698940772712,2.574220498284361,1.004769739487311,0.910112359550557,1.115321497836773,0.4292108011337866,25,2.3737529352441022,0.8872150006115853,37.98315568511784,1,12,2,0,1,3.75,2026,3.2942712218409755,0,0.15403550648962208,0.05273758018798695,0,0.15403550648962208,0.24854542742056945,0,0.15403550648962208,0.4474862002088704,0
2026-06-24 15:45:00,2026-06-24 16:30:00,short,3987.82,4014.848571428572,stop,-22.97592374934393,11309.848450242684,-1.0136892177589871,1.3652219873149984,4.48562367864693,1.4041615231045892,0.9959959959959844,2.217653276955624,6.545665961945041,26,4.345007700313812,1.0237570004718588,37.98315568511784,1,16,2,0,0,0.5,2026,0.8620507399577242,0,0.28488372093022607,0.596035940803388,0,0.28488372093022607,0.45729386892178103,1,2.0052854122621517,-1.871353065539111,0
2026-06-24 20:15:00,2026-06-25 15:45:00,short,3990.56,4019.1842857142856,stop,-22.912081064642862,11286.936369178042,-1.012926086739527,0.3465588660977211,1.8774267604930768,1.4142957725353322,0.9675174013921142,1.2045715426460872,-1.0550481609023226,27,3.605206318484416,1.1547443359284593,37.98315568511784,1,20,2,0,1,3.75,2026,1.0959225432948987,0,0.017817038478821788,0.21415381544143677,0,0.017817038478821788,0.6218495782801711,0,0.06288366521935046,0.01502220891350426,0
2026-06-26 02:45:00,2026-06-26 09:45:00,short,4014.51,4030.6357142857146,stop,-23.09182392893308,11263.844545249109,-1.0229447200566928,0.6647767540750774,2.067505315379154,0.7910178918628099,0.8336177474402534,1.4535790219702525,2.5152374202692585,34,1.7681993461513092,1.0531729258450806,40.73541547612941,1,3,4,0,2,11.0,2026,1.9509213323883619,0,0.32866761162294256,-0.31688518781004066,0,0.5519135364989094,-0.058291991495368,1,0.6114457831325043,-0.3571934798015413,0
2026-06-26 15:30:00,2026-06-26 15:45:00,short,4040.32,4058.4628571428575,stop,-22.987112041241605,11240.857433207868,-1.0203937007874084,0.1896062992125757,1.505826771653522,0.8876781362952914,0.670141474311229,1.4804724409449088,-0.5070866141732667,37,1.310319454737686,0.7405262290597459,40.73541547612941,1,15,4,0,3,5.75,2026,0.05677165354331792,1,1.1734645669291277,-1.0318110236220326,1,1.418740157480298,-0.5671653543307047,1,1.418740157480298,-1.2125984251968462,1
2026-06-29 07:45:00,2026-06-30 03:30:00,short,4052.25,3999.5699999999993,target,66.97144103998919,11307.828874247856,2.978929384965839,0.0717539863325856,2.5888382687926828,0.8452799914041741,0.6825396825396958,0.9328018223234578,1.971526195899743,2,0.685030284857817,0.1820788692395436,41.15283312340557,1,8,0,0,4,64.0,2026,3.4897494305238888,1,0.2944191343963561,-0.2118451025056809,1,0.2944191343963561,0.16287015945330832,1,0.2944191343963561,-0.12471526195899937,0
2026-06-30 03:45:00,2026-06-30 09:15:00,short,3987.15,4002.762857142857,stop,-23.15161303780464,11284.677261210052,-1.0236984170555277,0.4893402873089512,4.022325921859236,0.757903277584366,0.4869072894550641,1.810046664836665,3.680300118949541,7,1.913086381489639,0.4531182223599717,41.54043522444771,1,4,1,0,0,0.25,2026,2.803458687894557,0,0.0038429865495435344,1.8696129563546335,0,0.0038429865495435344,0.5207246774636295,0,0.0038429865495435344,1.1400860096989638,0
2026-06-30 15:15:00,2026-06-30 16:15:00,short,4016.86,4030.285714285714,stop,-23.191344607683547,11261.485916602369,-1.0275590551181055,0.2085550117046335,2.840817195147887,0.6357989551340697,0.8577648766327959,2.052777186635436,1.3556075760800164,9,0.9968895940743588,0.5453402797990003,41.54043522444771,1,15,1,0,1,6.0,2026,0.6062992125984553,1,0.37539902106831324,-0.140774632900609,1,0.37539902106831324,0.516918493296455,1,1.2274952117471931,-0.5072355820387323,0
2026-06-30 22:45:00,2026-07-01 04:00:00,short,4016.12,3987.512857142857,target,66.69499045020568,11328.180907052574,2.961198501872646,0.9815730337079128,2.722397003745285,0.4554801555513119,0.8286802030456992,1.652734082397004,2.7790262172284264,11,0.6166956598826313,0.5242775497914187,41.54043522444771,1,23,1,0,2,6.5,2026,3.8874906367040363,0,0.4802996254681506,-0.3995505617977416,0,0.5274906367041337,0.33033707865169043,0,0.5274906367041337,0.8945318352059536,0
2026-07-01 08:00:00,2026-07-01 12:45:00,short,3971.91,3985.63,stop,-23.26735699422347,11304.91355005835,-1.0269679300291688,0.0568513119534002,2.120991253644266,0.6610621201246744,0.7158774373259218,1.0466472303207377,1.8134110787172013,14,1.6060015816746809,0.4422398854004972,42.21952844113901,1,8,2,0,0,4.0,2026,0.8527696793002746,1,0.23323615160351743,-0.05612244897959027,1,0.5021865889213045,-0.1953352769679504,1,0.5043731778425687,0.49125364431485075,0
2026-07-02 15:30:00,2026-07-02 19:30:00,long,4132.53,4108.208571428571,stop,-22.95378864014179,11281.95976141821,-1.0152129221732666,4.851688693098335,1.3247577092511085,1.288903287145007,0.8079422382671375,3.416740088105733,4.703671071952983,3,0.8382090400822958,0.1428844071632795,42.02045499728545,0,15,3,1,1,26.75,2026,0.47447870778266976,0,0.835066079295131,-0.6163289280469791,0,0.835066079295131,-0.3433186490454979,0,0.9522466960352337,0.08716593245227135,0
2026-07-03 02:15:00,2026-07-03 04:00:00,long,4129.79,4166.535714285715,target,67.01015661418006,11348.96991803239,2.969792395614629,0.4359692092372326,3.09587123862836,0.6462888158108717,0.9248747913188924,0.9780732446932048,3.657569395847785,6,1.6103450374359556,0.4657648841225104,41.40862972636963,0,2,4,1,2,6.75,2026,4.0421040354559725,1,0.7086540704455436,-0.4073944483321416,1,0.7086540704455436,-0.2914625612316013,1,0.7086540704455436,0.609867039888043,0
2026-07-03 04:15:00,2026-07-03 09:00:00,long,4187.57,4166.621428571428,stop,-23.098837709601806,11325.871080322788,-1.0176623022367888,0.7895526459355728,5.555510092744138,1.1141597786724426,0.6686449060335983,1.930441898527013,7.07828696126557,7,2.05840114711649,0.588175154000603,41.40862972636963,0,4,4,1,0,0.25,2026,0.37615930169121864,0,0.3938216039279836,-0.3709083469721511,0,0.5852427714129462,-0.25252318603382046,1,0.5852427714129462,-0.40145935624657997,0
2026-07-03 11:00:00,2026-07-03 12:30:00,long,4183.98,4169.954285714285,stop,-23.249297795154774,11302.621782527633,-1.026380118150355,0.2994499898145502,3.052963943776735,0.7459273576183663,0.7813238770685158,1.2063556732532212,0.8940721124464649,8,2.6177863098653678,0.7386782154992222,41.40862972636963,0,11,4,1,1,2.0,2026,0.18608677938484608,0,0.19392951721323626,-0.05703809329797252,0,0.23528213485429875,0.007842737828519854,1,0.5753717661438004,-0.25310653900993135,1
2026-07-03 19:45:00,2026-07-06 06:15:00,long,4174.91,4163.681428571428,stop,-27.66442937023371,11274.9573531574,-1.223805852417325,0.0926208651398644,2.335114503816887,0.6117717414252583,0.7786032689450404,1.1987277353688734,-0.3473282442747751,11,2.0569607320865737,0.9279885680805622,41.40862972636963,0,20,4,1,2,7.25,2026,2.493638676844772,0,0.17722646310430543,0.5583969465649218,0,0.17722646310430543,0.88346055979644,0,0.17722646310430543,1.1898218829517002,0
2026-07-06 10:30:00,2026-07-06 11:30:00,long,4163.53,4148.879999999999,stop,-23.119434736440745,11251.83791842096,-1.025255972696272,0.348122866894219,2.2088737201364106,0.8026733601771757,0.9419847328244124,1.788395904436891,0.0941979522183743,13,1.4563113437141508,0.9150883857365956,40.10375519209419,0,10,0,1,3,4.25,2026,0.1856655290102543,0,0.09624573378838494,0.06416382252563135,1,0.4354948805460779,-0.3767918088736838,1,1.022525597269584,-0.9904436860067681,1
2026-07-06 18:15:00,2026-07-07 04:15:00,long,4150.65,4129.0428571428565,stop,-22.889028037949096,11228.94889038301,-1.0171239669421606,0.0166611570247361,2.0317355371900656,1.2098346559303563,0.973962571196044,1.1375867768595007,-0.4035702479339381,15,0.8417872320327061,0.6904507286782824,40.10375519209419,0,18,0,1,4,6.75,2026,0.8251900826446247,1,0.16013223140496036,-0.032396694214867613,1,0.2675041322313932,-0.1073719008264328,1,0.47947107438015013,-0.2341818181817946,0
2026-07-08 11:45:00,2026-07-08 15:45:00,short,4056.69,4081.224285714286,stop,-22.79658390660842,11206.1523064764,-1.0150809362990538,0.3268894841038547,5.9451496448118775,1.4266640060822091,0.8135521885521936,1.9368813322463767,5.574240130429625,1,1.4516482492600462,-0.0031604284019826,37.89337457055897,1,12,2,0,5,31.5,2026,0.6590776755560682,0,0.0028531501106389898,0.034645394200531573,0,0.1748573424944648,0.002445557237682619,0,0.1748573424944648,0.5441364853848739,0
2026-07-08 18:00:00,2026-07-08 19:45:00,short,4033.68,4061.0342857142855,stop,-22.715458304970387,11183.43684817143,-1.0135262168372627,0.0065803217046272,3.851681637768936,1.5417025280221814,1.0,0.7406517651974157,1.2495299770211064,2,0.9988404267310192,0.1540167607608777,37.89337457055897,1,18,2,0,6,2.25,2026,0.4346668059327287,0,0.08335074159181825,0.1005326927094211,0,0.08335074159181825,0.028880300814705093,1,0.3352308335074177,-0.20581783998329153,0
2026-07-09 06:00:00,2026-07-09 08:45:00,short,4058.96,4078.39,stop,-22.79279975232079,11160.64404841911,-1.0190427174472565,0.3437982501286803,2.082346886258355,1.1126153946835655,0.7006578947368489,1.2516726711271018,1.8528049408131664,5,0.7649790170280595,0.3415711947279631,37.64097011285028,1,6,3,0,7,10.25,2026,0.2413793103448292,0,0.11065362840967989,0.03293875450333863,0,0.2295419454451886,-0.15234173957797334,1,0.28564076170870584,-0.08131755018012966,1
2026-07-13 06:00:00,2026-07-13 19:45:00,short,4058.08,3988.72,target,66.60664644467413,11227.250694863784,2.9839965397923818,0.268166089965389,2.478373702422144,1.403006116587392,0.691839220462855,1.4204152249134958,1.0458477508650603,1,0.7683350511894792,0.0490695120183182,37.06361583244571,1,6,0,0,8,93.25,2026,3.09602076124566,1,0.1890138408304444,-0.16392733564013623,1,0.1890138408304444,0.013840830449814349,1,0.1890138408304444,0.15224913494809553,0
2026-07-14 02:30:00,2026-07-14 03:30:00,short,3995.45,4005.31,stop,-23.29711452504234,11203.95358033874,-1.037525354969594,0.2555780933063341,3.586206896551716,0.5943403334660833,0.5092348284961239,0.768762677484785,0.9472616632860252,6,2.1132153507831,0.5284624839259955,37.482232502135474,1,2,1,0,0,6.75,2026,1.2068965517241093,1,0.6551724137931116,-0.5679513184584587,1,0.941176470588262,0.0010141987829374848,1,1.1926977687627078,-0.7494929006085577,0
2026-07-14 11:00:00,2026-07-14 14:30:00,short,4017.3,4029.3328571428574,stop,-23.096931018521182,11180.85664932022,-1.0307491392615566,0.4770271874628835,2.308678618069562,0.7152904876859931,0.6433915211969907,1.3330167398789068,-0.2742490799002895,8,1.40199220843632,0.6263850425961115,37.482232502135474,1,11,1,0,1,7.5,2026,0.29419446752938233,1,0.4886619969131876,-0.37148284459217334,1,0.5426807550753705,-0.16538050575802615,1,0.5908821085123823,-0.2767422533539073,0
2026-07-15 08:00:00,2026-07-15 14:30:00,short,4026.07,4039.378571428572,stop,-22.98340541374884,11157.873243906472,-1.0278016316015552,0.2945470158866496,2.082868183769792,0.7917262230097613,0.9141274238226872,1.6275225418634365,4.45276942893937,4,0.8582285216705183,0.2180810982379322,37.89227144476752,1,8,2,0,2,17.5,2026,0.6544654358093576,0,0.19010304851865684,0.07739373121512819,1,0.7949763847144578,-0.2689995706311645,1,0.7949763847144578,-0.11120652640618336,0
2026-07-16 14:00:00,2026-07-16 14:45:00,short,4028.04,4037.464285714286,stop,-23.1918687161506,11134.68137519032,-1.0392602698196145,0.1273306048203522,1.931180839775616,0.6060965670682542,0.5909090909091351,0.7936941033802696,-0.3650144004850226,5,0.5765328440860059,0.1673032292494158,38.27302189149728,1,14,3,0,3,23.5,2026,0.7194179172350721,0,-0.0010610883734780046,0.3841139912081092,1,0.8478096104289988,-0.7353342428376282,1,1.6234652114597563,-0.3989692284371873,0
2026-07-16 15:30:00,2026-07-17 19:15:00,short,4002.75,4021.627142857143,stop,-23.259331480323414,11111.422043709998,-1.0444542909035803,1.067958226123805,3.232480702285492,1.2192150468888885,0.920944558521562,3.095807476918412,3.2716815498713743,5,0.5765328440860059,0.1673032292494158,38.27302189149728,1,15,3,0,4,0.75,2026,2.2826547601029388,0,0.32579082790979885,0.5519903133040777,0,0.32579082790979885,0.5546390192220291,0,0.32579082790979885,0.8682457999091843,0
2026-07-21 08:15:00,2026-07-22 03:15:00,long,4054.46,4097.158571428571,target,66.09082307640786,11177.512866786405,2.9740038141122023,0.3751881963264192,2.917193616380585,0.9123544565286416,0.7607142857143036,1.1803673592291009,3.6984843922513657,2,0.6055030098719553,-0.049614930250208,40.038289775838265,0,8,1,1,5,85.0,2026,3.107598113018147,0,0.0007025996186041171,0.8100973602328465,0,0.0007025996186041171,0.49744052996085175,0,0.0007025996186041171,1.2611663153668489,0
2026-07-22 04:00:00,2026-07-22 18:45:00,long,4121.28,4165.135714285714,target,66.49926544805611,11244.01213223446,2.9746897293071517,2.5953288380728137,3.4928173556142195,0.9957872286938776,0.9927565392354007,3.3997850092837423,5.0456366656893925,7,1.4280910555399309,0.3856519879510411,39.36676292329306,0,4,2,1,0,0.75,2026,3.0611746310954775,0,0.6450698719827589,-0.3960715332746973,0,0.6450698719827589,0.02462620932281908,0,0.6450698719827589,0.046516173165269625,0
2026-07-24 03:00:00,2026-07-24 03:30:00,short,4041.6,4048.1257142857135,stop,-23.763067671758645,11220.249064562702,-1.05669877408058,1.5477232924693978,1.2412434325743391,0.4548171865737027,0.9466073414905444,2.7552539404553964,0.5118213660245374,3,0.5021440477101777,-0.1399948967137909,35.978374210869696,1,3,4,0,0,32.25,2026,0.059763572679489736,0,0.9868651488616482,-0.7646672504378597,1,1.3178633975481386,-1.1692206654991335,1,1.431260945709295,-0.12565674255694198,1
2026-07-27 09:30:00,2026-07-27 11:00:00,long,4098.61,4088.1642857142856,stop,-23.23536807106215,11197.01369649164,-1.0354212253829205,0.4097374179429989,2.30908096280097,0.7466977109916263,0.8712273641850397,0.951586433260363,0.3963347921224856,2,0.5451074148941045,0.0526671459088134,34.87488572229249,0,9,0,1,1,78.0,2026,0.708424507658701,1,0.3398522975929743,-0.24028993435442147,1,0.3398522975929743,0.3178336980306962,1,0.3398522975929743,-0.12828227571108758,0
2026-07-28 12:00:00,2026-07-29 16:45:00,short,4040.9,4008.182857142857,target,65.45891251990375,11262.472609011544,2.923052266177632,0.143044275609071,2.4757663086193444,0.8014333556128663,0.956521739130431,0.9701336127849068,0.2585800366779937,3,0.5425205200913492,0.0549081359668912,33.280974051168165,1,12,1,0,2,25.0,2026,3.5220068116322145,0,0.2943411055803032,0.05134922714172955,0,0.2943411055803032,0.6922976159287594,0,0.2943411055803032,1.5285564579512836,0
2026-07-29 17:00:00,2026-07-29 19:15:00,short,3999.37,4016.005714285714,stop,-23.025929401060274,11239.446679610484,-1.0222413052812367,0.3750966079862506,4.045513095749297,1.2354618394005616,0.7312252964426824,1.5208243881494456,3.914469729497669,10,0.7588602662940918,0.2918106445304991,32.43142040556631,1,17,2,0,0,0.25,2026,0.06431945040788349,1,0.6498067840274824,-0.3654787462430218,1,0.6498067840274824,-0.10820094461143316,1,0.6498067840274824,-0.45083726921425926,1
2026-07-30 22:15:00,2026-07-31 01:00:00,long,4112.82,4098.832857142857,stop,-23.07352448781173,11216.37315512267,-1.026452864875879,0.2316413032376541,1.8273925033193583,0.9083610080169204,0.8262322472848754,1.711571851700466,2.396486569298262,3,1.2725666232389892,0.1703758071714745,31.08763126810541,0,22,3,1,1,27.0,2026,0.3288734552140016,0,0.10223674803386558,-0.04218159534267249,0,0.26810336022878445,-0.057910325809381026,0,0.26810336022878445,-0.06005515269125812,0
2026-07-31 15:45:00,2026-07-31 20:15:00,short,4040.79,4053.095714285714,stop,-23.107239146831308,11193.26591597584,-1.0300673322498153,0.289296494079437,3.011609008590613,0.8046476951558537,0.9543918918918955,0.9621546319944358,3.281402368237749,2,0.5433442026082765,-0.1966656251500165,29.77572630477192,1,16,4,0,2,14.75,2026,1.6203854190852085,0,0.15765033666125297,0.37137218481542866,1,0.4981425586255004,-0.14789876944510214,1,0.4981425586255004,1.2465753424657606,0
2026-08-03 20:45:00,2026-08-03 21:30:00,short,4030.58,4040.652857142857,stop,-23.20884238995416,11170.057073585884,-1.0367323783860445,0.0277974755353596,2.0292157140831533,0.6504116287252867,0.943273905996774,1.2250744575237662,0.3812225216281511,3,0.5202292165386933,0.0874896129890112,28.658794430833154,1,21,0,0,3,72.5,2026,0.08934902850660356,1,0.7872642178414674,-0.4407885406325385,1,0.8289604311445069,-0.7267054318536518,1,1.4335555240391444,-1.2737200397106683,1
2026-08-04 19:45:00,2026-08-04 21:45:00,long,4093.34,4076.1842857142856,stop,-22.821926917936985,11147.235146667948,-1.021567157964867,0.1632109251394879,2.0494629028228566,1.095102594625947,0.9392712550607848,0.5759014072778763,2.617203763843793,2,0.8003509555787913,0.0649978064963141,27.646139875883488,0,20,1,1,4,22.25,2026,0.7612623865433894,0,0.05304355067034815,0.38704305104501224,0,0.05304355067034815,0.08335415105336637,1,0.4208510283953813,-0.4208510283953813,0
2026-08-05 08:30:00,2026-08-05 15:15:00,long,4156.96,4212.198571428571,target,66.43541120540306,11213.670557873347,2.9799053456435547,1.6140895337108825,1.6542788424238253,1.1677785005022794,0.8740554156171307,2.156102102568123,6.940802234463513,5,1.6400919714922435,0.248358652565761,26.2729480877848,0,8,2,1,5,10.75,2026,3.0701373264023477,0,-0.004344790131115613,0.2514547288385507,0,-0.004344790131115613,0.8830785941500632,0,-0.004344790131115613,1.0172239894483441,0
2026-08-05 17:00:00,2026-08-07 11:30:00,long,4229.52,4313.31,target,66.12451398484258,11279.795071858192,2.9483884711779407,1.1478696741855092,2.8191908342284173,1.7296326543250542,0.8292449824785085,2.2477622627998777,5.615467239527389,7,2.464266522662591,0.5536348298261773,26.2729480877848,0,17,2,1,0,1.75,2026,3.1188686000715924,0,0.09989258861442428,0.26459004654491264,0,0.09989258861442428,0.4894378804152935,0,0.09989258861442428,1.018617973505184,0
2026-08-07 12:30:00,2026-08-10 21:30:00,long,4317.37,4375.972857142857,target,63.539098838308654,11343.3341706965,2.8165005850519163,0.0757642240748644,3.453415240602657,1.2118132740552543,0.934113300492628,1.662717566183979,4.700453415240595,18,3.057866490014279,0.9937613509948706,26.17377473003859,1,12,4,1,0,1.0,2026,3.3587099605089836,1,0.1515284481497754,-0.06552581541610525,1,0.4786456047973986,-0.465847593973938,1,0.4786456047973986,-0.026107942079870803,0
2026-08-10 22:15:00,2026-08-11 05:00:00,long,4390.63,4434.344285714286,target,67.48394158296148,11410.81811227946,2.974607843137264,1.0500000000000655,4.304313725490113,0.843258761081341,0.9079457364341236,1.4164705882352415,5.687843137254921,26,2.5902789730890974,1.1506740269574989,26.90094474388542,1,22,0,1,0,0.75,2026,3.0106862745097698,0,0.4364705882352678,-0.16676470588237144,0,0.4364705882352678,-0.15990196078430732,0,0.4364705882352678,0.024019607843099592,0
2026-08-11 13:15:00,2026-08-11 21:00:00,long,4378.31,4364.521428571429,stop,-23.434027830667148,11387.384084448797,-1.0268338168255091,0.2407791131372833,2.8835474513053,0.7715340287246966,0.6223628691983387,1.3750518027352467,2.1496062992126785,30,2.0625273306697367,1.1696143608331822,27.764209641829023,1,13,1,1,0,8.25,2026,1.8761914629092253,0,0.10008288437630253,-0.04641525072526183,0,0.10008288437630253,0.2929962702030628,0,0.10008288437630253,0.6527144633236606,0
2026-08-12 01:15:00,2026-08-12 02:00:00,long,4376.61,4364.488571428571,stop,-23.469955553192754,11363.914128895602,-1.0305244549204478,0.1616971125514888,2.372657631113738,0.6756977589722668,0.8707124010552254,0.6253388332351121,-0.7919858573954303,33,1.6257544627936178,1.038071934382856,28.874762719033782,1,1,2,1,1,4.25,2026,0.1526222746022686,0,0.13942251031228223,-0.0214496169710684,1,0.7754861520329661,-0.6278137890394517,1,1.1657041838538638,-0.3209192692987131,1
2026-08-12 03:15:00,2026-08-12 12:15:00,long,4380.7,4416.49857142857,target,67.47876700505394,11431.392895900655,2.9689931761043606,0.2178857895367269,2.835867353046861,0.6679672467075837,0.9386590584878348,1.1749072189632996,1.7246498264096912,33,1.6257544627936178,1.038071934382856,28.874762719033782,1,3,2,1,2,1.25,2026,3.665509397821175,0,0.11564707290794803,0.17849874296661047,0,0.25727283610676716,-0.016760445348961407,0,0.25727283610676716,0.8229378666348053,0
2026-08-12 15:15:00,2026-08-12 15:30:00,long,4425.24,4409.528571428571,stop,-23.401198368640998,11407.991697532014,-1.0235497363157189,0.5524640843790033,1.8572467721403143,0.8847777974244466,1.0,2.612111292962328,2.3282414984542883,36,1.968807820342101,0.8448490212081605,28.874762719033782,1,15,2,1,0,3.0,2026,0.821694853609748,0,2.896617566830382,0.21258410620113932,0,2.896617566830382,0.7809601745772332,1,2.896617566830382,-0.4264411711220158,0
2026-08-13 02:45:00,2026-08-13 03:30:00,long,4414.36,4441.312857142857,target,67.5083191310783,11475.500016663093,2.9588169820321197,0.6900938145967902,2.90284623946571,0.5076559908879167,0.9801526717557092,1.4581014469709346,0.3072030529496172,39,1.7071960344115993,0.8337058193752078,29.95397267439844,1,3,3,1,1,11.25,2026,3.939100015900795,0,0.15916679917308982,0.5353792335824873,0,0.15916679917308982,1.5582763555414134,0,0.15916679917308982,1.439179519796495,0
2026-08-13 12:45:00,2026-08-13 16:45:00,long,4384.56,4371.688571428572,stop,-23.610745761254204,11451.889270901838,-1.0287458379578245,0.3480577136516043,2.840399556048784,0.7358137898391429,0.9529042386186376,0.9897891231964274,0.2455049944507394,42,0.6999039281904408,0.6976844071604038,29.95397267439844,1,13,3,1,0,9.25,2026,1.3712541620421415,1,0.24472807991125117,-0.23385127635961644,1,0.24472807991125117,0.1988901220865301,1,0.24472807991125117,0.5904550499444613,0
2026-08-14 16:30:00,2026-08-14 20:45:00,long,4393.9,4376.921428571429,stop,-23.40290169218828,11428.48636920965,-1.0217921750104948,0.8210349179637528,4.519814892721961,0.9990623720480956,0.7666417352280768,1.5749263777872402,4.758939840134639,2,0.5475038613800858,0.0195301034989991,30.57532602682657,1,16,4,1,1,23.75,2026,0.17080353386625213,1,0.6514093395035538,-0.5518721076987803,1,0.6514093395035538,-0.19612957509465523,1,0.7273874631888703,-0.5630626840555091,1
2026-08-17 03:15:00,2026-08-18 03:30:00,long,4389.91,4433.157142857143,target,66.28531834007082,11494.77168754972,2.9000042612228647,0.4231493409969462,2.7386780299275824,0.8941179250368215,0.9188102893890532,1.7258943613121025,1.7494797344167323,4,0.5205125430419993,0.0816349473652389,30.51399813082298,1,3,0,1,2,54.5,2026,3.0237835695173514,0,0.1616291745119336,0.40858190466754146,0,0.1616291745119336,0.7519571895748663,0,0.1616291745119336,1.1924487166782436,0
2026-08-18 03:45:00,2026-08-18 04:15:00,long,4434.69,4423.745714285714,stop,-23.766764590887576,11471.004922958831,-1.0338075969194742,0.2174650828872793,4.349301657747082,0.6853673015041667,0.9476923076922852,1.187834486359488,2.726537005612703,11,1.3661958068092113,0.3999358500938577,30.774849586487587,1,4,1,1,0,0.25,2026,0.14254013836317514,1,0.5546273332462882,-0.4979767654353073,1,1.3358569377365836,-0.8927033024408951,1,2.78318757342385,-2.434146978201236,1
2026-08-19 07:30:00,2026-08-19 10:30:00,short,4346.51,4360.128571428572,stop,-23.56531631293737,11447.439606645896,-1.027168782125277,0.527221231511603,1.7505507185565714,0.8668018439884125,0.781382228490811,1.0412252176649557,-0.4112031889227087,3,0.7742805305393442,0.0545061455939133,30.294929958290503,0,7,2,0,1,27.25,2026,0.8517780341970109,0,0.1461239903492942,-0.14245253330532834,0,0.3025280604216795,0.5617329277247753,0,0.3025280604216795,0.31354243155357714,0
2026-08-19 15:45:00,2026-08-19 22:00:00,long,4438.83,4503.342857142857,target,68.29071126531612,11515.730317911211,2.982794127416468,1.6796651830199616,5.456586726898342,1.368159665587216,0.8864812419146115,2.875705839367597,7.730552049425413,1,1.4657237956518558,-0.0889306613285345,30.294929958290503,1,16,2,1,2,5.25,2026,3.116123031953798,0,0.6752142430080215,0.811001129343018,0,0.6752142430080215,0.898425563010689,0,0.6752142430080215,0.9737593835116236,0
2026-08-19 22:15:00,2026-08-20 04:45:00,long,4507.44,4489.462857142857,stop,-23.50548704274216,11492.224830868468,-1.0205816910362362,0.1780038143673885,3.7536554354735614,1.1070902809954275,0.956692913385776,0.5651621106166432,2.645581691036186,2,2.4877681591320067,0.1074443723723339,30.294929958290503,1,22,2,1,0,0.25,2026,1.1052924348379247,0,0.2987126509853697,-0.02225047679591092,0,0.2987126509853697,0.21026700572158583,0,0.2987126509853697,0.6235696122059726,0
2026-08-20 17:15:00,2026-08-21 09:30:00,long,4491.62,4563.002857142858,target,68.59594189693131,11560.8207727654,2.9844500480307565,0.0798511047069961,3.362992315081626,1.5063618601163444,0.8144499178981802,1.023775216138339,-0.1849183477425375,7,1.3693453885987386,0.9091788583682314,30.706250162406697,1,17,3,1,1,12.5,2026,3.1175552353505953,0,0.000420268972151339,0.3210854947166281,0,0.000420268972151339,1.022094140249734,0,0.000420268972151339,1.716798751200761,0
2026-08-21 11:15:00,2026-08-24 03:00:00,long,4579.34,4637.625714285715,target,66.37421850823074,11627.194991273627,2.8706533823529616,1.166323529411757,2.714558823529401,1.207957643024459,0.8617795187464945,1.8395588235294944,3.350735294117666,11,2.2464764814691005,0.7902380387915686,31.230929140472604,1,11,4,1,0,1.75,2026,3.169558823529408,0,0.14720588235297113,0.15801470588233799,0,0.14720588235297113,0.23727941176468906,0,0.14720588235297113,0.14772058823528852,0
2026-08-24 05:00:00,2026-08-25 05:45:00,long,4650.44,4617.3042857142855,stop,-24.2660306375427,11602.928960636087,-1.0435032118991163,0.5746065962491658,2.8036214701444298,1.951898198908614,0.925061425061391,1.4739383487820763,1.995430049579629,16,2.9464269074374565,1.2205531546976012,32.406505378416746,1,5,0,1,0,2.0,2026,1.4012071567148245,0,0.03289502047852851,0.14425522741972296,1,0.3926277214916818,-0.38689372709635,1,0.6923043759430824,-0.3986635050657499,0
2026-08-25 08:15:00,2026-08-25 11:00:00,long,4646.56,4621.7,stop,-23.5512387511547,11579.377721884932,-1.014883346741769,0.4143201930812957,2.0651649235719933,1.3052886869229998,0.863136863136877,0.8053097345132857,-1.846339501206729,23,1.7075934703596023,1.1429129891928902,33.80442733757375,1,8,1,1,1,2.5,2026,0.27674979887365836,1,0.3427192276749948,-0.3024939662107956,1,0.4283990345937435,-0.1427996781979145,1,0.4283990345937435,0.14279967819787792,0
2026-08-25 14:00:00,2026-08-25 16:00:00,long,4642.83,4624.425714285714,stop,-23.624339365211625,11555.75338251972,-1.0201040130404335,0.0369479158581228,1.994100752930132,0.9532390541539963,0.9295154185021374,0.7400450205697765,0.3270977256850305,24,1.6832164903859366,1.0558236719216074,33.80442733757375,1,14,1,1,2,3.0,2026,0.24885508033842313,1,0.20158348210820384,-0.0662889078630883,1,0.20158348210820384,-0.11845067142747674,1,0.4232709772568424,-0.1923465031436731,1
2026-08-25 18:30:00,2026-08-26 04:00:00,long,4656.22,4629.408571428572,stop,-23.430447528687196,11532.322934991033,-1.013800085251482,0.8563512361466706,2.939791133844841,1.3679372992294505,0.8330796549974654,1.470268542199496,1.1614450127877738,25,1.7850926951581438,0.954080661831691,33.80442733757375,1,18,1,1,3,2.5,2026,0.6512148337595943,0,0.27152600170505514,-0.13352514919010855,0,0.5016517476555789,-0.4281756180733353,1,0.7138746803069199,-0.45428388746804305,0
2026-08-26 05:30:00,2026-08-26 06:00:00,long,4667.33,4648.257142857144,stop,-23.51208376080067,11508.810851230231,-1.019399295932869,0.5872219309415556,3.413227473597494,0.9747035612799504,0.7420574886535535,1.3862632012582994,-0.2852220807430495,28,1.3669743404833612,0.7168851099040863,35.19918641115484,1,5,2,1,4,1.5,2026,0.09280203730060199,1,0.4902254512770895,-0.46558310238935174,1,1.0543779492172969,-0.9988015878960728,1,1.1550445659501323,-1.1550445659501323,1
2026-08-26 15:15:00,2026-08-26 15:30:00,long,4631.0,4617.998571428571,stop,-23.672666644877708,11485.138184585354,-1.0284584111636184,0.1938248544116362,2.530491154818118,0.6671635226273135,0.9938461538461596,0.9998901219646168,0.2338204592902544,30,1.0093288037534585,0.6425866718279272,35.19918641115484,1,15,2,1,5,9.25,2026,0.23920448302381778,1,1.4352268981430465,-0.6522360180199627,1,1.543676519063813,-1.264476431161377,1,2.689704428084839,-1.5136798154049194,1
2026-08-27 19:45:00,2026-08-28 03:15:00,long,4614.9,4593.098571428572,stop,-23.36011331167862,11461.778071273677,-1.0169713649171033,0.1761352467073033,3.6015988467335123,1.116392202165167,0.7291021671826641,0.5926217154839284,2.666797719677636,1,0.5315528664488642,0.1350835913630499,36.04681137256017,1,20,3,1,6,28.25,2026,0.14265120241140494,1,0.2894305746674354,-0.21604088853942016,1,0.297228228818543,-0.21191271869471123,1,0.4481357709193241,-0.38942402201690357,1
2026-08-28 21:15:00,2026-09-01 16:00:00,short,4456.13,4333.931428571428,target,67.77032489328036,11529.548396166956,2.9563617648090386,0.1728334443937614,4.237856416371484,2.058325416353924,0.6736938588450552,0.535685476800047,4.708729351523831,1,2.3490603298816457,0.1236047375267834,36.46922173592958,0,21,4,0,7,18.0,2026,3.189562655630755,0,0.06186651702730903,0.12127801353769663,0,0.06186651702730903,-0.017430645670396788,1,0.18240802440992476,-0.1465647248623492,0
2026-09-01 19:15:00,2026-09-02 16:45:00,short,4352.88,4380.117142857142,stop,-23.372340580711672,11506.176055586244,-1.0135843910626152,0.0308402391692073,1.635266967376464,1.443448271184696,0.9753656658968656,0.9538445400188756,1.153571803209917,12,3.299613744211189,0.9640633489993222,32.75583037441191,0,19,1,0,0,3.25,2026,2.582870030420684,1,0.17696422951850577,-0.07379628658345574,1,0.22689604531628282,0.058009021294448786,1,0.22689604531628282,0.10683939997901601,0
2026-09-03 02:15:00,2026-09-03 03:00:00,short,4382.2,4391.469999999999,stop,-23.93086023211369,11482.24519535413,-1.0399137001078331,0.2761596548003791,2.112189859762883,0.4900735066204382,0.8604651162790206,0.4638619201727217,-1.9762675296655745,20,1.06286132240855,1.0281977003974485,29.61019991548449,0,2,3,0,1,9.5,2026,0.11866235167200262,1,0.33441208198493977,-0.3203883495145935,1,0.7141316073354855,-0.37001078748655036,1,1.1111111111111407,-0.5372168284790203,1
2026-09-03 15:45:00,2026-09-03 16:30:00,long,4493.5,4471.041428571429,stop,-23.342825293779764,11458.90237006035,-1.0164747789580642,1.3099675593155529,5.314674639017837,1.1864747090644383,0.9406808223795008,2.642198333439324,5.215825965269297,3,1.2798838081460786,-0.1328064685546359,29.61019991548449,1,16,3,1,2,12.75,2026,0.1117613383372643,0,0.3864894090706782,-0.34463456523120556,0,0.7355766172635436,-0.6046689141911988,1,1.6310031168500587,-1.0062973093314718,1
2026-09-04 02:45:00,2026-09-04 04:15:00,long,4480.07,4470.895714285713,stop,-23.84208244608384,11435.060287614266,-1.0403301152289277,0.2943008408594168,2.2257863593895344,0.4827157458576666,0.9568480300186724,1.1619433198380031,1.063843039551531,5,0.7066987901139891,0.168889197393196,27.87457639077815,1,3,4,1,3,10.25,2026,0.792432264092205,0,0.19947056991589968,0.08502024291504838,1,0.6322018062907754,-0.6027717222048733,1,0.8033322952350913,0.682341949548429,0
2026-09-04 10:30:00,2026-09-04 12:00:00,long,4485.77,4472.4514285714295,stop,-23.50546984359472,11411.554817770671,-1.027780757266945,1.2283599699667984,2.608387857985623,0.7006342601297848,0.951308139534942,2.066287675640794,2.46572991526335,7,0.6150378723789499,0.3245475177073409,27.87457639077815,1,10,4,1,4,6.25,2026,0.37766813257533394,0,0.3243591118739083,-0.1711895312668096,0,0.48203368014588355,-0.27780757266979744,1,0.6246916228682249,-0.6164324788158375,0
2026-09-07 03:45:00,2026-09-08 02:30:00,short,4412.58,4426.3042857142855,stop,-23.438409458129367,11388.116408312542,-1.0269595086915695,0.8641615488706602,2.427813052982186,0.7443378807412295,0.8744233726294315,2.843135213906567,3.2424273966899237,4,0.6507180261512218,0.0678144600693597,26.08986567827875,0,4,0,0,5,63.75,2026,2.289372332674104,0,0.24336421359426552,0.9304673675444671,0,0.24336421359426552,0.668887269699201,0,0.3111273030082559,0.25065056729465257,0
2026-09-08 21:45:00,2026-09-09 08:30:00,short,4375.62,4393.232857142857,stop,-23.254701816503385,11364.861706496038,-1.0210073809716702,0.6586097818152387,2.527698921242568,1.0117079683764532,0.3861071932298993,3.2203747262550637,2.6151350474490176,3,0.7240998534626257,0.1667676271432827,24.432634302386447,0,22,1,0,6,19.25,2026,1.9559574985805293,0,0.09027496147295624,0.29410333360370866,0,0.09027496147295624,0.388920431502921,0,0.09027496147295624,0.9209181604347416,0
2026-09-10 20:45:00,2026-09-11 15:30:00,short,4352.63,4294.798571428572,target,67.752902389268,11432.614608885306,2.9808062842745,0.1296872684155942,1.9048465984882144,1.1193455691188496,0.8440265486725819,0.937898325181574,1.3757225433526463,15,0.8934116655621117,0.225113478717398,21.56009586853863,0,21,3,0,7,36.25,2026,3.3324440492070986,0,0.1758559359715628,0.6131614050689145,0,0.1758559359715628,0.7060174892544782,0,0.1758559359715628,1.0266044167778423,0
2026-09-11 21:00:00,2026-09-14 12:15:00,short,4346.82,4286.365714285714,target,67.11115300164953,11499.725761886955,2.935074578193664,0.5101375301290508,2.5060258046221238,1.11629931398557,0.9238294898672176,1.4202467035304391,3.596767333049801,1,0.5363935749348878,0.4075150844044972,20.626644912254022,1,21,4,0,0,5.5,2026,3.2886005954912263,0,0.3032043102226264,-0.185594782362148,0,0.3032043102226264,-0.008932369204608149,0,0.3032043102226264,-0.2525875513965737,0
2026-09-14 15:45:00,2026-09-14 18:30:00,short,4270.96,4290.431428571429,stop,-23.436491725143064,11476.289270161811,-1.019002201027159,0.2485693323551045,2.4949376375641727,1.1148556595573336,0.7113980909601229,1.8293470286133795,3.664856933235511,6,2.216032298792872,0.4813070897275229,20.06288203897742,1,16,0,0,0,3.5,2026,0.892076302274382,0,0.09038884812913742,0.2362435803375076,0,0.34512105649304037,-0.11504035216433123,1,0.541305942773288,-0.0831988261188492,0
2026-09-14 22:15:00,2026-09-15 05:00:00,short,4296.4,4311.191428571428,stop,-23.52672552138893,11452.762544640424,-1.0250144871547495,0.8667181765502443,2.017384585667298,0.8298333393999365,0.9505440158259176,1.367007919644685,-1.7293799497778897,7,1.0793620985790344,0.5179513371351474,20.06288203897742,1,22,0,0,1,3.75,2026,0.954606915201864,0,0.06422638593785215,0.3076105852810071,0,0.06422638593785215,0.8707745798724745,0,0.12845277187564283,-0.01690168050994815,0
2026-09-15 08:15:00,2026-09-15 11:45:00,short,4297.32,4261.3842857142845,target,68.00905815417248,11520.771602794595,2.9691115086463933,0.5209302325581078,2.82504472271908,0.664663494288994,0.8320895522388636,0.8949314251639053,0.7413237924866489,10,1.0719490900729003,0.5882372882937137,19.93933621592395,1,8,1,0,2,3.25,2026,3.0053667262968804,0,0.23375074537866145,0.09266547406079315,0,0.23375074537866145,0.5276088252832059,0,0.23375074537866145,0.6578413834227708,0
2026-09-15 23:45:00,2026-09-16 05:30:00,short,4291.66,4302.74,stop,-23.810981020216,11496.96062177438,-1.0333935018050424,0.019855595667975,3.4115523465703137,0.6266248925715237,0.9963503649634248,0.4945848375452485,0.7039711191336689,14,1.0251181393721536,0.5195805493976802,19.93933621592395,1,0,1,0,0,12.0,2026,1.4593862815884466,1,0.40342960288810753,-0.11281588447653372,1,0.6552346570397275,-0.6425992779783262,1,0.6615523465703872,0.25180505415161997,0
2026-09-18 07:30:00,2026-09-18 16:45:00,long,4364.57,4347.761428571428,stop,-23.500076742620944,11473.460545031758,-1.022012578616368,0.3640999490055492,3.2471528131905485,0.9150511270040744,0.8884976525820799,1.0137684854666518,0.6984531701512712,4,0.5798999525867319,0.1282462807741469,17.849938945374852,0,7,4,1,1,50.0,2026,2.084055753867116,0,0.20525242223354373,0.13564507904134457,0,0.20525242223354373,0.0499745028047002,0,0.25403705592382053,0.7406935237124358,0
2026-09-18 19:15:00,2026-09-21 07:00:00,long,4377.68,4356.352857142857,stop,-25.65080280661733,11447.80974222514,-1.1178320048228456,1.2050371759662672,2.07247638823768,1.1582458537616716,0.9602396514161452,1.7217496148435525,1.8136512827382976,7,0.6789835519871661,0.3014673342460972,17.849938945374852,0,19,4,1,2,2.5,2026,0.900261236519512,0,0.14582356487376213,0.015942126063373332,0,0.14582356487376213,0.23960077701116955,0,0.14582356487376213,0.4318440618929592,0
