entry_time,exit_time,side,entry_price,exit_price,outcome,pnl,equity_after,R,breakout_atr,channel_atr,atr_ratio,close_in_bar_dir,bar_range_atr,mom_4h_dir,h4_trend_age,h4_ema_dist_pct,h4_ema_slope_dir,d1_adx,with_d1_ema50,hour,weekday,is_long,prior_loss_streak,hours_since_last_exit,year
2022-07-05 17:00:00,2022-07-06 17:45:00,short,1774.28,1744.04,target,58.33498015873022,10058.33498015873,2.916749007936511,2.1845238095238093,3.8333333333333233,2.3733070230513857,0.5991963837267712,3.9503968253968442,5.601190476190483,2,0.5331059906743799,0.12037781798908131,56.11510089668153,1,17,1,0,0,,2022
2022-07-06 18:00:00,2022-07-07 17:00:00,short,1737.62,1748.762857142857,stop,-20.784646565410235,10037.550333593319,-1.0332051282051373,1.0500000000000367,4.3741025641025955,2.370649535177899,0.9670014347202586,1.2510256410256198,4.2861538461539155,8,1.7245951852198005,0.7870380589242276,59.27376444286641,1,18,2,0,0,0.25,2022
2022-07-14 16:30:00,2022-07-14 17:30:00,short,1699.77,1708.0171428571427,stop,-20.975750428627993,10016.574583164691,-1.0448640221721774,0.9385068421964675,2.9998267798371696,1.7066616738346132,0.9937027707808622,1.925515329984438,3.880131647323778,44,1.5358441454511431,0.30301888493683427,60.92396452629913,1,16,3,0,1,167.5,2022
2022-07-28 16:30:00,2022-08-02 03:30:00,long,1753.87,1778.7999999999997,target,48.87500178967426,10065.449584954365,2.439706377857989,0.045728038507780434,4.262334536702788,1.8803247280183981,0.8189134808852946,1.1961492178098774,2.007220216606484,8,1.158764776561748,0.36634024830954903,51.36570444529979,0,16,3,1,2,335.0,2022
2022-09-13 15:45:00,2022-09-15 17:45:00,short,1703.78,1679.7457142857143,target,57.105136448033655,10122.554721402399,2.836690798858765,1.043509272467916,5.944008559201111,1.9603250895744222,0.9194260485651189,2.261768901569167,5.36733238231097,1,0.8759284484926775,-0.0713596470986122,22.940767826790157,1,16,1,0,0,1020.25,2022
2022-09-15 19:00:00,2022-09-16 17:00:00,short,1661.94,1673.1942857142858,stop,-20.910695041394032,10101.644026361006,-1.0328763645595298,0.2861132267072668,4.860370652449858,2.6366675173305474,0.9037974683544039,0.7019548108657062,4.437420665143418,13,1.134348436515593,0.41649570651890455,22.969667686412336,1,19,3,0,0,1.25,2022
2022-09-26 07:00:00,2022-09-26 10:15:00,short,1638.2,1646.4814285714288,stop,-21.105936251041125,10080.538090109965,-1.0446782818699405,0.04588580300156533,0.842849749870618,1.6831510085078318,0.5104895104895004,0.3453510436432763,1.4055545972054242,6,2.2976448405717034,0.514571288670973,30.62492990453443,1,7,0,0,1,230.0,2022
2022-09-27 19:00:00,2022-09-28 16:15:00,short,1630.85,1639.1914285714286,stop,-21.055359230515766,10059.48273087945,-1.0443569104298716,0.2373694125706465,1.9397157047439868,1.5283156529771658,0.7699530516432,1.021407775304037,1.5081349546155536,15,0.9759515043812546,0.5854637776972593,32.18854696349633,1,19,1,0,2,32.75,2022
2022-10-03 17:00:00,2022-10-04 02:15:00,long,1678.1,1702.2714285714287,target,59.43299353871745,10118.915724418168,2.954078014184409,0.8762411347517612,2.6808510638297607,1.5619771196200383,0.7637721755368635,2.6585106382978663,3.710992907801352,13,0.566379706685111,0.2248471359783677,31.416633813506845,0,17,0,1,3,120.75,2022
2022-10-04 17:00:00,2022-10-05 12:45:00,long,1714.15,1706.1342857142859,stop,-21.171996186895264,10097.743728231273,-1.046159329887721,0.0723578684726911,3.183746212796309,1.5314691875755124,0.5585585585585786,1.9386918552842698,1.4271965781500775,19,2.3669286621763503,0.9230925583055605,29.627174787832534,0,17,1,1,0,14.75,2022
2022-10-10 17:45:00,2022-10-11 18:30:00,short,1667.67,1675.8157142857144,stop,-22.27602289072933,10075.467705340543,-1.1030198176078692,0.4738688179585729,2.3472465801473694,1.548109463176568,0.6660988074957286,1.4412486846720243,2.8235706769554665,7,1.1560544983910033,0.2471577958989668,26.952451023363363,1,18,0,0,1,125.0,2022
2022-10-13 16:30:00,2022-10-13 18:00:00,short,1643.8,1654.7814285714285,stop,-20.829885881783657,10054.63781945876,-1.0336932483413495,0.15116430336935274,6.877065174970717,2.2501102259830903,0.9333333333333524,1.0107974502406563,5.9591518147521745,25,1.3730708078275966,0.24439312508232058,23.59112922908449,1,16,3,0,2,46.0,2022
2022-10-14 16:30:00,2022-10-17 13:00:00,short,1651.22,1659.4857142857143,stop,-23.292275774173994,10031.345543684585,-1.1582851711026532,0.09436571033526106,2.980988593155926,1.578338087192544,0.8408304498269763,1.3985482198409858,0.26374006221912927,31,0.5856220138496502,0.26166326731053013,23.501220523234668,1,16,4,0,3,22.5,2022
2022-11-04 16:45:00,2022-11-08 17:00:00,long,1667.37,1692.0771428571427,target,48.8456821871196,10080.191225871706,2.4346525585429206,0.07285342584560897,5.752992194275752,1.8862252795903696,0.9237947122861553,1.5614917606244159,5.216305290546342,3,1.0124176364449526,-0.03736766791467838,18.268932764120546,0,17,4,1,4,435.75,2022
2022-11-08 17:15:00,2022-11-10 15:30:00,long,1706.01,1731.0514285714285,target,56.99954971093632,10137.190775582641,2.8273049803183254,1.5094985452678353,6.99161389697077,1.8540782065291748,0.7656250000000017,2.606880027383173,8.134519938387848,15,0.7668237931187166,0.38134614697105107,17.64061891376306,0,17,1,1,0,0.25,2022
2022-11-10 16:00:00,2022-11-11 10:45:00,long,1738.8,1765.1314285714284,target,59.96847915516369,10197.159254737806,2.9578450520833255,0.3896484375000094,6.892903645833353,1.897709328319309,0.9211678832116831,1.560872395833317,7.416992187500011,27,2.55566125057438,0.7303342424229919,19.52173295372108,1,16,3,1,0,0.5,2022
2022-11-15 20:30:00,2022-11-17 03:45:00,long,1778.47,1770.0885714285714,stop,-23.90190839395088,10173.257346343855,-1.1719885801943108,0.8375660473836681,1.6632009544912265,1.6183943980070064,0.5420918367346916,3.741605590591454,1.6918356911538899,46,1.5461039405353176,0.7981007663975248,25.084916757938753,1,20,1,1,0,105.75,2022
2022-12-02 18:15:00,2022-12-05 17:00:00,long,1790.52,1780.1671428571428,stop,-25.285363712573464,10147.971982631281,-1.2427368566303258,0.10238719470125007,2.215813440044154,2.452078326990304,0.93661971830984,0.5486408168897737,-1.5473989236925554,16,0.763288518298128,0.7086323798004779,24.302382382209974,1,18,4,1,1,374.5,2022
2022-12-09 18:15:00,2022-12-12 02:00:00,long,1802.53,1793.8728571428571,stop,-26.187508185148527,10121.784474446133,-1.290282838283829,0.561386138613877,2.29636963696366,2.0816262562000434,1.0,0.988778877887784,0.39042904290430364,13,0.7844978666092137,0.2533204884584528,25.72220860587494,1,18,4,1,2,97.25,2022
2022-12-13 16:00:00,2022-12-13 17:45:00,long,1817.51,1809.047142857143,stop,-21.128627078156644,10100.655847367976,-1.0437204591492157,1.1367319378798022,6.1823092505064565,2.2183596346422054,0.9298737727910227,1.685010128291673,8.250168804861628,1,1.3091154492222172,0.049121202191582114,26.529837495062484,1,16,1,1,3,38.0,2022
2022-12-14 22:00:00,2022-12-15 03:00:00,long,1812.12,1803.0271428571427,stop,-21.0233289341604,10079.632518433817,-1.0406912804399058,0.4333071484681408,3.275098193244322,2.235182914516992,0.8058350100603568,2.186331500392782,0.1891594658287287,8,0.7090498180426271,0.3762506348934158,27.449340793622056,1,22,2,1,4,28.25,2022
2023-01-03 20:15:00,2023-01-04 10:30:00,long,1840.09,1864.6299999999999,target,59.565945714069926,10139.198464147887,2.954767726161377,0.1760391198044084,2.7432762836185445,1.9493636949735997,0.9621993127147339,0.7114914425428103,-0.2469437652811724,17,1.1169641199901166,0.45594486648785626,26.427882374953082,1,20,1,1,5,473.25,2023
2023-01-06 17:00:00,2023-01-12 15:30:00,long,1858.65,1891.1057142857144,target,50.09943578308309,10189.297899930969,2.470581671728502,1.1147497689159187,3.3313085963290496,2.299019812462777,0.8251214434420564,2.6639376733130926,3.880364452660758,4,0.8527247647364655,0.060855158187744784,29.471360547928132,1,17,4,1,0,54.5,2023
2023-01-12 15:45:00,2023-01-12 16:00:00,long,1899.55,1891.162857142857,stop,-21.277600451908306,10168.02029947906,-1.044115142224493,0.09538409129616908,5.8637370124340285,1.9514100233705576,0.7953394123606885,2.3536024527337487,3.650826094362104,28,1.535714286799655,0.3546141739700026,33.469570055824796,1,16,3,1,0,0.25,2023
2023-01-12 19:15:00,2023-01-16 04:45:00,long,1895.72,1927.4557142857143,target,54.117290827836094,10222.137590306897,2.6611517893315324,0.3327481431465211,2.6771100607697673,2.34111795891188,0.7266666666666879,0.5671843349088457,1.6637407157326056,28,1.535714286799655,0.3546141739700026,33.469570055824796,1,19,3,1,1,3.25,2023
2023-02-02 01:00:00,2023-02-02 15:45:00,long,1955.76,1944.26,stop,-21.102047512511746,10201.035542794385,-1.0321739130434755,0.2278260869565116,5.763478260869567,2.5001132297658524,0.9020100502512316,0.6921739130434795,5.097391304347802,1,1.1426145349346022,0.08974114896445062,39.43256236257725,1,1,3,1,0,404.25,2023
2023-02-02 19:45:00,2023-02-03 16:15:00,short,1912.14,1878.9857142857143,target,60.52315529255122,10261.558698086936,2.9665201654601834,0.3583247156152656,2.423216132368156,2.268926664141088,0.8871473354231595,0.5773009307135544,5.816442605997882,1,1.0290063749721734,-0.2971063561359122,39.43256236257725,0,20,3,0,1,4.0,2023
2023-02-03 18:15:00,2023-02-07 19:45:00,short,1866.12,1881.7685714285712,stop,-23.469640508657417,10238.089057578278,-1.1435709329925126,0.37575314953442457,2.687785283914555,3.1259984411387136,0.937735849056617,0.6773781267116993,6.302172722293264,6,2.036611568425013,0.4157960398997407,38.273773121602275,0,18,4,0,0,2.0,2023
2023-02-07 20:30:00,2023-02-08 09:15:00,short,1868.86,1878.9585714285713,stop,-21.226401644909647,10216.862655933368,-1.0366388456641609,0.26736454944124816,2.7964351393407507,1.8874018021185148,0.6666666666666972,0.9862781157165083,0.27528646201727713,19,0.7339224474007287,0.5381752237341497,34.68459151554847,0,20,1,0,1,0.75,2023
2023-03-10 17:15:00,2023-03-10 18:30:00,long,1864.0,1854.7,stop,-21.246679974811904,10195.615975958555,-1.0397849462365558,0.4408602150537543,6.492473118279591,2.5683829494485146,0.9087452471482853,1.1311827956989244,6.043010752688161,6,0.7396931528515249,0.11338920942847164,26.667007355912734,0,17,4,1,2,728.0,2023
2023-03-13 15:15:00,2023-03-15 11:15:00,long,1897.87,1888.87,stop,-23.657250259806972,10171.958725698749,-1.1601677777777817,0.9666666666666499,2.815555555555582,2.053835762415206,0.9771490750816061,2.042222222222191,4.284444444444453,11,2.297941402721595,0.7797037502611293,25.485174884149043,1,15,0,1,3,68.75,2023
2023-03-15 13:00:00,2023-03-15 19:15:00,long,1905.18,1930.7142857142856,target,60.1473826630355,10232.106108361784,2.9565290365894477,1.3628734474655888,3.2192010741859955,1.6486467945573102,0.8727097396335631,2.436723732796227,1.3628734474655888,23,0.6077680890138801,0.6704682116622784,26.247065464487203,1,13,2,1,4,1.75,2023
2023-03-15 19:30:00,2023-03-15 20:15:00,long,1935.49,1923.6557142857143,stop,-21.104027639723554,10211.00208072206,-1.0312650893288293,0.14872042491551915,2.896668276195072,2.093372923115791,0.6750902527075873,0.9362626750362143,2.0736359246740808,24,2.5089630871609736,0.6876968866946997,26.247065464487203,1,19,2,1,0,0.25,2023
2023-03-17 17:15:00,2023-03-17 21:15:00,long,1954.73,1979.5185714285712,target,60.35154168941277,10271.353622411474,2.9552213001383048,0.0726141078838068,4.99585062240669,1.2508723784155644,0.9839816933638585,1.0577455048409197,5.584024896265574,36,2.0783785561395303,0.5975851086739814,28.07651484858393,1,17,4,1,1,45.0,2023
2023-03-17 21:30:00,2023-03-20 04:00:00,long,1980.6,1971.07,stop,-25.959730766374378,10245.3938916451,-1.2636956977964329,0.05456453305351346,5.265477439664216,1.4037610386695383,0.7499999999999793,1.158447009443861,4.067156348373544,37,2.730630964374318,0.7183612547023932,28.07651484858393,1,21,4,1,0,0.25,2023
2023-03-20 10:00:00,2023-03-20 12:45:00,long,1995.19,1986.6971428571428,stop,-21.383489891931593,10224.010401753168,-1.0435660218671228,0.4898233809924648,4.738099243061349,1.283084294357604,0.6407766990291281,2.4255677039529333,5.065433137089967,40,2.7475183081025643,1.091548019401789,29.977065251995295,1,10,0,1,1,6.0,2023
2023-03-23 16:45:00,2023-03-24 21:15:00,long,1984.06,1975.54,stop,-23.907648323278845,10200.10275342989,-1.1691913145539867,0.8755868544600968,3.239436619718294,1.2414229147540878,0.900647948164139,2.1737089201877877,1.4201877934272171,6,1.0257947399660925,0.4676323255839998,32.93155261921253,1,17,3,1,2,76.0,2023
2023-03-27 15:45:00,2023-03-27 17:15:00,short,1945.61,1954.4871428571428,stop,-21.250487648198156,10178.852265781692,-1.0416800772449306,0.5632442870936586,2.266495011264921,1.2886897033834441,0.7934272300469616,1.4396523978114137,5.11425812681043,1,1.0903197590266698,-0.07583072465526808,34.54300415150695,0,16,0,0,3,66.5,2023
2023-04-04 17:00:00,2023-04-06 16:30:00,long,2016.49,2007.772857142857,stop,-23.724155574091487,10155.128110207601,-1.165364962307446,5.35725991478196,3.115699770567029,1.8590952829494314,0.9995843724023279,5.520157325466988,7.876433956079872,7,0.5021558509028522,0.22826000937905544,31.205554245247434,1,17,1,1,4,191.75,2023
2023-04-06 19:15:00,2023-04-06 23:00:00,long,2014.1,2006.1,stop,-21.24960557060932,10133.878504636992,-1.0462499999999957,0.029999999999972594,3.2950000000000026,1.628131791453771,0.6920152091254224,0.6575000000000246,-0.6150000000000067,19,0.6947506391181028,0.4422786604412643,31.4520428822436,1,19,3,1,5,2.75,2023
2023-04-17 17:45:00,2023-04-17 20:00:00,short,1985.21,1993.7528571428572,stop,-21.14557457873943,10112.732930058253,-1.0433110367893093,0.12173913043477891,5.817725752508367,1.7667816248309554,0.33279483037155533,1.4491638795986816,5.230100334448165,6,0.6494054610021763,0.24321895310861485,28.34285303030774,0,18,0,0,6,258.75,2023
2023-04-19 12:30:00,2023-04-19 16:15:00,short,1975.35,1984.1799999999998,stop,-21.072965562069143,10091.659964496184,-1.0419026047565043,0.2672706681766851,4.283125707814292,1.7795532043150037,0.45824847250510525,1.1121177802944187,5.968289920724837,17,1.3114918873914052,0.14463397608309725,26.136565207319997,0,12,2,0,7,40.5,2023
2023-04-21 16:45:00,2023-04-21 17:15:00,short,1973.82,1984.2985714285714,stop,-20.895996120077506,10070.763968376106,-1.0353101567825524,1.5784594410361168,3.027130197682354,2.07752236221988,0.9406071271447467,4.338377641445108,2.3400136332651535,3,0.5904289878455234,0.0663283256503,22.693898208157883,0,17,4,0,8,48.5,2023
2023-05-03 18:15:00,2023-05-03 21:30:00,long,2025.37,2017.032857142857,stop,-21.035403148475865,10049.72856522763,-1.0443797121316005,0.5853324194653445,3.0562028786840254,1.7750235241562238,0.6750572082379616,1.0483207676490462,2.362919808087704,6,0.8378698804073855,0.4610295853102686,14.91322160621559,1,18,2,1,9,289.0,2023
2023-05-03 23:45:00,2023-05-04 01:00:00,long,2038.96,2074.8957142857143,target,59.677529483579285,10109.406094711208,2.9691115086463813,0.5125819916517462,3.158974358974357,2.509974917712394,0.9474313022700062,1.3974955277280996,2.4927847346451997,8,1.8550777296005991,0.5037532588632931,14.91322160621559,1,0,2,1,10,2.25,2023
2023-05-04 17:15:00,2023-05-04 18:15:00,long,2054.77,2045.197142857143,stop,-21.000288440289314,10088.40580627092,-1.0386509476197483,1.5815549917922729,3.175645426055855,1.8359815812771327,0.9032749428789038,2.7431726607968994,3.2257871959409488,12,1.2862369362515245,0.6977435883336547,15.492673049328506,1,17,3,1,0,16.25,2023
2023-05-05 16:45:00,2023-05-05 18:45:00,short,2003.86,2014.9471428571428,stop,-20.850151930496907,10067.555654340422,-1.0333719881458634,0.10282180131429329,6.1981703388738465,2.0891662021308455,0.4265873015873227,0.9091611905682204,6.111583558819768,1,0.5015579592385284,-0.48003313623221633,17.11767276230738,0,17,4,0,1,22.5,2023
2023-06-01 18:00:00,2023-06-02 15:45:00,long,1978.83,1969.9071428571428,stop,-20.970044678669222,10046.585609661752,-1.0414665385846869,0.32052513608705885,3.9763048350944596,2.165804606004565,0.9322033898305052,0.7934678194044101,2.6807556836375346,1,0.5337283818591623,0.14311528087727066,18.648130457804797,0,18,3,1,2,647.25,2023
2023-06-14 23:45:00,2023-06-15 16:45:00,short,1940.58,1948.6785714285713,stop,-21.01116933994553,10025.574440321807,-1.0456870700300005,0.14076556711946397,2.9461986240959646,2.0892655185042437,0.4449339207048454,0.5605926971247174,3.5685306050450465,2,0.7311030575829882,0.1379049582775127,17.856115032853815,1,0,2,0,3,296.0,2023
2023-06-22 18:15:00,2023-06-23 15:15:00,short,1913.96,1922.5328571428572,stop,-20.916545907820197,10004.657894413987,-1.0431594734210963,0.2029661723045897,2.9255124145975477,2.2058698523921763,0.9343629343629071,1.208465255790712,3.1658056990501318,13,0.9106216539888573,0.29482279828451086,24.542105449858195,1,18,3,0,4,169.5,2023
2023-07-12 17:45:00,2023-07-17 15:45:00,long,1957.61,1948.7614285714285,stop,-30.53804072905891,9974.119853684928,-1.5261911527284482,0.058766548272519904,5.372618663222484,2.4728500671626517,0.8235294117646862,0.30739425250239993,5.275427833387145,12,0.8266361060122409,0.24017689648472285,35.02937649709234,0,18,2,1,5,458.5,2023
2023-07-18 17:00:00,2023-07-20 17:30:00,long,1976.5,1966.3542857142857,stop,-24.889274309536933,9949.230579375391,-1.2476927626020864,0.8870740636440413,2.223598986201058,2.8653609186745816,0.6625916870415686,1.612503520135181,2.651365812447199,36,0.8703651741424135,0.20531638915444184,26.601576720605156,1,17,1,1,6,25.25,2023
2023-09-29 18:15:00,2023-10-02 17:00:00,short,1854.84,1830.5228571428572,target,56.48358106689229,10005.714160442283,2.838590412407464,0.33803313359185283,5.8131829397250705,2.757573272340119,0.9187279151943443,0.6982728234050462,3.31371166725417,24,0.8563500912098371,0.5739628016702469,16.112933018527897,1,18,4,0,7,1704.75,2023
2023-10-09 03:45:00,2023-10-09 16:15:00,long,1852.35,1844.2242857142858,stop,-20.92263787347032,9984.791522568812,-1.0455344585091302,0.22644163150488597,1.4644866385372914,1.9964943763039,0.9770408163264939,0.9648382559775203,5.40014064697608,1,1.0181419064507522,-0.0952263785855556,30.519567464636726,0,4,0,1,0,154.75,2023
2023-10-13 15:30:00,2023-10-18 04:15:00,long,1910.98,1936.5442857142857,target,48.99752965359584,10033.789052222408,2.4536080469404795,0.9998323554065345,4.7198658843252534,2.3117242982957524,0.4338028169014128,3.3327745180217994,6.280637049455144,27,1.0608095409747196,0.31121038762749187,25.955923060843663,0,15,4,1,1,95.25,2023
2023-10-18 20:15:00,2023-10-18 23:45:00,long,1955.22,1947.15,stop,-20.98765293699062,10012.801399285418,-1.045848822800496,0.30978934324659474,3.908302354399035,1.9505668219770984,0.6292134831460796,0.8822800495662884,1.1598513011152665,47,1.9672094618895704,0.705006355121407,25.861806453779057,1,20,2,1,0,16.0,2023
2023-10-19 19:45:00,2023-10-20 17:00:00,long,1961.94,1988.044285714286,target,59.225284651691915,10072.026683937109,2.9574782465933382,0.1700870136266635,2.643244130684603,1.9914095737072555,0.9829642248722469,1.3492037432276809,1.641109834181594,53,1.8837455653118607,0.708296813738496,26.860925951358954,1,20,3,1,1,20.0,2023
2023-10-20 18:00:00,2023-10-20 19:45:00,long,1993.82,1985.317142857143,stop,-21.02061751812255,10051.006066418986,-1.0435147849462252,0.5927419354838691,4.252688172043011,1.7711144973051576,0.997555012224941,0.9620295698924578,2.1827956989247337,58,1.9384972192494823,0.912744859899961,28.167712258371697,1,18,4,1,0,1.0,2023
2023-11-28 18:15:00,2023-12-01 19:00:00,long,2036.19,2061.2014285714286,target,51.663235527135285,10102.669301946122,2.5700529472241223,0.23269362577108305,4.133310486634693,2.3666575423015628,0.5134529147982201,1.0699108978752132,5.018505825908183,36,0.9422413069108682,0.32609585994416435,22.356647672173104,1,18,1,1,1,934.5,2023
2023-12-01 19:45:00,2023-12-04 01:15:00,long,2067.24,2096.335714285714,target,55.3805622820189,10158.04986422814,2.7408876123140393,0.7093828251582656,4.155251141552552,2.4287504089878125,0.9154929577464443,0.878479893946045,6.1039917513624635,55,1.7150780703592063,0.34087440553765,26.92752172888535,1,20,4,1,0,0.75,2023
2023-12-08 18:45:00,2023-12-13 21:30:00,short,2002.24,2014.1271428571429,stop,-24.957709584635772,10133.092154643504,-1.228469534911669,0.052157192645105564,2.045907943756773,1.9372844608064268,0.6976047904191569,0.5619516884989645,4.246604975363538,3,0.6105301120186409,0.084344688077298,36.986439087097,0,19,4,0,0,113.5,2023
2023-12-13 23:45:00,2023-12-20 23:45:00,long,2027.48,2030.91,time_stop,-7.303812990237955,10125.788341653266,-0.36039408695651565,0.009739130434773726,4.14237681159419,2.855168475629695,0.9142857142857839,0.22724637681157148,7.367652173913041,1,1.3663489308073893,-0.22418209887035134,35.43451412911031,1,0,2,1,1,2.25,2023
2024-01-17 17:15:00,2024-01-18 14:30:00,short,2008.82,2016.9299999999998,stop,-21.17550804863602,10104.61283360463,-1.0456226880394497,0.43896424167693715,4.532675709001279,1.836218991028336,0.9088319088319268,0.8655980271270051,4.143033292231819,8,0.7185267867290701,0.2894727952284515,36.31601663667049,0,17,2,0,2,665.5,2024
2024-02-13 16:30:00,2024-02-15 16:30:00,short,1997.58,2005.802857142857,stop,-23.424718512345503,10081.188115092284,-1.159110145934665,0.6080611535788748,7.690757470465637,2.6139971767982773,0.6535714285714538,1.3620569840166574,7.177553856845035,15,1.0650411224941774,0.18211410615661672,17.229789627893666,1,16,1,0,3,626.0,2024
2024-03-01 18:00:00,2024-03-04 16:30:00,long,2073.52,2098.402857142857,target,54.37828985145903,10135.566404943742,2.6970179125043163,0.6221150533930271,6.115053393041741,2.773384710001121,0.864919354838696,1.1960041336548544,4.603169135377253,13,0.7246985593401292,0.23389837405849434,15.756812270046876,1,18,4,1,4,361.5,2024
2024-03-04 18:00:00,2024-03-06 16:30:00,long,2115.67,2141.7400000000007,target,57.45079306064301,10193.017198004385,2.8341185270425884,1.4706559263520684,6.3981588032220005,2.7366179546971763,0.9718826405867959,1.8826237054085426,7.675489067893947,19,1.8660043894235454,0.7762194221313523,18.00214055195001,1,18,0,1,0,1.5,2024
2024-03-06 20:15:00,2024-03-06 21:00:00,long,2150.75,2141.5685714285714,stop,-21.207565889484002,10171.8096321149,-1.0402987396919174,0.1720865100357774,2.404854519993752,2.1546718221147048,0.9327354260089283,0.9715263731134289,2.529018204449987,32,2.2632637448455712,0.8623818830957308,23.95321926254356,1,20,2,1,0,3.75,2024
2024-03-08 18:30:00,2024-03-12 15:30:00,long,2177.68,2163.2085714285713,stop,-25.38267350834127,10146.426958606558,-1.2476970384995183,0.016584402764052236,1.9141164856860906,2.7863574839805927,0.7499999999999225,0.6080947680158143,1.4345508390917754,43,1.9366969645127745,0.7853762637462625,29.967343973056277,1,18,4,1,1,45.5,2024
2024-03-21 01:00:00,2024-03-21 17:15:00,long,2193.24,2180.4785714285713,stop,-20.881217195457314,10125.5457414111,-1.0289936191648787,0.7021157505876334,4.145303929251095,3.103914060068211,0.9456681350953967,1.0672786297996009,5.555804321056675,1,1.1937105087502924,0.04490308679467869,39.977537906457265,1,1,3,1,2,201.5,2024
2024-03-28 19:15:00,2024-04-01 02:45:00,long,2219.06,2247.0671428571427,target,52.97768891410617,10178.523430325207,2.6160411629686227,0.462739097169059,3.1513389441469135,1.7906991878829692,0.9525691699604313,1.0840091813313804,1.6645753634276954,19,1.4964936792547208,0.34534189794106496,44.424713431813586,1,19,3,1,3,170.0,2024
2024-04-01 03:00:00,2024-04-01 17:00:00,long,2247.38,2237.4957142857143,stop,-21.119075352760593,10157.404354972447,-1.037433155080227,0.016187310304942627,5.588668882786595,1.9284473743346267,0.534954407294836,1.3314062725827274,5.362046538517123,21,2.0486845321642075,0.4948436229283537,45.91667605456451,1,3,0,1,0,0.25,2024
2024-04-02 16:45:00,2024-04-02 18:00:00,long,2265.14,2256.904285714286,stop,-21.227477479394143,10136.176877493052,-1.0449262792714589,0.20156114483953577,2.6834345186470006,1.4558034854687576,0.7247386759581904,1.3939288811795094,1.0830875975715852,31,1.6603349872948512,0.7402587188876542,47.669328611174585,1,17,1,1,1,23.75,2024
2024-04-02 20:30:00,2024-04-03 19:30:00,long,2262.74,2294.1671428571426,target,60.101046043010385,10196.277923536061,2.964680212736924,0.06491204145637046,2.2146461202781653,1.7829919153850857,0.6289308176100054,0.6071185053866608,0.1565525705713332,32,1.6639237160171172,0.7567908312540617,47.669328611174585,1,20,1,1,2,2.5,2024
2024-04-03 21:30:00,2024-04-04 14:45:00,long,2297.17,2288.805714285714,stop,-21.294634747907907,10174.983288788153,-1.0442356959863517,0.3945345858241025,3.5269000853970853,1.2937219225193912,1.0,0.6695132365499987,3.2112724167378905,38,2.257332590119404,0.8776522713205059,49.458752010976845,1,21,2,1,0,2.0,2024
2024-04-04 17:15:00,2024-04-04 19:15:00,long,2297.44,2288.747142857143,stop,-21.21613606707365,10153.767152721079,-1.04256368118323,0.7914543960558887,2.5814297452752246,1.3353541033747307,0.9930795847750931,1.3298274445357916,0.7684470008217272,43,1.3454020273169123,0.837519601737502,51.31017239941164,1,17,3,1,1,2.5,2024
2024-04-05 16:45:00,2024-04-08 05:15:00,long,2299.74,2332.045714285714,target,56.183511923731245,10209.95066464481,2.766633855133992,0.10029185460333677,3.5009286282833636,1.5351840592444914,0.5947643979057307,1.7736800212258312,1.625099495887511,49,1.0440207200614202,0.4229759308586267,53.06986427679487,1,17,4,1,2,21.5,2024
2024-04-08 05:30:00,2024-04-08 15:00:00,long,2344.65,2331.611428571429,stop,-20.999363851946036,10188.951300792864,-1.0283773419524438,1.7532595595486544,4.65541799057744,1.7999391112960692,0.6511363636363635,4.049523392133286,5.511339980278396,52,1.2860107746398948,0.6104482582861781,54.91133568972459,1,5,0,1,0,0.25,2024
2024-04-08 20:15:00,2024-04-09 11:30:00,long,2332.11,2358.338571428572,target,60.271309639102306,10249.222610431965,2.9576797385621143,0.12581699346409334,1.6607843137254288,1.1397992314425722,1.0,0.7937908496732574,-0.1486928104575365,56,1.6588459303604937,0.8399431167480209,54.91133568972459,1,20,0,1,1,5.25,2024
2024-04-09 17:00:00,2024-04-09 17:30:00,long,2361.42,2351.3357142857144,stop,-21.250548537510024,10227.972061894456,-1.0366907493979387,0.09718090381078602,3.012608018132924,1.3199954186304224,0.8958031837916332,1.3704490721065168,0.3173254001983138,61,1.8485378454884218,0.8206783609131962,56.78597722036947,1,17,1,1,0,5.5,2024
2024-04-11 19:30:00,2024-04-11 23:15:00,long,2347.76,2376.114285714286,target,60.56703286591653,10288.539094760372,2.960852478839198,0.2031438935913034,3.064087061668714,1.1609533791497817,0.8947368421052725,1.0855501813785096,1.7626964933495528,73,0.6708609065759864,0.22953201143445234,59.21488335837023,1,19,3,1,1,50.0,2024
2024-04-12 16:30:00,2024-04-12 18:00:00,long,2402.53,2429.062857142857,target,60.870394114502304,10349.409488874875,2.958165078339532,0.6083023744144953,2.1437570667097807,1.0824289961939526,0.8340929808569059,2.4806977871103184,1.5806816346309962,79,2.1616860780683043,0.7889218515658047,59.97702764488816,1,16,4,1,0,17.25,2024
2024-04-16 01:00:00,2024-04-16 09:30:00,long,2387.74,2378.452857142857,stop,-21.52346043525461,10327.88602843962,-1.0398400246116122,0.05168435625283735,4.436240578372555,1.0301568337585878,1.0,1.5289955391478094,6.869712351945801,6,1.3652358637632496,0.2146120727548162,61.734770110198475,1,1,1,1,0,79.0,2024
2024-04-16 16:15:00,2024-04-16 16:30:00,long,2378.57,2369.7985714285714,stop,-21.52708231139595,10306.358946128224,-1.0421824104234598,0.08664495114008927,2.214006514657969,0.9505566684588588,0.9146005509642049,1.6553745928339114,2.4830618892508673,10,0.8060926724209749,0.4006384347720937,61.734770110198475,1,16,1,1,1,6.75,2024
2024-04-16 17:45:00,2024-04-17 19:30:00,long,2382.83,2369.2571428571428,stop,-22.801898744609417,10283.557047383614,-1.106205346805594,0.5363645932006931,2.314914219555825,1.4625065300778115,0.9539666993143728,1.5044732133459582,1.8758025471002946,10,0.8060926724209749,0.4006384347720937,61.734770110198475,1,18,1,1,2,1.25,2024
2024-04-18 16:15:00,2024-04-18 16:30:00,long,2390.84,2382.7085714285713,stop,-21.50296837279718,10262.054079010817,-1.0455024595924254,0.6813070976809394,2.216092761770922,0.8855164313314583,0.9366515837104145,2.174279690794095,2.963808854532671,4,0.671209955309486,0.10800677427060812,62.54521618848298,1,16,3,1,3,20.75,2024
2024-04-19 19:45:00,2024-04-19 22:45:00,long,2399.6,2389.5414285714287,stop,-21.279078192523095,10240.775000818294,-1.036784547649462,0.7158074137196254,2.065899730151946,1.0354782937991303,1.0,0.8768640818065344,3.6048856696492266,11,1.0087083412218034,0.20174743410332763,62.69422290623215,1,20,4,1,4,27.25,2024
2024-04-22 15:45:00,2024-04-23 04:45:00,short,2336.83,2304.8971428571426,target,60.732702420635746,10301.507703238929,2.965239565159027,0.09206817876799421,4.445577774795262,1.225785334706568,0.5773542600896916,1.6760166420614666,4.261441417259444,3,1.534828139589722,0.04336652135121799,63.11625494773192,0,16,0,0,5,65.0,2024
2024-04-23 09:30:00,2024-04-23 10:15:00,short,2299.67,2308.022857142857,stop,-21.515651115435606,10279.992052123493,-1.0442962202838912,0.38070805541307146,3.215666153583031,0.9793296594280619,0.8506151142355183,1.3624080725158485,2.6362237044638004,7,2.410278486906493,0.6379969703460997,61.24290926652607,0,9,1,0,0,4.75,2024
2024-04-23 12:00:00,2024-04-23 15:00:00,short,2297.27,2306.365714285714,stop,-21.396333386954396,10258.595718736538,-1.0406784985079172,0.3408198523637902,2.724359981152788,1.0615595911542246,0.8415977961432429,1.5963562117167103,3.076174022302546,8,2.349196786544226,0.7499248501268596,61.24290926652607,0,12,1,0,1,1.75,2024
2024-04-24 21:15:00,2024-04-25 14:15:00,short,2321.53,2329.76,stop,-21.43959251060336,10237.156126225935,-1.0449574726609796,0.07290400972046701,2.1093560145808348,0.9827504773764769,0.9051383399208627,0.6148238153098796,0.11907654921015137,16,0.7695935661367524,0.42069357369955984,58.293697307056696,0,21,2,0,2,30.25,2024
2024-04-30 17:00:00,2024-05-01 17:00:00,short,2300.77,2310.23,stop,-22.290530921890863,10214.865595304043,-1.0887071881606911,0.43340380549687146,2.3572938689217224,1.4300554779966193,0.8301415487094085,2.539112050739933,3.4714587737844047,5,1.1425177096889938,0.15974848332446223,49.26369306487545,0,17,1,0,3,122.75,2024
2024-05-02 15:45:00,2024-05-02 17:45:00,short,2294.46,2302.9128571428573,stop,-21.32398509940805,10193.541610204635,-1.0437721818489254,0.15379415244213726,2.1720466452593805,1.267668246699337,0.9129239230064317,2.5813756971437853,2.2524928173060603,2,0.9171112231140157,0.11511313667206258,43.009508156388335,0,16,3,0,4,22.75,2024
2024-05-09 17:00:00,2024-05-10 09:45:00,long,2333.17,2366.572857142857,target,60.48377281312838,10254.025383017763,2.9667693097254237,0.7005388760585224,3.1003335899409357,1.8287618198456121,0.8399999999999908,2.110597895817294,4.537336412625132,1,0.5327683736826831,0.009247213193774861,30.596060906671237,1,17,3,1,5,167.25,2024
2024-05-15 18:00:00,2024-05-20 03:45:00,long,2380.66,2425.912857142857,target,55.19396825775384,10309.219351275517,2.6913317549010314,0.2399848470499035,3.582536225021317,2.697246300301424,0.8600451467268376,1.1747324557249943,2.105502415001381,9,1.1132041862360185,0.3449408958730915,27.83740832232602,1,18,2,1,0,128.25,2024
2024-05-20 04:00:00,2024-05-20 15:00:00,long,2434.2,2424.5971428571424,stop,-21.412871255952332,10287.806480019564,-1.0385301993454532,1.6057720916393947,2.0952097590002783,1.6842369006232563,0.5787401574803042,3.1740553406723615,3.719726271942792,24,2.0270685881835577,0.5600730323907843,29.322721930387026,1,4,0,1,0,0.25,2024
2024-05-20 18:00:00,2024-05-21 06:15:00,long,2424.74,2410.072857142857,stop,-21.094662707448048,10266.711817312116,-1.0252264536865554,0.15544949839289254,2.222655108600341,2.2931945797117375,0.9424242424242212,0.44998539008470195,-1.2913217103341195,27,1.1534906773471632,0.7954272834435283,29.322721930387026,1,18,0,1,1,3.0,2024
2024-05-21 18:00:00,2024-05-21 18:45:00,long,2431.78,2422.8357142857144,stop,-21.382833748243396,10245.328983563873,-1.0413671937390343,0.029068838843659756,2.502156205079086,1.2924306743279126,0.5357142857143038,1.001756907842207,2.810733109726932,33,1.1573017842517812,0.5110845029899336,30.674548906953156,1,18,1,1,2,11.75,2024
2024-05-23 16:45:00,2024-05-23 23:15:00,short,2358.69,2330.562857142857,target,60.66333754400349,10305.992321107877,2.9605363400883946,0.3818375742800465,1.9966478744476852,1.305766488709088,0.28113879003557973,2.39768398598197,1.136980039616012,6,1.3349769171410895,0.42726257388463473,31.537131570017547,0,17,3,0,3,46.0,2024
2024-05-24 18:15:00,2024-05-27 05:45:00,short,2334.84,2343.4471428571433,stop,-23.745136308731983,10282.247184799146,-1.1520063070539637,0.14406639004146735,2.765145228215768,1.134062500490177,0.808641975308606,1.5057261410788312,1.3663070539418183,12,1.5225868061248202,0.8054166507907246,29.53857566968825,0,18,4,0,0,19.0,2024
2024-05-31 20:15:00,2024-06-03 17:00:00,short,2325.06,2336.1685714285713,stop,-22.986529528351408,10259.260655270795,-1.117777520576132,0.4789094650205514,1.879629629629645,2.0240632996990673,0.8830275229357853,1.5699588477366762,5.217592592592612,1,0.6645700134019012,0.093670806015278,22.075179197715343,0,20,4,0,1,110.5,2024
2024-06-07 16:45:00,2024-06-12 15:30:00,short,2309.42,2323.9557142857143,stop,-23.689920428042953,10235.570734842751,-1.1545627518427473,0.5751351351351126,3.5388697788698136,2.3438253590962166,0.6450839328537059,1.7212776412776087,4.111253071253086,2,1.3731151803801034,-0.21615859130528214,17.020790638544796,0,17,4,0,2,95.75,2024
2024-06-20 16:45:00,2024-06-21 16:45:00,long,2349.27,2341.1114285714284,stop,-24.0881172353966,10211.482617607355,-1.176686569777619,0.9879180528804373,2.4293468744527305,1.5912981542014482,0.9741518578352418,1.5174225179478058,3.5986692348099103,12,0.5189997982288667,0.15086572376854512,12.646564955676306,1,17,3,1,3,193.25,2024
2024-06-21 20:00:00,2024-06-24 11:00:00,short,2321.13,2332.577142857143,stop,-22.757188077482105,10188.725429529874,-1.1142940222139028,0.3773867465368538,2.671408960439291,2.212890230578436,0.7666666666666518,0.8910520404342822,7.409709222513422,1,0.5431384752683248,-0.3772165314809728,12.593949408632374,0,20,4,0,4,3.25,2024
2024-06-26 16:15:00,2024-06-27 11:30:00,short,2296.73,2305.7657142857142,stop,-21.21187928158838,10167.513550248284,-1.0409486166007682,1.3169960474307707,3.3422924901186093,1.7834463750101612,0.9934210526315553,1.682213438735234,4.54197628458491,10,0.7288872335562195,0.23014360733104589,11.252014360870591,0,16,2,0,5,53.25,2024
2024-07-03 16:30:00,2024-07-05 16:30:00,long,2357.42,2381.437142857143,target,54.621849527246106,10222.13539977553,2.6860967166309933,0.3172733761598815,3.432548179871582,1.6306528200524042,0.9488428745432314,2.051034975017855,3.4375446109922057,5,0.9085936644270718,0.1531011854069675,8.853751493965172,1,16,2,1,6,149.0,2024
2024-07-05 20:00:00,2024-07-08 09:30:00,long,2388.7,2380.2828571428568,stop,-26.548107015315118,10195.587292760216,-1.298559742023085,0.08791581805835685,2.4212491513916903,1.7094746564168612,0.821212121212087,0.784114052953187,2.8251866938220545,18,1.5589538454869853,0.4036675625627151,10.369305201995136,1,20,4,1,0,3.5,2024
2024-07-11 15:30:00,2024-07-11 16:30:00,long,2407.66,2399.5385714285712,stop,-21.320165652828923,10174.267127107387,-1.0455584872471329,5.79947229551436,1.3692172383464927,1.7342087418407195,0.976505625413632,7.44204045734373,6.282145998240836,10,0.6225395320036636,0.22895516505843094,16.56619089153145,1,15,3,1,1,78.0,2024
2024-07-11 17:45:00,2024-07-12 10:15:00,long,2417.77,2401.927142857143,stop,-20.82376151948453,10153.443365587902,-1.0233543733092876,0.6059513074842425,4.395671776375073,3.271589497627349,0.9759615384615595,1.050315599639277,4.481514878268707,11,1.5428354230733288,0.291814166567983,16.56619089153145,1,18,3,1,2,1.25,2024
2024-07-12 17:00:00,2024-07-15 18:15:00,long,2409.19,2437.368571428571,target,53.171085853428416,10206.61445144133,2.6183770342205337,0.7452471482889838,3.032091254752944,1.75308303203373,0.7635605006954373,1.5309505703422381,1.5394676806083902,17,0.6615281209749515,0.5454219951062544,19.051598748556998,1,17,4,1,3,6.75,2024
2024-07-16 16:30:00,2024-07-17 03:30:00,long,2445.91,2472.691428571429,target,60.39362713338021,10267.00807857471,2.958553368538953,0.42790846535441623,3.2552408385341502,1.6959021013893643,0.9156862745097899,2.285165626500157,0.7101936309809602,29,1.1646007583798526,0.5104198541447502,23.923055183479253,1,16,1,1,0,22.25,2024
2024-07-17 16:45:00,2024-07-17 17:00:00,long,2482.98,2473.9842857142858,stop,-21.37859455713397,10245.629484017576,-1.0411306971573842,0.5491503890741236,2.8680323963792786,1.555283640027272,0.9441624365482172,1.7519453708115402,1.7408289661743708,35,1.9279416042640214,0.8927512336986965,26.77316398920745,1,17,2,1,0,13.25,2024
2024-07-22 17:15:00,2024-07-22 20:15:00,short,2386.63,2396.25,stop,-21.279384312959305,10224.350099704618,-1.0384615384615248,0.44906444906441784,2.648648648648692,1.45387746987394,0.9950310559006255,1.6735966735966132,3.833679833679837,10,1.2280396092268246,0.4531487258423783,31.02862918588589,0,17,0,0,1,120.25,2024
2024-07-25 04:30:00,2024-07-26 17:00:00,short,2377.78,2386.808571428571,stop,-22.34932599409836,10202.000773710519,-1.092946044303786,1.7477848101266094,3.4468354430380717,1.491020992549276,0.6132978723404209,4.164556962025388,4.388291139240633,2,0.6589068038169658,0.059560367308741924,29.1135033599323,0,4,3,0,2,56.25,2024
2024-07-31 22:15:00,2024-08-01 11:30:00,long,2442.21,2433.832857142857,stop,-21.305201479341886,10180.695572231178,-1.0441678035470818,1.5088676671214378,3.43553888130961,1.2255769166294217,0.852365415986951,2.927012278308226,5.16643929058653,7,1.1000782696837306,0.38325215428234305,23.527668030510807,1,22,2,1,3,125.25,2024
2024-08-02 05:45:00,2024-08-02 17:30:00,long,2455.57,2445.8700000000003,stop,-21.138062765436423,10159.557509465742,-1.038144329896894,0.14432989690727352,4.096907216494845,1.5034527933721045,0.981060606060624,1.0886597938144802,2.1402061855670445,15,1.2267147082605245,0.5330670158555595,24.27815679314287,1,6,4,1,4,18.25,2024
2024-08-06 16:00:00,2024-08-06 17:00:00,short,2391.34,2400.44,stop,-21.1452768383821,10138.41223262736,-1.0406593406593188,0.10989010989010863,5.252747252747112,1.0196438849712701,0.7653157398680295,2.331868131868133,4.58681318681311,8,1.1034626857376668,0.26183418725372887,22.352579999486522,0,16,1,0,5,94.5,2024
2024-08-12 18:00:00,2024-08-14 16:15:00,long,2459.01,2450.801428571429,stop,-23.837644455584268,10114.574588171774,-1.1756103376261497,0.3557257222415651,3.757048381482756,1.1261845419118053,0.9774193548387312,1.510616080751881,4.081099895579499,13,1.0055740730603806,0.3319788546855884,18.030680736164072,1,18,0,1,6,145.0,2024
2024-08-16 15:45:00,2024-08-16 17:15:00,long,2491.65,2483.0257142857145,stop,-21.097022231946006,10093.477565939827,-1.0429021036938801,3.483187013417262,3.0054662912042542,1.4864218125075983,0.9593495934959485,4.563856219976779,6.787808514162671,6,1.5725706373179573,0.23107993002153826,17.99068079592739,1,16,4,1,7,47.5,2024
2024-08-16 20:15:00,2024-08-19 14:00:00,long,2499.3,2488.4714285714285,stop,-24.87180412790364,10068.605761811923,-1.232073087071243,0.26781002638527085,2.927440633245324,1.7779923600669383,0.9348198970841065,1.0767810026384936,2.0889182058047933,7,1.6275346763721463,0.32196092880487637,17.99068079592739,1,20,4,1,8,3.0,2024
2024-08-19 17:00:00,2024-08-20 12:15:00,long,2497.53,2524.8128571428574,target,59.592354365936465,10128.19811617786,2.959315111530018,0.36286522148918204,2.251963556393397,1.4508375238409046,0.5939278937381631,1.158969525604774,0.23091423185677948,12,0.9268661237272084,0.6374381314160571,18.507443755147033,1,17,0,1,9,3.0,2024
2024-08-20 21:15:00,2024-08-21 16:30:00,long,2514.25,2503.825714285714,stop,-20.975377543056414,10107.222738634804,-1.0354940386460378,0.19185966835686072,2.3809784843086135,1.5892114243400723,0.9142857142856623,0.33575441962450625,-1.7248184185281359,19,0.9993312155023909,0.5468875541480456,18.996088529503375,1,21,1,1,0,9.0,2024
2024-08-30 20:15:00,2024-09-02 11:45:00,short,2495.13,2505.8528571428574,stop,-22.68089329461767,10084.541845340187,-1.1220141220357238,0.08020250466290633,3.5438316013855826,1.849144222656072,0.771764705882293,0.7926991739941435,3.7788435917932137,1,0.5557373089637513,-0.06306628182135565,19.180381444306573,0,20,4,0,1,219.75,2024
2024-09-12 16:00:00,2024-09-13 06:30:00,long,2538.13,2568.335714285715,target,59.76607730985536,10144.307922650043,2.9632519863791216,0.5601589103291965,4.4256526674232735,1.8527439234770744,0.7859237536656842,4.06413166855841,3.9608399545970077,13,0.6891351741723459,0.12505327882204043,13.152146844891003,1,16,3,1,2,244.25,2024
2024-09-20 18:30:00,2024-09-24 21:15:00,long,2622.33,2655.4457142857145,target,52.308163461324945,10196.616086111368,2.5782026659764608,0.6848712307492706,2.8844312152193576,1.8244316113608987,0.9545056867891523,2.0709201501229044,1.3896725766791822,9,1.5181012905243538,0.43702396873435134,18.82130827537822,1,18,4,1,0,180.0,2024
2024-09-25 20:30:00,2024-09-27 17:45:00,long,2661.89,2653.575714285714,stop,-23.92895960796233,10172.687126503406,-1.173377491408917,0.24776632302399063,2.6917525773195674,1.280165409688686,0.60915492957744,0.6831615120275178,-0.08900343642619886,28,1.1198174520709334,0.6319592629743909,22.72278174953706,1,20,2,1,0,23.25,2024
2024-10-17 16:45:00,2024-10-18 08:30:00,long,2688.8,2713.0228571428565,target,60.10380642293911,10232.790932926346,2.954175513092685,0.0966029723992342,3.7848549186129095,1.3990986433235775,0.6867749419953768,1.0675866949752426,2.3085633404105708,29,0.7559946357755705,0.33093650265816343,25.54063816479647,1,17,3,1,1,479.0,2024
2024-10-18 17:15:00,2024-10-22 17:45:00,long,2717.06,2742.0414285714287,target,49.953616852751665,10282.744549779098,2.4408598387373712,0.0072053525475456355,2.889346371590374,1.4580390117360453,0.5062344139650536,0.9631154571967186,1.227311717275722,35,1.3151710445149134,0.5093282753159789,26.343547953054163,1,17,4,1,0,8.75,2024
2024-10-29 17:00:00,2024-10-31 16:45:00,long,2765.89,2757.368571428571,stop,-24.044407915037436,10258.700141864061,-1.1691629505448513,0.4388935456831221,3.790444258172661,1.4658173062893733,0.8504201680671787,1.3964794635373523,3.7458507963117937,13,0.5253754413781621,0.24886031045900925,34.79087270103504,1,17,1,1,0,167.25,2024
2024-11-06 13:15:00,2024-11-06 15:30:00,short,2711.1,2674.264285714286,target,60.93393364077289,10319.634075504833,2.9698662012798076,0.8681791739383308,2.355322862129168,1.8283659976041728,0.9961013645224208,1.6712041884817233,2.3699825479930663,2,0.7365950219598637,0.09173676682250331,34.65350192235963,0,13,2,0,1,140.5,2024
2024-11-11 14:45:00,2024-11-11 16:00:00,short,2657.21,2631.8857142857146,target,61.01315553593415,10380.647231040768,2.956168556439313,0.15874090370622893,4.120155694702986,1.0646239403757678,0.9014869888475484,1.2746657640887107,2.911829412760203,20,1.221614063119946,0.3792458389838327,31.77764377940024,0,15,0,0,0,119.25,2024
2024-11-11 16:30:00,2024-11-13 19:00:00,short,2620.02,2582.764285714286,target,60.09660829162058,10440.743839332388,2.8946464971816246,1.1804900494650772,5.760727021741639,1.5540668630429741,0.78551269990591,1.7119521454043691,7.806050845507862,21,2.269178064549316,0.502660425346646,31.77764377940024,0,16,0,0,0,0.5,2024
2024-11-13 19:15:00,2024-11-14 11:45:00,short,2578.79,2538.1742857142854,target,62.073786101439914,10502.817625433829,2.97267067637439,0.1344307270232975,4.467236467236482,1.6801608891006612,0.807692307692293,0.8834019204389562,4.439168513242594,33,1.325560910104734,0.7636728850591079,33.59201368324666,1,19,2,0,0,0.25,2024
2024-11-15 18:30:00,2024-11-18 02:45:00,short,2563.17,2575.694285714286,stop,-23.19997299204311,10479.617652441786,-1.1044642409033933,0.17565872020073908,1.8795483061480607,1.6201513290087268,0.8720173535791477,0.736169727386815,0.645146572373671,45,1.3960100520488414,0.6785506631766358,36.40232210339317,1,18,4,0,0,30.75,2024
2024-11-19 19:15:00,2024-11-20 09:45:00,long,2632.58,2622.542857142857,stop,-21.73185727242795,10457.885795169359,-1.036863079988627,0.3068602334187242,2.0185027042414174,1.3471905368141717,0.8589743589743156,0.777113578138364,0.45231995445487977,8,1.1717068353850744,0.33451872804708405,37.66767777018771,0,19,1,1,1,40.5,2024
2024-11-20 16:30:00,2024-11-21 13:15:00,long,2645.67,2672.4385714285713,target,61.880010121336255,10519.765805290695,2.9585334614152834,0.8226064681396251,3.3487031700288283,1.2492109305956465,0.9341825902335578,2.1114313160422817,4.805635606788353,14,0.8519217644542821,0.35555487082401527,36.63943131770879,0,16,2,1,2,6.75,2024
2024-11-21 19:45:00,2024-11-22 10:15:00,long,2671.84,2699.6928571428575,target,62.28012142242866,10582.045926713125,2.960147715033075,0.27573472841979707,1.9839975380827686,1.3699481974504688,0.7325905292479116,0.77334974611481,1.376519464533061,21,1.518692265985781,0.5790071918323703,35.178103387362384,1,20,3,1,0,6.5,2024
2024-11-22 11:30:00,2024-11-22 15:15:00,long,2704.92,2696.3971428571426,stop,-22.08288162715073,10559.963045085973,-1.0434126718069283,1.0512906469996557,2.3348977539390217,1.2987923600342866,0.8034055727554219,3.0318471337579402,4.573583640630235,24,1.742691880337097,0.6426953504691912,33.275579278417524,1,11,4,1,0,1.25,2024
2024-11-22 17:30:00,2024-11-25 04:45:00,long,2704.97,2693.165714285714,stop,-25.6161572004454,10534.346887885527,-1.2128904756141998,0.14401549074184572,3.3360764855379452,1.7451703814194188,0.9836065573770023,1.2402275202711142,0.3930775747306775,26,1.701300795228164,0.7076927943275635,33.275579278417524,1,17,4,1,1,2.25,2024
2024-11-25 20:00:00,2024-11-26 15:00:00,short,2623.11,2635.7985714285714,stop,-21.683058973690645,10512.663828911836,-1.0291600990767689,0.21278991218192517,2.354875028146806,1.6912786502332098,1.0,0.8527358702994532,5.980184643098368,1,1.1684543330409125,-0.29029411988445997,31.39719261125967,0,20,0,0,2,15.25,2024
2024-11-26 20:00:00,2024-11-26 21:45:00,short,2620.54,2628.6471428571426,stop,-21.984897677801378,10490.678931234035,-1.0456387665198,1.0928634361233076,1.9340969162995953,0.9988702205765044,0.956896551724176,1.1446696035241977,2.8444052863436613,7,0.8768476821721504,0.3990333533469226,29.871158151486558,1,20,1,0,3,5.0,2024
2024-12-09 16:30:00,2024-12-09 19:45:00,long,2672.48,2664.29,stop,-21.92923361449688,10468.749697619538,-1.0451770451770612,0.7789987789987994,3.9047619047618873,1.2179673015188666,0.9683544303797742,1.5433455433454863,4.01709401709401,2,0.8306963338613291,0.06720753085909248,19.539440781883364,0,16,0,1,4,306.75,2024
2024-12-10 15:45:00,2024-12-11 16:45:00,long,2680.38,2705.5028571428575,target,59.20841590539299,10527.958113524932,2.8278647219379134,0.21494370522008188,2.3190037529853242,1.266866543090883,0.6848249027237489,1.2275673831456464,3.665984305697671,8,1.074663896043095,0.3116123871464982,18.146556152701564,1,16,1,1,5,20.0,2024
2024-12-11 17:00:00,2024-12-12 03:30:00,long,2712.41,2703.1571428571424,stop,-21.89789280614647,10506.060220718786,-1.0399876486027686,1.1888219854870918,3.516751582522721,1.3426703893967187,0.8817480719794212,1.6816427358344133,3.8885286398022774,14,1.2901378913945432,0.5486866918458899,17.407188303506434,1,17,2,1,0,0.25,2024
2024-12-12 06:15:00,2024-12-12 15:00:00,long,2712.89,2704.5014285714287,stop,-21.938915263360176,10484.121305455426,-1.04410762942777,0.3337874659400799,1.8692098092642522,1.2191478041965191,0.8872727272727471,0.6556539509536857,-1.9121253405994718,17,1.3251306256722228,0.5805446438506001,17.384277044522428,1,6,3,1,1,2.75,2024
2024-12-13 16:30:00,2024-12-18 21:00:00,short,2657.69,2632.9657142857145,target,55.99493043519575,10540.116235890622,2.670463685214073,0.31062575836360823,3.39989599583991,1.1715400451334252,0.9295238095238303,1.2740509620384903,2.800485352747454,2,0.6778754739860627,0.03164781149262996,17.48434479673046,0,16,4,0,2,25.5,2024
2024-12-18 21:45:00,2024-12-19 03:45:00,short,2604.47,2616.1528571428566,stop,-21.747850496993827,10518.368385393629,-1.0316703350452268,1.6793837123992026,4.396184886280274,1.9225210461847817,0.9672131147540979,2.5062362435804153,5.775984348251496,21,0.7981624344965585,0.2249462602013086,14.636168082991029,1,22,2,0,0,0.75,2024
2024-12-19 15:45:00,2024-12-20 09:00:00,short,2596.35,2605.6185714285716,stop,-21.876520189966623,10496.491865203663,-1.0399198520345385,0.29993834771883343,5.224106041923477,1.4255841972849375,0.8806306306306383,1.9161528976572066,5.187422934648493,26,1.7653220559114853,0.6141332156869073,14.965192438255544,1,16,3,0,1,12.0,2024
2024-12-30 15:45:00,2024-12-31 10:30:00,short,2606.69,2615.171428571429,stop,-21.908796899714616,10474.58306830395,-1.0436247262927554,1.3629779349839306,2.3793161529392153,1.6997215800511116,0.9654747225647108,1.912413676941235,1.4384369210038441,3,0.5926048488873578,0.09423124678978878,14.309930610315662,1,16,0,0,2,246.75,2024
2025-01-02 17:30:00,2025-01-03 17:15:00,long,2652.03,2643.2457142857147,stop,-21.83155905080217,10452.751509253147,-1.04212067002764,0.22767929744674345,3.4060822898032903,1.7374933994535646,0.6873822975518132,1.2089770694421953,2.247194665799437,6,0.7578223540222802,0.1924847688751674,14.40749384831901,0,17,3,1,3,55.0,2025
2025-01-08 18:45:00,2025-01-08 19:30:00,long,2669.54,2661.2057142857143,stop,-21.833601284154426,10430.917907968993,-1.0443949262941221,0.3215632499143271,2.111758656153495,1.4400856547347156,0.8173076923076601,0.7487144326363454,4.199520054850831,12,0.6667418838641767,0.18952350994163591,11.825469982063813,1,19,2,1,4,121.5,2025
2025-01-10 16:15:00,2025-01-13 03:15:00,long,2689.17,2679.71,stop,-26.403718547668248,10404.514189421325,-1.2656469344608867,0.5856236786469283,4.727272727272736,1.643608662535798,0.8218859138533411,1.8160676532768834,1.697674418604687,24,0.9403556732777268,0.31567359851463195,11.205992443963874,1,16,4,1,5,44.75,2025
2025-01-15 19:00:00,2025-01-16 19:30:00,long,2691.25,2724.275714285714,target,59.70226087635784,10464.216450297683,2.869055670905781,0.12717363093690004,2.5089540617701385,1.7945196241623076,0.5671641791045201,0.6086166623410204,0.9955878536205652,6,0.8467356384503133,0.17215329100233046,12.023793168483746,1,19,2,1,6,63.75,2025
2025-01-21 04:30:00,2025-01-21 13:15:00,long,2725.32,2717.1214285714286,stop,-21.872929175426716,10442.343521122257,-1.045129813556393,0.6854852761805129,4.834988673985104,1.450620697063796,0.9191489361702831,1.146541209269875,4.444676772957068,27,0.7247526557594389,0.19714640779453507,16.463491260611764,1,4,1,1,0,105.0,2025
2025-01-27 12:15:00,2025-01-27 15:00:00,long,2767.49,2758.792857142857,stop,-21.77317816312812,10420.570342959129,-1.042542706964505,0.40932982917207955,3.7759526938238976,1.4695752009184972,0.8796992481202429,1.2233902759527202,3.39421813403408,53,0.5362317179855358,0.3279234992359381,23.08425644318465,1,12,0,1,1,143.0,2025
2025-01-30 17:45:00,2025-02-03 01:30:00,long,2795.45,2787.3599999999997,stop,-30.075466275892943,10390.494876683235,-1.443081582200251,0.7169344870209166,3.330037082818324,1.427909542195269,0.756521739130419,1.4215080346106164,4.410383189122253,13,1.0438316708327722,0.18068411423535213,24.747487573099434,1,18,3,1,2,74.75,2025
2025-02-03 16:45:00,2025-02-03 17:15:00,long,2830.36,2822.345714285714,stop,-21.740397301695292,10368.75447938154,-1.0461675579322878,2.7525846702317613,4.619251336898307,1.3257605596080246,0.9776304888152462,3.0121212121212335,8.05561497326203,25,1.1432782204269472,0.3168149369178197,27.556753783964343,1,17,0,1,3,15.25,2025
2025-02-04 16:15:00,2025-02-05 09:45:00,long,2837.3,2862.474285714286,target,61.29815595012022,10430.05263533166,2.9559073884916813,0.061967994552316476,5.436499829758264,1.359997684716223,0.9003267973856727,1.458631256384045,5.0408580183861496,31,1.3741498427235657,0.500074391852845,28.053857917607395,1,16,1,1,4,23.0,2025
2025-02-05 16:45:00,2025-02-05 21:00:00,long,2871.07,2862.9928571428572,stop,-21.8156707579475,10408.236964573713,-1.0458082773258122,0.03218960028301306,3.0555359037850183,1.2022672753490058,0.8159437280187859,2.1121330031835592,0.799787760877273,37,1.700256940123679,0.7326945505333748,28.841684033816293,1,17,2,1,0,7.0,2025
2025-02-06 12:15:00,2025-02-06 16:45:00,long,2860.4,2852.1971428571433,stop,-21.755426689099956,10386.481537884612,-1.0451062347613924,0.092650644374811,2.735632183908059,1.1744637984880022,0.82000000000005,0.9752699407872041,-2.155346569139646,42,1.076964937964002,0.6680052227820532,30.2576019559458,1,12,3,1,1,15.25,2025
2025-02-07 16:15:00,2025-02-07 18:30:00,long,2873.29,2863.272857142857,stop,-21.540247365076997,10364.941290519535,-1.0369366799771946,0.5270964061608425,3.6197946377638606,1.3935434507275215,0.816914498141244,2.148317170564793,1.385624643468353,49,0.7620328851488659,0.36642047410910816,31.305907257235532,1,16,4,1,2,23.5,2025
2025-02-11 03:00:00,2025-02-11 04:30:00,long,2930.18,2922.0528571428567,stop,-21.67364063842893,10343.267649881105,-1.0455264545614498,1.2919669537704164,4.702759711724235,1.1639366831947757,0.9014567266495215,2.871857971523972,6.378625417472133,57,1.6337800507504399,0.6090847032084401,34.050238604969,1,3,1,1,3,80.5,2025
2025-02-11 08:00:00,2025-02-11 08:30:00,long,2926.27,2916.402857142857,stop,-21.462242935876066,10321.805406945228,-1.0374981902417835,0.1094541769219556,2.1931373968438095,1.3510679613233134,0.5143288084464603,1.3438540610973642,-2.691761980599426,59,1.8461395885987233,0.7627458729072334,34.050238604969,1,8,1,1,4,3.5,2025
2025-02-11 18:15:00,2025-02-11 22:30:00,long,2906.88,2894.321428571429,stop,-21.251811837755184,10300.553595107473,-1.0294619497212905,0.02548060516442194,2.519394835627304,1.640672477887153,0.4228187919463794,0.47457627118644435,1.160960072801725,61,0.8235861178816153,0.6568483983126372,34.050238604969,1,18,1,1,5,9.75,2025
2025-02-13 17:45:00,2025-02-14 17:15:00,long,2920.46,2909.7628571428572,stop,-21.313672195859535,10279.239922911613,-1.0345886752136817,0.10096153846153275,2.634348290598346,1.3436210299658937,0.880281690140894,0.7964743589743233,0.4636752136752221,73,0.668215910383017,0.3493778635627498,36.76813227171479,1,18,3,1,6,43.25,2025
2025-02-18 18:30:00,2025-02-19 19:30:00,long,2931.15,2923.0485714285714,stop,-24.21650805915224,10255.02341485246,-1.177932816081837,0.3530241579969004,2.9500969846587672,1.0724703917041527,0.8517699115044081,1.1158525833186423,3.6586140010580817,3,0.5811594815348105,0.08635573007083064,37.95749517224661,1,18,1,1,7,97.25,2025
2025-02-27 10:00:00,2025-02-28 10:15:00,short,2885.33,2855.287142857143,target,59.81145415549702,10314.834869007957,2.9162027104136814,0.5252496433666416,2.0750356633380656,1.3184772152419495,0.8560700876095048,1.5957203994294358,3.926390870185425,10,1.0985301657538458,0.2414348940463551,38.69153528722647,0,10,3,0,8,182.5,2025
2025-02-28 15:45:00,2025-02-28 23:15:00,short,2848.49,2857.198571428571,stop,-21.50615997130745,10293.328709036648,-1.0424868766404127,0.9645669291339275,2.8225065616798006,1.1004359126429621,0.9772455089820836,1.9176509186351627,3.1945538057743708,18,1.8581498997996775,0.5787835873516056,36.82239144516097,0,16,4,0,0,5.5,2025
2025-03-07 15:30:00,2025-03-07 15:45:00,long,2922.85,2914.2671428571425,stop,-21.474131497847235,10271.854577538801,-1.0431091877496739,0.016311584553859927,2.922103861518011,1.0663881971936817,0.764144512610769,3.4184420772303032,0.18408788282289038,6,0.521148100300786,0.09309259271341741,28.364929867014087,1,15,4,1,1,160.25,2025
2025-03-13 16:30:00,2025-03-13 18:30:00,long,2951.95,2977.1542857142854,target,60.726379859185506,10332.580957397986,2.9559598707702848,0.6594116646828785,2.387689168508717,1.1395096872532506,0.9583333333332799,1.7711273592926657,0.9593606529501263,14,0.797940325208819,0.3527342621003626,23.831489877057997,1,16,3,1,2,144.75,2025
2025-03-13 18:45:00,2025-03-18 07:45:00,long,2977.79,3016.387142857143,target,54.51686323303596,10387.097820631021,2.638104819009554,0.02176326893180345,5.538751943149032,1.7454587740506953,0.9346195069667597,1.4503664223850663,4.89518099045078,14,0.797940325208819,0.3527342621003626,23.831489877057997,1,19,3,1,0,0.25,2025
2025-03-18 11:00:00,2025-03-19 08:45:00,long,3019.75,3044.2128571428566,target,61.37995961630735,10448.477780247329,2.954625087596339,0.20112123335673596,2.967764540995123,1.2353134520415452,0.9773371104816054,0.8658023826208353,1.9131044148564194,30,1.547085907892865,0.5178061194212047,26.247297339191295,1,11,1,1,0,3.25,2025
2025-03-19 19:15:00,2025-03-20 13:30:00,long,3036.45,3027.525714285714,stop,-21.763341264059257,10426.71443898327,-1.0414599007523606,0.14791099727865947,2.214182807747718,1.31777842428761,0.5039370078739227,0.853849847926983,-0.18600928445662263,38,1.4021579813251301,0.6401398870162778,27.71754988790245,1,19,2,1,0,10.5,2025
2025-03-28 14:00:00,2025-03-28 18:00:00,long,3076.8,3067.7628571428572,stop,-21.707212956277363,10405.007226026994,-1.0409421435346262,0.1394245969016993,2.2418589946253724,1.38671874108035,0.9572953736655184,0.6218779639582533,-1.456212456528591,9,1.236066319649953,0.4357586630038046,32.71098206480634,1,14,4,1,1,192.5,2025
2025-03-31 04:15:00,2025-03-31 09:00:00,long,3091.53,3120.004285714286,target,61.61881612210358,10466.626042149097,2.9610174593618166,0.13064419024691018,2.994280553883167,1.4473605385122512,0.9805447470817126,2.7077062010837216,1.9069837447320996,13,1.077301059486133,0.5402912005120664,34.005744730364626,1,4,0,1,2,58.25,2025
2025-03-31 15:15:00,2025-03-31 16:00:00,long,3125.02,3115.617142857143,stop,-21.75697014717152,10444.869072001926,-1.0393497417198345,0.2743846855059168,2.522637496201783,1.3379153512421655,0.9239864864865123,1.2591917350348594,0.4573078091765603,15,2.158696384005858,0.6551624342348461,34.005744730364626,1,15,0,1,0,6.25,2025
2025-03-31 21:15:00,2025-04-01 07:00:00,long,3121.99,3147.442857142857,target,61.75821221290158,10506.627284214828,2.9563899646405347,0.30644889712066375,2.1404276814278376,1.1580671094917578,0.6863207547169086,0.9994948644553535,2.1781444687657388,17,1.750074280448419,0.7372924864629038,34.005744730364626,1,21,0,1,1,5.25,2025
2025-04-01 13:15:00,2025-04-01 17:00:00,long,3136.13,3126.8300000000004,stop,-21.849265771689325,10484.77801844314,-1.0397849462365385,0.0838709677420066,2.511827956989233,1.240287431690508,0.334152334152352,0.8752688172043436,-0.021505376344066643,21,1.6542625165685572,0.7988653527079892,35.80235721210673,1,13,1,1,0,6.25,2025
2025-04-02 10:45:00,2025-04-02 13:45:00,long,3125.14,3115.402857142857,stop,-21.766374554132845,10463.011643889007,-1.0379988262910733,1.1132629107981393,2.021126760563321,1.2141796805415328,0.8505079825834225,1.4151995305164087,-0.08215962441316439,26,0.8230434770145811,0.47767169498873496,37.7190069691044,1,11,2,1,1,17.75,2025
2025-04-02 16:30:00,2025-04-02 23:00:00,long,3127.64,3115.7585714285715,stop,-21.577681341346807,10441.43396254766,-1.031141036431389,0.05891547432967082,2.17145605386559,1.4404173867863606,0.39368998628256585,1.2271251653240278,-0.23902849585188168,28,0.8815789355936733,0.3945754826901071,37.7190069691044,1,16,2,1,2,2.75,2025
2025-04-03 01:00:00,2025-04-03 08:45:00,long,3144.53,3125.537142857143,stop,-21.28968724007107,10420.14427530759,-1.0194810078977166,0.035802933433637156,4.093117713426108,2.2305448609841525,0.8945752302968296,2.0576156449793217,1.580594208349034,30,1.0591182618311035,0.4318403072597121,39.4987531720308,1,1,3,1,3,2.0,2025
2025-04-03 16:00:00,2025-04-03 16:30:00,short,3059.3,3084.5857142857144,stop,-21.145239665564752,10398.999035642026,-1.0146327683615768,0.20169491525421518,4.0402259887005485,2.5671714490407758,0.7725828415796563,1.742485875706226,5.475028248587541,1,0.9267913889844069,-0.3220819430777455,39.4987531720308,0,16,3,0,4,7.25,2025
2025-04-04 15:30:00,2025-04-07 01:15:00,short,3088.85,3001.361428571429,target,61.46092881963198,10460.459964461657,2.9551367688840946,0.11658665621634118,3.1608699911825093,2.5743391556903514,0.4193444730077194,2.1342216126187896,-0.3888507886744452,2,0.6477558252569231,0.08528272250958313,38.90517503813359,0,15,4,0,5,23.0,2025
2025-04-07 02:15:00,2025-04-07 04:15:00,short,2985.45,3010.5671428571427,stop,-21.229105474458127,10439.2308589872,-1.014730974860658,1.1506085769537293,3.2742577636218915,1.9975237348194934,0.922148695990658,2.0456148333523054,3.1181890569901416,5,1.8503907276450144,0.38740178718874585,37.08172995527275,0,2,0,0,0,1.0,2025
2025-04-07 10:00:00,2025-04-07 14:00:00,short,3014.3,3037.13,stop,-21.21683363368389,10418.014025353516,-1.0162067455102874,0.2102496714848559,2.4424003504161225,1.6161769390634277,0.9470960322024106,1.5234340779675715,1.0407358738501642,7,1.5583396133637335,0.7287086771532669,37.08172995527275,0,10,0,0,1,5.75,2025
2025-04-07 15:30:00,2025-04-07 17:15:00,short,3020.49,3036.725714285714,stop,-21.310865821506177,10396.70315953201,-1.0227892652881618,0.4373075230972557,2.7236251649802488,1.1207927895499383,0.6266149870801203,1.906907171139487,0.869687637483561,8,1.5969639086165883,0.7921923043566537,37.08172995527275,0,15,0,0,2,1.5,2025
2025-04-07 19:30:00,2025-04-08 08:45:00,short,2975.18,3005.5714285714284,stop,-21.046555338366343,10375.656604193644,-1.0121744852872052,0.0052646422863840674,4.123531070790622,2.023617912198759,0.9867617107943322,0.6462348406505395,2.9817617749365355,9,1.4914256621559465,0.8245754427051222,37.08172995527275,0,19,0,0,3,2.25,2025
2025-04-08 12:15:00,2025-04-08 12:30:00,short,2995.77,3007.162857142857,stop,-21.425243004120382,10354.231361189524,-1.0324764890282079,0.9707836990596128,2.247021943573658,0.7232679923304758,0.8843861740167086,1.4728526645768052,0.7355485893417149,14,1.4860692612002664,0.890169258712159,34.966740487359694,0,12,1,0,4,3.5,2025
2025-04-08 15:45:00,2025-04-08 16:00:00,short,3002.6,3015.1299999999997,stop,-21.319965612026106,10332.911395577497,-1.0295291300877791,0.10055865921789552,2.614525139664848,0.7914068013072746,0.977455716586172,0.9912210694333756,0.7805267358339859,15,1.544809711461334,0.8937061177274774,34.966740487359694,0,16,1,0,5,3.25,2025
2025-04-08 18:45:00,2025-04-09 08:00:00,short,3001.4,3018.2285714285713,stop,-21.120190202267587,10311.79120537523,-1.0219864176570341,0.12954159592526066,2.410186757215649,1.0535382799176523,0.9670542635658764,0.6132427843802897,1.9110356536502504,15,1.544809711461334,0.8937061177274774,34.966740487359694,0,19,1,0,6,2.75,2025
2025-04-09 19:45:00,2025-04-09 20:15:00,long,3092.37,3073.2957142857144,stop,-21.02363542485947,10290.76756995037,-1.0193978430197692,0.17615338526061977,2.6769023367286287,1.0920681008989197,0.6429608127721217,0.7224385859796227,4.713151587777142,3,1.684909692329746,-0.1530543020606956,33.002821695726134,1,20,2,1,7,11.75,2025
2025-04-10 03:15:00,2025-04-10 04:30:00,long,3096.14,3080.7442857142855,stop,-21.076164220464552,10269.691405729905,-1.0240326621508853,0.7521573721814961,2.4578268534842924,0.8459915504857063,0.9459962756052198,1.3951934675698023,0.5702885775261992,4,1.294584983439204,0.07068081208476684,31.771513931760257,1,3,3,1,8,7.0,2025
2025-04-10 13:00:00,2025-04-10 18:00:00,long,3118.5,3159.3428571428576,target,61.059942752515006,10330.751348482421,2.9728226652675764,0.08814270724027944,2.1257082896117656,0.7489887325857837,0.9789719626167894,0.6287513116474513,-1.0136411332633806,7,1.6075769680071474,0.6295776015058374,31.771513931760257,1,13,3,1,9,8.5,2025
2025-04-10 18:15:00,2025-04-11 13:00:00,long,3170.64,3237.0,target,61.6389042935222,10392.390252775944,2.983273056057868,0.9846292947558646,3.940325497287512,1.2064375410576125,1.0,1.0840867992766519,4.369801084990947,8,2.0367293416228915,0.7494756401529523,31.771513931760257,1,18,3,1,0,0.25,2025
2025-04-11 16:30:00,2025-04-11 16:45:00,long,3240.54,3221.7714285714283,stop,-21.194527662725026,10371.195725113219,-1.019713807276612,0.37935758867406777,2.7546049627035862,1.0016763860205289,0.7294201861130901,1.4886588521845237,1.9511341147815355,14,3.9305189385285084,1.541052889789185,31.765724723066135,1,16,4,1,0,3.5,2025
2025-04-14 04:15:00,2025-04-14 13:15:00,long,3228.94,3213.32,stop,-21.23372850762591,10349.961996605593,-1.0236875800255958,0.21510883482712254,1.5224071702945277,0.8732713883120277,0.7586912065439709,1.878361075544173,-0.7336747759282953,17,2.868261509350661,1.5253572948664917,32.514733371290895,1,4,0,1,1,59.5,2025
2025-04-14 15:00:00,2025-04-14 15:15:00,long,3226.4,3213.3585714285714,stop,-21.287204124029955,10328.674792481563,-1.0283711249863223,0.007667871617948848,3.077883667433426,0.7866994733397871,0.7495107632094271,0.7836564793514712,1.0965056413627101,19,2.668910807319828,1.3871910819801103,32.514733371290895,1,15,0,1,2,1.75,2025
2025-04-14 20:30:00,2025-04-14 21:30:00,long,3216.13,3205.897142857143,stop,-21.404278740694597,10307.270513740868,-1.036158034343146,0.9088370794360126,2.961049839452775,0.623014935368975,0.9476190476190607,1.231327656010093,1.6319977662990266,21,1.8247702005934077,1.1225912954132555,32.514733371290895,1,20,0,1,3,5.25,2025
2025-04-15 06:45:00,2025-04-15 10:30:00,long,3228.34,3219.241428571429,stop,-21.452846275733727,10285.817667465135,-1.040665724603542,0.07693515465544346,2.437745328937021,0.5931734757669797,0.877758913412595,1.294708745485946,3.459883812215541,23,1.7158244416475061,0.9068649992697742,33.21382059108256,1,7,1,1,4,9.25,2025
2025-04-15 11:00:00,2025-04-15 12:45:00,long,3231.13,3221.56,stop,-21.366985917367913,10264.450681547767,-1.0386624869383696,0.5099268547544541,2.3740856844305465,0.629037095058053,0.9573257467994682,1.469174503657214,0.6666666666666803,24,2.171263409453803,0.8558922863791674,33.21382059108256,1,11,1,1,5,0.5,2025
2025-04-15 20:30:00,2025-04-16 03:00:00,long,3228.79,3254.7400000000002,target,60.70858923329293,10325.15927078106,2.9572254335260126,1.0797687861271732,1.6809248554913077,0.5742132721028902,0.8758389261744577,1.3780346820809188,3.1676300578033927,27,1.5084861876597628,0.7559663332691091,33.21382059108256,1,20,1,1,6,7.75,2025
2025-04-16 03:30:00,2025-04-16 10:00:00,long,3263.83,3296.4528571428564,target,61.248323924441266,10386.4075947055,2.965974776668412,0.27955859169732206,5.960851287440971,0.7427706228949242,0.48201438848918393,1.0225959012086276,6.610089332632823,28,1.638267204148054,0.7448536921404347,33.86297300946053,1,3,2,1,0,0.5,2025
2025-04-16 10:45:00,2025-04-16 21:15:00,long,3300.41,3335.475714285714,target,61.66088517541283,10448.068479880914,2.9683451478856187,0.3918357369836221,2.065265216328507,0.8017748078785056,0.9335548172757322,1.030065998533378,3.2356392080176226,30,2.892804339174949,0.8561846933809347,33.86297300946053,1,11,2,1,0,0.75,2025
2025-04-16 23:45:00,2025-04-17 04:30:00,long,3343.01,3333.65,stop,-21.722159467786586,10426.346320413128,-1.0395299145299137,0.12179487179490511,2.329059829059817,0.6563408023571063,0.9714912280702509,0.9743589743589495,3.344017094017068,34,3.6795112725436314,1.368800369793255,33.86297300946053,1,0,2,1,0,2.5,2025
2025-04-17 15:00:00,2025-04-17 15:30:00,long,3336.57,3325.0385714285717,stop,-21.521776807572298,10404.824543605555,-1.0320862239841428,0.4457383548067714,2.2269573835481107,0.8632022223464813,0.8220035778175482,1.939048562933585,2.471506442021824,37,2.5006345408852293,1.4005172449068626,35.432089743021194,1,15,3,1,1,10.5,2025
2025-04-17 19:45:00,2025-04-21 04:45:00,long,3316.16,3378.2257142857147,target,58.82343918196172,10463.647982787517,2.826738641071683,0.22911200110480753,2.8798508493301784,1.526876444071147,0.7400793650793407,0.9744510426736935,-1.1581273304792088,39,1.9579071170645692,1.236557600177668,35.432089743021194,1,20,3,1,2,4.25,2025
2025-04-21 05:30:00,2025-04-21 16:45:00,long,3382.73,3425.39,target,62.23736613109462,10525.885348918611,2.973980309423338,0.01547116736991946,4.936708860759483,1.0778907549129113,0.6361829025844891,0.7074542897327352,5.0745428973276985,41,3.1281158857620115,1.09328260043966,36.99182440581166,1,5,0,1,0,0.75,2025
2025-04-21 21:15:00,2025-04-22 05:30:00,long,3424.81,3467.9071428571433,target,62.61310757772628,10588.498456496338,2.9742442322991343,0.019490851233076777,2.595067621320565,1.136220901711516,0.9687074829931944,1.023269689737449,-0.21161495624502352,45,3.4853731491140962,1.3636821081282502,36.99182440581166,1,21,0,1,0,4.5,2025
2025-04-22 05:45:00,2025-04-22 11:45:00,long,3473.09,3450.3057142857147,stop,-21.520895727994382,10566.977560768344,-1.0162392626496872,0.3704307480093024,4.695341400714765,1.8215246041397537,0.6970010341261826,0.8488306476895179,3.6876293184525917,47,3.322016970646966,1.4810617879535082,38.89397061879535,1,6,1,1,0,0.25,2025
2025-04-23 03:30:00,2025-04-23 08:30:00,long,3357.15,3328.2657142857142,stop,-21.40467545273412,10545.57288531561,-1.0128097334190682,0.19941639052377272,2.856224343439345,2.0168364799126173,0.8550913838119997,0.5303922053514246,-1.2248874820713254,52,1.1157864669018995,1.1964149292157833,41.005248122492674,1,3,2,1,1,15.75,2025
2025-04-23 15:45:00,2025-04-24 03:15:00,short,3310.81,3332.2585714285715,stop,-21.454979975679603,10524.117905339932,-1.01725056613828,0.2788064473158617,2.3563340881843686,1.3437055196055832,0.9758793969849461,0.9278007193286133,1.0089250033302444,2,0.9259805484514244,-0.12831426163379955,41.005248122492674,0,16,2,0,2,7.25,2025
2025-04-25 14:30:00,2025-04-25 15:15:00,short,3289.41,3302.662857142857,stop,-21.635871153459334,10502.482034186472,-1.027918508138402,0.39236822248577424,2.5519025547051757,0.7447280706302198,0.8968531468531616,1.7264201789371734,2.339118249434096,2,0.9145022234389221,0.018307305823295206,40.6148248479181,0,14,4,0,3,35.25,2025
2025-04-25 16:00:00,2025-04-25 22:30:00,short,3284.44,3300.3928571428573,stop,-21.492139289444985,10480.989894897028,-1.0231933375123252,0.42876332049790616,2.3205874451508692,0.8950455198882002,0.5264452644526341,2.0385063132444152,2.527446941882322,3,1.1717404436451957,0.10089941245333689,40.6148248479181,0,16,4,0,4,0.75,2025
2025-04-28 09:30:00,2025-04-28 15:15:00,short,3287.16,3300.435714285714,stop,-21.54619939224255,10459.443695504786,-1.0278704401162022,0.08587108576350312,1.9991391369848377,0.7348716416159671,0.6554132712456361,1.2940923275584078,-1.060583234692781,7,0.7906191885089562,0.32895550995423184,40.00926121069079,0,9,0,0,5,59.0,2025
2025-04-30 12:45:00,2025-04-30 15:15:00,short,3275.94,3290.5600000000004,stop,-21.44829835781378,10437.995397146971,-1.0253077975376328,0.31326949384404107,4.972640218878185,0.9550671351738397,0.8982346832814115,1.3173734610123133,4.610123119014975,4,1.0166525199671088,0.12308887689989056,38.92480796239085,0,13,2,0,6,45.5,2025
2025-05-01 01:00:00,2025-05-01 04:00:00,short,3276.51,3239.4514285714286,target,62.002682500179965,10499.998079647152,2.9700474152885343,1.0637215219150593,3.6606915693303943,0.841970480643485,0.8639542275905705,2.5467792297906606,4.936509772175245,7,0.7900462000979729,0.2131481525604606,37.770166597913445,0,1,3,0,7,9.75,2025
2025-05-01 06:00:00,2025-05-02 06:15:00,short,3232.05,3252.6600000000003,stop,-21.855045493452376,10478.1430341537,-1.0407166424066052,0.2241630276564722,2.426977195536125,1.412191946645957,0.9059024807527495,1.1344007763221793,4.708393983503153,8,1.9568327393605482,0.32900594634420743,37.770166597913445,0,6,3,0,0,2.0,2025
2025-05-02 15:30:00,2025-05-02 19:45:00,short,3256.25,3224.0514285714285,target,62.14642001888591,10540.289454172585,2.9655264208704977,0.20311460135767356,2.2193531212564586,0.7803366519596927,0.5394422310756879,2.338613070677523,0.7919606016238508,16,0.6717363155159857,0.6114048023559193,35.539604804051926,0,15,4,0,1,9.25,2025
2025-05-05 21:15:00,2025-05-06 04:00:00,long,3319.85,3350.6042857142857,target,62.48088528450286,10602.770339457089,2.9639074693422454,0.32190635451506694,2.4523411371236814,0.7692951946521357,0.8827433628318136,0.8818283166109191,0.23021181716830627,3,1.0153652430608526,0.046528868787709676,33.46836885260908,1,21,0,1,0,73.5,2025
2025-05-06 04:30:00,2025-05-06 05:45:00,long,3378.36,3361.017142857143,stop,-21.657948836726103,10581.112390620363,-1.021334431630964,1.5683690280065663,4.771993410214141,1.3255032679233172,0.8687643898695311,3.0052718286655895,5.285172981878037,5,1.3979797041877855,0.375657344245961,32.46940362448323,1,4,1,1,0,0.5,2025
2025-05-06 10:00:00,2025-05-06 19:30:00,long,3367.91,3406.3057142857147,target,62.874885503635085,10643.987276123999,2.9710905234959317,0.0031253488112483767,2.7690590467685485,0.9497028424257768,0.5325542570951467,0.936041968969777,1.7126911485656737,6,2.2227715581795233,0.5616456706786233,32.46940362448323,1,10,1,1,1,4.25,2025
2025-05-06 19:45:00,2025-05-07 01:15:00,long,3408.85,3394.305714285714,stop,-21.829530922843542,10622.157745201155,-1.025439544249096,0.11825950299579455,4.086828405854035,1.0747985335578663,0.4566473988439048,0.7136823494745225,2.446321579412639,9,2.979000748313083,0.9482627645772457,32.46940362448323,1,20,1,1,0,0.25,2025
2025-05-07 09:00:00,2025-05-07 11:45:00,long,3392.9,3378.8571428571427,stop,-21.804058899559692,10600.353686301596,-1.0263479145473178,0.49562563580874813,2.775788402848439,0.9808429628508695,0.6180645161290276,1.103763987792465,2.4482197355035527,12,1.734845384869227,1.06889096602385,32.549647071127325,1,9,2,1,1,7.75,2025
2025-05-07 13:15:00,2025-05-07 22:00:00,long,3390.41,3375.057142857143,stop,-21.711639093967513,10578.642047207628,-1.0240997487670898,0.22797059644552106,2.5233088303712674,1.0702377773669833,0.9234042553191512,0.9183958313947779,-0.037777984553824466,13,1.642485135165212,1.0093937516900242,32.549647071127325,1,13,2,1,2,1.5,2025
2025-05-08 02:30:00,2025-05-08 04:45:00,long,3375.87,3408.3599999999997,target,62.749027249549584,10641.391074457177,2.9658356417359357,0.23822714681440077,1.998153277931643,0.7650644775723917,0.7575757575757506,0.7313019390581879,-0.7811634349030604,16,0.8191077039865691,0.6522088888888167,32.65503714300096,1,2,3,1,3,4.5,2025
2025-05-08 05:00:00,2025-05-08 07:00:00,long,3409.77,3394.807142857143,stop,-21.809060607628204,10619.58201384955,-1.0247278976513274,0.0026732862325734882,4.92953981287001,1.0578157385944076,0.2817518248174981,0.9156005346572402,5.680733244223829,17,1.206504167565004,0.6108240715986701,32.65503714300096,1,5,3,1,0,0.25,2025
2025-05-08 20:00:00,2025-05-09 07:45:00,short,3303.37,3326.792857142857,stop,-21.574669241359327,10598.00734460819,-1.0157965357404217,0.08538667967797021,4.93876555257381,1.6189336375608545,0.6024653312789023,1.108319102220055,5.050622102951946,1,0.926024115503141,-0.18091663145851644,32.65503714300096,0,20,3,0,1,13.0,2025
2025-05-12 04:00:00,2025-05-14 16:00:00,short,3261.69,3182.5157142857147,target,62.5372637438999,10660.54460835209,2.9504255710728566,0.306160008660819,1.8384756955721444,1.793936941766718,0.9275362318840619,1.6732705423838916,5.131969254086829,2,1.6077003863748003,0.17557315686879127,30.240848833678015,0,4,0,0,2,68.25,2025
2025-05-14 21:45:00,2025-05-14 23:30:00,short,3171.84,3182.904285714286,stop,-22.03408626087789,10638.510522091212,-1.0334409296320146,0.3561007101355339,3.0910264686894497,0.7751845848865317,0.9755178907721073,0.9598450613298769,1.8148482892188378,18,2.4251912224333307,0.7160752416879523,26.07662756342686,0,22,2,0,0,5.75,2025
2025-05-15 04:30:00,2025-05-15 07:00:00,short,3177.99,3147.7928571428574,target,63.04895293520902,10701.55947502642,2.963241555492464,0.433153562304917,2.485665625887012,0.7153695911236961,1.0,2.241271643485733,0.5225659948907463,20,2.123926831955963,0.8713328641320128,24.861826020430694,0,4,3,0,1,5.0,2025
2025-05-15 07:30:00,2025-05-15 11:30:00,short,3144.31,3158.8171428571427,stop,-21.94899859634154,10679.61047643008,-1.02550467749876,0.2660758247168652,4.0269817823732135,1.0337644644101625,0.7996688741721782,0.8326932545544002,5.274643032988696,20,2.123926831955963,0.8713328641320128,24.861826020430694,0,7,3,0,0,0.5,2025
2025-05-16 10:15:00,2025-05-16 14:45:00,short,3209.5,3167.255714285715,target,63.51643345543624,10743.126909885515,2.973724256873279,0.048290554935600034,3.0337830983057628,1.0391410772114535,0.5442105263157971,1.3492949173176587,0.15481383788173098,1,0.5441220053375939,0.33144377055057683,24.30538616656035,0,10,4,0,1,22.75,2025
2025-05-20 21:15:00,2025-05-21 08:45:00,long,3288.32,3318.6157142857146,target,63.67152992170966,10806.798439807226,2.963361154335846,0.0752581694723656,2.521148677323527,0.7743905570142862,0.7605893186004113,1.0753996321968828,1.6517187721035784,3,1.414013545293313,0.11033008344800699,22.944733724524294,1,21,1,1,0,102.5,2025
2025-05-21 13:15:00,2025-05-21 15:15:00,long,3316.42,3305.297142857143,stop,-22.332569598830638,10784.465870208394,-1.0332648343179893,0.35961983046493856,1.8880041099409275,0.852799606422646,0.7985185185184996,1.2137169278191677,-0.41536090418699423,7,1.807450259111249,0.6280342356256297,21.56441938082238,1,13,2,1,0,4.5,2025
2025-05-21 18:00:00,2025-05-22 13:30:00,long,3312.19,3295.2785714285715,stop,-22.040831835092234,10762.425038373302,-1.0218786957256294,0.3157627977699019,2.1949653657712367,1.2892905593746335,0.8795918367347072,1.1589795573576285,0.27437067072142474,8,1.5303579090809933,0.7069175229969638,21.56441938082238,1,18,2,1,1,2.75,2025
2025-05-22 14:45:00,2025-05-22 16:45:00,long,3314.59,3298.5828571428574,stop,-22.02239011868122,10740.40264825462,-1.0231146809460063,0.42855867916112794,3.514680946006227,1.255258835286714,0.9887147335423299,1.992860330209718,-1.625524319500204,13,1.2151544803296264,0.6898617450126654,20.21319130927111,1,15,3,1,2,1.25,2025
2025-05-23 07:00:00,2025-05-23 14:45:00,long,3305.98,3345.901428571429,target,63.84515034236799,10804.247798596987,2.9721953837896016,0.05711218464843288,2.210842726784759,1.0464572535131182,0.8915929203540301,0.6793344068706354,0.9032742887815671,17,0.701070625747779,0.44373468821963247,19.265239525196936,1,7,4,1,3,14.25,2025
2025-05-23 15:30:00,2025-05-23 16:30:00,long,3358.04,3342.8385714285714,stop,-22.134442440504966,10782.113356156482,-1.0243398176863034,0.35654543745888917,4.193026971149301,1.218700251581455,0.8297428769979264,1.8932431162484504,4.240390940701052,19,1.2984657182099544,0.3712977466109102,19.265239525196936,1,15,4,1,0,0.75,2025
2025-05-23 18:45:00,2025-05-26 01:15:00,long,3361.65,3342.7657142857142,stop,-24.433878963527388,10757.679477192954,-1.133074665254557,0.15886224374006996,2.5047280429684458,1.4990265371110245,0.8422090729783485,0.5369543838414056,1.4467054996596032,20,2.0604368348886064,0.45166195785772967,19.265239525196936,1,19,4,1,1,2.25,2025
2025-05-26 05:30:00,2025-05-26 09:15:00,long,3352.83,3339.79,stop,-22.125840765208213,10735.553636427747,-1.0283742331288346,0.34355828220855644,2.946319018404922,1.0677116079130877,0.7047058823529155,1.3036809815950956,0.48312883435584353,23,1.2625558097784828,0.6635359256585982,18.685343060957962,1,5,0,1,2,4.25,2025
2025-05-28 23:45:00,2025-05-29 02:30:00,short,3287.6,3258.345714285714,target,63.598640191893814,10799.152276619641,2.9620568414884403,1.0644594198652362,2.077644301201319,0.8959913542391028,0.38315060588574157,3.5543510108409,1.2162320539115787,2,0.6199845486544178,0.07994102846770046,16.93428844228481,0,0,2,0,3,62.5,2025
2025-06-02 14:30:00,2025-06-03 01:00:00,long,3356.7,3384.5442857142857,target,63.93390690594059,10863.086183525582,2.9601354471294314,0.5947360320147186,2.0384792981375877,0.8791701988321458,0.48311306901615125,1.4674465137755608,0.47406495305521185,3,1.3478123351109867,0.08485801708555396,14.768384218951219,1,14,0,1,0,108.0,2025
2025-06-03 15:30:00,2025-06-03 16:30:00,long,3361.44,3352.4,stop,-22.615407298002992,10840.47077622758,-1.0409292035398006,0.214601769911557,2.5420353982299955,0.8228529817801302,0.8349802371541486,2.238938053097382,0.2168141592920356,9,1.0190968670019833,0.6106800932484724,14.238156542151032,1,15,1,1,0,14.5,2025
2025-06-04 04:15:00,2025-06-04 07:45:00,long,3363.86,3354.2185714285715,stop,-22.512970573359567,10817.95780565422,-1.0383760557119435,0.44806638020453127,3.1717291450584657,0.9107306716565742,0.9515905947441344,1.4997777448510674,2.057786338716827,13,0.5126327918891486,0.3306603292659416,13.902105892418604,1,4,2,1,1,11.75,2025
2025-06-04 17:00:00,2025-06-05 18:30:00,long,3366.84,3352.84,stop,-23.863657662226707,10794.094147991993,-1.102964999999995,0.5700000000000311,2.667142857142855,1.306643800400161,0.9599027946537149,2.3514285714285657,1.020000000000042,16,0.6320094028519067,0.2584435940828911,13.902105892418604,1,17,2,1,2,9.25,2025
2025-06-06 11:30:00,2025-06-06 12:15:00,long,3367.1,3356.847142857143,stop,-22.367252078715065,10771.726895913278,-1.036087501741682,0.011704054618911136,2.7992197296921084,0.9927097660433759,0.8935698447893474,0.8797547721889077,-0.9792392364497855,26,0.6197745546119738,0.19482661879854923,13.639498288203919,1,11,4,1,3,17.0,2025
2025-06-06 21:00:00,2025-06-09 10:15:00,short,3315.35,3327.077142857143,stop,-23.946951615410658,10747.779944297867,-1.1115651114630456,0.9379948836642745,2.708247045925233,1.1180759758889685,0.8370298939247832,1.768546717017973,3.1567791448410776,2,0.8648336005460052,-0.028887992750847857,13.639498288203919,0,21,4,0,4,8.75,2025
2025-06-09 12:15:00,2025-06-09 18:15:00,short,3318.65,3327.0657142857144,stop,-22.44062015190371,10725.339324145963,-1.0439653709047776,0.16635545747746527,2.198268545238505,0.8223291707174611,0.7149390243902582,1.558988287217781,-1.5661178068240074,6,0.6782815215293294,0.33553162728353625,12.963035954223477,0,12,0,0,5,2.0,2025
2025-06-10 04:00:00,2025-06-10 09:15:00,short,3313.47,3321.851428571428,stop,-22.397623555383227,10702.94170059058,-1.044145219021623,0.22907789330152534,3.2094767342765227,0.8455809495670845,0.8186397984887063,1.8946650758478651,3.2047042781660786,10,0.6505431186515048,0.234484710205074,12.04677530716055,0,4,1,0,6,9.75,2025
2025-06-12 01:00:00,2025-06-12 10:30:00,long,3361.13,3349.99,stop,-22.116850803195625,10680.824849787385,-1.0332136445242543,1.0035906642729047,3.05924596050265,1.10699561701852,0.899814471243047,0.9676840215439513,6.095152603231575,1,0.5625688480142266,0.06363290853546033,11.096345990172445,1,1,3,1,7,39.75,2025
2025-06-12 16:30:00,2025-06-12 18:00:00,long,3398.41,3381.928571428571,stop,-21.84120827391756,10658.983641513467,-1.0224495102713127,0.5497096298864219,2.5131316633440304,1.5724388197395291,0.9795467108899756,2.195198058420753,4.546935945219708,5,1.2911128108379097,0.2713604621131793,11.096345990172445,1,16,3,1,8,6.0,2025
2025-06-13 03:00:00,2025-06-13 04:15:00,long,3401.88,3427.9714285714285,target,63.04697781387927,10722.030619327346,2.9574572930354575,1.2762812089356506,3.8541392904072973,0.855014649920445,0.4977843426883385,4.670499342969755,3.5712877792378843,7,1.0880083050363523,0.39422425370005953,11.536691089472882,1,3,4,1,9,9.0,2025
2025-06-13 05:30:00,2025-06-13 08:15:00,long,3438.02,3418.35,stop,-21.847431988949744,10700.183187338396,-1.0188103711235417,0.20030503304522612,4.502287747839367,1.910152497286121,0.756041426927517,0.8835790543975649,5.723436705643105,8,1.8298423029957298,0.4661425095938032,11.536691089472882,1,5,4,1,0,1.25,2025
2025-06-13 15:30:00,2025-06-13 19:00:00,long,3431.55,3419.407142857143,stop,-22.05244812656435,10678.130739211832,-1.0304705882353102,0.5945882352941386,2.7011764705882504,1.1249995863972093,0.6192893401015281,1.2978823529411945,1.248470588235357,10,1.8009303013596503,0.6369415860332683,11.536691089472882,1,15,4,1,1,7.25,2025
2025-06-13 21:45:00,2025-06-16 08:00:00,long,3436.55,3426.5457142857144,stop,-26.720833598137276,10651.409905613695,-1.251194345280585,0.04598029415964907,3.2326145937455215,0.9099179989946534,0.4706927175843765,1.1255176352991687,1.709267456804247,12,1.7110389301052904,0.7339102110589524,11.536691089472882,1,22,4,1,2,2.75,2025
2025-06-16 13:45:00,2025-06-16 14:45:00,long,3421.08,3411.652857142857,stop,-22.138920785785036,10629.27098482791,-1.0392483709652836,0.2970146991968642,1.9030156084254566,0.8749782120060958,0.9460784313724917,0.8655856948023147,0.5834217305652311,16,0.8617543435132274,0.6506636560038803,12.722873634738333,1,14,0,1,3,5.75,2025
2025-06-20 08:45:00,2025-06-20 10:00:00,short,3344.71,3354.24,stop,-22.083899842559283,10607.187084985351,-1.0388247639034498,0.3420776495278343,2.3819517313746186,0.8888864213638189,0.7121418826739225,1.5383001049317993,2.463798530954866,9,0.7341266174625055,0.1833160508254772,15.026333633445198,0,9,4,0,4,90.0,2025
2025-06-24 08:00:00,2025-06-24 09:30:00,short,3341.78,3316.948571428571,target,62.69480996071978,10669.881894946071,2.9552985847428546,1.2758025543665035,2.6168450120814026,0.8177345173751674,0.9395973154362072,1.8001380738695563,1.7614773904038281,3,0.6252315807992087,0.0994395662883174,15.118120138618458,0,8,1,0,5,94.0,2025
2025-06-24 12:45:00,2025-06-25 04:00:00,short,3318.29,3330.5542857142855,stop,-21.983560973535724,10647.898333972535,-1.0301688992428548,0.13372160745489067,2.1721607454862797,1.1983577543413064,0.924770642201859,0.8887594641816883,2.247175305765918,4,1.1843717934335736,0.15901116830782103,15.118120138618458,0,13,1,0,0,3.25,2025
2025-06-25 12:00:00,2025-06-25 19:30:00,short,3322.23,3330.622857142857,stop,-22.234624129561226,10625.663709842973,-1.044085106382956,1.008000000000012,2.545021276595725,0.852332231850078,0.9260628465803878,1.2891914893616774,1.7062127659574253,10,0.7611653096444435,0.423639867201675,14.06236351111016,0,12,2,0,1,8.0,2025
2025-06-26 15:45:00,2025-06-26 19:45:00,short,3322.03,3333.2085714285718,stop,-21.954725988593243,10603.70898385438,-1.033099041533552,1.4992971246005686,2.461853035143795,1.1960240796967345,0.9689081706435073,2.4743769968050846,4.678594249201186,1,0.6928703643079454,0.1615943613240467,13.082018071281029,0,16,3,0,2,20.25,2025
2025-06-27 05:30:00,2025-06-27 10:15:00,short,3311.78,3285.0285714285715,target,62.742292151502205,10666.451276005882,2.9585068888176798,0.31848766421010066,1.9849407241269472,0.9669686184447568,0.7246835443037151,0.70874719641147,1.8548542133931234,4,0.6838926227485753,0.17453424153531794,12.448574220182712,0,5,4,0,3,9.75,2025
2025-06-27 15:00:00,2025-06-30 08:00:00,short,3275.73,3286.69,stop,-23.879498329830874,10642.571777676052,-1.119374087591234,0.07116788321165493,2.695255474452526,1.1705058314556391,0.6656534954407227,1.8010948905109951,1.4653284671533076,6,1.394530353587509,0.3380227503637534,12.448574220182712,0,15,4,0,0,4.75,2025
2025-06-30 12:00:00,2025-06-30 19:00:00,short,3282.91,3291.637142857143,stop,-22.187558382793444,10620.384219293259,-1.0423964642331212,1.1848092977574298,1.9960713701096928,0.9130783262223497,0.7918263090677305,1.7944017024062784,0.7929284661974261,12,0.8237420278365906,0.5717044191882459,12.494558412225736,1,12,0,0,1,4.0,2025
2025-07-01 12:15:00,2025-07-02 04:15:00,long,3342.95,3334.45,stop,-22.16536659414869,10598.21885269911,-1.0435294117647138,0.12235294117646725,2.7764705882352514,0.9532038965212988,0.6393442622950644,1.2917647058823116,3.167058823529445,3,0.740140926771294,-0.04256741294840216,12.676912743707813,1,12,1,1,2,17.25,2025
2025-07-02 19:00:00,2025-07-03 15:30:00,long,3346.18,3336.485714285714,stop,-22.005438201375398,10576.213414497735,-1.0381668140289038,0.13409961685816404,2.407603890362554,1.1230768488144967,0.8383999999999651,1.2894193928676836,1.6463306808134623,10,0.6509833623098035,0.22409888804912903,11.888385065225778,1,19,2,1,3,14.75,2025
2025-07-07 10:45:00,2025-07-07 11:30:00,short,3302.21,3311.5071428571428,stop,-21.9942336127556,10554.21918088498,-1.039797172710518,0.7808850645359965,2.0156730178242377,1.1963927141926254,0.7429983525535386,1.3057775046096776,1.8758451137062062,2,0.7123239078663037,0.02339241693198879,10.078832519414565,0,11,0,0,4,91.25,2025
2025-07-07 13:30:00,2025-07-07 14:00:00,short,3298.5,3306.8728571428574,stop,-22.041228932611332,10532.17795195237,-1.0441904111926523,0.6544958198259148,2.756526190070048,1.0921190085493633,0.9097345132743393,2.6991980890633376,3.210373656372639,3,0.5969201532150423,0.08502459974824017,10.078832519414565,0,13,0,0,5,2.0,2025
2025-07-09 05:30:00,2025-07-09 16:45:00,short,3294.38,3302.9957142857143,stop,-21.96896014517657,10510.208991807192,-1.0429447852760663,0.9842480517326718,2.1681313215056064,1.1276098238168013,0.9739229024943281,2.0474216547835673,1.7270767700215823,5,0.5231570368185791,0.15299211574474336,10.562202098450953,0,5,2,0,6,39.5,2025
2025-07-11 15:45:00,2025-07-14 17:15:00,long,3355.09,3345.8957142857143,stop,-29.215542783546727,10480.993449023646,-1.389864978247365,0.10876320696084504,2.72995649471725,1.2013603034822335,0.6115241635688058,1.1702921068986174,4.768178993163462,5,0.9383601565957914,0.138169122352938,10.93768553765275,1,16,4,1,7,47.0,2025
2025-07-21 17:15:00,2025-07-22 04:30:00,long,3397.63,3387.5414285714287,stop,-21.730771181054127,10459.262677842593,-1.0366751628433872,0.4599263664684557,4.397054658736876,1.3983096992637511,0.8183716075156791,0.9495893514585045,6.371566128575549,8,1.1821953609487057,0.22390431728680493,8.156840712804785,1,17,0,1,8,168.0,2025
2025-07-22 16:15:00,2025-07-22 17:00:00,long,3415.7,3407.2271428571426,stop,-21.832013480305385,10437.430664362288,-1.0436688585398746,0.344629910639019,6.505479683021306,1.1901348834584524,0.8745387453874508,1.9190692969144076,7.105041308379576,14,1.3009957903911795,0.47983307575258927,8.834434735055668,1,16,1,1,9,11.75,2025
2025-07-22 17:15:00,2025-07-23 16:15:00,long,3421.83,3409.712857142857,stop,-21.512280461492633,10415.918383900795,-1.0305352511200132,0.2723414289082894,5.184390473944762,1.6963243722050858,0.8126582278481012,1.3039377505305407,5.656448950719126,14,1.3009957903911795,0.47983307575258927,8.834434735055668,1,17,1,1,10,0.25,2025
2025-07-24 15:45:00,2025-07-24 16:30:00,short,3353.42,3361.54,stop,-21.781070709191756,10394.137313191603,-1.0455665024630634,1.1379310344827562,2.2832512315271383,1.1388551590390579,0.918526785714284,2.2068965517241943,4.027093596059178,3,0.8527728166106555,0.06778843024586312,11.46011149821798,0,16,3,0,11,23.5,2025
2025-07-25 17:45:00,2025-07-28 06:45:00,short,3331.96,3342.304285714286,stop,-23.417565036171965,10370.71974815543,-1.1264794917829222,0.06186990747137552,2.9600883855820976,1.4409681411416397,0.7692307692307807,1.1813285457809086,2.109377157851102,9,0.9972322762715131,0.2348278280910776,11.679170988548917,0,18,4,0,12,25.25,2025
2025-07-28 16:45:00,2025-07-28 17:15:00,short,3302.24,3312.4514285714286,stop,-21.49298298113841,10349.226765174291,-1.0362339115836785,3.856463346390609,3.21796306659211,1.36279304574538,0.9807228915662826,4.0640738668158916,6.976496922216071,15,0.974810513156011,0.3914953987229297,11.114798462393368,0,17,0,0,13,10.0,2025
2025-07-30 15:45:00,2025-07-30 21:45:00,short,3313.1,3284.364285714285,target,61.29582301246896,10410.522588186761,2.96137211036542,2.0002982848619957,1.912602535421361,1.2536303239557929,0.8234453180843575,2.921103653989467,3.9964205816553897,27,0.8005808469391963,0.21229421265785975,10.22814615049231,0,16,2,0,14,46.5,2025
2025-07-30 22:00:00,2025-07-31 02:45:00,short,3275.33,3285.52,stop,-21.577059574338424,10388.945528612423,-1.0363101079489891,0.8243375858685634,4.9754661432777745,1.3036872771081542,1.0,1.4425907752698746,4.971540726202213,28,1.177514352705368,0.24699984494288563,10.22814615049231,0,22,2,0,0,0.25,2025
2025-07-31 13:30:00,2025-07-31 15:30:00,short,3300.88,3310.342857142857,stop,-21.590311616376166,10367.355216996048,-1.0391002415458728,0.5347222222221628,2.417874396135252,1.214555319695927,0.9840909090908723,0.9299516908212655,-0.11413043478259981,32,0.5087363798956352,0.43976437802715207,10.784541809582574,1,13,3,0,1,10.75,2025
2025-07-31 17:15:00,2025-08-01 15:30:00,short,3296.68,3306.407142857143,stop,-21.52341508994845,10345.831801906099,-1.0380378910266028,0.39888383022471563,2.582464385372302,1.245797560183503,0.8567674113009544,1.5646937876339537,1.6572183874283999,33,0.5410113335977048,0.4221849729351135,10.784541809582574,1,17,3,0,2,1.75,2025
2025-08-04 16:00:00,2025-08-05 12:00:00,long,3373.31,3365.2414285714285,stop,-21.640519990743385,10324.191281915355,-1.045856940509915,0.4511331444759611,3.7974504249291052,0.9956454467429354,0.964341085271314,1.5987960339942886,3.487606232294657,7,1.089684766395199,0.4048692631326567,10.597856937446931,1,16,0,1,3,72.5,2025
2025-08-05 15:30:00,2025-08-05 18:45:00,long,3363.88,3389.315714285714,target,61.04406410530305,10385.235346020658,2.9563605728727884,0.4953664700926575,2.802358887952895,1.071755876824804,0.6417112299465453,1.3233361415332223,-1.214827295703496,12,0.6914025669962544,0.42560866942593645,10.468657689693401,1,15,1,1,4,3.5,2025
2025-08-07 15:30:00,2025-08-11 04:00:00,long,3385.04,3374.53,stop,-27.854426477934666,10357.380919542724,-1.3410589914367097,0.31588962892480704,2.2131303520457,1.3936731086397727,0.4834070796460076,1.7202664129400569,1.221693625118953,24,0.546615743267042,0.20224190682882615,10.461297124702721,1,15,3,1,0,44.75,2025
2025-08-11 23:15:00,2025-08-12 10:30:00,short,3349.76,3357.9000000000005,stop,-21.656341922680724,10335.724577620043,-1.0454545454545685,0.10565110565106371,2.1400491400491144,0.9400158374026838,0.9122807017543346,0.4201474201474223,-0.805896805896842,3,0.8208460001498009,0.054604398048541114,11.410680480101462,0,23,0,0,1,19.25,2025
2025-08-12 14:00:00,2025-08-12 15:30:00,short,3343.76,3351.784285714286,stop,-21.62461015420896,10314.099967465834,-1.0461100231440352,0.04984867366917345,1.95905287520033,0.9004326228486543,0.43788819875768414,0.8025636460744859,0.31155421043261744,7,0.5533513990123737,0.24054399368732549,10.665714705743218,0,14,1,0,2,3.5,2025
2025-08-19 19:45:00,2025-08-20 10:15:00,short,3317.5,3327.01,stop,-21.430769227878667,10292.669198237956,-1.0389064143007423,0.12407991587805174,3.9095688748684316,1.3279489925556145,0.874643874643867,0.7381703470031886,3.6235541535225533,9,0.7869772418378169,0.16810263802413683,8.14480467929714,1,20,1,0,3,172.25,2025
2025-08-26 03:45:00,2025-08-26 04:15:00,long,3383.21,3373.4328571428573,stop,-21.364356900959596,10271.304841336996,-1.0378433664523605,0.038866160140280236,6.484511981297487,1.7141264953054913,0.29237288135593953,0.965517241379368,3.645236703682112,9,0.9244442092204039,0.26799866301694397,7.686320652349999,1,4,1,1,4,137.5,2025
2025-08-28 17:00:00,2025-08-29 17:45:00,long,3411.57,3440.3485714285716,target,58.54090959924016,10329.845750936236,2.849730900967983,0.23350707371563392,3.3921072226358815,1.5868311525400058,0.9728682170542875,1.075800446760951,3.4171258376769065,24,0.6408528554323124,0.2959469866229858,9.694703434640676,1,17,3,1,5,60.75,2025
2025-08-29 18:00:00,2025-09-01 05:30:00,long,3442.25,3474.247142857143,target,57.11130695182324,10386.95705788806,2.7643833377980016,0.210018751674234,6.178676667559591,1.7886222685389181,0.901098901098875,0.6825609429413884,6.979373158317597,30,0.837432757707322,0.37238472522107546,11.34527167661988,1,18,4,1,0,0.25,2025
2025-09-01 05:45:00,2025-09-01 10:30:00,long,3483.53,3468.9357142857148,stop,-21.30058245524226,10365.656475432817,-1.025352388410337,0.9606499608457806,5.403484729835633,2.448527142775778,0.8710900473933926,1.4457713390759497,4.55657791699304,33,1.3174994733887238,0.47435984655752605,13.571218537654108,1,6,0,1,0,0.25,2025
2025-09-02 04:00:00,2025-09-02 10:15:00,long,3488.8,3480.544285714286,stop,-21.660437376245707,10343.996038056572,-1.044817442464071,0.9011939781969892,2.5388475514795203,1.2463476781274847,0.9452380952381266,3.052431216473442,2.948260944800181,39,1.5819557619398308,0.749600893440161,16.271358787750888,1,4,1,1,1,17.5,2025
2025-09-02 13:45:00,2025-09-02 15:30:00,long,3485.67,3475.537142857143,stop,-21.443411496346236,10322.552626560226,-1.0365148738192584,0.1184266177921718,2.054701818694553,1.459462518068381,0.9716088328075257,0.625687297335417,0.04539687015367633,41,1.3173892835031156,0.6938244064863763,16.271358787750888,1,14,1,1,2,3.5,2025
2025-09-02 17:30:00,2025-09-03 17:15:00,long,3510.35,3564.5642857142852,target,61.51262150951464,10384.06524806974,2.9795256916995942,0.6020553359683877,3.382134387351785,2.5351495224675027,0.9875328083989464,1.6866403162055157,2.989249011857692,42,1.344543652388964,0.6720206989506039,16.271358787750888,1,17,1,1,3,2.0,2025
2025-09-03 19:15:00,2025-09-04 03:00:00,long,3567.88,3554.28,stop,-21.333145811107784,10362.732102258633,-1.0272058823529315,0.07794117647061743,2.5661764705882013,1.700903605040178,0.948979591836782,0.5764705882353032,3.0367647058823577,48,2.2927239826513146,0.989241043753708,19.43030339755725,1,19,2,1,0,2.0,2025
2025-09-04 09:15:00,2025-09-05 15:30:00,long,3537.57,3578.4,target,59.981244641071925,10422.713346899705,2.894084496693617,0.477590007347541,1.4665686994856824,1.5895664022580058,0.8231631382316733,1.1800146950771175,-1.1300514327700357,52,1.2347208677095847,0.9006128135242264,22.741476688943983,1,9,3,1,1,6.25,2025
2025-09-05 16:45:00,2025-09-05 17:30:00,long,3594.41,3577.335714285714,stop,-21.297147369309524,10401.416199530397,-1.0216700133868921,0.8902275769745545,4.5542168674698935,1.8024340097822857,0.9147005444646047,1.2908299866131172,4.9196787148594385,60,1.788527960485041,0.5694720283796473,25.182539441955143,1,17,4,1,0,1.25,2025
2025-09-05 19:15:00,2025-09-08 01:00:00,long,3599.61,3581.5628571428574,stop,-23.699575351078575,10377.716624179318,-1.1392475263199526,0.06427610227181996,2.8381223778991793,1.8401157021482877,0.8942857142857454,0.38787303095068637,4.9625583788490895,60,1.788527960485041,0.5694720283796473,25.182539441955143,1,19,4,1,1,1.75,2025
2025-09-08 10:15:00,2025-09-08 16:45:00,long,3608.98,3634.377142857143,target,61.35916892979988,10439.075793109118,2.956294296321289,0.9568005399932822,5.674654066824096,0.8373917705109536,0.7758318739053954,1.3489706378670199,5.658116773540224,64,1.3472450905343794,0.6794334264504709,27.822054027822617,1,10,0,1,2,9.25,2025
2025-09-08 17:45:00,2025-09-09 18:15:00,long,3640.71,3627.2971428571427,stop,-23.12197361254026,10415.953819496577,-1.1074722547662303,0.45478751730751527,3.428054105868542,1.345222893432741,0.9653846153846457,0.7753754393438871,3.5324315688571866,66,2.2181357741654026,0.7861400970898602,27.822054027822617,1,18,0,1,0,1.0,2025
2025-09-10 02:00:00,2025-09-10 03:15:00,long,3639.05,3629.172857142857,stop,-21.612275599436032,10394.34154389714,-1.0374602256291776,0.5568411917847819,3.373445183685323,0.9711680107314542,0.8289473684210853,1.0772345964709567,-1.0124385305177852,74,1.158289161594271,0.8089360734524043,33.499335830675314,1,2,2,1,1,7.75,2025
2025-09-10 05:30:00,2025-09-11 08:45:00,long,3635.89,3624.941428571429,stop,-23.525761139792962,10370.815782757347,-1.1316619258872491,0.08402922755741905,2.763830897703523,1.072363051234799,0.9135802469135675,0.8877870563674674,0.8074112734864543,75,1.0195187107082877,0.7292873898389507,33.499335830675314,1,5,2,1,2,2.25,2025
2025-09-11 19:00:00,2025-09-15 19:30:00,long,3640.14,3685.315714285714,target,55.81167902782088,10426.627461785167,2.690804667488844,0.14211175410298782,2.746608481168812,1.5191998774955067,0.7919010123734606,1.1807228915662498,2.6855137083767913,84,0.5297449681148241,0.3430776994546081,35.8802605585814,1,19,3,1,3,10.25,2025
2025-09-16 11:00:00,2025-09-16 15:30:00,long,3695.88,3687.805714285714,stop,-21.808844630790176,10404.818617154377,-1.045824486907305,0.43347487615003205,3.425690021231378,0.934537008107832,0.981854838709694,2.457183297947628,3.334041047416827,100,1.1731848057976617,0.4269531693520623,41.639791615322444,1,11,1,1,0,15.5,2025
2025-09-16 17:00:00,2025-09-16 17:30:00,long,3699.5,3690.0628571428574,stop,-21.625516138892944,10383.193101015484,-1.0392067817135733,0.006357856494138729,3.0390554041779776,1.1145244445444171,0.9880136986301092,1.2376627308507822,0.6230699364214514,102,1.1344047873918361,0.5237089787234472,41.639791615322444,1,17,1,1,1,1.5,2025
2025-09-17 15:45:00,2025-09-17 21:00:00,long,3678.72,3669.5042857142857,stop,-21.60013198196016,10361.592969033523,-1.040148814137322,0.7443807161680032,3.2987133777708606,1.170575477750222,0.8534136546184707,1.080762672453891,3.003565338707121,108,0.5435089248376327,0.3110899525751387,43.622053263655154,1,16,2,1,2,22.25,2025
2025-09-22 09:30:00,2025-09-22 10:15:00,long,3716.98,3708.7428571428572,stop,-21.654040110450055,10339.938928923073,-1.0449184876864464,2.5615678113077567,3.9625390218522396,0.9516866883250688,0.9733656174334196,3.0083246618106383,7.2889351370101885,4,0.7754989420588073,0.1592261169389264,44.364129498132016,1,9,0,1,3,108.5,2025
2025-09-22 11:30:00,2025-09-23 04:00:00,long,3722.02,3753.657142857143,target,61.31407297137368,10401.253001894447,2.9649146572744645,0.38878352749935874,4.6407477648333595,1.217038037934203,0.9396551724137543,0.8799783256570691,5.820373882416723,4,0.7754989420588073,0.1592261169389264,44.364129498132016,1,11,0,1,4,1.25,2025
2025-09-23 08:15:00,2025-09-23 12:00:00,long,3750.08,3778.4557142857143,target,61.59376645495823,10462.846768349405,2.9608820419876216,0.5455369279564863,2.287871922670325,1.064434157629422,0.9559902200488302,0.8648240447062681,0.04017520012083919,10,1.5181980210571286,0.6649469667603158,45.22519629037697,1,8,1,1,0,4.25,2025
2025-09-23 12:15:00,2025-09-23 16:45:00,long,3786.91,3775.605714285714,stop,-21.610611346127204,10441.236157003279,-1.03273094907116,0.3078478453177906,6.395804372551468,1.2619538316218837,0.5260770975056447,1.5604701124731633,6.516112725894039,11,2.1432483939388436,0.7163915440852486,45.22519629037697,1,12,1,1,0,0.25,2025
2025-09-23 20:15:00,2025-09-23 21:45:00,long,3782.33,3769.3842857142854,stop,-21.47931190011675,10419.756845103162,-1.0285808872213789,0.04016773339215047,2.6155374089605297,1.3846468255458897,0.41594454072792003,0.8914146987419934,-0.2085632310748031,13,1.9803024057620153,0.8023412018046017,45.22519629037697,1,20,1,1,1,3.5,2025
2025-09-24 02:00:00,2025-09-24 04:30:00,long,3769.08,3757.27,stop,-21.492402772795348,10398.264442330366,-1.0313293818797629,0.1558001693480232,1.5834038950042255,1.2517775913085665,0.777108433734915,0.8433530906011925,-1.446232006773921,14,1.4842160677996485,0.7811476471472512,46.40504117889501,1,2,2,1,2,4.25,2025
2025-09-24 06:45:00,2025-09-24 17:00:00,long,3765.39,3755.672857142857,stop,-21.58839906712577,10376.67604326324,-1.0380770361658338,0.0020582181710774835,3.0194060570420826,1.0179717078344812,0.6166666666666364,0.6174654513378461,0.32108203469566876,15,1.4124476799393322,0.7611974103659769,46.40504117889501,1,7,2,1,3,2.25,2025
2025-09-26 20:30:00,2025-09-26 22:30:00,long,3782.76,3771.032857142857,stop,-21.408135639993795,10355.267907623247,-1.0315507369959966,0.2694603483981658,1.659398221464256,1.158459714748048,0.9318600368324362,0.9260567669631424,4.181751735899713,31,0.9637817710029479,0.22777167469820725,47.26396583374376,1,20,4,1,4,51.5,2025
2025-09-29 03:00:00,2025-09-29 07:30:00,long,3774.01,3805.2528571428584,target,61.39580102925857,10416.663708652506,2.9644718792867137,0.3053497942387031,3.0592592592592354,1.0295643741068585,0.9446529080675705,2.0471879286693286,-0.37640603566520475,32,0.539097226927059,0.2304520673362065,47.886211771473526,1,3,0,1,5,52.5,2025
2025-09-29 08:45:00,2025-09-30 05:00:00,long,3813.54,3850.877142857143,target,61.88062598457344,10478.54433463708,2.970270890725447,0.24747474747474066,3.17539026629938,1.1867875885884795,0.9193262411347628,1.8126721763084919,5.5922865013774175,34,1.5437016339421403,0.36147534094743694,47.886211771473526,1,9,0,1,0,1.25,2025
2025-09-30 06:00:00,2025-09-30 10:45:00,long,3853.55,3842.0785714285716,stop,-21.633039598955733,10456.911295038124,-1.0322540473225468,0.2789539227896052,3.0179327521793455,1.0550498770011663,0.8734463276836268,1.542963885429637,4.132004981320135,39,1.8116116797555808,0.7258151094212018,48.92424677453076,1,6,1,1,0,1.0,2025
2025-09-30 15:45:00,2025-10-01 02:00:00,long,3819.34,3862.188571428572,target,62.199691409873985,10519.110986447999,2.9740948189638066,0.21984396879378165,2.0738147629525825,1.256543515606118,0.793805309734523,1.5823164632926838,0.4270854170834421,42,1.00334096729038,0.6909378994001569,48.92424677453076,1,16,1,1,1,5.0,2025
2025-10-01 10:15:00,2025-10-01 17:45:00,long,3870.68,3859.82,stop,-21.754993808067955,10497.35599263993,-1.0340699815837757,0.17679558011050608,2.996316758747731,0.9573960640593818,0.8846153846153207,0.9576427255985885,1.294659300184131,46,1.7014689580211664,0.6176111820747954,50.17080373455129,1,10,2,1,0,8.25,2025
2025-10-02 05:00:00,2025-10-02 17:15:00,long,3869.85,3860.0685714285714,stop,-21.788874451204574,10475.567118188726,-1.0378267854534766,0.7463122535417178,2.754198919234668,0.835413674098275,1.0,1.6807360887979776,1.3883452606981124,51,0.9562976787480337,0.6506251497020221,51.48794115340006,1,5,3,1,1,11.25,2025
2025-10-03 15:30:00,2025-10-06 01:45:00,long,3870.87,3899.0742857142855,target,57.25312409629385,10532.82024228502,2.732698070202102,0.6722382616623356,2.7378817808843623,0.8104555040716688,1.0,1.6848503266980988,1.66783163652935,59,0.7396399443098185,0.2806784827306785,51.58404643908201,1,15,4,1,2,22.25,2025
2025-10-06 02:00:00,2025-10-06 08:00:00,long,3909.86,3942.864285714286,target,62.48844192046747,10595.308684205489,2.9663680041553167,1.721594598104194,3.1650435008440296,0.9385244736211363,0.5137046861184866,4.1121932216596,4.982989222179009,62,1.080767932573354,0.32603275020441913,51.67328706150097,1,2,0,1,0,0.25,2025
2025-10-06 10:45:00,2025-10-06 15:30:00,long,3941.53,3927.53,stop,-21.750655113147857,10573.55802909234,-1.0264285714285857,0.15000000000002808,2.548571428571485,1.1788557781224878,0.7987910189982779,1.654285714285727,1.7200000000000837,64,2.1494510420438573,0.5129733485675692,51.67328706150097,1,11,0,1,0,2.75,2025
2025-10-06 16:30:00,2025-10-07 18:15:00,long,3944.78,3990.5557142857147,target,61.443534721851044,10635.001563814192,2.905527853197279,0.25690478419624124,2.1404362887370607,1.2843255755113212,0.984822934232716,2.331804138189305,0.7956183877914272,66,1.769513380479154,0.6715288966704147,51.67328706150097,1,16,0,1,1,1.0,2025
2025-10-07 23:30:00,2025-10-08 05:45:00,long,3984.07,4009.9814285714283,target,62.89883988072558,10697.900403694917,2.957161759841209,0.03241812768780371,2.2669533575918206,0.7146147995058327,0.9631147540984882,0.5650016539861273,1.604697320542598,73,1.8612074149772375,0.8368667496745141,52.43121140755539,1,23,1,1,0,5.25,2025
2025-10-08 06:00:00,2025-10-08 18:00:00,long,4013.46,4049.6442857142856,target,63.53105842014239,10761.431462115059,2.9693237001065915,0.2968139286983245,4.505270638398694,1.0145159005010211,0.7340659340659367,0.7544711595404793,3.8884282837853616,75,1.9800658244394833,0.8169897132515924,53.28130826719271,1,6,2,1,0,0.25,2025
2025-10-08 19:00:00,2025-10-08 22:00:00,long,4055.44,4037.467142857143,stop,-21.965945469129377,10739.465516645929,-1.0205865988395273,0.5285748350687548,2.7085287338049615,1.4738321862644626,0.9211618257261543,1.340910897384916,1.1328193307368077,78,2.5893880277426478,0.9713024222771649,53.28130826719271,1,19,2,1,0,1.0,2025
2025-10-09 04:15:00,2025-10-09 05:00:00,long,4031.37,4010.807142857143,stop,-21.86541450818561,10717.600102137743,-1.017993608447958,0.3219396970960078,2.6046964012782925,1.657578810997551,0.9080118694361844,1.3111018479922243,-1.2274558843962688,81,1.7070860344366792,1.0445636317256701,54.478739628410544,1,4,3,1,1,6.25,2025
2025-10-09 07:15:00,2025-10-09 16:45:00,long,4038.32,4019.9957142857143,stop,-21.86801511445794,10695.732087023285,-1.020191782957834,0.5511811023622246,3.3474701800888838,1.4477280256995166,0.9633027522936112,0.7138068137522375,1.219147111561558,81,1.7070860344366792,1.0445636317256701,54.478739628410544,1,7,3,1,2,2.25,2025
2025-10-13 01:00:00,2025-10-13 16:15:00,long,4022.22,4089.394285714285,target,63.820916114006565,10759.553003137291,2.9834758198290134,0.0777083067500225,2.5304325634809284,1.4870462183844104,0.7085798816568003,2.415209901748125,3.5745821105014812,4,1.0001175530822664,0.16224511769120653,54.53336497152803,1,1,0,1,3,80.25,2025
2025-10-13 16:45:00,2025-10-14 04:00:00,long,4094.15,4138.391428571428,target,64.01741213336119,10823.570415270653,2.974910394265211,0.10849559236658524,2.7245955633052104,0.9333262008072272,0.8328042328042373,1.2816041848299722,2.264845490651989,8,2.0050388184217787,0.6051342704811891,54.53336497152803,1,17,0,1,0,0.5,2025
2025-10-14 04:15:00,2025-10-14 08:30:00,long,4146.85,4131.64,stop,-22.173731370140082,10801.396683900513,-1.0243261012491693,0.7547666009205297,4.3274161735699535,0.9699857422026339,0.7132216014897832,1.4122287968442568,4.744247205785606,11,2.5574005992241666,0.9387379188261713,55.206005160183935,1,4,1,1,0,0.25,2025
2025-10-14 11:15:00,2025-10-14 15:45:00,long,4144.3,4106.337142857143,stop,-21.81334215542289,10779.58334174509,-1.0097463686309978,0.17964928125234347,2.6562805749981346,2.3138270517893442,0.9553158705701119,0.3419131481899471,-1.0320614134116084,12,3.3481290441243288,1.058084949591942,55.206005160183935,1,11,1,1,1,2.75,2025
2025-10-14 18:00:00,2025-10-16 03:15:00,long,4141.19,4218.62857142857,target,63.47353590989029,10843.05687765498,2.9441553489401686,0.2820299961259214,3.0628147656207094,1.5143388779171028,0.9979999999999564,1.1622115224971146,0.8639105650561603,14,1.6102942471812431,1.066811636584264,55.206005160183935,1,18,1,1,2,2.25,2025
2025-10-16 04:30:00,2025-10-16 08:30:00,long,4230.81,4214.261428571429,stop,-22.170981112235484,10820.885896542746,-1.0223584254143645,0.3408149171271461,2.7941988950276078,0.8972657561126751,0.7643171806168023,1.0973756906077246,2.436464088397879,23,2.475855888310187,1.1369157224111692,57.20910554916374,1,4,3,1,0,1.25,2025
2025-10-16 12:45:00,2025-10-16 19:15:00,long,4239.54,4280.759999999999,target,64.34253113155329,10885.2284276743,2.9730713245997076,0.5138282387190395,2.0232896652111743,0.7526615434302498,0.8459958932238159,2.126637554585139,5.048034934497939,25,2.6137316517993376,1.1095034392555547,57.20910554916374,1,13,3,1,1,4.25,2025
2025-10-16 22:45:00,2025-10-17 04:30:00,long,4307.39,4283.021428571429,stop,-22.101008404506256,10863.127419269793,-1.015183491616826,0.7082893656935255,2.0895767381873647,1.2899296401155156,0.6986449864498891,1.5142455153007244,2.7765271426896425,27,3.345239913893701,1.1662290075620474,57.20910554916374,1,23,3,1,0,3.5,2025
2025-10-17 06:45:00,2025-10-17 10:15:00,long,4366.77,4328.4571428571435,stop,-21.936072505237817,10841.191346764555,-1.0096573324881581,0.3059025317871967,4.264886833960995,1.9871390558329443,1.0,0.5836160930683632,0.05272381520564927,29,4.436972569187178,1.424493019293127,58.592820592376164,1,7,4,1,1,2.25,2025
2025-10-17 23:45:00,2025-10-20 03:15:00,long,4250.31,4222.607142857143,stop,-23.649265065102274,10817.542081699454,-1.0907133869637011,0.14438943894389433,2.578795379537971,1.2586767488889758,0.7212543554007285,0.6215965346534416,3.2855816831683313,34,1.151187698287727,1.2007862146075743,58.592820592376164,1,0,4,1,2,13.5,2025
2025-10-20 14:30:00,2025-10-20 15:30:00,long,4263.81,4308.317142857143,target,64.36567744943424,10881.907759148888,2.975060182956195,0.014829080404508014,2.4387096774193875,0.6735248706841134,0.7444852941177352,0.7333654309099162,0.6403466538276394,37,1.1035478620186758,0.5312733641376743,60.018140357030575,1,14,0,1,3,11.25,2025
2025-10-20 18:00:00,2025-10-21 10:30:00,long,4346.36,4313.431428571428,stop,-22.008363380303987,10859.899395768583,-1.011236442516277,0.706377440347081,2.588633405639917,1.4735702313241505,0.9086195722617798,0.9371800433839694,5.536225596529285,38,2.4174864769894953,0.5096596692552691,60.018140357030575,1,18,0,1,0,2.5,2025
2025-10-21 15:45:00,2025-10-21 17:30:00,short,4211.37,4120.392857142858,target,64.89439600307361,10924.793791771657,2.9877991332202787,0.21697757678537752,3.811286979461124,1.2904209536367572,0.6672738312082707,1.0862068965516916,4.123892971547037,1,0.902371968926209,-0.7215344401659607,61.34620823836387,0,16,1,0,1,5.25,2025
2025-10-22 02:45:00,2025-10-22 03:00:00,short,4093.16,4022.54,target,65.20533252947841,10989.999124301135,2.9842820730671273,1.7340696686491028,1.595581988105415,0.9515053977393679,0.9157434402332392,2.9141886151231837,1.8470688190314253,3,2.6212840215009257,0.057317967728875985,59.854356798905776,0,3,2,0,0,9.25,2025
2025-10-22 11:00:00,2025-10-23 09:00:00,short,4088.04,4118.8042857142855,stop,-22.2443502126788,10967.754774088457,-1.0120269328999303,2.5802646853958584,2.1817506384955134,1.1703862655112802,0.9615616824310753,3.230369166473179,2.3104713257487943,5,2.1452092871082984,0.7917268882532968,59.854356798905776,0,11,2,0,0,8.0,2025
2025-10-23 19:30:00,2025-10-24 11:00:00,short,4128.45,4057.9928571428577,target,65.46095096977523,11033.215725058231,2.9842457420924497,0.3781021897810682,1.8590024330900325,0.7871718284417839,0.9489732420659787,1.3684914841849007,-0.809854014598565,13,0.8805826342601636,0.7745986736599653,57.32342019281684,0,19,3,0,1,10.5,2025
2025-10-27 07:00:00,2025-10-27 08:15:00,short,4057.67,4079.2914285714287,stop,-22.44404662987075,11010.77167842836,-1.0171126527915457,0.7298315163528132,2.614073339940557,0.797265189883837,0.7511054958938678,1.4642880740006547,1.0804096465146864,22,1.383724400364983,0.4797299171824254,52.46753166659703,0,7,0,0,0,68.0,2025
2025-10-27 11:15:00,2025-10-27 17:00:00,short,4058.52,4012.735714285714,target,65.53073699470872,11076.30241542307,2.975755873818207,0.6617991200973695,2.7782458111017045,0.5696923332106496,0.8299510146956024,1.8726949358794152,0.5255078161565349,23,1.5862910400100225,0.5156393751073907,52.46753166659703,0,11,0,0,1,3.0,2025
2025-10-27 17:15:00,2025-10-28 11:15:00,short,3998.89,3912.7,target,66.17252163533628,11142.474937058407,2.9871214758092517,0.08144796380090981,3.505046989209869,1.0668752095034397,0.4044423877834421,1.504350852767147,2.5805777932474805,25,1.8924132984290096,0.5409152584205601,52.46753166659703,0,17,0,0,0,0.25,2025
2025-10-28 11:30:00,2025-10-28 13:45:00,short,3905.54,3930.465714285714,stop,-22.615750081441107,11119.859186976966,-1.0148441082072392,0.43408986703346025,4.6377808344796225,0.919454118031435,0.6991315136476464,1.2934433745988023,5.7450710683172925,29,2.9629076344503336,1.0180918228766989,49.16116692167655,0,11,1,0,0,0.25,2025
2025-10-29 01:00:00,2025-10-29 02:30:00,short,3936.84,3958.0228571428574,stop,-22.62817852089594,11097.23100845607,-1.0174669544105805,0.7883733477205191,1.6570002697598858,0.8121760682473304,0.5236961696602423,4.362961963852169,3.101564607499313,33,2.596544533861235,1.2625260039053732,46.16638554841893,0,1,2,0,1,11.25,2025
2025-10-29 05:30:00,2025-10-29 09:30:00,short,3954.19,3976.1928571428575,stop,-22.56768404407636,11074.663324411995,-1.0168159979223566,0.45630437605505353,2.109726009609133,0.8640153146462145,0.5061064973131411,1.860667445786274,-0.964420205168166,34,1.8426271292314704,1.2320301472861783,46.16638554841893,0,5,2,0,2,3.0,2025
2025-10-29 20:15:00,2025-10-29 21:00:00,short,3986.88,4003.7628571428572,stop,-22.634745129281292,11052.028579282714,-1.0219157217803312,0.30208157048566675,3.033846674564232,0.7350591019581209,0.9159663865546225,1.4097139955999396,3.7647656117786035,38,1.105630048940853,0.5929147096360943,46.16638554841893,0,20,2,0,3,10.75,2025
2025-10-29 21:30:00,2025-10-29 22:00:00,short,3953.9,3979.184285714286,stop,-22.427518981497315,11029.601060301216,-1.014633595118376,1.8224758460929944,2.4078196508277316,1.113997375873936,0.7644672218663204,3.7042770778009952,4.450985931408547,38,1.105630048940853,0.5929147096360943,46.16638554841893,0,21,2,0,4,0.5,2025
2025-10-29 22:30:00,2025-10-30 03:15:00,short,3929.27,3963.77,stop,-22.295779070881316,11007.305281230336,-1.0107246376811574,0.7884057971014425,3.739710144927542,1.5289184801030937,0.9545112781954872,1.5420289855072382,4.334492753623179,38,1.105630048940853,0.5929147096360943,46.16638554841893,0,22,2,0,5,0.5,2025
2025-10-30 05:45:00,2025-10-30 07:15:00,short,3922.15,3948.732857142857,stop,-22.321026304919577,10984.984254925415,-1.0139187446259625,0.3205073086844199,3.009458297506457,1.1894188828290868,0.9950829748002503,1.2240971625107502,1.453568357695597,40,1.8896745379652837,0.5940012261638206,43.25575498432647,0,6,3,0,6,2.5,2025
2025-10-30 14:15:00,2025-10-30 16:45:00,short,3966.27,3989.2000000000003,stop,-22.324477378086666,10962.65977754733,-1.0161360662887104,0.44832097688616107,3.5368512865241954,1.0178529317926537,0.8489857250188,1.16092455298734,0.16397732228522424,42,1.0594333615699818,0.5545540233669599,43.25575498432647,0,14,3,0,7,7.0,2025
2025-11-04 04:00:00,2025-11-04 05:30:00,short,3977.26,3996.6228571428574,stop,-22.344285009187143,10940.315492538142,-1.0191087501844474,0.1291131769219419,2.20112144016526,0.930895271563346,0.8618307426597259,1.1961044710048623,2.864246716836314,3,0.5346119739313419,0.06362029862041485,35.35604306257685,0,4,1,0,8,107.25,2025
2025-11-04 07:30:00,2025-11-04 09:15:00,short,3976.14,3990.665714285714,stop,-22.437975932473197,10917.87751660567,-1.025472069236808,0.6787962234461496,2.5003933910306797,0.6990361011962647,0.9434523809524095,1.3878835562549157,1.5214398111723395,3,0.5346119739313419,0.06362029862041485,35.35604306257685,0,7,1,0,9,2.0,2025
2025-11-04 16:15:00,2025-11-04 18:15:00,short,3951.32,3970.0957142857146,stop,-22.266057137267016,10895.611459468402,-1.0197063075401425,1.4433538765882659,3.7463288442516927,0.9284558143724175,0.9858367499068166,2.8579471962261143,4.339648482081684,6,0.6982093179314675,0.18878752950818312,35.35604306257685,0,16,1,0,10,7.0,2025
2025-11-04 20:30:00,2025-11-05 05:30:00,short,3938.58,3959.1671428571426,stop,-22.18286310601623,10873.428596362386,-1.0179723822080258,0.6848934841440737,2.902782596627584,1.0147049245449207,0.667011375387797,1.8788425508292401,-0.7227812087988389,7,1.1414247936695396,0.2587254554935692,35.35604306257685,0,20,1,0,11,2.25,2025
2025-11-06 13:30:00,2025-11-06 14:45:00,long,4015.85,4006.4385714285713,stop,-22.601811050180256,10850.826785312205,-1.0393139040680093,0.12962962962965738,2.297207043108683,0.5503413615233349,0.8486055776892548,1.6001821493624317,2.265330904675148,2,0.5647648665765806,-0.02014039806332857,31.832663029499248,1,13,3,1,12,32.0,2025
2025-11-10 06:00:00,2025-11-10 15:00:00,long,4056.18,4105.525714285714,target,64.61679601890843,10915.443581331114,2.977505645301352,0.3428869202709408,1.8858780614903956,1.1175830995564784,0.90652818991096,0.8195240576689025,4.912280701754367,7,1.188054222023694,0.1639292979594753,27.76543129316994,1,6,0,1,13,87.25,2025
2025-11-10 19:00:00,2025-11-11 05:00:00,long,4096.3,4143.292857142857,target,64.97700259376613,10980.42058392488,2.976379388964893,0.07022343821251746,2.73360693114453,1.1051194714105579,0.5397590361446235,0.5298677610579228,-0.84651162790699,10,1.965173099174879,0.49689449366703276,27.76543129316994,1,19,0,1,0,4.0,2025
2025-11-11 05:15:00,2025-11-11 07:30:00,long,4144.36,4132.2242857142855,stop,-22.630394771436467,10957.790189153444,-1.0304885226603668,0.023072395526684334,2.7258387286638905,0.8813920703246166,0.5298507462686263,0.4416715715126987,3.993172454384826,13,2.552184368899511,0.8672986548942552,26.928521588343884,1,5,1,1,0,0.25,2025
2025-11-11 11:00:00,2025-11-11 16:15:00,long,4143.16,4129.7928571428565,stop,-22.52219952097926,10935.267989632464,-1.0276798119055441,0.8184247087742045,1.8956930640160883,0.9836991922092003,0.90206185567012,1.451319867478842,0.3815325424815856,14,2.270351702119717,0.9100097486654857,26.928521588343884,1,11,1,1,1,3.5,2025
2025-11-11 21:30:00,2025-11-12 06:00:00,long,4121.67,4110.717142857143,stop,-22.60934761597234,10912.658642016491,-1.0337811399504733,0.48571801226032096,2.2459893048129183,0.8104051497246322,0.895196506550312,0.8363114647189309,2.5217164471111255,17,1.453682874857247,0.9290295719047492,26.928521588343884,1,21,1,1,2,5.25,2025
2025-11-12 08:30:00,2025-11-12 17:00:00,long,4116.91,4156.874285714285,target,64.86975805300418,10977.528400069496,2.972225201072414,0.13812332439679645,2.5702949061662537,1.0393506612624575,0.6941678520625397,1.0554423592494486,-1.240107238605955,20,0.9290491650528419,0.7231641644469766,26.529687490893927,1,8,2,1,3,2.5,2025
2025-11-12 17:15:00,2025-11-13 10:00:00,long,4166.73,4224.192857142856,target,65.44106839331391,11042.96946846281,2.9806831742243376,0.4677804295942299,4.119182577565644,1.497575222099686,0.5421303656597575,1.313544152744632,4.434516706443878,22,1.2895381501802936,0.5805139526640746,26.529687490893927,1,17,2,1,0,0.25,2025
2025-11-13 10:15:00,2025-11-13 12:45:00,long,4237.41,4222.618571428571,stop,-22.638407372763734,11020.331061090046,-1.0250144871547406,0.9451419741162627,3.6575236623527716,1.1024899593048108,0.9233097880928124,1.3399652308286578,3.7535252076492815,26,2.5777707823165232,0.9088241432002375,26.814507394535603,1,10,3,1,0,0.25,2025
2025-11-13 14:45:00,2025-11-13 15:00:00,long,4242.53,4226.961428571429,stop,-22.564476720238517,10997.766584369807,-1.0237658285923859,0.31473664892638903,2.659203523582318,1.140539265342204,0.7426470588235358,1.2229766929711419,1.2422462837218085,27,2.863590871111198,1.0211797002105172,26.814507394535603,1,15,3,1,1,2.0,2025
2025-11-14 01:45:00,2025-11-14 09:15:00,long,4185.82,4168.97,stop,-22.47852113742953,10975.288063232378,-1.0219584569732707,0.13175074183972496,2.8415430267062103,1.1554964863240835,0.9173228346456538,0.904451038575663,3.317507418397635,30,1.049652725503028,0.9429855661726938,27.388678788415557,1,2,4,1,2,10.75,2025
2025-11-17 05:00:00,2025-11-17 21:30:00,short,4080.46,4020.5971428571434,target,65.44471239881312,11040.732775631192,2.9814576174112157,0.02706185567010139,2.107817869415837,1.2005264335914703,0.19212962962961222,1.2989690721649578,1.8301832760595949,4,0.8268045235906348,0.16271671997977188,26.127362468805206,0,5,0,0,3,67.75,2025
2025-11-17 21:45:00,2025-11-17 22:30:00,short,4011.0,4031.3728571428574,stop,-22.482496304910576,11018.250279326281,-1.0181614192553112,0.49968445410561174,6.384965991164645,1.1744504928887427,0.9873417721518953,1.4735292055255653,5.238342332234724,8,0.9602034938621672,0.4395756205249679,26.127362468805206,0,22,0,0,0,0.25,2025
2025-11-18 03:45:00,2025-11-18 11:45:00,short,4024.89,4043.44,stop,-22.476042618313254,10995.774236707968,-1.0199460916442153,0.23611859838275537,2.7407008086253466,1.0532016549635794,0.7732406602954192,1.2409703504042882,1.7132075471698478,10,1.9308930645843931,0.5471557330567034,24.620581088585304,0,4,1,0,1,5.25,2025
2025-11-18 14:15:00,2025-11-18 15:15:00,short,4033.1,4048.075714285714,stop,-22.534886359003238,10973.239350348966,-1.0247066679385541,0.3859582180673254,1.9137651435658005,0.8168929482298831,0.9136242208370616,1.4997615186492255,-1.4530191739005975,12,1.3150258338313758,0.602715796498321,24.620581088585304,0,14,1,0,2,2.5,2025
2025-11-19 03:00:00,2025-11-19 04:30:00,short,4064.54,4075.4814285714288,stop,-22.688630154344978,10950.55072019462,-1.0338164251207846,0.13709361535448383,2.436610523567013,0.5840839228212079,0.6417050691244213,1.5866301083692795,1.648779213996589,15,0.5248559136836554,0.4631752362972974,23.103537502567864,0,3,2,0,3,11.75,2025
2025-11-19 11:45:00,2025-11-19 17:45:00,long,4113.06,4095.994285714286,stop,-22.375936973041238,10928.174783221579,-1.0216808973715048,1.659467604219062,2.4024778168423855,0.8990589176416195,0.8229744728080176,2.1118365980244778,2.050895697304574,2,0.5798035174735435,-0.10602608077620035,23.103537502567864,1,12,2,1,4,7.25,2025
2025-11-20 08:15:00,2025-11-20 14:45:00,short,4062.94,4081.1628571428573,stop,-22.300124616436005,10905.874658605142,-1.0203041705863904,0.15255566008151528,1.7724992160551878,0.924453194770846,0.7319018404907998,1.7889620570711402,-0.8549702100971994,4,0.5060250399333484,0.009778507570756823,22.30957357682695,0,8,3,0,5,14.5,2025
2025-11-21 08:15:00,2025-11-21 11:00:00,short,4031.67,4051.5557142857147,stop,-22.21758574487986,10883.657072860262,-1.0186063218390904,0.8076149425287058,2.497270114942554,0.9983543052087004,0.9547945205479346,2.2025862068965494,4.210057471264359,10,0.5585781319158594,0.14822990854179707,21.329369547802795,0,8,4,0,6,17.5,2025
2025-11-24 03:45:00,2025-11-24 09:30:00,short,4044.4,4061.7285714285717,stop,-22.232090268040686,10861.424982592222,-1.0213520197856627,0.6613355317394876,3.1370156636438233,0.895738274088469,0.862931034482745,1.338829348722159,2.66727122835944,2,0.7927845764286975,0.15209635404189736,20.172368943990964,0,4,0,0,7,64.75,2025
2025-11-25 01:45:00,2025-11-25 02:45:00,long,4143.73,4130.58,stop,-22.334063234166177,10839.090919358056,-1.028136882129248,0.5520912547527289,2.8806083650190835,0.7081410416167493,0.9342560553632511,1.318631178707233,3.554372623574121,3,1.336018806993007,0.02263267081339393,19.601534137585933,1,2,1,1,8,16.25,2025
2025-11-25 07:45:00,2025-11-25 09:15:00,long,4150.84,4138.71,stop,-22.339428935197727,10816.751490422857,-1.0305028854080678,0.40230832646339015,1.4822753503709158,0.6627806285689782,0.8452722063037459,1.150865622423798,2.647980214344614,5,1.5253661599254649,0.31904072528075034,19.601534137585933,1,8,1,1,9,5.0,2025
2025-11-25 15:15:00,2025-11-25 16:30:00,long,4141.9,4124.694285714286,stop,-22.098720290048238,10794.652770132809,-1.0215044835602642,0.24061773497173897,2.735137827964132,0.9515161480344596,0.45464601769908064,1.0508136831617476,1.9946861507804765,6,0.923759616995864,0.38796828235605485,19.601534137585933,1,15,1,1,10,6.0,2025
2025-11-25 19:00:00,2025-11-25 21:15:00,long,4150.01,4128.7528571428575,stop,-21.96508713535506,10772.687682997454,-1.0174059139785012,0.8157258064516287,2.846102150537666,1.1722831455082534,0.8203939745075562,1.6239247311827487,1.1158602150538306,7,1.2990088298022993,0.4735964610533827,19.601534137585933,1,19,1,1,11,2.5,2025
2025-11-26 02:00:00,2025-11-26 04:45:00,long,4138.49,4166.377142857144,target,63.778549300721984,10836.466232298175,2.960196711234084,0.29260796065767586,2.0224373751345404,0.5208885070184384,0.8050490883590034,1.534040264330708,0.043030582449629436,9,0.761111912684391,0.4856324020076075,19.31052892037512,1,2,2,1,12,4.75,2025
2025-11-26 13:30:00,2025-11-26 14:30:00,long,4171.23,4159.544285714285,stop,-22.35915367588369,10814.107078622292,-1.0316625916870414,1.0371638141808397,1.5694376528117449,0.6605038259394794,0.824873096446689,1.348655256723732,2.755501222493788,12,1.2638875037627941,0.48639082487200724,19.31052892037512,1,13,2,1,0,8.75,2025
2025-11-26 18:30:00,2025-11-27 03:15:00,long,4167.52,4149.000000000001,stop,-22.060311308333787,10792.046767313957,-1.0199784017278406,0.19762419006488605,3.1015118790496192,1.0444986868904185,0.8669410150892524,0.7872570194384445,0.9773218142548836,13,0.9741875270265855,0.4633441341382216,19.31052892037512,1,18,2,1,1,4.0,2025
2025-11-27 08:15:00,2025-11-28 03:00:00,long,4156.64,4184.1285714285705,target,63.88070588834479,10855.927473202302,2.959619582164029,0.40598690364841744,2.6127221702525647,0.5489620037027269,0.9301310043668747,0.9996881821016884,0.8250701590273137,17,0.5718221902895221,0.4107285757063428,19.216731140456897,1,8,3,1,2,5.0,2025
2025-11-28 03:30:00,2025-11-28 06:15:00,long,4192.32,4182.465714285714,stop,-22.52707246323889,10833.400400739063,-1.037547115105855,0.142070165265262,6.770658161786179,0.6660436119524933,0.8683834048640771,1.4186720788634406,7.3247318063209415,21,0.6345364747507505,0.287383418658238,19.129633201961408,1,3,4,1,0,0.5,2025
2025-11-28 15:45:00,2025-11-28 20:30:00,long,4182.31,4223.821428571428,target,64.42104029338925,10897.821441032453,2.973260375800123,0.32954780094992336,1.6462936196571742,0.9667625469342268,0.9490268767377874,1.5595705141441403,2.223002271319474,25,0.9456812431997625,0.37044156199959044,19.129633201961408,1,16,4,1,1,9.5,2025
2025-12-01 03:15:00,2025-12-01 07:15:00,long,4238.61,4221.785714285714,stop,-22.274973060077535,10875.546467972375,-1.0219920183408335,0.5813025388468291,3.3106903286066114,1.208051798071656,0.9527346387575484,1.760550225014887,2.202768107327787,27,1.5884166257781023,0.5064658857425686,19.764776786557157,1,3,0,1,0,54.75,2025
2025-12-01 09:45:00,2025-12-01 16:30:00,long,4245.4,4229.088571428571,stop,-22.244483465845768,10853.30198450653,-1.0226834822210549,0.2550359082150955,3.4245927482921674,1.183792575376949,0.8591715976330728,1.0360833771238394,0.7491679803818291,29,1.5642006830398545,0.6098131076358149,19.764776786557157,1,10,0,1,1,2.5,2025
2025-12-02 16:00:00,2025-12-02 17:00:00,long,4223.23,4208.0828571428565,stop,-22.236832246668286,10831.065152259862,-1.024427048948428,1.039139866075627,2.7978873903611725,1.0915019475481018,0.9356223175965646,1.5382438932377185,4.779779307743079,37,0.5698159022487082,0.3450975881120977,20.76087284377959,1,16,1,1,2,23.5,2025
2025-12-03 04:00:00,2025-12-03 07:30:00,long,4223.97,4211.361428571429,stop,-22.29780804629026,10808.767344213571,-1.0293451167006369,0.4869703149785796,2.6125084976206097,0.9088001400371745,0.9679037111334302,1.5814638567868355,2.326988443235948,40,0.5475362815972331,0.18408738106756584,20.86785919678274,1,4,2,1,3,11.0,2025
2025-12-03 15:45:00,2025-12-03 16:00:00,long,4236.86,4224.041428571429,stop,-22.2415112274113,10786.525832986159,-1.0288643708904606,1.7349827259557065,4.08625877632911,0.9510306563772537,0.903870162297128,2.499498495486499,5.410899364761098,43,0.9649120134144373,0.17980982498475573,20.86785919678274,1,16,2,1,4,8.25,2025
2025-12-05 16:45:00,2025-12-05 18:00:00,long,4242.12,4228.442857142857,stop,-22.156655215323145,10764.369177770835,-1.0270524336745253,0.40944223939839425,2.5984959264674283,0.9689394634222026,0.6746411483253293,1.5280969291833,2.8076039273030657,8,0.713034004084744,0.16779578146415286,20.79863798752469,1,17,4,1,5,48.75,2025
2025-12-09 07:45:00,2025-12-09 10:00:00,short,4179.72,4188.308571428572,stop,-22.456207290019584,10741.912970480817,-1.0430805056553243,0.1606786427144731,4.266134397870736,0.665342940645386,0.6795918367346033,1.141051230871685,3.8399866932799465,5,0.5263854180988472,0.08682878918584436,21.053705494152812,0,8,1,0,6,85.75,2025
2025-12-11 02:00:00,2025-12-11 04:30:00,long,4242.94,4223.697142857142,stop,-21.896915096025705,10720.01605538479,-1.019227913882716,0.5695619896064923,1.6785449146250686,1.6011672949395759,0.9532019704433001,1.2659242761693055,3.1814402375649506,1,0.5727816959051003,0.04804200870327513,20.97244829485134,1,2,3,1,7,40.0,2025
2025-12-11 20:00:00,2025-12-11 21:00:00,long,4283.77,4263.71,stop,-21.835486342125172,10698.180569042666,-1.0184446660020134,0.2103688933200978,4.31006979062807,1.6465478281474841,0.7615207373272305,0.8654037886341264,5.641076769691008,6,1.5431753939305375,0.24130784854088372,20.97244829485134,1,20,3,1,8,15.5,2025
2025-12-11 23:30:00,2025-12-12 03:00:00,long,4282.22,4268.527142857143,stop,-21.97452050530058,10676.206048537366,-1.0270213875847385,0.39436619718306304,2.4012519561815533,1.124989546752086,1.0,0.7931142410015894,0.6762649973917585,6,1.5431753939305375,0.24130784854088372,20.97244829485134,1,23,3,1,9,2.5,2025
2025-12-12 10:00:00,2025-12-12 12:15:00,long,4293.32,4321.794285714285,target,63.22486501892617,10739.430913556293,2.9610174593617895,0.5921131848283048,3.4114990969296417,0.7798747552131594,0.7508813160987,1.7931968693556504,5.088801926550155,9,1.2787664409241233,0.42285803013215606,21.684762612178737,1,10,4,1,10,7.0,2025
2025-12-12 12:30:00,2025-12-12 17:15:00,long,4327.94,4313.878571428571,stop,-22.04403760819745,10717.386875948096,-1.0263131159199248,0.8605100071115549,4.97246774357415,1.1524268299554226,0.9667497921861551,1.7110637000914102,6.636594534186753,10,2.0380036805151693,0.5488012532909758,21.684762612178737,1,12,4,1,0,0.25,2025
2025-12-15 03:00:00,2025-12-15 11:00:00,long,4313.19,4348.997142857143,target,63.63985609689277,10781.026732044988,2.9690005984440577,0.7691202872529954,2.7011370436864848,0.9114315525222199,0.8996372430470625,1.3857570317175745,2.22022740873723,13,1.282510303651442,0.6622742413830984,23.08050762990716,1,3,0,1,1,57.75,2025
2025-12-15 20:45:00,2025-12-16 04:45:00,long,4312.95,4294.8042857142855,stop,-22.001714292872943,10759.025017752114,-1.0203904896866705,0.3174303259329372,2.7301212407494466,1.358041823151362,0.9042553191489328,0.6216343882852476,-1.1815462131948051,18,0.8334369958312373,0.6478733608614062,23.08050762990716,1,21,0,1,0,9.75,2025
2025-12-16 15:45:00,2025-12-16 18:30:00,long,4313.27,4300.271428571429,stop,-22.130554152351756,10736.894463599761,-1.0284646664468624,0.06462248598748314,6.000659413122396,0.959322706993094,0.9821556031406141,2.1556214968678478,5.065171996922813,23,0.8397632412284495,0.25405998203564817,24.376556574940693,1,16,1,1,1,11.0,2025
2025-12-17 02:00:00,2025-12-17 07:15:00,long,4312.58,4337.792857142857,target,63.475979847697694,10800.370443447458,2.9559748427673416,0.09518952915170684,2.7390787013429074,0.610727834611413,0.903448275862003,1.3802481727010478,1.5968043515213433,25,0.5126906850322717,0.21660516032793176,25.235158185424165,1,2,2,1,2,7.5,2025
2025-12-17 07:30:00,2025-12-17 08:45:00,long,4338.22,4326.305714285714,stop,-22.271555262159865,10778.098888185299,-1.0310551558753211,0.06211031175058079,4.215107913669135,0.86436178826505,0.7913907284768738,1.5208633093524224,2.54988009592333,26,1.003177878869876,0.22938730574930677,25.235158185424165,1,7,2,1,0,0.25,2025
2025-12-17 15:00:00,2025-12-18 16:30:00,long,4323.37,4312.205714285714,stop,-24.339490451947405,10753.75939773335,-1.1291179782469702,0.025079974408247566,2.9630198336531692,0.795130019401339,0.6476923076923133,2.328854766474685,0.40307101727446465,28,0.6580299171099645,0.3264135860205464,25.235158185424165,1,15,2,1,1,6.25,2025
2025-12-18 18:00:00,2025-12-18 19:00:00,long,4362.3,4336.927142857143,stop,-21.821152451681204,10731.93824528167,-1.0145825122459318,1.5260402004391975,2.69027644839809,1.821999975208797,0.8151093439363859,2.378920105849899,3.0024210348516274,35,0.7115617297480661,0.32246461920830694,26.190392146644182,1,18,3,1,2,1.5,2025
2025-12-22 04:45:00,2025-12-22 16:15:00,long,4385.93,4428.067142857145,target,63.82621612638388,10795.764461408055,2.9736574450773268,0.017087062652546937,3.8218063466231613,1.0739249565991589,0.5685670261942425,0.9241253051260563,6.737998372660559,44,1.401455424379276,0.26753281077509516,28.46209374242209,1,5,0,1,3,81.75,2025
2025-12-22 17:45:00,2025-12-23 03:00:00,long,4431.84,4484.1042857142875,target,64.31602129153097,10860.080482699586,2.9787617876178847,0.31225912259124633,1.9573595735957015,1.3237673637612895,0.5107458912768695,0.9080770807707653,2.4567445674456674,47,1.937119113670311,0.5724162706436609,28.46209374242209,1,18,0,1,0,1.5,2025
2025-12-23 04:30:00,2025-12-23 06:45:00,long,4495.72,4480.001428571429,stop,-22.231432590414204,10837.849050109173,-1.0235390348086968,0.6272834681450898,4.175952013087312,1.215966256927153,0.8206071757129864,1.3830773425429321,6.4573298191402495,50,2.8314920096579903,0.880575177009324,30.36384178214302,1,4,1,1,0,1.5,2025
2025-12-23 10:30:00,2025-12-23 11:15:00,long,4491.74,4480.291428571429,stop,-22.376222907798905,10815.472827201374,-1.0323184427251966,0.19041677065138476,3.7122535562765013,0.8812896403013506,0.9231788079470221,1.3189418517592886,1.278762166209078,51,2.4168595290698787,0.9350373182286376,30.36384178214302,1,10,1,1,1,3.75,2025
2025-12-23 13:45:00,2025-12-23 15:45:00,long,4493.5,4482.835714285714,stop,-22.38143660209146,10793.091390599284,-1.0346952444742497,0.9133288680508881,1.9598124581379526,0.8289046970109433,0.8814504881449993,1.3446751507033021,1.2940388479570712,52,2.3658621526347177,0.9771473985245915,30.36384178214302,1,14,1,1,2,2.5,2025
2025-12-23 18:45:00,2025-12-29 09:00:00,long,4474.24,4447.731428571428,stop,-26.250181424867584,10766.841209174416,-1.216064076309561,0.12071567148088236,3.1793489976288485,2.0216017193492135,0.7806267806267373,0.7944600129338087,-0.9280017245096134,53,2.1861054920545717,0.995252268212643,30.36384178214302,1,19,1,1,3,3.0,2025
2025-12-29 15:45:00,2025-12-29 17:00:00,short,4421.71,4345.87,target,64.28587864370176,10831.127087818117,2.9853639240506222,0.27768987341773727,3.361550632911357,1.6340595281471575,0.3549245785270636,1.7832278481012533,3.9920886075949182,1,0.8600970021687533,-0.30879192127792887,36.780409380495335,0,16,0,0,4,6.75,2025
2025-12-29 17:15:00,2025-12-30 04:45:00,short,4320.03,4361.831428571429,stop,-21.853994848596617,10809.27309296952,-1.0088513721335628,0.39663716209288563,6.655753391886827,2.6446158990874626,0.577915632754352,1.9281637674720233,6.952393971497904,1,0.8600970021687533,-0.30879192127792887,36.780409380495335,0,17,0,0,0,0.25,2025
2025-12-30 10:15:00,2025-12-30 11:00:00,short,4353.45,4372.698571428571,stop,-22.034102328299166,10787.23899064122,-1.0192222057295603,0.6047202018703421,2.5144723170550884,1.105653663672718,0.9334373374935114,1.9980703577259757,0.999554697936771,5,1.29377561528242,0.614584159439191,35.28308452104615,0,10,1,0,1,5.5,2025
2025-12-30 15:30:00,2025-12-31 01:30:00,short,4379.48,4330.057142857143,target,64.23888748207554,10851.477878123296,2.977540756156781,0.184530003468664,2.8407908428719937,0.9337212368041288,0.8189655172413964,2.112382934443266,-1.366978841484495,6,1.3329818576296586,0.7197139624600113,35.28308452104615,0,15,1,0,2,4.5,2025
2025-12-31 06:45:00,2026-01-02 02:45:00,short,4332.82,4355.885714285714,stop,-22.492546278194844,10828.9853318451,-1.0363817044469157,0.7274866840084431,2.6038647342994645,1.2367939694867878,0.8577777777777916,1.3656633221850456,0.8289359593707671,10,1.1207643613104155,0.522730203023436,33.89271143727191,0,7,2,0,0,5.25,2026
2026-01-02 20:00:00,2026-01-05 01:00:00,short,4314.61,4337.837142857143,stop,-22.877922231233875,10806.107409613867,-1.0563280644566082,0.046497324558702514,2.753674887754497,1.1676441769725359,0.8151183970856414,0.9454455993603889,4.810750968694221,2,1.3163275963584287,0.2917876053913915,31.851662460440675,0,20,4,0,1,17.25,2026
2026-01-05 08:00:00,2026-01-05 15:15:00,long,4418.46,4402.76,stop,-22.121547270381512,10783.985862343487,-1.0235668789808918,0.5222929936306256,2.1617834394903874,0.7814004416559573,0.8047673098751218,1.1222929936306372,3.073885350318521,2,0.720432799084856,-0.10056732724154083,30.321264164796133,1,8,0,1,2,7.0,2026
2026-01-05 23:45:00,2026-01-06 01:45:00,long,4449.01,4437.565714285714,stop,-22.26527601587358,10761.720586327612,-1.0323305454999492,0.13806016726999795,1.8384721008613996,0.5642487226823328,0.9303482587065228,0.7025340157282937,0.9646735738360558,6,1.2382570026870223,0.3847832398933049,30.321264164796133,1,0,0,1,3,8.5,2026
2026-01-06 04:00:00,2026-01-07 08:45:00,long,4459.49,4441.477142857143,stop,-23.24589172221127,10738.4746946054,-1.0800267269410597,0.7905464350860424,2.721389483702158,0.8969458917693053,0.9165957446808108,1.304623681497351,1.3934491236418718,7,1.1876408318563327,0.43158333696537987,29.521752150193667,1,4,1,1,4,2.25,2026
2026-01-07 18:15:00,2026-01-08 06:45:00,long,4457.93,4431.501428571429,stop,-21.77762668066007,10716.69706792474,-1.014000000000015,0.2701621621622116,2.32702702702705,1.4904487912510496,0.7995169082125828,1.253189189189232,0.5902702702702899,16,0.559451826890159,0.45196512861658267,29.21673283455239,1,18,2,1,5,9.5,2026
2026-01-08 22:15:00,2026-01-09 03:00:00,long,4469.95,4456.685714285714,stop,-22.03126695019295,10694.665800974548,-1.0278944534194643,0.8820678513730882,2.925148088314528,0.8089102091154956,0.7773631840796055,2.4245557350564986,2.474313408723692,1,0.6699492735845776,0.0900900406449745,28.85985008162193,1,22,3,1,6,15.5,2026
2026-01-09 08:15:00,2026-01-09 14:30:00,long,4473.62,4463.437142857143,stop,-22.166525328787618,10672.49927564576,-1.0363355780022456,0.3437149270482704,2.6907968574635666,0.640481379383138,0.9973190348524884,1.4652076318743483,0.2808641975309295,4,0.619757674722775,0.18956265450627008,28.24534869568905,1,8,4,1,7,5.25,2026
2026-01-09 15:30:00,2026-01-12 01:15:00,long,4486.44,4536.154285714285,target,60.798074465808824,10733.297350111568,2.848352241379287,0.697586206896521,2.3594827586207114,1.051536228709129,0.8352185875878838,3.947758620689659,1.7946551724137798,5,0.6448540828838659,0.23353465124584805,28.24534869568905,1,15,4,1,8,1.0,2026
2026-01-12 01:30:00,2026-01-12 02:30:00,long,4542.3,4583.558571428572,target,63.82225755788827,10797.119607669456,2.973096499428708,0.5918770125689097,5.8882310169315435,0.8656174016641824,0.763865546218523,1.7305494962085355,5.811156123402963,8,1.2837801156439999,0.34138033938260204,28.10530241350296,1,1,0,1,0,0.25,2026
2026-01-12 07:30:00,2026-01-12 17:30:00,long,4581.62,4625.012857142856,target,64.23033167497685,10861.349939344433,2.974419753086392,0.024888888888929577,2.479209876543169,0.8995677077404297,0.8962623951182528,1.812740740740728,1.1144691358024188,9,2.4372680852221684,0.4671041807871479,28.10530241350296,1,7,0,1,0,5.0,2026
2026-01-12 18:00:00,2026-01-12 20:15:00,long,4629.14,4602.35,stop,-22.022714770630333,10839.327224573803,-1.0138111235535596,0.12094064949607206,3.1608809257185513,1.685073145747307,0.9437194127243403,0.9152668906308454,3.49832026875703,12,2.8545414286913577,0.8781134841066018,28.10530241350296,1,18,0,1,0,0.5,2026
2026-01-13 05:00:00,2026-01-13 08:30:00,long,4597.71,4579.4800000000005,stop,-22.118649081411952,10817.20857549239,-1.0202962150301558,0.22490400438839295,2.2062534284146866,1.1456121506767285,0.7232524964336959,0.7690619857377264,2.0307185957213822,15,1.6071350728431415,1.0132689361838088,29.01103915971882,1,5,1,1,1,8.75,2026
2026-01-13 10:30:00,2026-01-13 22:30:00,long,4593.43,4577.231428571429,stop,-22.128580132032766,10795.079995360356,-1.0228415204162544,0.10865155657466874,2.32366169856259,1.0206798156043069,0.5395590142672277,0.9519357968073833,-0.6716641679160014,16,1.7878704618395178,0.9626826774463693,29.01103915971882,1,10,1,1,2,2.0,2026
2026-01-14 02:00:00,2026-01-15 03:30:00,long,4605.16,4590.322857142857,stop,-23.68776273188675,10771.39223262847,-1.0971554977854527,0.8451761987289825,3.9198921625264123,0.9139550066063336,0.7541743970315042,1.4531099557096765,1.2913537454265074,20,1.2451147223250658,0.6729543958396089,29.88501407131574,1,2,2,1,3,3.5,2026
2026-01-15 08:00:00,2026-01-15 15:45:00,long,4605.21,4584.427142857143,stop,-21.926313553551104,10749.465919074919,-1.0178031344514773,0.6091558977178942,1.7033269177893746,1.25047655902625,0.7683997299122081,1.4252130877096938,-0.8449271377508717,28,0.6504568575645928,0.5427965289177994,30.767082424575374,1,8,3,1,4,4.5,2026
2026-01-16 07:30:00,2026-01-16 08:30:00,long,4606.85,4595.955714285715,stop,-22.22909487854806,10727.23682419637,-1.0339627589824045,0.8830317335432023,1.6871230002621624,0.6702017921702231,1.0,1.9276160503540236,0.3084185680566972,33,0.5099526901812772,0.3017733714272053,31.426374607732583,1,7,4,1,5,15.75,2026
2026-01-19 08:45:00,2026-01-19 09:15:00,long,4678.19,4667.0485714285705,stop,-22.166963541319202,10705.06986065505,-1.033209385818693,0.3087575330169224,3.1091165534042573,0.6471758320750898,0.875375375375264,1.1955378894730941,2.816514937812345,3,1.6466036647614677,0.299099053223717,31.128218086187495,1,9,0,1,6,72.25,2026
2026-01-19 17:45:00,2026-01-20 02:15:00,long,4674.4,4664.155714285715,stop,-22.183424645004653,10682.886436010045,-1.0361176962766327,0.09566308743546388,2.3915771858876624,0.6093968510034378,0.7325038880248559,1.2553339841027238,2.6746618323804525,5,1.366867636705598,0.4408020571800231,31.128218086187495,1,18,0,1,7,8.5,2026
2026-01-20 05:30:00,2026-01-20 08:00:00,long,4676.88,4717.007142857143,target,63.50629702321063,10746.392733033255,2.9723379258784677,0.1211150272349215,2.405852824949311,0.8297007403031277,0.6726094003242297,0.9225675531346978,1.5819715903022562,8,1.1733445045695392,0.5928084191799687,31.54255358146901,1,5,1,1,8,3.25,2026
2026-01-20 09:15:00,2026-01-20 20:00:00,long,4718.1,4764.574285714286,target,63.96501893640395,10810.35775196966,2.976115824419033,0.03356694946517032,3.7504610844707122,0.9652515595268263,0.44264507422411864,0.9566580597565322,5.796753965326539,9,1.9740100453688256,0.6164001084474791,31.54255358146901,1,9,1,1,0,1.25,2026
2026-01-21 01:30:00,2026-01-21 03:15:00,long,4773.62,4814.0257142857145,target,64.26819601165732,10874.625947981316,2.9725286380993072,1.0810352142553745,2.8139584217225093,0.8328330686316503,0.9973244147157214,2.21998302927448,2.3862961391599122,13,2.3561757102818532,0.8692663060058115,32.5324681664486,1,1,2,1,0,5.5,2026
2026-01-21 06:30:00,2026-01-21 09:00:00,long,4865.48,4835.417142857143,stop,-22.016931816179714,10852.609016165137,-1.0123075460938853,0.758410948488851,2.4575175822086623,1.8613146352762293,0.9869321717485974,1.0690933282645618,5.34945827789389,14,3.5581103999765302,1.0437694398135466,32.5324681664486,1,6,2,1,0,3.25,2026
2026-01-21 11:15:00,2026-01-21 16:00:00,long,4875.62,4846.578571428571,stop,-21.981751628196847,10830.62726453694,-1.0127404200895227,0.41182547100198313,2.5487726892616385,1.753129716133681,0.9548913043478291,1.2671552953907848,0.4689851935658027,15,3.9679086154369507,1.1917914467461266,32.5324681664486,1,11,2,1,1,2.25,2026
2026-01-22 07:00:00,2026-01-22 16:30:00,long,4800.42,4845.762857142858,target,64.45349280054639,10895.080757337488,2.9755198487712926,0.0026465028355965154,3.388846880907323,0.7999754260856822,0.8421717171717186,1.0480151228733539,1.196219281663509,20,1.585073629381239,1.2598925373020098,34.19101007109941,1,7,3,1,2,15.0,2026
2026-01-22 17:15:00,2026-01-22 21:00:00,long,4853.8,4921.355714285714,target,65.0124529616931,10960.093210299181,2.983569117553777,0.5533210683246024,3.267525217280988,1.2122548249928606,0.8871873404798356,1.7398972276851072,2.3083169447440133,23,1.7046089987411825,0.8389372147687979,34.19101007109941,1,17,3,1,0,0.75,2026
2026-01-22 22:00:00,2026-01-23 10:15:00,long,4925.83,4904.232857142857,stop,-22.295720769251563,10937.79748952993,-1.017131895753419,0.13705516602721324,3.2495039026326697,1.1348113980312557,0.9695534506089428,1.3686995634343069,4.834898796137107,24,3.13614925886192,0.890576673414456,34.19101007109941,1,22,3,1,0,1.0,2026
2026-01-23 14:00:00,2026-01-26 01:00:00,long,4933.9,4996.274285714285,target,62.98272382779412,11000.780213357724,2.879131922495527,0.12793733681461525,2.8021162566992177,1.0464742655908903,0.9686346863468505,1.5641060876735229,-0.8061014154184574,28,2.5029300973360393,1.2895104782529865,35.98455371152405,1,14,4,1,1,3.75,2026
2026-01-26 01:45:00,2026-01-26 08:45:00,long,5039.87,5110.85,target,65.6606163030592,11066.440829660783,2.9843617920541052,0.6601859678782294,4.7540152155537125,1.1479676820735354,0.9871099050203188,1.2459847844463754,6.198647506339778,31,3.2451647002523414,1.3353877659821434,37.86918948043106,1,2,0,1,0,0.75,2026
2026-01-26 18:00:00,2026-01-26 18:15:00,long,5101.59,5071.604285714286,stop,-22.405983915146546,11044.034845745637,-1.0123392091472172,0.2834683182467835,2.8513577894235276,1.4330830359478364,0.78773895847065,1.011815150071465,0.7503573130061915,35,3.634100886118342,1.6582288634160003,37.86918948043106,1,18,0,1,0,9.25,2026
2026-01-27 03:00:00,2026-01-28 03:30:00,long,5071.27,5202.948571428572,target,65.53880235881279,11109.57364810445,2.9671584377542746,0.4547436940602331,3.2798047192839506,1.9144020329942233,1.0,2.3776078112286543,0.9668999186330465,37,2.1113582186385167,1.6448170599540957,40.0663298090546,1,3,1,1,1,8.75,2026
2026-01-28 04:45:00,2026-01-28 20:15:00,long,5231.86,5323.7757142857145,target,66.38911722085413,11175.962765325305,2.9879237189350487,0.15731803981907858,4.501515363454074,1.198487849992042,0.810606060606058,0.86165897328296,3.3852753298829277,44,4.223412976691108,1.4091638647522275,42.34151996746509,1,5,2,1,0,1.25,2026
2026-01-28 22:15:00,2026-01-29 01:15:00,long,5354.66,5491.331428571429,target,66.87424166838818,11242.837006993694,2.991878331765435,0.697146440890563,3.0945751019128016,1.6907210482576582,0.9680974477958135,1.513703355283802,2.95760426465975,48,4.617320297916559,1.977380330201739,42.34151996746509,1,22,2,1,0,2.0,2026
2026-01-29 01:30:00,2026-01-29 02:00:00,long,5531.16,5465.608571428571,stop,-22.612592672611516,11220.224414321083,-1.005644423135601,1.0770169550625504,5.326504816283824,2.4146377480974484,0.38542912335571355,3.3167850760580535,7.856731900797625,49,6.247725430212969,2.149376522742763,44.94760554811939,1,1,3,1,0,0.25,2026
2026-01-29 06:30:00,2026-01-29 10:30:00,long,5557.44,5505.781428571428,stop,-22.601176580823367,11197.62323774026,-1.0071624125439085,0.1846740964021822,1.8587428445009826,1.799175007035612,0.6379220779220647,0.7452780620004947,1.8691960952407114,50,7.91027140086319,2.445609922695735,44.94760554811939,1,6,3,1,1,4.5,2026
2026-01-29 14:00:00,2026-01-29 16:45:00,long,5535.69,5494.849999999999,stop,-22.598141705547526,11175.025096034711,-1.0090597453477077,0.30509304603328113,2.872673849167493,1.3657624413138898,0.836655323286316,1.0073457394711431,-0.10284035259551305,52,6.409003786422188,2.7902726340765405,44.94760554811939,1,14,3,1,2,3.5,2026
2026-01-29 22:45:00,2026-01-30 03:00:00,long,5394.59,5318.774285714286,stop,-22.459124130750585,11152.565971903961,-1.0048802547530682,0.8581334438770636,2.090859414746289,2.1107471776281708,0.7667293233082726,1.4034029884494308,3.4422942850144085,54,2.664807588180236,2.764532303797562,44.94760554811939,1,23,3,1,3,6.0,2026
2026-01-30 15:15:00,2026-01-30 16:30:00,short,5027.61,5109.2585714285715,stop,-22.406210244074746,11130.159761659886,-1.0045316163348177,0.6547573223221578,2.240333135038665,1.808165558161853,0.7868036602986073,1.5258074675438256,0.021555796619661807,2,3.6523887143789846,-0.7011396789705193,47.62693134329317,0,15,4,0,4,12.25,2026
2026-01-30 19:00:00,2026-02-02 03:00:00,short,4914.48,4589.764285714285,target,66.5118856686751,11196.671647328561,2.987912442092202,0.5245819420064192,3.1530349624506693,2.2871202454090405,0.8274704929414506,1.5968429527366768,2.9610516451753326,3,3.3195676575832294,-0.041407406965476845,47.62693134329317,0,19,4,0,5,2.5,2026
2026-02-02 07:30:00,2026-02-02 11:15:00,short,4576.68,4678.360000000001,stop,-22.47482969334941,11174.196817635213,-1.0036388670338352,0.5216365066876387,2.481904012588521,1.762991598454734,0.9563895709107859,1.6823367427222624,2.6612903225806335,6,8.078076345763387,1.7561016989766087,46.19086804694436,0,7,0,0,0,4.5,2026
2026-02-02 15:30:00,2026-02-02 16:30:00,short,4684.56,4773.608571428571,stop,-22.44125201033907,11151.755565624873,-1.004155035775014,0.4274071935059485,2.4424872461257237,1.4121346376686204,0.7934156378600759,1.6373086918856494,0.12712163506272406,8,7.194509159680379,2.644963707995973,46.19086804694436,0,15,0,0,1,4.25,2026
2026-02-02 17:45:00,2026-02-03 01:15:00,short,4619.52,4732.152857142857,stop,-22.37677837606526,11129.378787248808,-1.003285009449156,0.5128166102253714,2.5910733990335286,1.7475981552724185,0.9620899950552138,1.0773055312456434,2.6209048361934433,9,7.023339390177438,2.8688422406774605,46.19086804694436,0,18,0,0,2,1.25,2026
2026-02-03 04:30:00,2026-02-03 07:15:00,short,4758.76,4837.222857142857,stop,-22.363721127985944,11107.015066120823,-1.0047156070206085,0.03797975384166677,2.4406452552618294,1.1367570246278929,0.9688128772635715,0.7601048721870187,-2.284647877066507,12,2.895267584386448,2.712452812367172,43.203300646470545,0,4,1,0,3,3.25,2026
2026-02-04 04:00:00,2026-02-04 16:30:00,long,5058.79,4998.2357142857145,stop,-22.349762740627188,11084.665303380196,-1.0061102198735445,0.16910446352740977,4.381523072567702,0.8203238914680675,0.644777662874879,0.6387656884023827,3.3322166650939042,1,1.5769031190760001,-0.2736599116419103,40.903691455392625,1,4,2,1,4,20.75,2026
2026-02-05 11:00:00,2026-02-06 02:00:00,short,4865.14,4700.114285714287,target,66.35887592594906,11151.024179306145,2.9932737755155028,1.1227341193580302,1.7302758011738217,0.7131393351274253,0.9526102870352525,1.8873422323793712,-0.46101906196438147,4,1.57447341945335,0.053367916643354274,39.17032101507972,0,11,3,0,5,18.5,2026
2026-02-06 23:45:00,2026-02-09 01:30:00,long,4966.82,5031.405714285715,target,64.3028374782053,11215.327016784351,2.883270471134717,0.22574651625740663,2.587259455872616,0.3173496913610187,0.7969451931715906,1.033974784339753,0.5620437956203677,3,0.7823689943648033,-0.224233094453119,37.044863217368196,1,0,4,1,0,21.75,2026
2026-02-09 07:30:00,2026-02-09 09:15:00,long,5036.81,5007.014285714286,stop,-22.70919550140627,11192.617821282945,-1.0124178932732284,0.3275638874238928,1.762669607326087,0.47418532434275196,0.6999347684279533,1.0290070479934714,1.8599990410893195,4,1.039770131888482,0.06448943851089517,34.539808679736154,1,7,0,1,0,6.0,2026
2026-02-09 16:30:00,2026-02-10 01:00:00,long,5036.8,5007.992857142857,stop,-22.672752430635544,11169.94506885231,-1.0128440366972478,0.8282667989090187,2.0654599553682065,0.5201470181639295,0.9706132879046162,1.630151252169566,3.496355070667028,7,1.2069257430007223,0.4909814580293048,34.539808679736154,1,16,0,1,1,7.25,2026
2026-02-10 07:45:00,2026-02-10 17:30:00,long,5039.51,5015.238571428572,stop,-22.68044526105126,11147.26462359126,-1.0152442613301784,0.342789876397868,1.991642142436727,0.5010173997754799,0.86646884273002,0.8330782813419362,0.7679811653914552,11,1.3873338933661137,0.6332082797509742,32.73722273487928,1,8,1,1,2,6.75,2026
2026-02-10 22:30:00,2026-02-11 12:30:00,long,5036.41,5098.595714285713,target,66.48563577221438,11213.750259363474,2.9821502412129433,0.2566505858028831,2.790351481736768,0.4588875061472216,0.9847328244274454,0.8847691247415734,1.5949000689179789,14,0.8744473142269322,0.5848614403613617,32.73722273487928,1,22,1,1,3,5.0,2026
2026-02-11 13:15:00,2026-02-11 14:30:00,long,5106.11,5084.222857142857,stop,-22.806635211915786,11190.94362415156,-1.0169049017688019,0.46511324326080833,4.91612819006588,0.5294682904573615,0.8879310344827595,1.6959728477252773,4.239018340839267,18,1.27781636959702,0.4717620764391972,31.063392928940754,1,13,2,1,0,0.75,2026
2026-02-11 19:00:00,2026-02-12 16:45:00,long,5084.28,5042.954285714285,stop,-22.58227817741383,11168.361345974146,-1.0089532632743428,0.11663440265485996,2.258158185840696,0.9892323493876475,0.9124999999999858,0.8130530973451398,0.10598727876104234,19,1.3103393867289248,0.46598038954761556,31.063392928940754,1,19,2,1,1,4.5,2026
2026-02-13 01:00:00,2026-02-13 02:00:00,short,4910.53,4943.047142857143,stop,-22.59088362583875,11145.770462348308,-1.0113786134786047,0.04366927335032279,2.8926280643177527,0.9447971585937331,0.42006121968448407,2.612160618574824,1.340831209911262,2,1.8921798222580914,-0.03662738152505618,27.637647669208835,0,1,4,0,2,8.25,2026
2026-02-13 07:30:00,2026-02-13 10:00:00,short,4964.23,4988.702857142856,stop,-22.628562061786702,11123.14190028652,-1.0151187904967442,0.10297122176173612,2.611055980386413,0.733877092758314,0.7832923832923944,1.6630669546436543,1.2765162570778745,3,0.6402760623366743,0.07174497019057924,27.637647669208835,0,7,4,0,3,5.5,2026
2026-02-13 12:45:00,2026-02-13 15:00:00,short,4949.95,4975.921428571428,stop,-22.563213806312675,11100.578686480208,-1.0142464246424596,0.8871287128713331,1.958305830583038,0.8265878952954446,0.8727735368956739,1.8158415841584357,1.3330033003300825,5,0.7180982103523907,0.3505055907891408,27.637647669208835,0,13,4,0,4,2.75,2026
2026-02-17 07:00:00,2026-02-17 07:30:00,short,4928.39,4867.995714285715,target,66.19543211323318,11166.774118593441,2.981620777746252,1.7922225376099985,2.3684359920522566,0.7378358142530231,0.9506263817243856,2.6962815782003555,2.181663355095106,4,0.9148288992165008,0.13406230894451587,23.961657340706914,0,7,1,0,5,88.0,2026
2026-02-17 15:45:00,2026-02-17 16:00:00,short,4870.67,4899.437142857143,stop,-22.620800012199616,11144.153318581242,-1.0128618960123157,2.5146744798132743,2.6217410736455204,1.0709307002217077,0.9627707177376064,3.8842925957192995,3.8481402393603914,7,2.3118619797902435,0.4926381759584597,23.961657340706914,0,16,1,0,0,8.25,2026
2026-02-18 01:45:00,2026-02-18 02:30:00,short,4859.04,4881.151428571428,stop,-22.66126641355627,11121.492052167687,-1.0167334280914786,0.06874273161909208,2.4340354050910875,0.8040638697781544,0.7654213727193855,2.082181160356596,3.5945212559762103,9,1.8662214612668315,0.731725147271256,22.883467291644543,0,2,2,0,1,9.75,2026
2026-02-18 10:30:00,2026-02-18 14:45:00,short,4921.19,4935.707142857143,stop,-22.80989346105894,11098.682158706628,-1.025487108836852,0.17083251328488186,2.7402086203502476,0.5378715250830493,0.806993006993109,0.9850423145049696,1.6780161385554444,11,0.5842374600615272,0.6659967340049144,22.883467291644543,0,10,2,0,2,8.0,2026
2026-02-19 07:45:00,2026-02-19 12:00:00,long,4996.92,4984.722857142857,stop,-22.87072076602137,11075.811437940607,-1.030334973061639,0.08034668540638247,4.83227922230034,0.48371990693009204,0.42815249266865063,0.5591473412977032,3.894354649800885,4,0.6304414136100202,0.06376943746075892,21.815741733631558,1,8,3,1,3,17.0,2026
2026-02-19 15:45:00,2026-02-19 16:00:00,long,4997.32,4977.11,stop,-22.55716965787409,11053.254268282733,-1.0183077684314694,0.002968827313186075,2.479960415635859,0.8177999286802397,0.8418079096045336,0.700643245917854,0.15437902028693595,6,0.5605629225891944,0.20724787211248152,21.815741733631558,1,16,3,1,4,3.75,2026
2026-02-19 16:45:00,2026-02-19 20:15:00,long,5006.12,4978.927142857143,stop,-22.407301061438826,11030.846967221294,-1.0136065143157198,0.5648542159180606,2.6006829524559483,1.0987283837564654,0.7969762419006526,1.7026530076175004,0.9436301549776565,6,0.5605629225891944,0.20724787211248152,21.815741733631558,1,17,3,1,5,0.75,2026
2026-02-20 07:45:00,2026-02-20 16:45:00,long,5011.64,5058.709999999999,target,65.66482515860221,11096.511792379897,2.9764181007010833,0.6921606118547393,3.126832377310436,0.6813432174178762,0.9860191317145256,1.7323135755258754,1.859783301465968,10,0.710386311991609,0.21389236345388252,20.74647069571402,1,8,4,1,6,11.5,2026
2026-02-20 21:45:00,2026-02-23 01:00:00,long,5079.7,5137.6857142857125,target,63.693626667783874,11160.205419047681,2.8699841832963684,0.3393939393939217,2.2929785661493414,0.8663384992510146,0.9691119691119954,0.8039911308203707,3.8585365853659486,13,1.6547621589026889,0.38338382266494,20.74647069571402,1,22,4,1,0,5.0,2026
2026-02-23 01:30:00,2026-02-23 02:00:00,long,5158.6,5136.802857142858,stop,-22.699293156031043,11137.50612589165,-1.0169747017957673,0.6349456023069897,6.87429545156636,0.9902157944221711,0.966261808367073,1.3598112465592314,8.406606370428655,14,2.1516950270041,0.5018738645121035,19.363662178481214,1,1,0,1,0,0.5,2026
2026-02-23 04:30:00,2026-02-23 09:00:00,long,5174.43,5142.318571428572,stop,-22.531673350333524,11114.974452541317,-1.011522377435715,0.4216567310259214,2.3866892072248365,1.4736048512660724,0.8612903225806686,0.965388379749093,4.6805765637512815,15,2.9158647020667785,0.6777075359312157,19.363662178481214,1,4,0,1,1,2.5,2026
2026-02-23 12:15:00,2026-02-23 18:15:00,long,5156.06,5218.550000000002,target,66.2949796439625,11181.26943218528,2.982237157945284,0.2851656265002584,2.9563130100815465,0.9659319256809167,0.9222373806275969,0.7037926068170687,0.32645223235722254,17,2.4073472579907835,0.9277697082279879,19.363662178481214,1,12,0,1,2,3.25,2026
2026-02-23 21:30:00,2026-02-24 03:00:00,long,5217.03,5195.357142857143,stop,-22.744313141996685,11158.525119043283,-1.0170720453496624,0.11258321798161577,2.319952541032276,0.9883681396067477,0.9695652173912356,0.8489882011733632,1.452508074616032,19,3.136039520811673,1.1083070925440808,19.363662178481214,1,21,0,1,0,3.25,2026
2026-02-24 19:00:00,2026-02-27 23:30:00,long,5156.35,5266.295714285715,target,64.76836069075671,11223.293479734039,2.9021918219381067,0.036563498869575974,2.5032353629063637,1.638935198950775,0.8843125378558553,0.900990099009913,-0.14789116706946487,24,0.675941015868109,0.9399511894402357,18.86751637336666,1,19,1,1,1,16.0,2026
2026-02-27 23:45:00,2026-03-02 01:00:00,long,5278.53,5329.521428571428,target,64.02104299534643,11287.314522729384,2.8521504454530024,0.2435703479576047,3.8594721801983587,0.7760252674557614,0.7204545454545471,1.0354681459068924,5.154984030929487,44,2.099330285705247,0.5068547288823222,17.775066738458513,1,0,4,1,0,0.25,2026
2026-03-02 01:30:00,2026-03-02 02:45:00,long,5382.38,5347.828571428571,stop,-22.81637339850516,11264.498149330879,-1.01070867443977,0.17365418010419276,7.568428016207734,1.5809698796345628,0.7270906359539373,2.311915984453796,8.257256263954396,44,2.099330285705247,0.5068547288823222,17.952856885454178,1,1,0,1,0,0.5,2026
2026-03-02 05:30:00,2026-03-02 16:15:00,long,5362.24,5321.465714285714,stop,-22.733432219107257,11241.764717111771,-1.0090743465769774,0.13636045126479066,2.7561488332982855,1.7995874132809253,0.7683923705721951,0.5400462476350764,-0.9878775138392734,45,2.7607386975801997,0.6380865151446757,17.952856885454178,1,5,0,1,1,2.75,2026
2026-03-02 21:00:00,2026-03-03 08:00:00,long,5330.65,5284.84,stop,-22.66512528427063,11219.0995918275,-1.008076839118091,0.42785418030994654,1.6716874044968422,1.8732518313365432,0.8667355371900841,0.8452302990613306,-0.13446845666884713,49,1.6130684797483834,1.1855059671683321,17.952856885454178,1,21,0,1,2,4.75,2026
2026-03-03 16:30:00,2026-03-04 03:45:00,short,5071.85,5165.928571428572,stop,-22.526445992379696,11196.57314583512,-1.0039328828486813,1.1350087313036106,2.160321919368309,3.4300796710290284,0.8811904761904705,1.7857414015640443,4.012603446966826,1,1.5543699780931957,-0.417323847854445,18.890089705974567,0,16,1,0,3,8.5,2026
2026-03-04 08:00:00,2026-03-04 09:45:00,short,5141.87,5175.677142857143,stop,-22.638226574346877,11173.934919260773,-1.0109444327065287,0.611705049651391,1.6813015001056417,1.1071490706749092,0.4511639676113396,2.3379674624973257,2.8544263680540816,5,1.007957212332934,0.5476981756896593,17.711733803297513,0,8,2,0,4,4.25,2026
2026-03-04 14:30:00,2026-03-04 15:00:00,short,5167.34,5194.191428571429,stop,-22.655812926847844,11151.279106333925,-1.0137795275590646,0.5511811023621722,2.358906150244715,0.8672203421827811,0.5230978260869665,1.6446052351563947,0.6480102149393289,6,0.5299411989783768,0.6266499534088421,17.711733803297513,0,14,2,0,5,4.75,2026
2026-03-04 17:00:00,2026-03-05 02:15:00,short,5134.71,5174.835714285715,stop,-22.508210540248562,11128.770895793676,-1.0092210196525304,0.2173170037026317,2.834591284534305,1.282929190553847,0.9025769956002418,1.5860153802335768,3.026488180005698,7,0.7581629610230379,0.5733503767549664,17.711733803297513,0,17,2,0,6,2.0,2026
2026-03-05 07:45:00,2026-03-05 09:00:00,short,5148.94,5171.074285714285,stop,-22.62960215844014,11106.141293635235,-1.0167161481863831,1.1764554020911746,2.644765715760904,0.6882612037297079,0.9821008007536878,1.9182909513359665,2.138763392280895,11,0.8750597607209054,0.33925669130763225,16.6175461793831,0,8,3,0,7,5.5,2026
2026-03-05 15:15:00,2026-03-06 17:00:00,short,5122.41,5149.834285714285,stop,-22.891967789392154,11083.249325845843,-1.0305995207584475,1.7925717560035515,1.802052404021479,0.8422389617782501,0.47982523772809416,5.67526175964997,3.448768036672422,12,0.6022874426441764,0.3441713068096264,16.6175461793831,0,15,3,0,8,6.25,2026
2026-03-09 16:30:00,2026-03-09 17:30:00,short,5076.41,5103.777142857143,stop,-22.46618665872776,11060.783139187115,-1.0135198621913706,0.25943519340189963,2.353917628021062,0.747644888841886,0.94782608695652,2.689356371039286,1.9315132849611076,4,0.8814760153651772,0.32990819518093906,14.424873733671305,0,16,0,0,9,71.5,2026
2026-03-10 16:00:00,2026-03-10 21:15:00,long,5200.68,5177.865714285715,stop,-22.480331817892143,11038.302807369222,-1.0162179085785907,0.7688165309956604,3.1006887914840444,0.6593989642440148,0.8864182692308002,1.4587351283656447,1.1247338760175343,3,0.8151441723556817,0.09432104196975821,13.78904964921374,1,16,1,1,10,22.5,2026
2026-03-11 03:15:00,2026-03-11 08:30:00,long,5212.35,5193.2814285714285,stop,-22.50497247525862,11015.797834893963,-1.019403655978444,1.3886724602937446,1.6403955648785666,0.6240005656582918,0.8681592039801246,2.529817201078793,1.1946359005094698,5,0.7281534614152582,0.29271751588095807,12.896246509797704,1,3,2,1,11,6.0,2026
2026-03-12 21:30:00,2026-03-13 04:30:00,short,5098.78,5121.315714285714,stop,-22.393318857013224,10993.40451603695,-1.0164183835182365,0.2067828843106104,3.2783518225039883,0.831607772830944,0.983870967742023,0.5502377179080631,4.432076069730606,1,0.7381098327821937,0.028064212473122296,12.067215023197098,0,21,3,0,12,37.0,2026
2026-03-13 07:15:00,2026-03-13 15:45:00,short,5105.45,5121.015714285714,stop,-22.50943967995488,10970.895076356996,-1.0237701908957582,0.10279001468431201,2.8318649045521473,0.6030747346915288,0.8399999999999763,1.3812408223201285,0.11563876651989483,3,0.7762106266919148,0.1869903491873437,12.02945304617783,0,7,4,0,13,2.75,2026
2026-03-13 17:00:00,2026-03-13 19:00:00,short,5090.97,5020.298571428571,target,65.48074197727195,11036.375818334267,2.9842935112189375,0.08999393571857431,2.5291691934505787,0.9227887264764745,0.9994131455398932,1.4466949666464526,0.20630685263791038,6,0.5093527410030074,0.37984965747100974,12.02945304617783,0,17,4,0,14,1.25,2026
2026-03-13 22:30:00,2026-03-18 14:00:00,short,5025.28,4958.641428571428,target,63.98574563269187,11100.361563966959,2.8988567753553225,0.6095568846871547,2.873110810984603,0.872336086051722,0.8398576512455537,1.2650331211010462,1.9349154286449826,7,1.8250144355219753,0.4525582691992547,12.02945304617783,0,22,4,0,0,3.5,2026
2026-03-18 14:15:00,2026-03-18 15:45:00,short,4948.68,4872.882857142858,target,66.27705419155168,11166.638618158511,2.985355648535565,0.13615288929091302,3.5771796901504485,1.1931966002397525,0.9187613843351371,2.1729051226959073,4.781182856496644,23,1.282890720093091,0.5103911509410697,13.324270424521181,0,14,2,0,0,0.25,2026
2026-03-18 16:00:00,2026-03-19 10:45:00,short,4858.7,4734.075714285715,target,66.80091431824961,11233.439532476761,2.991093228790534,0.573403487052507,5.6271536160115785,1.938311406968288,0.7075734157650717,1.557481343925192,6.151449499638956,24,3.25515655951976,0.6433228537605418,13.324270424521181,0,16,2,0,0,0.25,2026
2026-03-19 11:00:00,2026-03-19 15:30:00,short,4714.54,4580.105714285714,target,67.21513216815094,11300.654664644911,2.991743177760769,0.5538765621014977,5.3455113491456405,1.9845547153512153,0.6617948717948821,1.7406273909716892,6.0971053302728695,28,3.0058598358641957,1.1934212856950177,14.788756893755107,1,11,3,0,0,0.25,2026
2026-03-20 02:30:00,2026-03-20 04:00:00,short,4635.49,4666.53,stop,-22.870719266526752,11277.783945378385,-1.0119201030927791,0.041881443299004104,2.6469072164948324,1.1232941275811865,0.8955441928415323,0.8820876288659509,-1.6572164948453136,32,5.583856114604207,2.1411362254036392,17.389042109878012,1,2,4,0,0,11.0,2026
2026-03-20 08:45:00,2026-03-20 11:00:00,short,4688.51,4715.951428571429,stop,-22.85969054595506,11254.924254832431,-1.0134832630537722,0.9722525899318172,2.4750898016554865,0.973521657835058,0.8887545344619036,1.8082148992660054,-0.8184705086157907,34,3.3894936571447465,2.2799754350520507,17.389042109878012,1,9,4,0,1,4.75,2026
2026-03-20 12:45:00,2026-03-20 17:15:00,short,4667.51,4561.772857142858,target,67.29324321203579,11322.217498044467,2.9895022697794995,0.19576848249026257,3.6163261997405813,1.2281205355439113,0.5580331618067371,0.9924610894942053,1.1916342412451393,35,3.749038237480731,2.1607410147870487,17.389042109878012,1,13,4,0,2,1.75,2026
2026-03-20 21:30:00,2026-03-23 03:30:00,short,4526.15,4379.865714285715,target,67.32572188517149,11389.54321992964,2.9731685465678317,0.42984794773388524,3.1688981337708557,1.5930079646314497,0.9529809465273588,1.334661471303433,2.0364456684147587,37,5.590141209810111,1.7844165075602492,17.389042109878012,1,21,4,0,0,4.25,2026
2026-03-23 08:30:00,2026-03-23 09:45:00,short,4322.05,4179.078571428571,target,68.16040729955627,11457.703627229195,2.99223621103118,0.5384292565947206,1.9711630695443731,1.4248796182809016,0.9495005549389408,1.5124700239808504,4.764868105515581,40,8.987816956561941,2.4905496044725917,19.8834814607294,1,8,0,0,0,5.0,2026
2026-03-23 10:00:00,2026-03-23 10:30:00,short,4130.17,4206.6957142857145,stop,-23.02620270097319,11434.677424528221,-1.0048349761051374,0.861148446833924,5.716509856630824,2.274134862781864,0.9647798742138398,2.493279569892458,5.7303614097968865,40,8.987816956561941,2.4905496044725917,19.8834814607294,1,10,0,0,0,0.25,2026
2026-03-23 18:45:00,2026-03-23 21:30:00,short,4363.78,4457.307142857143,stop,-22.95982763626727,11411.717596891955,-1.00395607081214,0.8085353373352331,2.3798438955841603,2.35038606392802,0.7921914357682662,1.3583222593899449,0.3258946982541492,42,5.194359959391953,3.0054209988273017,19.8834814607294,1,19,0,0,1,8.25,2026
2026-03-24 03:30:00,2026-03-24 09:45:00,short,4344.3,4398.064285714286,stop,-22.98050360656945,11388.737093285385,-1.0068818918559779,0.5884947522253093,3.2809884416101855,1.279226379901516,0.7707474457788139,2.0753553872724773,2.685425800451683,44,5.98543971234906,3.0240188191834383,23.120395517616572,1,3,1,0,2,6.0,2026
2026-03-24 15:30:00,2026-03-24 17:30:00,short,4369.51,4420.011428571429,stop,-22.9443539301232,11365.792739355262,-1.007326525416537,0.21781562049164027,2.653786314389975,1.1078432140646692,0.8345779588142042,1.7500495035501262,1.2233317303612075,47,4.643629911076446,2.334080395244409,23.120395517616572,1,15,1,0,3,5.75,2026
2026-03-24 20:30:00,2026-03-24 21:30:00,short,4378.01,4419.030000000001,stop,-22.936624158065126,11342.856115197197,-1.009019990248662,0.5002437835202409,2.078498293515304,0.8744323180204278,0.878523223501376,1.2281813749390698,-1.021940516821057,49,3.812122060941401,2.123997371916564,23.120395517616572,1,20,1,0,4,3.0,2026
2026-03-26 05:45:00,2026-03-26 09:00:00,short,4508.85,4426.367142857143,target,67.75184730805589,11410.607962505253,2.986542658214703,0.2189545879662814,2.3728566974955863,0.5492841173952311,0.7874677002583943,1.1260521666839596,0.6263119609269249,57,0.7298050211358561,0.27538072550548076,27.86386748285119,1,6,3,0,5,32.25,2026
2026-03-26 19:15:00,2026-03-27 06:30:00,short,4396.56,4440.997142857143,stop,-23.01123376480275,11387.596728740451,-1.008326367903298,1.3236674596540738,2.413296470134364,0.8878169380612073,0.8157150932730254,2.3885424033948612,1.8867099594932997,60,2.6725553799886463,0.6193724701082925,27.86386748285119,1,19,3,0,0,10.25,2026
2026-03-27 11:15:00,2026-03-27 17:00:00,short,4433.9,4459.817142857142,stop,-23.100338155170427,11364.49639058528,-1.0142762650203843,0.6891191709844782,2.3181567633116487,0.5460792630649006,0.8052256532066676,1.2995259618564763,0.02006394002867961,64,1.5219223083834261,1.1336289856545112,29.75515795807379,1,11,4,0,1,4.75,2026
2026-03-30 14:15:00,2026-03-30 16:45:00,long,4543.37,4521.922857142857,stop,-23.12110689096389,11341.375283694317,-1.0172517151801892,0.24059148737759764,1.607673349763507,0.49010285015988975,0.6337078651685247,1.2449210684074057,1.930327049890065,1,0.8096824653840644,-0.1467938458322271,31.414888113193342,0,14,0,1,2,69.25,2026
2026-03-31 03:45:00,2026-03-31 19:30:00,long,4547.63,4641.757142857143,target,67.78076400026008,11409.156047694576,2.9882074397850853,0.6610208077220707,3.477211674179311,0.8562271973378456,0.9590733590733782,0.8254792150434702,2.169831079542864,5,0.8097911912309658,0.26019889035566734,32.72232948868001,0,4,1,1,3,11.0,2026
2026-03-31 20:30:00,2026-04-01 18:00:00,long,4660.4,4774.194285714285,target,68.23235633615577,11477.388404030731,2.9902455558903216,0.12021693281107446,3.112985839108169,1.1208093843303029,0.7971398305084698,0.995480566435633,3.826378427237111,9,2.354360621949307,0.4643007472531213,32.72232948868001,0,20,1,1,0,1.0,2026
2026-04-01 18:30:00,2026-04-01 21:30:00,long,4785.53,4747.257142857143,stop,-23.176690405660718,11454.21171362507,-1.0096674256279992,0.47501026464111545,3.154716136015801,1.1830273484827225,0.9209905660377274,0.8862677764921019,1.3084991228397496,14,3.0946234524936873,1.2615079819834563,32.995497197207115,0,18,2,1,0,0.5,2026
2026-04-02 02:00:00,2026-04-02 04:00:00,long,4791.2,4768.297142857143,stop,-23.278513351630128,11430.93320027344,-1.0161551896207643,0.7125748502993938,2.721057884231545,0.7174841734311614,0.9821328866554659,1.5639970059881025,1.7543662674650957,16,3.280834392859791,1.4260277340742977,32.411905903498436,0,2,3,1,1,4.5,2026
2026-04-02 22:00:00,2026-04-06 01:00:00,long,4674.52,4647.634285714286,stop,-25.90991805719575,11405.023282216245,-1.1333247077577162,0.1829968119022372,1.952709883103112,0.8154774618011109,0.45044378698227505,1.0057385759829771,0.1643995749203028,1,0.8431657490059776,0.610688701956752,32.411905903498436,0,22,3,1,2,18.0,2026
2026-04-06 08:00:00,2026-04-06 09:00:00,long,4673.59,4645.715714285714,stop,-23.112824447795955,11381.910457768448,-1.0132738827388272,0.5130176301763341,2.944649446494423,0.8625685658734888,0.8220115850447611,1.3625461254612858,2.280237802377975,1,0.7117482449766888,0.16495315484668094,32.33383362523697,0,8,0,1,3,7.0,2026
2026-04-06 10:45:00,2026-04-06 18:15:00,long,4684.69,4656.564285714286,stop,-23.063284020835447,11358.847173747614,-1.0131552214546793,0.4287891101178199,2.512291751320595,0.8754664403790068,0.8538283062644791,1.8388866314506702,3.145164567249053,1,0.7117482449766888,0.16495315484668094,32.33383362523697,0,11,0,1,4,1.75,2026
2026-04-08 01:00:00,2026-04-08 02:45:00,long,4732.04,4834.052857142857,target,67.90589223309168,11426.753065980705,2.9891190186110914,0.7804898542200293,3.6077805318657434,1.104346210658032,0.3788395904436816,1.8956434062933543,3.763643238247271,11,1.262009817897014,0.24259997449336268,32.08939679346649,0,1,2,1,5,30.75,2026
2026-04-08 08:15:00,2026-04-08 11:30:00,long,4815.61,4796.274285714286,stop,-23.29082109968759,11403.462244881017,-1.0191355744366322,0.5161433321019374,2.108016254155912,0.6124496165261064,0.9072580645161223,1.0260805319542046,2.2135205024011535,13,2.835494977309547,0.6246922414929079,32.08939679346649,0,8,2,1,0,5.5,2026
2026-04-08 15:00:00,2026-04-08 15:15:00,long,4805.23,4779.494285714285,stop,-23.13481754792771,11380.32742733309,-1.0143769081321274,0.11890091590339488,2.5388842631140953,0.8292147651090312,0.7926960257786899,0.7235081876213921,-0.7709131279489426,14,2.4637086168377698,0.7382216729729718,32.08939679346649,0,15,2,1,1,3.5,2026
2026-04-09 13:15:00,2026-04-13 01:00:00,long,4738.16,4715.198571428571,stop,-26.313841882746782,11354.013585450342,-1.156110931375604,0.4085111677968905,1.907546817644539,0.7558304942077158,0.8980222496909446,1.4093199776022114,1.7298575250419623,20,0.6473263913414647,0.42713428496319317,30.81159282649846,0,13,3,1,2,22.0,2026
2026-04-14 04:00:00,2026-04-14 08:30:00,long,4775.93,4759.302857142858,stop,-23.213343696140072,11330.800241754203,-1.022252770856595,0.024057049574793366,3.536386287481716,0.670389050331374,0.8930693069307041,1.8223215052840336,4.0319615087207525,6,0.8825734872401446,0.10238353032334668,28.07469430322759,0,4,1,1,3,27.0,2026
2026-04-14 09:45:00,2026-04-14 10:15:00,long,4782.04,4768.181428571429,stop,-23.26662620510644,11307.533615549097,-1.026698278527959,0.7691990516441555,2.708792907947717,0.5607978405727888,0.9324804548685262,2.0305123183176716,0.9943304813937252,7,0.9097296319017064,0.16562288492198984,28.07469430322759,0,10,1,1,4,1.25,2026
2026-04-14 16:30:00,2026-04-15 04:15:00,long,4793.11,4864.844285714285,target,67.49526129343472,11375.02887684253,2.9845262277452504,0.04600310670324895,2.5293344485602187,0.9813928154761784,0.5509770603228278,1.9689329669016566,1.2312104194048912,9,0.7254280946651626,0.29075353355270117,28.07469430322759,0,16,1,1,5,6.25,2026
2026-04-15 14:45:00,2026-04-15 18:30:00,long,4812.64,4792.042857142857,stop,-23.15873197744733,11351.870144865083,-1.0179636565404355,0.38743237619648746,2.170203911776888,0.9548534076835977,0.78308823529415,1.0564572062699489,0.14273824386186382,14,1.1699172460113216,0.5850552202126158,26.84651491857732,1,15,2,1,0,10.5,2026
2026-04-16 07:30:00,2026-04-16 09:15:00,long,4830.5,4816.732857142857,stop,-23.313916561914464,11328.556228303169,-1.0268755836878696,0.0610148386427412,2.559717754487874,0.6902314499253375,0.8588770864946479,0.9573518729895327,-0.305074193213706,18,1.2371470420487634,0.4159261773118317,25.502673015473427,1,7,3,1,1,13.0,2026
2026-04-16 14:45:00,2026-04-16 16:45:00,long,4822.15,4809.478571428571,stop,-23.31868992292734,11305.237538380241,-1.0291995490417447,0.2399098083426566,2.440135287485943,0.651274663341347,0.950399999999936,0.9864712514092567,0.17677564825252157,20,0.7121332362788473,0.367501820286531,25.502673015473427,1,15,3,1,2,5.5,2026
2026-04-17 15:45:00,2026-04-17 23:45:00,long,4846.42,4827.721428571429,stop,-23.057882292351803,11282.179656087888,-1.0197876079150223,2.2793185117274417,4.58002903201157,1.008126668585773,0.9507123604158747,2.7777523111009446,5.398273359309357,27,1.1724434675505662,0.16131570039503718,24.351811742328024,1,16,4,1,3,23.0,2026
2026-04-21 19:45:00,2026-04-22 03:00:00,short,4710.97,4743.995714285715,stop,-22.81715665891224,11259.362499428977,-1.011203391296825,0.5232286529976262,3.695907950514771,1.7956239530446254,0.813605442176833,0.8902154165585653,4.106497101825365,4,1.7033650483848992,0.10348424650740151,21.657832013177302,0,20,1,0,4,92.0,2026
2026-04-22 11:00:00,2026-04-23 03:00:00,short,4757.97,4718.755714285714,target,66.91875972064948,11326.281259149626,2.971693989071019,0.1300546448086571,2.0640437158470593,0.7044482087014572,0.951327433628267,0.691584699453605,-0.08568306010934915,7,0.5705850783770813,0.35651158031387853,21.083884841024847,1,11,2,0,5,8.0,2026
2026-04-23 12:00:00,2026-04-23 14:45:00,short,4696.96,4714.655714285715,stop,-23.126205344830584,11303.155053804796,-1.0209090175183806,0.5165092435617662,2.646968596108834,0.9557169806225605,0.7441601779755019,1.0160652296762498,1.2082021474125657,14,1.256930778749055,0.3703139348395168,20.55093389545471,1,12,3,0,0,9.0,2026
2026-04-23 20:30:00,2026-04-23 20:45:00,short,4677.33,4703.358571428571,stop,-22.927662155791086,11280.227391649005,-1.0142151481887938,2.088474204171275,2.806915477497253,1.3744414799196714,0.9009318293281023,3.133479692645444,4.4005488474204775,16,0.5535151024570656,0.32368852793731584,20.55093389545471,1,20,3,0,1,5.75,2026
2026-04-24 05:15:00,2026-04-24 14:00:00,short,4683.69,4703.025714285714,stop,-22.992162045128087,11257.235229603877,-1.0191355744366324,0.672330993719988,2.1607683782785796,1.0135378630525718,0.886509635974353,1.449131880310241,0.925748060583751,18,1.0015016596341197,0.4016757790638481,20.44277270149474,1,5,4,0,2,8.5,2026
2026-04-27 01:00:00,2026-04-27 04:00:00,short,4685.28,4700.165714285714,stop,-23.07409117407634,11234.161138429801,-1.0248560460652414,2.654894433781201,2.828214971209218,0.7773456945638844,0.7937819756001648,3.414011516314736,5.724952015355125,23,0.5872619982834449,0.3645891894875186,20.392397496527057,1,1,0,0,3,59.0,2026
2026-04-27 12:00:00,2026-04-27 18:00:00,short,4705.12,4670.34142857143,target,66.68786326068195,11300.849001690483,2.9680837954405073,0.03795440542210287,2.2324091189155797,0.635457490402946,0.5415224913495237,0.9971657424522319,2.297966728280973,26,0.5484866122577635,0.22110440870201087,20.392397496527057,1,12,0,0,4,8.0,2026
2026-04-28 04:45:00,2026-04-28 08:30:00,short,4670.61,4636.427142857143,target,67.07116224197819,11367.920163932462,2.967527582748211,2.3187061183550655,3.0752256770311615,0.6464124722379733,0.9170705438879961,3.2595285857573715,2.2239217652958945,30,0.6681735435714081,0.274917618590087,20.34562052048564,1,5,1,0,0,10.75,2026
2026-04-28 11:00:00,2026-04-29 16:15:00,short,4620.28,4539.597142857143,target,67.49810503811754,11435.41826897058,2.968797460958249,0.02379687665998446,2.8236481461807754,1.5071435409587317,0.7041954328199824,1.400297460958249,3.6781047487517426,31,1.0883013497579914,0.3353821484070707,20.34562052048564,1,11,1,0,0,2.5,2026
2026-04-29 16:30:00,2026-04-29 17:15:00,short,4514.76,4535.82,stop,-23.2726508550842,11412.145618115495,-1.0175688509021723,1.873694207027521,3.5783475783476484,1.188798864853783,0.9518860662047721,2.467236467236455,4.190883190883251,39,2.6410020001722794,0.8523710174020427,21.135071954371146,1,16,2,0,0,0.25,2026
2026-04-29 21:00:00,2026-04-29 22:15:00,short,4525.56,4549.452857142857,stop,-23.177743638633487,11388.967874476863,-1.015485799701041,1.2229596412555845,2.0750971599402175,1.313244251489215,0.9891852919971095,2.322032884902834,0.05357249626303079,40,2.45984136046682,0.863050370942342,21.135071954371146,1,21,2,0,1,3.75,2026
2026-04-30 06:45:00,2026-04-30 09:30:00,short,4556.14,4572.05,stop,-23.30765518497572,11365.660219291887,-1.0232558139534802,0.18478944060331196,3.123821495914568,0.8645061129439184,0.9328743545610498,0.7303582652420372,0.700188560653641,42,1.6367895811443989,0.8653749451696391,22.15372208423105,1,7,3,0,2,8.5,2026
2026-05-01 12:45:00,2026-05-01 14:45:00,short,4562.67,4578.515714285714,stop,-23.262100459643392,11342.398118832243,-1.0233501622791203,0.21204471691312884,4.2636134150739275,0.9111622925687681,0.7675521821632043,1.330328164442847,5.331410025243431,5,1.2961390370495185,0.19609098203176023,22.627160015363668,1,13,4,0,3,27.25,2026
2026-05-04 13:00:00,2026-05-04 13:30:00,short,4541.88,4561.074285714286,stop,-23.122081309527772,11319.276037522715,-1.0192765704078595,3.1509377791008863,1.945370646025602,1.0793783091031937,0.8823989569752235,3.995980946710351,5.79860077403983,4,0.9479312776588068,0.15702385466086488,22.89183745205477,1,13,0,0,4,70.25,2026
2026-05-04 18:00:00,2026-05-05 16:00:00,short,4548.54,4575.137142857143,stop,-22.953483055141824,11296.322554467573,-1.013911268664728,0.36394886668815984,2.247609839939853,1.4537695826356705,0.9843049327354404,1.341497475561287,1.2655494682565123,5,1.058542738039671,0.17829648348660632,22.89183745205477,1,18,0,0,5,4.5,2026
2026-05-05 19:15:00,2026-05-06 02:00:00,short,4559.69,4579.784285714285,stop,-23.008647887494092,11273.313906580079,-1.0184131949381359,0.2657471918100459,2.4176027299872023,1.0620240759936883,0.6522167487685167,1.010237452011999,1.4143324328167264,11,0.5814558632331054,0.5598822713826501,23.576089500992737,1,19,1,0,6,3.25,2026
2026-05-06 03:45:00,2026-05-06 11:45:00,long,4618.74,4684.071428571429,target,67.25680966595633,11340.570716246035,2.9830097087378826,0.7282865389660871,5.925478876935173,1.2039754726723382,0.8985365853658572,0.9413539753345491,5.846496982419245,1,0.6398597153521969,-0.22828318387964064,24.21146640357799,0,4,2,1,7,1.75,2026
2026-05-06 13:30:00,2026-05-06 14:45:00,long,4714.1,4691.632857142858,stop,-23.054665666676165,11317.51605057936,-1.0164684936732944,0.4958351878934853,3.2856870350352674,1.2173719527239857,0.8303186907838587,1.0335092516054871,4.445603102944014,3,2.1328337667534494,0.15088951682580287,24.21146640357799,0,13,2,1,0,1.75,2026
2026-05-06 22:00:00,2026-05-07 09:30:00,long,4695.3,4733.022857142857,target,67.23905752658429,11384.755108105943,2.9705748693478653,0.5121563281072916,2.0899795501023126,0.66494592246578,0.947046843177236,1.5619177459667877,-0.20518064076345816,5,1.5545000902558153,0.45951873867546844,24.21146640357799,0,22,2,1,1,7.25,2026
2026-05-07 14:45:00,2026-05-07 19:00:00,long,4742.78,4725.325714285714,stop,-23.252183578955453,11361.502924526987,-1.0211982321165565,0.33115076117197134,1.6053363889343686,0.9468946005288482,0.9066390041493242,1.1045997708299498,-0.04010476346378331,9,2.0930558729658526,0.6964138334410119,23.086100069223775,0,15,3,1,0,5.25,2026
2026-05-08 04:00:00,2026-05-11 01:00:00,long,4714.08,4692.005714285714,stop,-25.30987859764037,11336.193045929347,-1.113843774268715,0.4194926223142747,2.51333160755888,1.1745064378090129,0.7246984792868337,1.727802226249008,0.2274139269997616,13,1.0802319562190763,0.6570609339100919,21.604002815354608,0,4,4,1,1,9.0,2026
2026-05-11 15:45:00,2026-05-12 02:30:00,long,4699.91,4756.374285714285,target,67.57145444272616,11403.764500372074,2.9803415559772084,0.1551423149905162,4.052827324478116,0.978008722278928,0.9149223497636607,1.5737381404174997,3.4386337760910464,1,0.596463277540686,0.1964361151948424,20.294907577132328,0,16,0,1,2,14.75,2026
2026-05-12 02:45:00,2026-05-12 03:15:00,long,4767.42,4753.192857142857,stop,-23.40067590416809,11380.363824467906,-1.0260066271714305,1.1414800682799515,3.812430966964603,0.7626501307107464,0.8430273300630795,2.0060247012751957,5.985741540315383,3,1.1972555972874768,0.20614632945437084,19.38043046447803,1,3,1,1,0,0.25,2026
2026-05-15 03:15:00,2026-05-15 08:30:00,short,4630.03,4574.637142857143,target,67.82608790146287,11448.18991236937,2.97996131528045,1.351798839458465,2.471798839458382,1.0142070728355659,0.974552957359017,3.1498646034816167,3.6091295938105117,2,0.8537864993676086,0.026700011374958255,16.487701736521664,1,3,4,0,1,72.0,2026
2026-05-15 08:45:00,2026-05-15 10:00:00,short,4559.0,4583.055714285714,stop,-23.248548146765298,11424.941364222605,-1.015380960864654,0.3890967397114077,4.817150662153292,1.3194769577354457,0.8819530284301718,1.3452105231902347,4.547775996199275,4,1.6250050226917876,0.25270089255039485,16.487701736521664,1,9,4,0,0,0.25,2026
2026-05-15 12:00:00,2026-05-18 15:45:00,short,4547.28,4573.254285714286,stop,-24.41357905085477,11400.52778517175,-1.068433450665502,0.2155978440215698,2.979870201297918,1.4119442286430461,0.9146814404432162,1.389836101638972,3.456495435045611,5,2.598353153566588,0.42763609573807093,16.487701736521664,1,12,4,0,1,2.0,2026
2026-05-19 03:45:00,2026-05-19 16:00:00,short,4563.32,4516.074285714285,target,67.86747427700321,11468.395259448753,2.976505805515248,0.6121190130624841,2.7088171262699303,0.7918927489596512,0.8203753351206988,1.421081277213293,-0.5981494920174174,15,1.0925031032483752,0.5882555287819335,18.002507064565567,1,4,1,0,2,12.0,2026
2026-05-19 16:15:00,2026-05-20 17:30:00,short,4491.94,4517.854285714286,stop,-23.679541706869827,11444.715717741883,-1.0323825248070506,1.771995589856641,2.5484013230429863,1.2798099804365877,0.9777015437392872,2.6996692392502633,3.754685777287736,18,1.3835176234432418,0.5382080025037705,18.002507064565567,1,16,1,0,0,0.25,2026
2026-05-22 13:30:00,2026-05-22 15:00:00,short,4512.52,4529.214285714286,stop,-23.39673613698883,11421.318981604894,-1.0221632722916232,0.27674139996570646,2.6332363511894803,0.8004686410764558,0.9855951478392341,1.5801814136574084,1.685606708882367,35,0.5260236654665116,0.23249139980986433,20.460175522007642,1,13,4,0,1,44.0,2026
2026-05-22 22:00:00,2026-05-25 01:00:00,short,4507.33,4521.648571428571,stop,-24.9298529554221,11396.389128649473,-1.091373640626532,0.6313478998304539,2.241843759353395,0.7061359785545411,0.9615819209039399,1.236156839269736,0.5279856330439655,37,0.6142973624529173,0.1780635913880002,20.460175522007642,1,22,4,0,2,7.0,2026
2026-05-26 18:15:00,2026-05-27 01:00:00,short,4506.17,4526.722857142857,stop,-23.20310213083993,11373.186026518633,-1.0180023632445767,0.17223882671851948,2.290679085285325,1.2012313309970022,0.7925531914893609,0.5488288037812236,1.715576562174197,3,0.535361790295515,0.031939534046010465,20.922138684420297,1,18,1,0,3,41.25,2026
2026-05-27 05:00:00,2026-05-27 13:45:00,short,4504.2,4454.811428571428,target,67.72789519748922,11440.913921716123,2.9775251648733003,0.31829225963205704,2.587643179451586,0.9996512121732438,0.7085492227979371,0.9378687955571235,0.06924678930934233,6,0.5108679827750918,0.24637623293201072,21.382747546827755,1,5,2,0,4,4.0,2026
2026-05-27 14:15:00,2026-05-27 15:15:00,short,4440.92,4460.150000000001,stop,-23.32209182169931,11417.591829894423,-1.0192407696307981,0.188247529901141,5.820072802912056,1.1898512170356021,0.9143780290791284,1.2875715028601113,4.7082683307331274,8,0.8009354369674017,0.27285336321946074,21.382747546827755,1,14,2,0,0,0.5,2026
2026-05-27 16:00:00,2026-05-27 17:00:00,short,4416.7,4447.542857142857,stop,-23.109121249779093,11394.482708644644,-1.0119962945808327,0.5433997220935652,3.3829550717924786,1.898586338026866,0.8012221423436447,1.803983325613679,4.867253358036121,9,2.0017801326221645,0.3710709553213509,21.382747546827755,1,16,2,0,1,0.75,2026
2026-05-28 02:45:00,2026-05-28 04:45:00,short,4447.1,4411.507142857144,target,67.65619883548328,11462.138907480126,2.9688139674894853,0.35400361228167293,3.054545454545496,0.7345091424867258,0.5150645624102688,1.174954846477938,1.228898254063835,11,1.4058815795467998,0.4690431724487576,22.53483245109179,1,3,3,0,2,9.75,2026
2026-05-28 05:00:00,2026-05-28 15:45:00,short,4402.59,4423.488571428571,stop,-23.330142054079307,11438.808765426047,-1.0177045594367289,0.4239524232688854,4.944835600519529,1.2913120667149716,0.6263803680981548,1.559915236858342,5.296055779615945,12,1.2881491861101366,0.5214051378190754,22.53483245109179,1,5,3,0,0,0.25,2026
2026-05-29 17:00:00,2026-06-01 01:00:00,long,4543.97,4523.244285714286,stop,-25.651558617505486,11413.157206808542,-1.1212513096222776,0.313620071684588,2.70002757099536,1.2398487720069746,0.5014261266400508,1.6916184174248454,1.4918665563826896,6,0.5325770713842202,0.12043133424213259,23.876786628188732,0,17,4,1,1,25.25,2026
2026-06-03 07:45:00,2026-06-03 16:30:00,short,4469.44,4429.775714285714,target,67.84015172997898,11480.997358538521,2.972015126958419,0.21934089681264338,2.6094003241491035,0.7472814659258932,0.805996472663238,0.8576985413290206,2.535278227984901,4,0.6960049296911223,0.0689754012408672,24.442780559853148,1,8,2,0,2,54.75,2026
2026-06-03 23:30:00,2026-06-04 01:45:00,short,4433.22,4443.892857142857,stop,-23.75802692584681,11457.239331612675,-1.0346673805380568,0.34479989291932345,3.2231294338107777,0.6099654150861399,0.840314136125628,1.4316691205997476,1.0868692276804242,7,1.1096106498469003,0.3039538196520919,24.442780559853148,1,23,2,0,0,7.0,2026
2026-06-05 04:30:00,2026-06-05 10:15:00,short,4446.03,4465.067142857142,stop,-23.359837358540936,11433.879494254134,-1.0194356896292966,0.3487918355096018,2.590724898694315,1.1400281135928716,0.9500000000000443,1.5128320576316878,3.0340687378058617,3,0.510027782610934,0.05874343387684,25.291465703390173,1,4,4,0,1,26.75,2026
2026-06-05 15:45:00,2026-06-05 18:30:00,short,4406.12,4341.92,target,68.20789982413484,11502.087394078268,2.982710280373838,3.138317757009354,3.381308411214997,1.2590468162508506,0.9706347413598335,4.137383177570155,5.298130841121568,6,1.543186764932492,0.23507173555022964,25.291465703390173,1,16,4,0,2,5.5,2026
2026-06-05 18:45:00,2026-06-10 02:45:00,short,4335.47,4212.221428571427,target,67.75450525364353,11569.841899331912,2.9453134432158046,0.00097364211695311,4.163780513248468,2.3576290011541023,0.817490494296521,0.3841018151471007,6.560887405243653,6,1.543186764932492,0.23507173555022964,25.291465703390173,1,19,4,0,0,0.25,2026
2026-06-10 03:30:00,2026-06-10 15:00:00,short,4204.35,4142.524285714286,target,69.00360857720207,11638.845507909115,2.9820463052821236,0.5890752807430699,4.641757937058046,1.0800027887220303,0.7325408618127583,1.9593788992097942,4.524331068903323,20,2.726659828364618,0.8283799055595176,29.288953659172993,1,3,2,0,0,0.75,2026
2026-06-10 17:45:00,2026-06-11 20:30:00,short,4124.82,4164.23,stop,-23.773350492340462,11615.072157416775,-1.0212933265668578,0.2907891398122545,2.831768586653144,1.9327859391288387,0.7956225968648396,1.7158081705151187,2.529307282415639,24,4.405013396138253,1.4642869693556326,29.288953659172993,1,18,2,0,0,2.75,2026
2026-06-12 03:30:00,2026-06-12 18:15:00,short,4203.91,4231.972857142857,stop,-23.536426506726116,11591.53573091005,-1.0131846874363577,0.10333944206881186,2.9419670128283837,1.2034070190064174,0.9529865125240763,1.8494196701283305,0.4482793728364858,32,0.5750774145834825,1.484810334211828,33.75522709711781,1,3,4,0,1,7.0,2026
2026-06-15 04:30:00,2026-06-17 20:30:00,long,4317.8,4380.902857142857,target,66.77947344743502,11658.315204357485,2.8805274381961543,0.917549578918831,2.5786471067644756,0.8610230496466788,0.8993471164309285,1.7476229285519613,9.916191252377144,1,1.4257808231841902,-0.07997058190951645,35.388921942787995,0,4,0,1,2,58.25,2026
2026-06-18 11:45:00,2026-06-18 22:00:00,short,4266.7,4206.442857142857,target,69.5203743501946,11727.83557870768,2.9815789473684084,1.4378378378378847,2.817923186344159,0.986016962215105,0.9318040917545252,1.6061166429586642,4.9119487908961394,1,0.7075010067197557,-0.08849503433292494,35.192492340748444,1,12,3,0,0,15.25,2026
2026-06-19 02:00:00,2026-06-19 06:45:00,short,4195.76,4149.530000000001,target,69.80383382732377,11797.639412535003,2.9759896171317077,0.7475665152498668,2.345230369889647,0.7784194916375407,0.8856534090908672,1.8273848150551515,4.231018818948668,4,1.785959288998356,0.31145726021539755,35.605871503385764,1,2,4,0,0,4.0,2026
2026-06-19 07:00:00,2026-06-19 10:45:00,short,4145.4,4161.924285714285,stop,-24.12360745096204,11773.515805084042,-1.0223912855537305,0.008472378317702582,5.494942508861369,0.8753050946270252,0.813502109704644,1.4342526151984525,4.858303795279712,5,2.0849911507409646,0.4687337486674048,35.605871503385764,1,7,4,0,0,0.25,2026
2026-06-19 13:30:00,2026-06-19 15:45:00,short,4151.26,4167.12,stop,-24.096363369042994,11749.419441715,-1.0233291298864906,0.18789407313994805,3.253467843631815,0.8556098903401388,0.7984031936127397,0.6317780580075965,-1.9205548549811524,7,2.215739084117415,0.8240981842735695,35.605871503385764,1,13,4,0,1,2.75,2026
2026-06-22 06:45:00,2026-06-22 08:30:00,short,4171.5,4194.217142857143,stop,-23.881570569432288,11725.537871145567,-1.0162872594642185,0.1989686831845249,3.627216702301592,1.2648806120774916,0.9043478260869044,0.7087158847943836,-2.748585083637309,11,0.9532044431690037,0.860161203212606,36.443078997451344,1,7,0,0,2,63.0,2026
2026-06-22 15:45:00,2026-06-22 17:00:00,short,4193.37,4207.151428571428,stop,-24.080683767298588,11701.457187378268,-1.026847724681219,1.092774955944793,2.0650979579144018,0.7946112993103674,0.9108832807570912,1.8401575619363562,0.580491344459405,14,0.9171474902319217,0.5716677079795396,36.443078997451344,1,16,0,0,3,7.25,2026
2026-06-22 18:30:00,2026-06-23 09:00:00,short,4180.94,4113.1957142857145,target,69.82528295959168,11771.28247033786,2.9836148541785223,0.17979376225728716,2.4595432403365365,1.2955528633740558,0.9390609390609731,0.8865692414753218,2.2744353767318706,14,0.9171474902319217,0.5716677079795396,36.443078997451344,1,18,0,0,4,1.5,2026
2026-06-23 10:30:00,2026-06-23 13:00:00,short,4104.94,4130.774285714286,stop,-23.87974279511287,11747.402727542747,-1.0143220526432355,0.3948241539482694,2.1227604512276086,1.4642309823564998,0.9250960307298866,1.209245742092448,2.6259677062596807,18,2.415989884069649,0.45779832356449557,37.109201501677354,1,10,1,0,0,1.5,2026
2026-06-23 21:00:00,2026-06-24 04:00:00,short,4124.31,4075.5171428571425,target,69.9499275982065,11817.352655140954,2.977250768555128,0.28774703557302533,2.1162933684672622,0.888303131005215,0.9519774011299225,0.8706192358366084,1.639174352217803,21,1.5807869539481518,0.6974138689508913,37.109201501677354,1,21,1,0,1,8.0,2026
2026-06-24 05:30:00,2026-06-24 08:30:00,short,4057.29,4085.7114285714288,stop,-23.94239008913922,11793.410265051814,-1.013018346318177,0.7909525006283141,3.059663231967828,1.5417587926312137,0.7930052867019066,1.7303845187233051,3.303141492837364,23,2.2039029103838192,0.872147288112135,37.98315568511784,1,5,2,0,0,1.5,2026
2026-06-24 12:15:00,2026-06-24 15:15:00,short,4069.36,4011.9057142857146,target,70.30477111460605,11863.71503616642,2.9806802924063787,0.06056989407727126,2.574220498284361,1.004769739487311,0.910112359550557,1.115321497836773,0.4292108011337866,25,2.3737529352441022,0.8872150006115853,37.98315568511784,1,12,2,0,1,3.75,2026
2026-06-24 15:45:00,2026-06-24 16:30:00,short,3987.82,4014.8485714285716,stop,-24.052240029454158,11839.662796136967,-1.0136892177589878,1.3652219873149984,4.48562367864693,1.4041615231045892,0.9959959959959845,2.2176532769556236,6.545665961945041,26,4.345007700313812,1.0237570004718588,37.98315568511784,1,16,2,0,0,0.5,2026
2026-06-24 20:15:00,2026-06-25 15:45:00,short,3990.56,4019.1842857142856,stop,-23.98540660881317,11815.677389528153,-1.012926086739527,0.34655886609772113,1.8774267604930768,1.4142957725353322,0.9675174013921142,1.2045715426460872,-1.0550481609023226,27,3.6052063184844156,1.1547443359284593,37.98315568511784,1,20,2,0,1,3.75,2026
2026-06-26 02:45:00,2026-06-26 09:45:00,short,4014.51,4030.6357142857146,stop,-24.17356959902215,11791.50381992913,-1.0229447200566932,0.6647767540750774,2.067505315379154,0.7910178918628099,0.8336177474402534,1.4535790219702525,2.5152374202692585,34,1.7681993461513092,1.0531729258450806,40.735415476129404,1,3,4,0,2,11.0,2026
2026-06-26 15:30:00,2026-06-26 15:45:00,short,4040.32,4058.4628571428575,stop,-24.063952441332706,11767.439867487798,-1.0203937007874089,0.1896062992125757,1.505826771653522,0.8876781362952914,0.670141474311229,1.4804724409449088,-0.5070866141732667,37,1.310319454737686,0.7405262290597459,40.735415476129404,1,15,4,0,3,5.75,2026
2026-06-29 07:45:00,2026-06-30 03:30:00,short,4052.25,3999.5699999999993,target,70.10874481415584,11837.548612301953,2.978929384965839,0.07175398633258563,2.5888382687926828,0.8452799914041741,0.6825396825396958,0.9328018223234578,1.971526195899743,2,0.685030284857817,0.18207886923954364,41.152833123405564,1,8,0,0,4,64.0,2026
2026-06-30 03:45:00,2026-06-30 09:15:00,short,3987.15,4002.7628571428572,stop,-24.23615955246273,11813.31245274949,-1.0236984170555274,0.4893402873089512,4.022325921859236,0.757903277584366,0.4869072894550641,1.810046664836665,3.6803001189495412,7,1.913086381489639,0.4531182223599717,41.54043522444771,1,4,1,0,0,0.25,2026
2026-06-30 15:15:00,2026-06-30 16:15:00,short,4016.86,4030.285714285714,stop,-24.277752363524428,11789.034700385964,-1.0275590551181055,0.20855501170463353,2.840817195147887,0.6357989551340697,0.8577648766327959,2.052777186635436,1.3556075760800164,9,0.9968895940743587,0.5453402797990003,41.54043522444771,1,15,1,0,1,6.0,2026
2026-06-30 22:45:00,2026-07-01 04:00:00,short,4016.12,3987.512857142857,target,69.81934378661512,11858.85404417258,2.9611985018726465,0.9815730337079128,2.722397003745285,0.4554801555513119,0.8286802030456992,1.652734082397004,2.7790262172284264,11,0.6166956598826313,0.5242775497914187,41.54043522444771,1,23,1,0,2,6.5,2026
2026-07-01 08:00:00,2026-07-01 12:45:00,short,3971.91,3985.63,stop,-24.3573255805239,11834.496718592056,-1.0269679300291685,0.056851311953400256,2.120991253644266,0.6610621201246744,0.7158774373259218,1.0466472303207377,1.8134110787172013,14,1.6060015816746809,0.4422398854004972,42.21952844113901,1,8,2,0,0,4.0,2026
2026-07-02 15:30:00,2026-07-02 19:30:00,long,4132.53,4108.208571428571,stop,-24.029067992263553,11810.467650599792,-1.0152129221732666,4.8516886930983345,1.3247577092511083,1.288903287145007,0.8079422382671375,3.416740088105733,4.703671071952983,3,0.8382090400822958,0.14288440716327955,42.02045499728545,0,15,3,1,1,26.75,2026
2026-07-03 02:15:00,2026-07-03 04:00:00,long,4129.79,4166.535714285715,target,70.14927403480766,11880.6169246346,2.9697923956146286,0.4359692092372326,3.09587123862836,0.6462888158108717,0.9248747913188924,0.9780732446932049,3.657569395847785,6,1.6103450374359556,0.4657648841225104,41.40862972636963,0,2,4,1,2,6.75,2026
2026-07-03 04:15:00,2026-07-03 09:00:00,long,4187.57,4166.621428571428,stop,-24.180911943034012,11856.436012691565,-1.0176623022367888,0.7895526459355728,5.555510092744138,1.1141597786724426,0.6686449060335983,1.930441898527013,7.07828696126557,7,2.05840114711649,0.588175154000603,41.40862972636963,0,4,4,1,0,0.25,2026
2026-07-03 11:00:00,2026-07-03 12:30:00,long,4183.98,4169.954285714285,stop,-24.338420391096978,11832.097592300468,-1.0263801181503547,0.29944998981455023,3.052963943776735,0.7459273576183663,0.7813238770685158,1.2063556732532212,0.8940721124464649,8,2.6177863098653673,0.7386782154992222,41.40862972636963,0,11,4,1,1,2.0,2026
2026-07-03 19:45:00,2026-07-06 06:15:00,long,4174.91,4163.681428571428,stop,-28.9603805596605,11803.137211740808,-1.2238058524173248,0.09262086513986444,2.335114503816887,0.6117717414252583,0.7786032689450404,1.1987277353688734,-0.34732824427477516,11,2.0569607320865737,0.9279885680805622,41.40862972636963,0,20,4,1,2,7.25,2026
2026-07-06 10:30:00,2026-07-06 11:30:00,long,4163.53,4148.879999999999,stop,-24.20247384578178,11778.934737895026,-1.0252559726962722,0.34812286689421906,2.2088737201364106,0.8026733601771757,0.9419847328244124,1.7883959044368907,0.09419795221837439,13,1.4563113437141508,0.9150883857365955,40.10375519209419,0,10,0,1,3,4.25,2026
2026-07-06 18:15:00,2026-07-07 04:15:00,long,4150.65,4129.0428571428565,stop,-23.96127365392122,11754.973464241104,-1.0171239669421608,0.016661157024736143,2.0317355371900656,1.2098346559303563,0.973962571196044,1.1375867768595007,-0.40357024793393814,15,0.8417872320327061,0.6904507286782824,40.10375519209419,0,18,0,1,4,6.75,2026
2026-07-08 11:45:00,2026-07-08 15:45:00,short,4056.69,4081.224285714286,stop,-23.864498940504788,11731.108965300598,-1.015080936299054,0.32688948410385477,5.9451496448118775,1.4266640060822093,0.8135521885521936,1.9368813322463767,5.574240130429625,1,1.4516482492600462,-0.0031604284019826068,37.89337457055897,1,12,2,0,5,31.5,2026
2026-07-08 18:00:00,2026-07-08 19:45:00,short,4033.68,4061.0342857142855,stop,-23.779572977813626,11707.329392322785,-1.013526216837263,0.006580321704627293,3.851681637768936,1.5417025280221814,1.0,0.7406517651974157,1.2495299770211064,2,0.9988404267310192,0.15401676076087778,37.89337457055897,1,18,2,0,6,2.25,2026
2026-07-09 06:00:00,2026-07-09 08:45:00,short,4058.96,4078.3900000000003,stop,-23.860537516005497,11683.468854806779,-1.0190427174472565,0.3437982501286803,2.082346886258355,1.1126153946835657,0.7006578947368489,1.2516726711271018,1.8528049408131664,5,0.7649790170280595,0.34157119472796316,37.640970112850276,1,6,3,0,7,10.25,2026
2026-07-13 06:00:00,2026-07-13 19:45:00,short,4058.08,3988.72,target,69.72686127103098,11753.19571607781,2.9839965397923818,0.26816608996538904,2.478373702422144,1.403006116587392,0.691839220462855,1.4204152249134958,1.0458477508650605,1,0.7683350511894792,0.04906951201831822,37.06361583244571,1,6,0,0,8,93.25,2026
2026-07-14 02:30:00,2026-07-14 03:30:00,short,3995.45,4005.31,stop,-24.388477114701484,11728.807238963107,-1.037525354969594,0.2555780933063341,3.5862068965517158,0.5943403334660833,0.5092348284961239,0.768762677484785,0.9472616632860253,6,2.1132153507831,0.5284624839259955,37.482232502135474,1,2,1,0,0,6.75,2026
2026-07-14 11:00:00,2026-07-14 14:30:00,short,4017.3,4029.3328571428574,stop,-24.17891593225188,11704.628323030855,-1.0307491392615569,0.47702718746288353,2.308678618069562,0.7152904876859931,0.6433915211969907,1.3330167398789068,-0.27424907990028957,8,1.4019922084363199,0.6263850425961115,37.482232502135474,1,11,1,0,1,7.5,2026
2026-07-15 08:00:00,2026-07-15 14:30:00,short,4026.07,4039.378571428572,stop,-24.060072175401775,11680.568250855453,-1.0278016316015552,0.29454701588664967,2.0828681837697918,0.7917262230097613,0.9141274238226872,1.6275225418634365,4.45276942893937,4,0.8582285216705183,0.2180810982379322,37.89227144476752,1,8,2,0,2,17.5,2026
2026-07-16 14:00:00,2026-07-16 14:45:00,short,4028.04,4037.464285714286,stop,-24.278301024060923,11656.289949831393,-1.0392602698196145,0.12733060482035222,1.9311808397756156,0.6060965670682542,0.5909090909091351,0.7936941033802696,-0.3650144004850226,5,0.5765328440860059,0.16730322924941587,38.27302189149728,1,14,3,0,3,23.5,2026
2026-07-16 15:30:00,2026-07-17 19:15:00,short,4002.75,4021.6271428571426,stop,-24.348924108235355,11631.941025723158,-1.0444542909035803,1.067958226123805,3.232480702285492,1.2192150468888885,0.9209445585215619,3.095807476918412,3.2716815498713743,5,0.5765328440860059,0.16730322924941587,38.27302189149728,1,15,3,0,4,0.75,2026
2026-07-21 08:15:00,2026-07-22 03:15:00,long,4054.46,4097.158571428571,target,69.18687395205772,11701.127899675215,2.9740038141122014,0.3751881963264192,2.917193616380585,0.9123544565286416,0.7607142857143036,1.1803673592291009,3.6984843922513657,2,0.6055030098719553,-0.04961493025020802,40.038289775838265,0,8,1,1,5,85.0,2026
2026-07-22 04:00:00,2026-07-22 18:45:00,long,4121.28,4165.135714285714,target,69.61444996894647,11770.742349644162,2.9746897293071526,2.5953288380728137,3.4928173556142195,0.9957872286938775,0.9927565392354009,3.3997850092837423,5.0456366656893925,7,1.4280910555399309,0.38565198795104116,39.36676292329306,0,4,2,1,0,0.75,2026
2026-07-27 09:30:00,2026-07-27 11:00:00,long,4098.61,4088.1642857142856,stop,-24.37535293467038,11746.366996709492,-1.03542122538292,0.40973741794299895,2.30908096280097,0.7466977109916263,0.8712273641850397,0.951586433260363,0.3963347921224856,2,0.5451074148941045,0.052667145908813495,34.87488572229249,0,9,0,1,0,110.75,2026
2026-07-28 12:00:00,2026-07-29 16:45:00,short,4040.9,4008.1828571428573,target,68.67048933817165,11815.037486047664,2.9230522661776317,0.143044275609071,2.4757663086193444,0.8014333556128663,0.956521739130431,0.9701336127849068,0.25858003667799373,3,0.5425205200913492,0.05490813596689126,33.280974051168165,1,12,1,0,1,25.0,2026
2026-07-29 17:00:00,2026-07-29 19:15:00,short,3999.37,4016.005714285714,stop,-24.155638683368213,11790.881847364295,-1.0222413052812367,0.3750966079862506,4.045513095749297,1.2354618394005616,0.7312252964426824,1.5208243881494456,3.9144697294976685,10,0.7588602662940918,0.2918106445304991,32.43142040556631,1,17,2,0,0,0.25,2026
2026-07-30 22:15:00,2026-07-31 01:00:00,long,4112.82,4098.832857142857,stop,-24.205568903280152,11766.676278461015,-1.0264528648758788,0.23164130323765414,1.8273925033193583,0.9083610080169203,0.8262322472848754,1.711571851700466,2.396486569298262,3,1.2725666232389892,0.1703758071714745,31.08763126810541,0,22,3,1,1,27.0,2026
2026-07-31 15:45:00,2026-07-31 20:15:00,short,4040.79,4053.095714285714,stop,-24.240937687203044,11742.43534077381,-1.030067332249815,0.289296494079437,3.0116090085906135,0.8046476951558537,0.9543918918918955,0.9621546319944358,3.281402368237749,2,0.5433442026082765,-0.1966656251500165,29.77572630477192,1,16,4,0,2,14.75,2026
2026-08-03 20:45:00,2026-08-03 21:30:00,short,4030.58,4040.652857142857,stop,-24.34752583776955,11718.087814936041,-1.0367323783860443,0.027797475535359686,2.0292157140831533,0.6504116287252867,0.943273905996774,1.2250744575237662,0.3812225216281511,3,0.5202292165386933,0.08748961298901126,28.658794430833154,1,21,0,0,3,72.5,2026
2026-08-04 19:45:00,2026-08-04 21:45:00,long,4093.34,4076.1842857142856,stop,-23.941627331773905,11694.146187604267,-1.0215671579648673,0.1632109251394879,2.0494629028228566,1.095102594625947,0.9392712550607847,0.5759014072778763,2.617203763843793,2,0.8003509555787913,0.06499780649631415,27.646139875883488,0,20,1,1,4,22.25,2026
2026-08-05 08:30:00,2026-08-05 15:15:00,long,4156.96,4212.198571428571,target,69.6948974743583,11763.841085078626,2.9799053456435542,1.6140895337108823,1.6542788424238253,1.1677785005022794,0.8740554156171307,2.156102102568123,6.940802234463513,5,1.6400919714922437,0.24835865256576106,26.272948087784798,0,8,2,1,5,10.75,2026
2026-08-05 17:00:00,2026-08-07 11:30:00,long,4229.52,4313.31,target,69.36874686403041,11833.209831942657,2.9483884711779393,1.1478696741855092,2.8191908342284173,1.7296326543250542,0.8292449824785085,2.2477622627998777,5.615467239527389,7,2.464266522662591,0.5536348298261773,26.272948087784798,0,17,2,1,0,1.75,2026
2026-08-07 12:30:00,2026-08-10 21:30:00,long,4317.37,4375.972857142857,target,66.65648482941717,11899.866316772073,2.8165005850519163,0.07576422407486441,3.4534152406026575,1.2118132740552545,0.9341133004926279,1.662717566183979,4.700453415240595,18,3.057866490014279,0.9937613509948706,26.17377473003859,1,12,4,1,0,1.0,2026
2026-08-10 22:15:00,2026-08-11 05:00:00,long,4390.63,4434.344285714286,target,70.79487135631032,11970.661188128384,2.9746078431372642,1.0500000000000655,4.304313725490113,0.843258761081341,0.9079457364341236,1.4164705882352415,5.687843137254921,26,2.5902789730890974,1.1506740269574989,26.90094474388542,1,22,0,1,0,0.75,2026
2026-08-11 13:15:00,2026-08-11 21:00:00,long,4378.31,4364.521428571429,stop,-24.583759435461715,11946.077428692923,-1.0268338168255093,0.24077911313728337,2.8835474513053,0.7715340287246966,0.6223628691983387,1.3750518027352467,2.1496062992126785,30,2.0625273306697367,1.1696143608331822,27.764209641829023,1,13,1,1,0,8.25,2026
2026-08-12 01:15:00,2026-08-12 02:00:00,long,4376.61,4364.488571428571,stop,-24.62144986128248,11921.45597883164,-1.030524454920448,0.16169711255148886,2.372657631113738,0.6756977589722668,0.8707124010552254,0.6253388332351121,-0.7919858573954303,33,1.6257544627936178,1.038071934382856,28.874762719033786,1,1,2,1,1,4.25,2026
2026-08-12 03:15:00,2026-08-12 12:15:00,long,4380.7,4416.49857142857,target,70.78944290075934,11992.2454217324,2.96899317610436,0.21788578953672694,2.8358673530468614,0.6679672467075837,0.9386590584878348,1.1749072189632996,1.7246498264096912,33,1.6257544627936178,1.038071934382856,28.874762719033786,1,3,2,1,2,1.25,2026
2026-08-12 15:15:00,2026-08-12 15:30:00,long,4425.24,4409.528571428571,stop,-24.549319278495165,11967.696102453905,-1.0235497363157187,0.5524640843790033,1.8572467721403145,0.8847777974244466,1.0,2.6121112929623282,2.3282414984542883,36,1.9688078203421011,0.8448490212081605,28.874762719033786,1,15,2,1,0,3.0,2026
2026-08-13 02:45:00,2026-08-13 03:30:00,long,4414.36,4441.312857142857,target,70.82044492748045,12038.516547381385,2.9588169820321193,0.6900938145967902,2.9028462394657106,0.5076559908879167,0.9801526717557091,1.4581014469709346,0.30720305294961725,39,1.7071960344115993,0.8337058193752078,29.95397267439844,1,3,3,1,1,11.25,2026
2026-08-13 12:45:00,2026-08-13 16:45:00,long,4384.56,4371.688571428572,stop,-24.769147586610003,12013.747399794775,-1.0287458379578247,0.3480577136516043,2.8403995560487836,0.7358137898391429,0.9529042386186377,0.9897891231964274,0.24550499445073945,42,0.6999039281904408,0.6976844071604038,29.95397267439844,1,13,3,1,0,9.25,2026
2026-08-14 16:30:00,2026-08-14 20:45:00,long,4393.9,4376.921428571429,stop,-24.55110617132596,11989.196293623449,-1.0217921750104948,0.8210349179637528,4.519814892721961,0.9990623720480956,0.7666417352280768,1.5749263777872402,4.758939840134639,2,0.5475038613800858,0.019530103498999196,30.57532602682657,1,16,4,1,1,23.75,2026
2026-08-17 03:15:00,2026-08-18 03:30:00,long,4389.91,4433.157142857143,target,69.53744068029074,12058.73373430374,2.9000042612228643,0.4231493409969462,2.7386780299275824,0.8941179250368215,0.9188102893890533,1.7258943613121023,1.7494797344167325,4,0.5205125430419993,0.08163494736523891,30.51399813082298,1,3,0,1,2,54.5,2026
2026-08-18 03:45:00,2026-08-18 04:15:00,long,4434.69,4423.745714285714,stop,-24.932821087504692,12033.800913216235,-1.0338075969194742,0.2174650828872793,4.349301657747082,0.6853673015041667,0.9476923076922853,1.187834486359488,2.726537005612703,11,1.3661958068092113,0.3999358500938577,30.774849586487587,1,4,1,1,0,0.25,2026
2026-08-19 07:30:00,2026-08-19 10:30:00,short,4346.51,4360.128571428572,stop,-24.721489256732742,12009.079423959502,-1.0271687821252775,0.527221231511603,1.7505507185565714,0.8668018439884125,0.781382228490811,1.0412252176649555,-0.41120318892270874,3,0.7742805305393442,0.05450614559391331,30.294929958290503,0,7,2,0,1,27.25,2026
2026-08-19 15:45:00,2026-08-19 22:00:00,long,4438.83,4503.342857142857,target,71.64122316292868,12080.72064712243,2.9827941274164678,1.6796651830199616,5.456586726898342,1.3681596655872161,0.8864812419146115,2.875705839367597,7.730552049425413,1,1.4657237956518558,-0.08893066132853455,30.294929958290503,1,16,2,1,2,5.25,2026
2026-08-19 22:15:00,2026-08-20 04:45:00,long,4507.44,4489.462857142857,stop,-24.658724613953172,12056.061922508477,-1.0205816910362362,0.17800381436738852,3.7536554354735614,1.1070902809954277,0.956692913385776,0.5651621106166432,2.645581691036186,2,2.4877681591320067,0.10744437237233395,30.294929958290503,1,22,2,1,0,0.25,2026
2026-08-20 17:15:00,2026-08-21 09:30:00,long,4491.62,4563.002857142858,target,71.9614291673844,12128.023351675862,2.9844500480307565,0.07985110470699613,3.362992315081626,1.5063618601163444,0.8144499178981802,1.0237752161383393,-0.1849183477425375,7,1.3693453885987386,0.9091788583682314,30.706250162406697,1,17,3,1,1,12.5,2026
2026-08-21 11:15:00,2026-08-24 03:00:00,long,4579.34,4637.625714285715,target,69.63070251148804,12197.65405418735,2.8706533823529616,1.1663235294117573,2.714558823529401,1.207957643024459,0.8617795187464945,1.8395588235294944,3.350735294117666,11,2.2464764814691005,0.7902380387915686,31.230929140472604,1,11,4,1,0,1.75,2026
2026-08-24 05:00:00,2026-08-25 05:45:00,long,4650.44,4617.3042857142855,stop,-25.45658236635756,12172.197471820991,-1.0435032118991165,0.5746065962491658,2.8036214701444298,1.951898198908614,0.925061425061391,1.4739383487820765,1.9954300495796293,16,2.9464269074374565,1.2205531546976012,32.406505378416746,1,5,0,1,0,2.0,2026
2026-08-25 08:15:00,2026-08-25 11:00:00,long,4646.56,4621.7,stop,-24.706721014806785,12147.490750806184,-1.0148833467417695,0.41432019308129575,2.0651649235719933,1.3052886869229998,0.863136863136877,0.8053097345132857,-1.846339501206729,23,1.7075934703596025,1.1429129891928902,33.80442733757375,1,8,1,1,1,2.5,2026
2026-08-25 14:00:00,2026-08-25 16:00:00,long,4642.83,4624.425714285714,stop,-24.78340812653788,12122.707342679647,-1.0201040130404337,0.03694791585812289,1.9941007529301316,0.9532390541539963,0.9295154185021374,0.7400450205697765,0.32709772568503054,24,1.6832164903859366,1.0558236719216074,33.80442733757375,1,14,1,1,2,3.0,2026
2026-08-25 18:30:00,2026-08-26 04:00:00,long,4656.22,4629.408571428572,stop,-24.58000347497479,12098.127339204671,-1.0138000852514821,0.8563512361466706,2.939791133844841,1.3679372992294505,0.8330796549974654,1.470268542199496,1.1614450127877738,25,1.7850926951581438,0.954080661831691,33.80442733757375,1,18,1,1,3,2.5,2026
2026-08-26 05:30:00,2026-08-26 06:00:00,long,4667.33,4648.257142857144,stop,-24.66564498338287,12073.461694221289,-1.0193992959328688,0.5872219309415556,3.413227473597494,0.9747035612799503,0.7420574886535535,1.3862632012582994,-0.2852220807430495,28,1.3669743404833612,0.7168851099040863,35.19918641115484,1,5,2,1,4,1.5,2026
2026-08-26 15:15:00,2026-08-26 15:30:00,long,4631.0,4617.998571428571,stop,-24.83410646256727,12048.627587758721,-1.0284584111636184,0.19382485441163622,2.530491154818118,0.6671635226273135,0.9938461538461595,0.9998901219646169,0.23382045929025447,30,1.0093288037534585,0.6425866718279272,35.19918641115484,1,15,2,1,5,9.25,2026
2026-08-27 19:45:00,2026-08-28 03:15:00,long,4614.9,4593.098571428572,stop,-24.506218486601703,12024.12136927212,-1.0169713649171033,0.1761352467073033,3.6015988467335123,1.1163922021651673,0.7291021671826641,0.5926217154839284,2.666797719677636,1,0.5315528664488642,0.13508359136304993,36.04681137256017,1,20,3,1,6,28.25,2026
2026-08-28 21:15:00,2026-09-01 16:00:00,short,4456.13,4333.931428571428,target,71.09530534307878,12095.216674615198,2.956361764809038,0.17283344439376144,4.237856416371484,2.058325416353924,0.6736938588450552,0.535685476800047,4.708729351523831,1,2.3490603298816457,0.12360473752678347,36.46922173592958,0,21,4,0,7,18.0,2026
2026-09-01 19:15:00,2026-09-02 16:45:00,short,4352.88,4380.117142857142,stop,-24.519045655820467,12070.697628959377,-1.013584391062615,0.030840239169207383,1.635266967376464,1.443448271184696,0.9753656658968657,0.9538445400188756,1.153571803209917,12,3.299613744211189,0.9640633489993222,32.75583037441191,0,19,1,0,0,3.25,2026
2026-09-03 02:15:00,2026-09-03 03:00:00,short,4382.2,4391.469999999999,stop,-25.104967668427992,12045.592661290948,-1.0399137001078333,0.2761596548003791,2.112189859762883,0.49007350662043825,0.8604651162790206,0.4638619201727217,-1.9762675296655745,20,1.06286132240855,1.0281977003974485,29.610199915484486,0,2,3,0,1,9.5,2026
2026-09-03 15:45:00,2026-09-03 16:30:00,long,4493.5,4471.041428571429,stop,-24.488082275609184,12021.104579015338,-1.0164747789580637,1.3099675593155529,5.314674639017837,1.1864747090644385,0.9406808223795007,2.6421983334393238,5.215825965269297,3,1.2798838081460786,-0.13280646855463596,29.610199915484486,1,16,3,1,2,12.75,2026
2026-09-04 02:45:00,2026-09-04 04:15:00,long,4480.07,4470.895714285713,stop,-25.01183422373203,11996.092744791606,-1.0403301152289275,0.2943008408594168,2.2257863593895344,0.4827157458576666,0.9568480300186724,1.1619433198380031,1.063843039551531,5,0.7066987901139891,0.16888919739319608,27.87457639077815,1,3,4,1,3,10.25,2026
2026-09-04 10:30:00,2026-09-04 12:00:00,long,4485.77,4472.4514285714295,stop,-24.658706570972843,11971.434038220632,-1.027780757266945,1.2283599699667984,2.608387857985623,0.7006342601297848,0.9513081395349421,2.066287675640794,2.46572991526335,7,0.6150378723789499,0.3245475177073409,27.87457639077815,1,10,4,1,4,6.25,2026
2026-09-07 03:45:00,2026-09-08 02:30:00,short,4412.58,4426.3042857142855,stop,-24.58835603644919,11946.845682184183,-1.0269595086915697,0.8641615488706602,2.4278130529821866,0.7443378807412295,0.8744233726294315,2.843135213906567,3.2424273966899233,4,0.6507180261512218,0.06781446006935976,26.08986567827875,0,4,0,0,5,63.75,2026
2026-09-08 21:45:00,2026-09-09 08:30:00,short,4375.62,4393.232857142857,stop,-24.39563524167915,11922.450046942504,-1.02100738097167,0.6586097818152387,2.527698921242568,1.0117079683764532,0.3861071932298993,3.2203747262550633,2.6151350474490176,3,0.7240998534626257,0.16676762714328275,24.432634302386447,0,22,1,0,6,19.25,2026
2026-09-10 20:45:00,2026-09-11 15:30:00,short,4352.63,4294.798571428572,target,71.07702804775002,11993.527074990254,2.980806284274499,0.12968726841559425,1.9048465984882144,1.1193455691188496,0.8440265486725819,0.9378983251815739,1.3757225433526465,15,0.8934116655621117,0.22511347871739806,21.56009586853863,0,21,3,0,7,36.25,2026
2026-09-11 21:00:00,2026-09-14 12:15:00,short,4346.82,4286.365714285714,target,70.40379284136262,12063.930867831616,2.935074578193664,0.5101375301290508,2.5060258046221233,1.1162993139855701,0.9238294898672177,1.4202467035304391,3.596767333049801,1,0.5363935749348878,0.40751508440449724,20.626644912254022,1,21,4,0,0,5.5,2026
2026-09-14 15:45:00,2026-09-14 18:30:00,short,4270.96,4290.431428571429,stop,-24.586344214719805,12039.344523616895,-1.019002201027159,0.24856933235510453,2.4949376375641727,1.1148556595573336,0.7113980909601229,1.8293470286133793,3.6648569332355105,6,2.216032298792872,0.4813070897275229,20.06288203897742,1,16,0,0,0,3.5,2026
2026-09-14 22:15:00,2026-09-15 05:00:00,short,4296.4,4311.191428571428,stop,-24.681005105109033,12014.663518511787,-1.0250144871547495,0.8667181765502443,2.017384585667298,0.8298333393999365,0.9505440158259177,1.367007919644685,-1.7293799497778897,7,1.0793620985790344,0.5179513371351474,20.06288203897742,1,22,0,0,1,3.75,2026
2026-09-15 08:15:00,2026-09-15 11:45:00,short,4297.32,4261.3842857142845,target,71.34575145065462,12086.009269962442,2.969111508646393,0.5209302325581078,2.82504472271908,0.664663494288994,0.8320895522388636,0.8949314251639053,0.7413237924866489,10,1.0719490900729005,0.5882372882937137,19.93933621592395,1,8,1,0,2,3.25,2026
2026-09-15 23:45:00,2026-09-16 05:30:00,short,4291.66,4302.74,stop,-24.979206884669384,12061.030063077773,-1.0333935018050424,0.019855595667975002,3.4115523465703137,0.6266248925715237,0.9963503649634249,0.49458483754524857,0.7039711191336689,14,1.0251181393721536,0.5195805493976802,19.93933621592395,1,0,1,0,0,12.0,2026
2026-09-18 07:30:00,2026-09-18 16:45:00,long,4364.57,4347.761428571428,stop,-24.65304887107129,12036.377014206702,-1.0220125786163676,0.3640999490055492,3.2471528131905485,0.9150511270040745,0.8884976525820799,1.0137684854666518,0.6984531701512712,4,0.5798999525867319,0.1282462807741469,17.849938945374852,0,7,4,1,1,50.0,2026
2026-09-18 19:15:00,2026-09-21 07:00:00,long,4377.68,4356.352857142857,stop,-26.909294897188595,12009.467719309514,-1.1178320048228458,1.2050371759662672,2.07247638823768,1.1582458537616716,0.9602396514161451,1.7217496148435523,1.8136512827382978,7,0.6789835519871661,0.3014673342460972,17.849938945374852,0,19,4,1,2,2.5,2026
