entry_time,exit_time,side,entry_price,exit_price,outcome,pnl,equity_after,R,breakout_atr,channel_atr,atr_ratio,close_in_bar_dir,bar_range_atr,mom_4h_dir,h4_trend_age,h4_ema_dist_pct,h4_ema_slope_dir,d1_adx,with_d1_ema50,hour,weekday,is_long,prior_loss_streak,hours_since_last_exit,year
2022-06-30 22:00:00,2022-07-01 13:00:00,short,1805.84,1791.6885714285713,target,58.431253785584225,10058.431253785584,2.9215626892792113,0.08479709267112716,2.632949727437915,,0.8559322033899416,0.500302846759467,0.08055723803757563,1,0.5837320584572281,0.09919097906194718,52.10289712532864,1,22,3,0,0,,2022
2022-07-01 13:30:00,2022-07-01 16:00:00,short,1789.96,1794.8828571428571,stop,-21.628837954309418,10036.802415831275,-1.075159605339511,0.41845618107950094,2.4294834590829995,,0.8773946360153454,1.0603598374927035,2.693557748113704,5,1.2078192364636764,0.26764413253916874,51.43661356150173,1,13,4,0,0,0.5,2022
2022-07-05 11:45:00,2022-07-05 12:15:00,short,1800.85,1804.792857142857,stop,-21.957323545937626,10014.845092285337,-1.0938405797101198,0.6289855072463784,4.478985507246433,0.9559834838843771,0.8815331010453296,1.4557971014493283,5.331159420289825,1,0.5397152001631479,0.10084176877894757,56.11510089668153,1,12,1,0,1,91.75,2022
2022-07-05 14:15:00,2022-07-05 15:15:00,short,1798.53,1803.0685714285714,stop,-21.662579626750176,9993.182512658586,-1.0815234497954118,0.7535410764872686,2.2297765187283374,1.090587659802097,0.946808510638345,1.2426817752596517,3.661945231350309,1,0.5397152001631479,0.10084176877894757,56.11510089668153,1,14,1,0,2,2.0,2022
2022-07-05 18:15:00,2022-07-08 15:30:00,short,1765.92,1730.9485714285715,target,57.71592441761142,10050.898437076197,2.8877649509803995,0.06519607843135251,5.968872549019625,2.6896739264789313,0.8103448275861501,0.4975490196078607,5.594852941176475,2,0.5331059906743799,0.12037781798908131,56.11510089668153,1,18,1,0,3,3.0,2022
2022-07-11 08:45:00,2022-07-11 20:15:00,short,1740.39,1732.9585714285715,target,57.3028730962713,10108.201310172468,2.8506343713955924,0.13725490196065834,1.8569780853517357,0.5331590983338805,0.4479999999999563,1.0092272202998762,-0.32295271049603386,24,1.0139768294704377,0.5299758282497624,63.72608330780247,1,9,0,0,0,65.25,2022
2022-07-11 22:30:00,2022-07-12 03:00:00,short,1731.35,1734.7271428571428,stop,-22.431313059715006,10085.769997112753,-1.1095600676819266,0.787648054145627,2.380710659898525,0.7152686070882457,0.9960474308300431,1.4983079526226941,3.9263959390864556,27,1.1923466336107271,0.46706354122011406,63.72608330780247,1,22,0,0,0,2.25,2022
2022-07-12 03:30:00,2022-07-12 04:00:00,short,1731.99,1725.8185714285712,target,56.88654438649394,10142.656541499247,2.82013888888894,0.8458333333332085,2.683333333333265,0.4400400823547329,0.9418604651163252,1.6722222222219907,-0.6222222222223057,28,1.167831584335421,0.46525394090036754,61.827581192065566,1,3,1,0,1,0.5,2022
2022-07-12 07:30:00,2022-07-12 09:45:00,short,1728.92,1735.4257142857143,stop,-21.439001288641148,10121.217540210606,-1.0568730786122094,0.285902503293759,2.1980676328502824,1.3653099885512041,0.9296874999998848,0.39350021958717,0.9437856829161035,29,1.1771639883155498,0.4690545124503176,61.827581192065566,1,7,1,0,0,3.5,2022
2022-07-12 13:30:00,2022-07-12 14:15:00,short,1732.17,1737.1857142857143,stop,-21.735682213952867,10099.481857996652,-1.0737681572201727,0.09569923098832755,2.6676160637994606,1.0378816198609366,0.6229508196720863,0.729706636285941,1.1364283679863105,31,0.8975174125220009,0.46912115592413484,61.827581192065566,1,13,1,0,1,3.75,2022
2022-07-12 16:15:00,2022-07-13 15:30:00,short,1729.25,1711.7471428571428,target,59.31590887509994,10158.797766871752,2.936581782566117,0.5107737512242913,2.9275220372183903,1.1923434848457246,0.9392712550606926,0.8467189030362453,1.7242899118511108,32,0.9774837269867371,0.45657171519116746,61.827581192065566,1,16,1,0,2,2.0,2022
2022-07-14 04:00:00,2022-07-14 05:30:00,short,1727.21,1730.5085714285715,stop,-22.596615561132225,10136.20115131062,-1.112169770463425,0.006063230835854246,5.038544824599428,0.7059488959038671,0.8431372549019892,1.2368990905153692,3.5833694239930303,41,0.6526392449168787,0.3154136686909448,60.92396452629913,1,4,3,0,0,12.5,2022
2022-07-14 09:00:00,2022-07-14 13:45:00,short,1725.78,1712.13,target,59.168681885452315,10195.369833196073,2.9186813186812963,0.11868131868131102,3.2923076923077055,0.971247565210429,0.6853932584269841,1.9560439560438816,1.1032967032967023,42,0.6225217289760231,0.2869865779124958,60.92396452629913,1,9,3,0,1,3.5,2022
2022-07-14 15:45:00,2022-07-15 05:15:00,short,1709.21,1716.0,stop,-21.501869810216277,10173.867963385857,-1.05449189985273,0.13254786450664213,1.8703976435935121,1.4115830192274723,0.4599303135888455,0.8453608247422445,2.1767304860088212,44,1.5358441454511431,0.30301888493683427,60.92396452629913,1,16,3,0,0,2.0,2022
2022-07-15 06:15:00,2022-07-15 16:00:00,short,1708.71,1712.7014285714286,stop,-22.233943373097034,10151.63402001276,-1.092698639942718,0.2355046528275007,3.677881173944118,0.8062905476453451,0.9934640522875875,2.299928418038609,1.2777380100214493,47,1.177811516666203,0.5077876995019603,61.393936543373364,1,6,4,0,1,1.0,2022
2022-07-18 21:00:00,2022-07-19 11:15:00,short,1708.83,1712.9371428571428,stop,-22.132327665196676,10129.501692347563,-1.090086956521747,0.08765217391307449,1.874782608695608,0.8165279456689413,0.9531250000000416,0.6233043478260737,3.0434782608695654,57,0.5334917591467653,0.22515979696711153,61.79207676896305,1,21,0,0,2,77.0,2022
2022-07-20 19:45:00,2022-07-21 09:15:00,short,1702.88,1689.65,target,59.077275176231446,10188.578967523794,2.9160997732426455,0.36281179138320063,3.0793650793650738,0.9369481022463186,0.5142045454545325,1.5963718820861652,2.6575963718820503,69,0.6834019293697856,0.16422911654685457,60.00114667940139,1,20,2,0,3,32.5,2022
2022-07-21 10:00:00,2022-07-21 10:30:00,short,1688.09,1691.7585714285713,stop,-22.43233079531898,10166.146636728476,-1.100856697819307,0.2943925233645946,2.769470404984426,0.8591136905213985,0.40706319702604143,2.9330218068535627,2.1588785046729497,72,1.0882328486918693,0.3169409784469224,59.92170229078507,1,10,3,0,0,0.75,2022
2022-07-21 12:00:00,2022-07-21 15:15:00,short,1682.73,1687.7785714285715,stop,-21.822407579576314,10144.324229148899,-1.0732880588568259,0.8596491228070484,3.4069043576683367,1.180416575043908,0.8540145985401133,1.085455574419927,3.9892473118279415,73,1.4327523188146498,0.382394360460625,59.92170229078507,1,12,3,0,1,1.5,2022
2022-07-22 16:45:00,2022-07-22 20:00:00,long,1734.59,1727.4757142857143,stop,-21.34382113916079,10122.980408009738,-1.0520080321285,1.2622489959839336,2.257429718875486,1.6794890710958497,0.6391359593392499,2.212449799196812,2.9265060240963336,6,0.7099891235263998,0.16012640883129592,60.30008723470772,0,17,4,1,2,25.5,2022
2022-07-22 23:30:00,2022-07-25 03:30:00,long,1726.8,1722.0785714285714,stop,-31.022043452906487,10091.958364556831,-1.5322583963691416,0.13131618759453167,2.647503782148282,1.1110138421511464,0.9819819819819986,0.9403933434190813,-1.266565809379742,7,0.9183220770838033,0.214667279740266,60.30008723470772,0,23,4,1,3,3.5,2022
2022-07-25 10:15:00,2022-07-25 15:15:00,long,1727.88,1724.7942857142857,stop,-22.6041178554293,10069.354246701401,-1.1199074074074382,0.42129629629635257,2.307407407407357,0.7375474838874957,0.9901477832512414,1.3157407407408621,0.14259259259260937,10,0.6705989836572793,0.2669730205256515,58.034257606153076,0,10,0,1,4,6.75,2022
2022-07-28 02:15:00,2022-07-28 16:15:00,long,1738.14,1752.647142857143,target,58.87523168411081,10128.229478385512,2.923485967503707,0.140620384047327,1.960413589364841,1.1220335822828156,0.682352941176543,0.3515509601182234,5.314623338257052,4,0.8604191024995597,0.0844989749060332,51.36570444529979,0,2,3,1,5,59.0,2022
2022-07-28 16:30:00,2022-08-02 03:30:00,long,1753.87,1778.7999999999997,target,49.41981210965286,10177.649290495165,2.439706377857989,0.045728038507780434,4.262334536702788,1.8803247280183981,0.8189134808852946,1.1961492178098774,2.007220216606484,8,1.158764776561748,0.36634024830954903,51.36570444529979,0,16,3,1,0,0.25,2022
2022-08-02 03:45:00,2022-08-02 04:15:00,long,1780.22,1777.17,stop,-22.82462988425732,10154.824660610908,-1.1213114754098021,0.7540983606557845,5.488524590163769,0.7119727160494822,0.9102564102564003,1.534426229508266,6.1377049180327665,23,1.6672711683359507,0.5697537060421975,41.026844820508295,1,4,1,1,0,0.25,2022
2022-08-02 09:30:00,2022-08-02 10:15:00,long,1775.58,1772.4285714285713,stop,-22.694145773713856,10132.130514837194,-1.117407071622869,0.5267452402538136,2.227561196736197,0.7263338551091193,0.8716417910447536,2.1260199456028706,-0.08250226654585453,24,1.1757315918315394,0.5792764996304545,41.026844820508295,1,9,1,1,1,5.25,2022
2022-08-02 12:45:00,2022-08-02 15:30:00,long,1774.55,1787.8485714285714,target,59.10137361216682,10191.231888449362,2.916532388011608,0.02255881405089797,2.5987753786658057,1.0187102792999585,0.6642857142857166,0.6316467934257587,0.974540766999613,25,1.125944445706949,0.5706664890175128,41.026844820508295,1,13,1,1,2,2.5,2022
2022-08-03 15:45:00,2022-08-03 16:30:00,long,1771.83,1766.337142857143,stop,-21.75543077773498,10169.476457671626,-1.0673602080624012,0.0728218465539003,4.187256176853076,1.1586763867578378,0.7535545023696651,0.7682704811443105,2.4832249674902354,3,0.7197637853220865,0.21000496923309075,39.42297267147702,0,16,2,1,0,24.25,2022
2022-08-04 08:15:00,2022-08-04 08:45:00,long,1773.34,1770.712857142857,stop,-23.203438399341806,10146.273019272285,-1.1408374116367441,1.0505709624794999,3.0603588907014,0.5727265826185067,0.8274647887323862,2.1620445894506877,3.616095704186994,7,0.5748687791653228,0.16908757751421533,37.43654629604469,0,8,3,1,1,15.75,2022
2022-08-04 11:45:00,2022-08-04 15:00:00,long,1776.29,1787.942857142857,target,58.94465929107224,10205.217678563356,2.904744391320346,0.520044133872746,3.264435454211086,0.8484887886254405,0.8393939393939455,1.6991541007723303,2.7855829349024805,8,0.821060443047383,0.19952779745335825,37.43654629604469,0,12,3,1,2,3.0,2022
2022-08-04 20:45:00,2022-08-05 11:15:00,long,1791.78,1787.202857142857,stop,-22.06034258480953,10183.157335978547,-1.0808364544319589,0.06554307116098822,2.8139825218476773,0.9806899876419116,0.5565217391304339,1.0049937578027135,3.6616729088638205,10,1.43634977742977,0.31894966187500096,37.43654629604469,0,21,3,1,0,5.75,2022
2022-08-08 17:30:00,2022-08-09 04:45:00,long,1789.34,1784.3914285714284,stop,-21.889084735478388,10161.26825124307,-1.0747690531177951,1.172055427251666,2.3764434180138783,1.1214991093271538,0.947494033412882,1.693418013856819,4.231524249422604,6,0.5367850792175467,0.08508064702277274,36.23018045170928,1,17,0,1,1,78.25,2022
2022-08-09 08:45:00,2022-08-09 09:15:00,long,1788.61,1786.5628571428572,stop,-23.99562579358358,10137.272625449486,-1.1807397069085397,0.8890439637123678,2.4717376133984903,0.4898880117600373,0.9631578947367577,1.856245638520714,4.738311235170981,10,0.5701076120264835,0.2530845165575446,35.707128805617295,1,9,1,1,2,4.0,2022
2022-08-09 11:15:00,2022-08-10 15:15:00,long,1791.62,1787.4042857142856,stop,-27.207168703029012,10110.065456746457,-1.3419373093866382,0.09488309047771713,3.752626228397164,1.0130638085443375,0.440613026819888,1.2382243307352871,2.6235174517112516,10,0.5701076120264835,0.2530845165575446,35.707128805617295,1,11,1,1,3,2.0,2022
2022-08-10 15:30:00,2022-08-10 15:45:00,long,1806.09,1799.79,stop,-21.40766241158684,10088.657794334871,-1.0587301587301536,3.438095238095222,2.5460317460317454,1.6526164084323374,0.9070891514500522,5.911111111111088,4.469841269841256,17,0.5699768011129607,0.29915517743821507,35.73255790436443,1,15,2,1,4,0.25,2022
2022-08-12 20:00:00,2022-08-15 05:15:00,long,1801.44,1795.8442857142857,stop,-29.238892901523414,10059.418901433348,-1.4490972683175982,1.0400816951749,2.930814398774566,1.4444147391516893,0.9590517241379202,1.6584120500383177,2.7628286954301613,31,0.5116431756057794,0.09366645891952796,36.026163840950936,1,20,4,1,5,52.25,2022
2022-08-16 03:45:00,2022-08-16 04:30:00,short,1777.64,1779.6842857142858,stop,-23.760192793042766,10035.658708640305,-1.1809923130677666,0.06848357791747707,1.9566736547868389,0.5436456742146693,0.8993288590603422,1.4577218728162038,1.242487770789625,5,0.5350773503060178,0.13133165534634506,35.03110598539714,0,4,1,0,6,22.5,2022
2022-08-16 19:00:00,2022-08-17 07:30:00,short,1773.46,1778.5928571428572,stop,-21.518150484654598,10014.14055815565,-1.0720846089618572,0.031171722794293692,1.9599220706929876,1.3278084969765944,0.6011235955055914,0.6935708321736548,1.726134149735608,8,0.7576709170103706,0.20340910554966785,35.03110598539714,0,19,1,0,7,14.5,2022
2022-08-17 18:00:00,2022-08-17 21:30:00,short,1762.71,1769.8928571428573,stop,-21.059968628070642,9993.080589527579,-1.0515115354017635,0.5513126491646781,2.5003977724741286,1.858114584656621,0.9471032745591852,1.1054097056483674,2.405727923627629,14,0.5835633760803782,0.18519408359941592,33.90730360638732,1,18,2,0,8,10.5,2022
2022-08-18 06:30:00,2022-08-18 11:45:00,short,1762.74,1765.3985714285714,stop,-22.76768495410885,9970.31290457347,-1.139172487909716,0.7447608812466615,2.8511552928533277,0.7177482144277494,0.7926267281105851,1.6324556689952474,1.038151531434642,17,0.7456003586796256,0.2743741617761919,31.875099065616233,1,6,3,0,9,9.0,2022
2022-08-18 15:30:00,2022-08-18 20:00:00,short,1767.75,1755.3342857142857,target,58.03912903787578,10028.352033611345,2.91059716948566,0.2851225405591571,1.9426993441490938,1.1127079285721257,0.7314410480349263,2.213324128408644,-1.676907145322746,19,0.6041478029770204,0.324868950837931,31.875099065616233,1,15,3,0,10,3.75,2022
2022-08-19 01:30:00,2022-08-19 13:00:00,short,1757.71,1750.8614285714284,target,56.9193698027887,10085.271403414134,2.8379224030038,0.01752190237795626,3.0137672090112657,0.6187622818311284,0.6700000000000728,0.8760951188986098,0.8673341677096317,22,0.8811982410497764,0.31107825311916804,29.660938748671946,1,1,4,0,0,5.5,2022
2022-08-19 17:30:00,2022-08-22 15:30:00,short,1746.91,1728.8028571428574,target,56.13933266116611,10141.4107360753,2.783233609467438,0.9046153846153955,2.770177514792881,1.612567210179206,0.7663366336633516,1.6733727810650827,1.1133727810650615,26,0.7353702467562612,0.3805793436920446,29.660938748671946,1,17,4,0,0,4.5,2022
2022-08-23 07:45:00,2022-08-23 11:00:00,short,1736.85,1739.4185714285713,stop,-23.204540471753756,10118.206195603547,-1.1440489432702856,0.2725250278087788,2.343715239154577,0.7133092544073621,0.9558823529412207,1.0589543937709411,1.0122358175752113,36,1.023131469363991,0.535383634702491,27.396951799444277,1,8,1,0,0,16.25,2022
2022-08-23 15:15:00,2022-08-23 15:45:00,short,1733.87,1738.1157142857141,stop,-21.999949002688478,10096.20624660086,-1.087146702557201,0.2449528936743936,2.407133243606968,1.1504107918751187,0.6497326203208711,1.7617765814266648,3.3869448183042206,37,0.7529757529271953,0.48058169075573254,27.396951799444277,1,15,1,0,1,4.25,2022
2022-08-29 04:00:00,2022-08-29 15:45:00,short,1730.36,1734.2742857142855,stop,-22.10111133836172,10074.105135262498,-1.0945255474452402,1.4357664233577716,2.166423357664267,1.048103420521201,0.9951219512195167,2.0948905109490026,3.2598540145986394,5,0.9015928822653908,0.20080901125961725,23.369993359728834,1,4,0,0,2,132.25,2022
2022-08-30 17:15:00,2022-09-05 02:00:00,short,1725.53,1709.0985714285714,target,50.45410869257538,10124.559243955073,2.504148408972343,0.9274908711528261,1.9280125195617979,1.4342920116032805,0.6772277227722978,1.844027125717243,3.3922796035471827,14,0.6922802574337323,0.19413712399518612,23.566756858761448,1,17,1,0,3,25.5,2022
2022-09-05 02:30:00,2022-09-05 04:00:00,short,1708.66,1710.7328571428573,stop,-23.86353729450504,10100.695706660568,-1.17849758787045,0.07718814610606355,2.8559614059269838,0.5507281444000832,1.0,0.8683666436938731,4.100620261888356,22,1.2491593032662178,0.4547993258219085,24.45489186449354,1,2,0,0,0,0.5,2022
2022-09-05 09:15:00,2022-09-05 11:15:00,short,1710.29,1713.0285714285715,stop,-22.930739548976366,10077.764967111592,-1.1351069379238625,0.4747000521649055,2.23474178403751,0.7252132504947553,0.8952879581151639,1.3948878455921254,-0.9640062597808575,24,0.9808648279951218,0.4913545632888816,24.45489186449354,1,9,0,0,1,5.25,2022
2022-09-05 21:00:00,2022-09-06 01:00:00,short,1709.78,1711.5257142857142,stop,-24.4274466715086,10053.337520440084,-1.2119476268412022,0.18330605564657113,2.6350245499180596,0.464180265533026,0.7941176470589613,0.7790507364973411,2.1194762684125505,27,0.8400561299926911,0.4218400722753146,24.45489186449354,1,21,0,0,2,9.75,2022
2022-09-06 07:45:00,2022-09-06 08:30:00,short,1715.54,1718.3628571428571,stop,-22.742114735004122,10030.59540570508,-1.1310728744939516,0.7722672064778451,2.5151821862348154,0.7643238190403948,0.8589211618257516,1.7074898785424273,5.859311740890745,30,0.532471881646593,0.2871045506153469,25.192241275012176,1,8,1,0,3,6.75,2022
2022-09-06 10:15:00,2022-09-06 18:15:00,short,1713.84,1702.2471428571428,target,58.26274122530081,10088.85814693038,2.904251386321635,0.5796672828096741,2.9707948243992703,1.0398705127352872,0.8928571428571573,1.4491682070240086,2.9707948243992703,30,0.532471881646593,0.2871045506153469,25.192241275012176,1,10,1,0,4,1.75,2022
2022-09-06 20:00:00,2022-09-07 12:45:00,short,1700.55,1706.8371428571427,stop,-21.365180170277274,10067.492966760103,-1.0588502613042392,0.15269256987049137,2.5162463076574033,1.6140845780685456,0.8174603174603017,0.40081799591002176,1.8323108384458242,33,1.1785518527334364,0.28728685766186146,25.192241275012176,1,20,1,0,0,1.75,2022
2022-09-07 15:30:00,2022-09-07 16:45:00,short,1700.06,1704.1742857142856,stop,-21.94573640462483,10045.547230355478,-1.0899305555555485,0.09236111111113851,3.290972222222244,1.103433302709003,1.0,1.6187500000000903,2.080555555555562,37,0.7162887950329565,0.44826643635097474,24.92437326892285,1,15,2,0,1,2.75,2022
2022-09-08 22:45:00,2022-09-09 02:15:00,short,1706.76,1710.1785714285713,stop,-22.265600714502327,10023.281629640976,-1.1082323443376227,0.011700793982438137,2.814040952778899,0.8739184817507616,0.9000000000000874,0.760551608859144,0.22231508566659064,1,0.5170063625625906,0.016317902443685472,25.103150188098798,1,23,3,0,2,30.0,2022
2022-09-12 14:30:00,2022-09-12 16:30:00,long,1728.99,1725.1142857142856,stop,-21.960333950087303,10001.321295690888,-1.095466273497989,0.23737559896795,2.6730556579432583,0.99575391518383,0.8547486033519575,1.8474014006634272,2.3376336159233086,1,0.5302968194259576,0.0518293922192381,23.95404153360217,0,14,0,1,3,84.25,2022
2022-09-12 18:45:00,2022-09-12 21:00:00,long,1734.12,1727.602857142857,stop,-21.138259520616593,9980.183036170272,-1.056773345024127,0.5217010083296229,2.6790881192459435,1.6314622111194532,0.6990291262135636,0.9482683033756849,1.4147303814116272,2,0.7042825028808047,0.08942432128995481,23.95404153360217,0,19,0,1,4,2.25,2022
2022-09-13 15:45:00,2022-09-15 17:45:00,short,1703.78,1679.7457142857143,target,56.62138677926111,10036.804422949534,2.8366907988587657,1.043509272467916,5.944008559201111,1.9603250895744222,0.9194260485651189,2.261768901569167,5.36733238231097,1,0.8759284484926775,-0.0713596470986122,22.940767826790157,1,16,1,0,5,18.75,2022
2022-09-15 19:00:00,2022-09-16 17:00:00,short,1661.94,1673.1942857142858,stop,-20.733556128342247,10016.070866821192,-1.0328763645595296,0.2861132267072668,4.860370652449858,2.6366675173305474,0.9037974683544039,0.7019548108657062,4.437420665143418,13,1.134348436515593,0.41649570651890455,22.969667686412336,1,19,3,0,0,1.25,2022
2022-09-16 20:45:00,2022-09-16 21:45:00,short,1671.41,1676.1171428571429,stop,-21.60674710815284,9994.464119713039,-1.078603945371754,0.4036418816387661,1.9842185128983452,1.059389016006054,0.8275862068965079,0.9857359635811483,-2.693778452200343,20,1.0689833322697444,0.7623001033053356,24.433182208104007,1,21,4,0,1,3.75,2022
2022-09-19 03:45:00,2022-09-19 07:00:00,short,1675.85,1667.1542857142856,target,57.4152162540041,10051.879335967044,2.8723509117791806,0.40709709216372403,2.3252833908328254,0.6690904294347095,0.9576271186441087,0.8141941843272911,-0.7796944307539772,22,0.7843945354452782,0.5933749372285746,25.98418153277749,1,4,0,0,2,54.0,2022
2022-09-19 09:00:00,2022-09-19 17:30:00,short,1665.34,1668.4471428571428,stop,-22.49772349769588,10029.381612469348,-1.1190804597701371,0.9011494252874243,1.8859770114943135,0.7114488751747888,0.7985865724381799,1.821609195402271,2.0468965517242004,23,1.153656673525641,0.5391785906902702,25.98418153277749,1,9,0,0,0,2.0,2022
2022-09-20 07:45:00,2022-09-20 15:30:00,short,1673.38,1665.2414285714285,target,57.44052365308983,10086.822136122437,2.863612427593496,0.2801474460241326,2.9415481832543144,0.628593299059725,0.7636363636361945,0.8109531332281051,1.968404423380588,29,0.5255781779604833,0.3254739133028761,27.421224632452965,1,8,1,0,1,14.25,2022
2022-09-20 16:15:00,2022-09-21 09:00:00,short,1664.87,1669.532857142857,stop,-21.774432834288376,10065.047703288148,-1.0793504901960567,0.12009803921577089,2.1703431372548567,1.067373743636011,0.9875518672199287,1.0337009803921815,1.3897058823529311,31,0.7586839321185831,0.25129394431158136,27.421224632452965,1,16,1,0,0,0.75,2022
2022-09-21 19:45:00,2022-09-21 20:45:00,short,1665.22,1669.412857142857,stop,-21.906482019967047,10043.14122126818,-1.0882453151618159,0.22419080068144295,3.224531516183967,1.0005369150395917,0.7973856209150647,0.7298126064735782,4.245315161839779,38,0.6067454634041125,0.24160462777123026,28.752896698647994,1,20,2,0,1,10.75,2022
2022-09-21 21:00:00,2022-09-21 21:15:00,short,1659.21,1664.6314285714286,stop,-21.457124906994178,10021.684096361187,-1.0682476943346573,2.0769433465085303,2.1876152832674913,1.2929180513107272,0.6332436069986486,5.481949934123837,4.7367588932806255,38,0.6067454634041125,0.24160462777123026,28.752896698647994,1,21,2,0,2,0.25,2022
2022-09-22 03:45:00,2022-09-22 05:45:00,short,1660.41,1664.5628571428572,stop,-21.82913783906384,9999.854958522123,-1.0890952872376944,0.052975576195342364,5.682834537323691,0.9381000274298236,0.9421052631578305,0.9150326797386078,5.73099415204673,40,0.8345228276393234,0.19282966744700314,29.18660202696504,1,4,3,0,3,6.5,2022
2022-09-22 09:30:00,2022-09-22 11:00:00,short,1658.38,1661.9785714285715,stop,-22.056051667149045,9977.798906854974,-1.1028185788011022,0.28344581183008566,2.6566097657800505,0.7958349513924101,0.9593023255813008,0.9559348947995367,0.789202064311147,41,0.7857958861987399,0.18684649605439363,29.18660202696504,1,9,3,0,4,3.75,2022
2022-09-23 11:45:00,2022-09-23 13:45:00,short,1661.53,1647.4085714285716,target,58.29820472071945,10036.097111575693,2.9213960546282034,0.8965098634294976,4.431562974203293,1.0221141399564742,0.7683284457478168,1.4488619119879032,2.9869499241274706,2,0.663330362160778,0.03871401365417304,29.58862050046845,1,12,4,0,5,24.75,2022
2022-09-23 21:45:00,2022-09-23 22:45:00,short,1640.26,1644.8785714285714,stop,-21.680204833666313,10014.416906742026,-1.0801113516857186,1.0436127435818356,2.4769563872564007,0.9471286592109319,0.8534482758620584,2.009279307145086,1.398700896999682,4,1.3992649413905327,0.26958746683053425,29.58862050046845,1,22,4,0,0,8.0,2022
2022-09-26 03:30:00,2022-09-26 04:00:00,short,1639.03,1643.6399999999999,stop,-21.63635409786304,9992.780552644163,-1.0802603036876144,0.49457700650763586,2.334056399132271,0.9657700796827641,0.9137254901960701,2.2125813449024463,1.6529284164858773,5,1.4544181404789296,0.35796131294975053,30.62492990453443,1,3,0,0,1,52.75,2022
2022-09-26 07:00:00,2022-09-26 10:15:00,short,1638.2,1646.4814285714288,stop,-20.878481637679315,9971.902071006483,-1.0446782818699403,0.04588580300156533,0.842849749870618,1.6831510085078318,0.5104895104895004,0.3453510436432763,1.4055545972054242,6,2.2976448405717034,0.514571288670973,30.62492990453443,1,7,0,0,2,3.0,2022
2022-09-26 13:00:00,2022-09-26 15:45:00,short,1636.71,1644.6000000000001,stop,-20.87906491926858,9951.023006087215,-1.0468948035488084,1.155893536121659,2.1394169835234607,1.5561828719153423,0.9824868651488379,1.447401774397981,0.271229404309236,8,0.9452928612025983,0.6288278726301333,30.62492990453443,1,13,0,0,3,2.75,2022
2022-09-26 18:15:00,2022-09-28 10:15:00,short,1638.68,1616.8785714285718,target,57.407958369445055,10008.43096445666,2.884525457047361,0.9907607627285095,1.651267937880891,1.4046197087169594,0.9896907216494552,1.6017298997445093,0.21191271869470935,9,0.9158618178115384,0.5894774207543141,30.62492990453443,1,18,0,0,4,2.5,2022
2022-09-30 01:00:00,2022-09-30 10:00:00,long,1662.16,1671.5585714285714,target,57.68653323790856,10066.11749769457,2.8818969448244705,0.01915184678520864,2.9110807113544714,0.5682356161041008,0.8049792531120284,1.5385316917465457,1.7045143638851656,3,0.7372298765193565,0.1615914561917675,32.69749317015287,0,1,4,1,0,38.75,2022
2022-09-30 16:45:00,2022-09-30 20:30:00,long,1669.96,1663.067142857143,stop,-21.212908335037913,10044.904589359532,-1.0536787564766792,0.05222797927462987,2.274818652849717,1.2289986367454657,0.66197183098592,0.8240414507772442,0.7166839378238421,7,0.7334228514398754,0.35626627150555645,32.69749317015287,0,17,4,1,0,6.75,2022
2022-10-03 04:00:00,2022-10-03 07:15:00,long,1665.31,1662.6,stop,-22.832698254780578,10022.071891104752,-1.136531365313665,0.029520295202925137,1.5793357933578374,0.5051916744571837,0.9205298013244245,1.1143911439114307,2.664206642066343,10,0.5938091555695453,0.3137779460266943,31.416633813506845,0,4,0,1,1,55.5,2022
2022-10-03 17:00:00,2022-10-04 02:15:00,long,1678.1,1702.2714285714287,target,59.21196446017622,10081.283855564929,2.954078014184409,0.8762411347517612,2.6808510638297607,1.5619771196200383,0.7637721755368635,2.6585106382978663,3.710992907801352,13,0.566379706685111,0.2248471359783677,31.416633813506845,0,17,0,1,2,9.75,2022
2022-10-04 06:30:00,2022-10-04 10:15:00,long,1700.05,1710.3614285714286,target,58.31725216199217,10139.601107726921,2.892352452202836,0.38403990024928913,2.484621778886222,0.6752238994460882,0.952286282306161,2.926849542809606,-0.40149625935164984,16,2.0802771444347092,0.5473620706510474,29.627174787832534,0,6,1,1,0,4.25,2022
2022-10-04 17:00:00,2022-10-05 12:45:00,long,1714.15,1706.1342857142859,stop,-21.215276600376775,10118.385831126545,-1.0461593298877208,0.0723578684726911,3.183746212796309,1.5314691875755124,0.5585585585585786,1.9386918552842698,1.4271965781500775,19,2.3669286621763503,0.9230925583055605,29.627174787832534,0,17,1,1,0,6.75,2022
2022-10-05 20:15:00,2022-10-07 15:30:00,long,1711.61,1704.8342857142857,stop,-24.542075500160994,10093.843755626383,-1.212746573898367,0.07674467636516694,1.4079696394686834,1.253378932637161,0.5555555555555054,0.7438330170777925,0.4545646215475324,26,1.1690292882262068,0.8277881192796821,29.163266207105792,1,20,2,1,1,7.5,2022
2022-10-10 10:30:00,2022-10-10 17:45:00,short,1684.07,1668.3757142857144,target,59.13526049514118,10152.979016121524,2.929273620972127,0.23702894593123103,1.773894046968826,1.0172080943320214,0.9621212121212469,1.513926815947588,1.609503003823066,5,0.7395909941652556,0.06292347996120773,26.952451023363363,1,10,0,0,2,67.0,2022
2022-10-11 05:00:00,2022-10-11 05:45:00,short,1662.47,1666.81,stop,-22.037111136374072,10130.94190498515,-1.0852534562211835,2.188940092165907,2.9262672811059605,0.8677474235177952,0.9667673716012037,3.050691244239593,2.709677419354795,10,1.1508701543161641,0.48928315142379164,25.605573707782575,1,5,1,0,0,11.25,2022
2022-10-11 12:30:00,2022-10-11 14:00:00,short,1662.74,1668.3971428571429,stop,-21.587092877339817,10109.35481210781,-1.0654040404040526,0.2686868686868692,2.2414141414141433,1.1136812649844123,0.9243027888445995,0.8873737373737464,0.7777777777778045,12,1.3536713935244924,0.5670630864332837,25.605573707782575,1,12,1,0,1,6.75,2022
2022-10-12 02:15:00,2022-10-12 07:00:00,short,1665.07,1667.9714285714285,stop,-22.797067966249987,10086.557744141559,-1.1275233874938442,0.048252092565351234,1.5785327424913451,0.5760061259144912,0.41836734693885125,0.67552929591335,9.085179714426358,15,1.148143485525219,0.45212969191126273,24.560735817969775,1,2,2,0,2,12.25,2022
2022-10-13 09:15:00,2022-10-13 10:30:00,short,1667.89,1670.0957142857144,stop,-23.55707721850746,10063.000666923052,-1.167746113989671,0.9248704663212509,1.93134715025901,0.45710676679856416,0.9787234042552188,1.7046632124353762,2.194300518134632,23,0.5438949725509484,0.22518465599753457,23.59112922908449,1,9,3,0,3,26.25,2022
2022-10-13 16:30:00,2022-10-13 18:00:00,short,1643.8,1654.7814285714285,stop,-20.804111694905714,10042.196555228145,-1.0336932483413495,0.15116430336935274,6.877065174970717,2.2501102259830903,0.9333333333333524,1.0107974502406563,5.9591518147521745,25,1.3730708078275966,0.24439312508232058,23.59112922908449,1,16,3,0,4,6.0,2022
2022-10-13 22:15:00,2022-10-14 09:00:00,short,1664.56,1670.8457142857142,stop,-21.266633523094196,10020.929921705052,-1.0588636363636204,0.11136363636367919,2.4022727272727002,1.2206131037902652,0.9625468164794359,0.8495454545454733,-1.7054545454545047,26,0.6519741936526363,0.2441982031664458,23.59112922908449,1,22,3,0,5,4.25,2022
2022-10-14 11:45:00,2022-10-14 19:00:00,short,1660.66,1644.1557142857143,target,58.77765906815741,10079.707580773209,2.932744741625558,0.14541677486362223,3.8753570501168837,1.0750914579177255,0.8831168831168882,0.8397818748376848,2.4866268501687583,30,0.7805244046986898,0.31473367692573806,23.501220523234668,1,12,4,0,6,2.75,2022
2022-10-17 07:00:00,2022-10-17 08:00:00,short,1648.74,1651.85,stop,-22.55780217433451,10057.149778598874,-1.1189710610932282,0.09646302250809817,2.360128617363271,0.6094628414653498,0.7722772277227522,1.2990353697749226,-0.9581993569132,34,1.1924995851958755,0.42293327685126725,23.505391639011414,1,7,0,0,0,60.0,2022
2022-10-18 05:00:00,2022-10-18 06:45:00,short,1649.43,1652.4628571428573,stop,-22.568187256357263,10034.581591342518,-1.1219971738106786,0.19783325482804542,2.4861045690061356,0.6133526259971797,0.862068965517253,1.3386716910032923,0.9561940650023945,3,0.6987050627130541,0.25251687599471273,23.50926290156428,1,5,1,0,1,21.0,2022
2022-10-18 11:45:00,2022-10-18 15:00:00,short,1649.9,1655.0028571428572,stop,-21.524346067432067,10013.057245275086,-1.0725083986562285,0.5212765957446586,2.4692049272116576,1.0213708944798938,0.9679999999999684,1.4697648376259973,3.7077267637177744,5,0.7667738825797874,0.20617934167393992,23.50926290156428,1,12,1,0,2,5.0,2022
2022-10-19 09:15:00,2022-10-19 10:45:00,short,1642.72,1645.7957142857142,stop,-22.435201184954565,9990.62204409013,-1.1202972596377188,1.1249419414770576,3.6414305620065632,0.6451951243266533,0.9283746556473831,2.3604273107292157,5.676730143985336,10,0.7988779991791974,0.24360578307918157,23.512855994155018,1,9,2,0,3,18.25,2022
2022-10-19 13:15:00,2022-10-20 17:15:00,short,1635.86,1641.9471428571426,stop,-22.735846862419535,9967.886197227712,-1.1378594226707204,1.0546819995306522,2.602206054916744,1.2675841604039715,0.9647058823529733,1.3963858249237449,2.2539310021122514,11,1.0605512174841334,0.2634382988275452,23.512855994155018,1,13,2,0,4,2.5,2022
2022-10-20 19:45:00,2022-10-21 10:00:00,short,1636.15,1617.357142857143,target,58.62981090054667,10026.51600812826,2.940935005701254,0.0063854047890477645,3.0426453819840185,1.2773038257215865,0.19548872180448174,0.4246294184721119,-1.136602052451591,19,0.6776271157155802,0.46445909782564243,24.27834144103348,1,20,3,0,5,2.5,2022
2022-10-21 15:00:00,2022-10-21 15:45:00,short,1621.96,1626.5814285714287,stop,-21.658514332240877,10004.857493796018,-1.0800618238021478,0.39381761978354374,2.237403400309094,1.0257609477587544,0.8828828828828884,0.9607418856259535,0.21205564142194602,23,1.3108729312353842,0.4403105068021218,25.182961527892445,1,15,4,0,0,5.0,2022
2022-10-21 22:00:00,2022-10-24 10:30:00,long,1654.78,1649.0214285714285,stop,-28.741883127180877,9976.115610668838,-1.4363964276854333,0.006946167204161314,2.1255271644752574,1.2306017156987612,0.8906249999999852,0.6668320516001178,4.410816174646461,1,0.5843713655851134,-0.33070763628122446,25.182961527892445,0,22,4,1,1,6.25,2022
2022-10-26 18:00:00,2022-10-26 20:15:00,long,1671.77,1664.2614285714285,stop,-20.935417653287054,9955.18019301555,-1.0492770167427652,0.24505327245054917,2.7248858447488304,1.5786183710361539,0.9794007490636472,1.422374429223766,0.38356164383562635,6,0.7174815572878415,0.2500559826287052,23.634576434350183,0,18,2,1,2,55.5,2022
2022-10-27 02:45:00,2022-10-27 05:00:00,long,1667.46,1665.39,stop,-23.469217073389427,9931.710975942162,-1.1787439613526625,1.3140096618359123,2.7439613526570104,0.4451778163807775,0.9634146341463719,1.5845410628018581,1.6231884057972128,8,0.7543319853514373,0.3131700347363875,22.301471202131054,0,3,3,1,3,6.5,2022
2022-10-27 08:00:00,2022-10-27 09:30:00,long,1666.67,1663.2942857142857,stop,-22.040580769293726,9909.670395172869,-1.109606432501066,0.3495556495980499,2.2928480744814936,0.7210506039905027,0.8609625668449334,1.1079136690648024,-2.316546762589809,10,0.6923173198758406,0.37317357758830383,22.301471202131054,0,8,3,1,4,3.0,2022
2022-10-31 03:45:00,2022-10-31 06:45:00,short,1642.14,1644.6200000000001,stop,-22.776258569550226,9886.894136603318,-1.1491935483870808,0.24193548387092614,2.395161290322554,0.5477885129285355,0.9658119658118047,0.9435483870968137,2.0564516129031474,5,0.6676273174225417,0.17164363853889864,20.78904717662935,1,4,0,0,5,90.25,2022
2022-10-31 08:45:00,2022-10-31 10:00:00,short,1641.45,1644.1971428571428,stop,-22.437028607455307,9864.457107995862,-1.134685387415488,0.2620904836192779,2.744669786791521,0.6228108943325147,0.764705882352928,0.7425897035881471,-0.04368174726985206,6,0.5019902459108602,0.2391512618383662,20.78904717662935,1,9,0,0,6,2.0,2022
2022-10-31 11:00:00,2022-11-01 09:00:00,short,1638.69,1642.1857142857143,stop,-21.817099251522126,9842.64000874434,-1.105843890478158,0.9554556599917639,2.3686146301594992,0.8082459584605259,0.961403508771887,1.6305680425011433,3.432774826318032,6,0.5019902459108602,0.2391512618383662,20.78904717662935,1,11,0,0,7,1.0,2022
2022-11-03 02:00:00,2022-11-03 04:15:00,short,1632.08,1639.8471428571427,stop,-20.623019124446323,9822.016989619893,-1.0476365642817649,0.30384403163511114,2.0779841824535557,1.8183135646124895,0.9473684210526774,0.5381644289129858,8.283612286187306,2,0.7725289644168575,-0.017361548750494116,18.676572627786676,1,2,3,0,8,41.0,2022
2022-11-03 09:00:00,2022-11-03 11:00:00,short,1634.72,1626.8814285714286,target,56.15036065799172,9878.167350277885,2.8583925642427905,1.0256971022416141,2.135593220338986,0.6113789523018192,0.8164794007490652,2.0437397484965314,2.3193001640240696,4,0.5353782740505123,0.07930181101145628,18.676572627786676,1,9,3,0,9,4.75,2022
2022-11-03 11:15:00,2022-11-03 17:45:00,short,1625.33,1629.6785714285713,stop,-21.437310616272917,9856.730039661612,-1.085085413929025,0.602496714848957,4.971747700394147,1.0183745400789208,0.8308457711443186,1.848883048620211,6.130749014454679,4,0.5353782740505123,0.07930181101145628,18.676572627786676,1,11,3,0,0,0.25,2022
2022-11-04 15:45:00,2022-11-04 21:45:00,long,1659.62,1680.752857142857,target,58.10493384564639,9914.834973507259,2.9474751571689173,0.9056986412491872,3.705130805110499,1.62286469682364,0.8246628131021055,1.4735347799635066,3.3331981342526134,3,1.0124176364449526,-0.03736766791467838,18.268932764120546,0,16,4,1,1,22.0,2022
2022-11-07 11:00:00,2022-11-07 15:15:00,long,1678.59,1673.76,stop,-21.348712986433586,9893.486260520825,-1.076604554865411,1.0393374741200807,3.826086956521749,1.0886113309810987,0.9897172236503368,1.6107660455486983,2.6542443064181636,7,1.3122764723932983,0.55056786372365,17.940123431989484,1,11,0,1,0,61.25,2022
2022-11-07 16:00:00,2022-11-07 17:15:00,long,1679.97,1675.4514285714286,stop,-21.40721465918604,9872.07904586164,-1.0818842870692527,0.5532722099272863,2.314890926335774,1.003959657517397,0.6388888888888924,1.5934239645905441,0.20803035093267172,9,1.4401551240218928,0.6657850487586048,17.940123431989484,1,16,0,1,1,0.75,2022
2022-11-08 02:30:00,2022-11-08 03:00:00,long,1675.54,1673.402857142857,stop,-23.162431451186407,9848.916614410453,-1.1731283422460066,0.14037433155067625,2.7887700534759885,0.47868617284378073,0.820895522388042,1.254010695187105,-0.3181818181819584,11,1.1165495432586752,0.5721045138345371,17.64061891376306,0,2,1,1,2,9.25,2022
2022-11-08 11:45:00,2022-11-08 17:00:00,long,1671.5,1685.1114285714286,target,57.48715875250059,9906.403773162954,2.9184508816121046,0.008816120906792992,3.032745591939596,1.0114273885789826,0.945205479452106,0.6435768261964898,1.4061712846347851,14,0.737231013097496,0.4290545415074565,17.64061891376306,0,12,1,1,3,8.75,2022
2022-11-08 17:15:00,2022-11-10 15:30:00,long,1706.01,1731.0514285714285,target,56.016849449815744,9962.42062261277,2.8273049803183254,1.5094985452678353,6.99161389697077,1.8540782065291748,0.7656250000000017,2.606880027383173,8.134519938387848,15,0.7668237931187166,0.38134614697105107,17.64061891376306,0,17,1,1,0,0.25,2022
2022-11-10 16:00:00,2022-11-11 10:45:00,long,1738.8,1765.1314285714284,target,58.93459309073613,10021.355215703506,2.9578450520833255,0.3896484375000094,6.892903645833353,1.897709328319309,0.9211678832116831,1.560872395833317,7.416992187500011,27,2.55566125057438,0.7303342424229919,19.52173295372108,1,16,3,1,0,0.5,2022
2022-11-11 15:30:00,2022-11-11 16:30:00,long,1763.41,1756.9328571428573,stop,-21.187629267254614,10000.167586436251,-1.0571239523599318,0.13586237318043104,2.464049404499336,1.3158317966081259,0.8631840796020007,1.2412880458755968,0.4662549625055096,32,3.1820814905509907,1.306136261571056,21.285760506081317,1,15,4,1,0,4.75,2022
2022-11-11 19:15:00,2022-11-14 07:45:00,long,1764.84,1758.1971428571428,stop,-27.56654369056984,9972.601042745682,-1.3783040860215072,0.021075268817185237,2.3815053763441223,1.3354290155458965,0.773913043478242,0.34623655913974555,1.3578494623655952,33,3.0614303490199752,1.3436261156407614,21.285760506081317,1,19,4,1,1,2.75,2022
2022-11-14 10:00:00,2022-11-14 11:00:00,long,1765.57,1760.8542857142857,stop,-21.510124030399208,9951.090918715283,-1.07846107240228,0.8100575583155837,2.476825204483501,0.9806989572089437,0.8512195121950958,1.738867009996993,1.6116328385337255,37,1.9697846333997813,1.1645841464499318,23.23061866057049,1,10,0,1,2,2.25,2022
2022-11-14 14:30:00,2022-11-14 17:00:00,long,1758.86,1773.2299999999998,target,58.16921622631061,10009.260134941593,2.922755741127347,0.25887265135695015,2.0918580375783002,0.9857566783753156,0.8711340206185452,0.8100208768266564,-1.611691022964575,38,1.7790299351883765,1.0615177715752155,23.23061866057049,1,14,0,1,3,3.5,2022
2022-11-14 20:15:00,2022-11-15 02:15:00,long,1773.45,1767.6657142857143,stop,-21.299033174279035,9987.961101767314,-1.063966411459608,0.3388490985428525,2.046925166707831,1.1693081869983533,0.9058823529411977,1.1755989133119469,3.146455915040762,40,2.242905309327307,0.9419628694222082,23.23061866057049,1,20,0,1,0,3.25,2022
2022-11-15 07:00:00,2022-11-15 08:15:00,long,1772.71,1769.6542857142858,stop,-22.394699132339717,9965.566402634975,-1.1210846189807997,0.30107526881722674,1.6231884057971058,0.6254035470721697,0.8069498069498178,1.6951846657317378,2.9387564282374865,42,1.8757374503825222,0.8476366250768752,25.084916757938753,1,7,1,1,1,4.75,2022
2022-11-15 09:15:00,2022-11-15 11:45:00,long,1776.7,1773.1142857142859,stop,-21.987771608681737,9943.578631026294,-1.1031872509959892,1.7402390438247735,2.772111553784886,0.7322476441111104,0.9032258064516216,3.285258964143367,3.02868525896419,43,1.8423268394653136,0.8384121336613148,25.084916757938753,1,9,1,1,2,1.0,2022
2022-11-15 20:30:00,2022-11-17 03:45:00,long,1778.47,1770.0885714285714,stop,-23.30752120365399,9920.27110982264,-1.171988580194311,0.8375660473836681,1.6632009544912265,1.6183943980070064,0.5420918367346916,3.741605590591454,1.6918356911538899,46,1.5461039405353176,0.7981007663975248,25.084916757938753,1,20,1,1,3,8.75,2022
2022-11-21 04:30:00,2022-11-21 18:15:00,short,1744.19,1733.3514285714284,target,57.489716641186696,9977.760826463826,2.897587979438524,0.08303677342815562,4.7497034400949065,0.7995626486105639,0.7999999999999567,1.1625148279951856,3.100039541320579,3,0.6561237791984383,0.0692584407503638,29.778448564858348,0,4,0,0,4,96.75,2022
2022-11-21 18:45:00,2022-11-21 20:00:00,short,1732.91,1738.5657142857144,stop,-21.261023069474305,9956.499803394352,-1.0654205607476626,0.1308411214952873,4.6183379641322935,1.2734091934043241,0.7513227513227201,0.6683505935841871,2.6274311694871617,6,0.6558455173257531,0.2614432065510153,29.778448564858348,0,19,0,0,0,0.5,2022
2022-11-22 07:45:00,2022-11-22 09:45:00,short,1741.5,1744.1742857142858,stop,-22.66805671050618,9933.831746683845,-1.1383547008547232,0.0897435897435069,2.9914529914529506,0.6241521370834211,0.656716417910419,1.5032051282051009,1.518162393162352,10,0.5696201935342724,0.3116757292705663,29.182407636246893,0,8,1,0,1,11.75,2022
2022-11-22 21:30:00,2022-11-22 22:45:00,short,1737.21,1740.0714285714287,stop,-22.436672402395462,9911.39507428145,-1.129306040938602,0.013979031452807916,3.2990514228656873,0.678974419816703,0.9035087719297213,0.7968047928108458,3.7393909136294545,13,0.5938911225351003,0.21673646257130974,29.182407636246893,0,21,1,0,2,11.75,2022
2022-11-23 03:30:00,2022-11-23 04:45:00,short,1739.09,1741.0971428571427,stop,-23.476955734667897,9887.918118546782,-1.1843416370106663,0.35871886121010405,3.3181494661922164,0.5046733168201801,0.9296875000000624,1.2754448398576694,0.33879003558734566,14,0.5393498125791316,0.19462805238505965,28.628980829778463,0,3,2,0,3,4.75,2022
2022-11-23 11:00:00,2022-11-23 11:45:00,short,1736.03,1739.9642857142856,stop,-21.635655258664347,9866.282463288118,-1.0940450254175507,0.3405954974582828,4.554829339143127,1.027770132529716,0.9779614325069064,1.8453159041393912,-0.864197530864229,16,0.6599490740511662,0.2004230911471394,28.628980829778463,0,11,2,0,4,6.25,2022
2022-11-28 12:30:00,2022-11-28 13:45:00,long,1763.46,1758.66,stop,-21.253616806333316,9845.028846481786,-1.0770833333333414,0.2041666666666738,5.48750000000012,1.3599487995466617,0.8767123287670827,0.6083333333333584,4.883333333333424,1,0.5540629569445197,0.03714218052326412,26.102773579602303,1,12,0,1,5,120.75,2022
2022-11-30 14:00:00,2022-11-30 15:15:00,long,1763.22,1759.3742857142856,stop,-21.58445774589035,9823.444388735896,-1.0962109955423724,0.07280832095101765,2.480683506686462,1.0595400919029028,0.9750000000000227,1.0401188707280804,3.8380386329866734,3,0.5915772030455285,0.06475921458868328,23.897294440075083,1,14,2,1,6,48.25,2022
2022-12-01 01:00:00,2022-12-01 15:15:00,long,1770.11,1787.132857142857,target,57.65956255765049,9881.103951293546,2.934793554884177,0.05991943605231237,3.450654582074526,1.4490455904874369,0.7550200803212349,0.8776435045317297,6.735649546827793,6,0.878486000871165,0.13982285476024092,23.444450083819472,1,1,3,1,7,9.75,2022
2022-12-01 15:30:00,2022-12-01 16:45:00,long,1789.02,1803.3557142857142,target,57.756455741612044,9938.860407035158,2.922571001494781,0.2762331838565399,4.980568011958151,1.2449194477569412,0.6564102564102526,2.4484304932735346,4.796412556053886,9,1.1669715498592783,0.3386915044015115,23.444450083819472,1,15,3,1,0,0.25,2022
2022-12-01 21:45:00,2022-12-02 03:00:00,long,1803.24,1799.3828571428571,stop,-21.784509588457045,9917.0758974467,-1.095925925925925,0.2022222222222724,2.068888888888876,0.9564413297781726,0.9464285714286149,0.5807407407406793,3.541481481481414,11,2.180350718323128,0.5941208800834596,23.444450083819472,1,22,3,1,0,5.0,2022
2022-12-02 08:00:00,2022-12-02 15:30:00,long,1799.03,1796.162857142857,stop,-22.39371597769279,9894.682181469008,-1.1290483308420776,0.02790234180366212,2.253114100647778,0.7126587625380584,1.0,1.4160438465371215,1.0672645739910278,14,1.570197334734739,0.7348250151641755,24.302382382209974,1,8,4,1,1,5.0,2022
2022-12-02 18:15:00,2022-12-05 17:00:00,long,1790.52,1780.1671428571428,stop,-24.592972463109785,9870.089209005899,-1.242736856630326,0.10238719470125007,2.215813440044154,2.452078326990304,0.93661971830984,0.5486408168897737,-1.5473989236925554,16,0.763288518298128,0.7086323798004779,24.302382382209974,1,18,4,1,2,2.75,2022
2022-12-05 20:45:00,2022-12-06 03:00:00,short,1766.73,1771.8857142857144,stop,-21.156832951197295,9848.932376054701,-1.0717650318648022,0.4887780548628436,3.9839290662233577,1.174103996096067,0.7450980392156906,0.791354945968405,6.598503740648432,1,0.5905443071719877,-0.3813568430850456,25.111967885401572,0,21,0,0,3,3.75,2022
2022-12-08 16:45:00,2022-12-12 07:00:00,long,1792.43,1785.96,stop,-30.610938498612867,9818.32143755609,-1.5540231839258012,0.16383307573414768,2.309119010819152,1.5622695855018505,0.9754689754689972,2.1421947449767456,2.6986089644512945,7,0.565659996648811,0.1535996474163026,25.267328955754945,1,17,3,1,4,61.75,2022
2022-12-13 16:00:00,2022-12-13 17:45:00,long,1817.51,1809.047142857143,stop,-20.495165917761263,9797.826271638329,-1.0437204591492157,1.1367319378798022,6.1823092505064565,2.2183596346422054,0.9298737727910227,1.685010128291673,8.250168804861628,1,1.3091154492222172,0.049121202191582114,26.529837495062484,1,16,1,1,5,33.0,2022
2022-12-14 03:00:00,2022-12-14 06:30:00,long,1811.58,1809.1385714285714,stop,-22.565385725669096,9775.26088591266,-1.1515506143943834,0.13107080163826643,2.1544763019310533,0.6046908655058165,0.6951219512194885,1.3434757167933487,1.3270918665885654,3,1.1274972749424286,0.2342240670382134,27.449340793622056,1,3,2,1,6,9.25,2022
2022-12-14 08:30:00,2022-12-14 09:15:00,long,1812.3,1809.97,stop,-22.65511106606377,9752.605774846596,-1.1587982832618076,0.8497854077253563,2.6952789699570565,0.5779038583763342,0.9119496855345364,1.3648068669529572,1.510729613733945,5,0.9369673701344099,0.38181434002588777,27.449340793622056,1,8,2,1,7,2.0,2022
2022-12-14 16:30:00,2022-12-14 20:15:00,long,1811.44,1807.4785714285715,stop,-21.327010969588642,9731.278763877006,-1.0934006491164718,0.7169130905157233,2.8979444644789063,0.9811775841199997,0.8443877551020602,1.9790840245220989,1.6913090515687659,7,0.7771552183116055,0.4030060058583196,27.449340793622056,1,16,2,1,8,7.25,2022
2022-12-15 15:15:00,2022-12-15 15:30:00,short,1774.48,1779.2914285714285,stop,-20.95923282457333,9710.319531052433,-1.0769002375296786,0.5861045130641739,2.061757719714909,1.1216478365484588,0.9184100418409828,1.9869358669833848,2.2197149643705383,2,0.9726498920314356,-0.07442281811838036,28.303146546275087,0,15,3,0,9,19.0,2022
2022-12-15 23:00:00,2022-12-16 04:15:00,short,1776.49,1779.7385714285715,stop,-21.632576404710655,9688.686954647723,-1.113896218117863,0.20316622691288186,1.5268249780123084,0.7294072363356533,0.9108280254776526,0.966578715919176,1.089709762532959,4,0.8936364534617698,0.15657465558056582,28.303146546275087,0,23,3,0,10,7.5,2022
2022-12-16 09:45:00,2022-12-16 12:15:00,short,1777.26,1780.6971428571428,stop,-21.46330069338006,9667.223653954343,-1.107647547797175,0.3200332502077911,4.102244389027453,0.7856208954695852,0.6462882096070051,1.3325020781379828,1.274314214463887,7,0.609570461809451,0.3439491847613274,27.692858965060182,0,10,4,0,11,5.5,2022
2022-12-20 13:30:00,2022-12-20 14:45:00,long,1808.55,1803.4357142857143,stop,-20.733224361748764,9646.490429592594,-1.0723463687150712,0.21508379888266405,2.4832402234636546,1.1432449154741267,0.68686868686863,0.7743016759776618,5.666480446927385,1,0.9139154027414069,0.04620095241205657,26.78843151030337,1,13,1,1,12,97.25,2022
2022-12-20 16:30:00,2022-12-22 16:15:00,long,1808.46,1802.71,stop,-24.129680831067766,9622.360748761526,-1.2506973913043549,0.13565217391307904,3.4504347826086614,1.2713980838214576,0.9015873015873217,1.0956521739130813,1.210434782608709,2,0.7717863829566515,0.09414729126024923,26.78843151030337,1,16,1,1,13,1.75,2022
2022-12-22 20:00:00,2022-12-23 07:15:00,short,1790.18,1795.5057142857145,stop,-20.58173406937372,9601.779014692152,-1.0694742489270501,0.9163090128754611,1.922746781115902,1.3314999017804707,0.5155963302752151,2.046673819742483,6.692060085836809,1,0.6187891656104845,-0.18269245885405017,27.87593206882616,0,20,3,0,14,3.75,2022
2022-12-29 19:45:00,2022-12-30 12:30:00,long,1818.84,1813.3871428571429,stop,-20.50660270572976,9581.272411986423,-1.0678543358658643,0.0770238407125327,2.472098506680682,1.444218389001545,0.6041666666666252,0.8802724652868386,3.16531307309406,5,0.6900522128444245,0.10489453325426279,25.868919476051428,1,20,3,1,15,156.5,2022
2022-12-30 19:30:00,2023-01-03 04:45:00,long,1820.51,1839.0928571428572,target,46.39858886340538,9627.671000849828,2.421316651291509,0.11300738007377104,1.908210332103342,1.623051878423963,0.5217391304347612,0.5940959409594548,-0.28090405904062776,10,0.6648389699219197,0.22685104431114933,26.051321398876464,1,19,4,1,16,7.0,2023
2023-01-03 05:00:00,2023-01-03 10:45:00,long,1840.87,1834.7114285714283,stop,-20.412181152347074,9607.258819697481,-1.0600788680120719,0.3604732080723356,4.215263279981392,1.6347851642582971,0.879310344827543,0.9417768499188292,4.793319415448784,13,0.8791413975862972,0.2699929719780503,26.427882374953082,1,5,1,1,0,0.25,2023
2023-01-03 15:15:00,2023-01-03 17:15:00,long,1838.83,1833.6842857142856,stop,-20.59612787498746,9586.662691822494,-1.0719044975014007,0.33037201554688317,2.794558578567485,1.2884196783272968,0.5623188405796897,1.3409217101609516,-0.9677956690727414,15,1.250642684769113,0.3930730279170236,26.427882374953082,1,15,1,1,1,4.5,2023
2023-01-03 20:15:00,2023-01-04 10:30:00,long,1840.09,1864.6299999999999,target,56.65272304678492,9643.31541486928,2.9547677261613776,0.1760391198044084,2.7432762836185445,1.9493636949735997,0.9621993127147339,0.7114914425428103,-0.2469437652811724,17,1.1169641199901166,0.45594486648785626,26.427882374953082,1,20,1,1,2,3.0,2023
2023-01-04 22:45:00,2023-01-05 09:45:00,long,1855.25,1849.3842857142856,stop,-20.503201064737002,9622.812213804542,-1.063078421821741,0.15002435460303878,2.6527033609352113,1.290986062920897,0.8945945945945688,1.2615684364345034,-1.121773015099843,23,1.1518043574934371,0.5821950127001152,27.507137163923414,1,23,2,1,0,12.25,2023
2023-01-06 15:45:00,2023-01-06 16:15:00,long,1851.82,1845.222857142857,stop,-20.325013064844075,9602.487200739697,-1.056084885231707,0.682113469034213,4.538328280640973,1.4180361008613294,0.8697394789578978,1.5127760935469907,4.97184928540489,4,0.8527247647364655,0.060855158187744784,29.471360547928132,1,16,4,1,1,30.0,2023
2023-01-06 17:00:00,2023-01-12 15:30:00,long,1858.65,1891.1057142857144,target,47.447457762310044,9649.934658502007,2.470581671728502,1.1147497689159187,3.3313085963290496,2.299019812462777,0.8251214434420564,2.6639376733130926,3.880364452660758,4,0.8527247647364655,0.060855158187744784,29.471360547928132,1,17,4,1,2,0.75,2023
2023-01-12 15:45:00,2023-01-12 16:00:00,long,1899.55,1891.162857142857,stop,-20.151285796837776,9629.78337270517,-1.0441151422244932,0.09538409129616908,5.8637370124340285,1.9514100233705576,0.7953394123606885,2.3536024527337487,3.650826094362104,28,1.535714286799655,0.3546141739700026,33.469570055824796,1,16,3,1,0,0.25,2023
2023-01-12 19:15:00,2023-01-16 04:45:00,long,1895.72,1927.4557142857143,target,51.252630506298814,9681.036003211468,2.661151789331533,0.3327481431465211,2.6771100607697673,2.34111795891188,0.7266666666666879,0.5671843349088457,1.6637407157326056,28,1.535714286799655,0.3546141739700026,33.469570055824796,1,19,3,1,1,3.25,2023
2023-01-16 13:30:00,2023-01-16 14:15:00,long,1918.91,1915.3328571428572,stop,-21.364778336160352,9659.671224875307,-1.1034345047923106,0.5646964856229785,3.555910543130938,0.8061134562839063,0.9403973509934314,0.8442492012779208,0.9001597444089855,39,1.3788259907096037,0.6759817712708394,36.559430806616795,1,13,0,1,0,8.75,2023
2023-01-16 21:15:00,2023-01-17 03:30:00,long,1915.45,1913.7085714285715,stop,-23.424108400927842,9636.247116474378,-1.2124692370795578,0.7005742411814523,2.365873666940086,0.3985231106216241,0.78873239436624,1.6308449548811568,-0.08039376538138823,41,1.0449825147975065,0.6231682342388467,36.559430806616795,1,21,0,1,1,7.0,2023
2023-01-17 07:00:00,2023-01-17 08:45:00,long,1912.74,1908.797142857143,stop,-21.081036264228775,9615.166080210149,-1.0938405797101285,0.20797101449279584,2.1507246376811713,0.9265443629972503,0.972677595628439,0.9282608695651836,-0.7456521739130598,43,0.8718214005274743,0.48753192620878405,38.280492665353286,1,7,1,1,2,3.5,2023
2023-01-17 16:00:00,2023-01-17 17:15:00,long,1915.93,1910.4242857142858,stop,-20.52266636632285,9594.643413843825,-1.067202906071608,0.5775817332641945,2.9423975090814434,1.2766503662419715,0.9189189189189322,1.3440581214322957,3.821484172288528,46,0.7337968893620695,0.33617873136473353,38.280492665353286,1,16,1,1,3,7.25,2023
2023-01-18 14:00:00,2023-01-18 17:45:00,long,1916.9,1913.0414285714287,stop,-21.02935542760257,9573.614058416222,-1.0958904109588865,0.11403184005925054,2.8611625323953764,0.8678841107481459,0.8888888888889871,0.9329877823028198,2.539800074046676,1,0.7043482215899846,0.1795724093637041,39.3435746574537,1,14,2,1,4,20.75,2023
2023-01-19 20:30:00,2023-01-23 16:00:00,long,1923.84,1918.0757142857142,stop,-31.05396157932043,9542.560096836902,-1.621851548946696,0.06939281288717256,2.1130111524163766,1.2084893758010258,0.533875338753387,1.280297397769517,2.761833952911913,4,0.7676968817126912,0.13519842170568452,39.79991832287867,1,20,3,1,5,26.75,2023
2023-01-24 01:15:00,2023-01-24 09:30:00,long,1932.26,1940.9299999999998,target,54.81193688840528,9597.372033725307,2.871972318339077,0.33910034602077105,4.865051903114218,0.6385925500166308,0.6979865771811794,1.0311418685121279,3.6539792387543444,17,0.6930548923210683,0.227114908146131,41.062391470735555,1,1,1,1,6,9.25,2023
2023-01-24 21:15:00,2023-01-25 05:00:00,long,1936.02,1931.7714285714285,stop,-20.866377797602116,9576.505655927705,-1.0870880968392886,0.023537323470052558,2.753866845998718,0.9139895099164054,0.35652173913047774,0.541358439811744,2.513786146603861,22,0.5776885286095321,0.28936484570525334,41.062391470735555,1,21,1,1,0,11.75,2023
2023-01-25 20:15:00,2023-01-26 11:45:00,long,1941.28,1934.3128571428572,stop,-20.170159134239913,9556.335496793465,-1.05310641787983,0.2554849292597532,3.312692228829239,1.5049004922992302,0.6519823788546388,0.6516301004715933,3.8437564076275867,1,0.6029502703219131,0.14932975159767103,41.19971108662483,1,20,2,1,1,15.25,2023
2023-01-31 08:00:00,2023-01-31 12:00:00,short,1913.53,1902.327142857143,target,55.4442938578311,9611.779790651295,2.9009181331293195,1.8156082631982418,3.711553175210368,0.8455185937673627,0.7076350093109929,2.8760520275439743,6.239479724560194,4,0.5271567531376646,0.0971093669881129,41.65949056630646,0,8,1,0,2,116.25,2023
2023-02-02 01:00:00,2023-02-02 15:45:00,long,1955.76,1944.26,stop,-19.84205671565749,9591.937733935638,-1.0321739130434753,0.2278260869565116,5.763478260869567,2.5001132297658524,0.9020100502512316,0.6921739130434795,5.097391304347802,1,1.1426145349346022,0.08974114896445062,39.43256236257725,1,1,3,1,0,37.0,2023
2023-02-02 19:45:00,2023-02-03 16:15:00,short,1912.14,1878.9857142857143,target,56.909353427117054,9648.847087362756,2.966520165460184,0.3583247156152656,2.423216132368156,2.268926664141088,0.8871473354231595,0.5773009307135544,5.816442605997882,1,1.0290063749721734,-0.2971063561359122,39.43256236257725,0,20,3,0,1,4.0,2023
2023-02-03 18:15:00,2023-02-07 19:45:00,short,1866.12,1881.7685714285712,stop,-22.068282131995023,9626.77880523076,-1.1435709329925123,0.37575314953442457,2.687785283914555,3.1259984411387136,0.937735849056617,0.6773781267116993,6.302172722293264,6,2.036611568425013,0.4157960398997407,38.273773121602275,0,18,4,0,0,2.0,2023
2023-02-07 20:30:00,2023-02-08 09:15:00,short,1868.86,1878.9585714285713,stop,-19.958985736237253,9606.819819494523,-1.036638845664161,0.26736454944124816,2.7964351393407507,1.8874018021185148,0.6666666666666972,0.9862781157165083,0.27528646201727713,19,0.7339224474007287,0.5381752237341497,34.68459151554847,0,20,1,0,1,0.75,2023
2023-02-09 03:00:00,2023-02-09 03:30:00,short,1872.68,1874.922857142857,stop,-22.38327828006988,9584.436541214454,-1.1649681528662004,0.9006369426751616,2.1490445859871565,0.4074680854515025,0.7625418060200555,2.6662420382165997,2.042038216560501,26,0.6551726074603977,0.26217601024420834,31.209856091102267,0,3,3,0,2,17.75,2023
2023-02-09 21:30:00,2023-02-10 10:00:00,short,1862.41,1870.1128571428571,stop,-20.08963312106916,9564.346908093385,-1.0480341246290719,0.13241839762611077,3.1287091988130538,1.433416704142911,0.5925324675324594,1.5994065281898777,2.7548219584569553,1,0.9160784835411169,0.17580051492329662,31.209856091102267,0,21,3,0,3,18.0,2023
2023-02-10 16:45:00,2023-02-14 15:30:00,short,1861.52,1867.7342857142858,stop,-24.600190639554242,9539.74671745383,-1.28603609195404,0.06114942528737421,2.2078160919540024,1.1700710616433472,0.8090523338048202,2.275402298850566,0.4602298850574942,6,0.6522628430076682,0.39957716408596244,30.063133472073527,0,17,4,0,4,6.75,2023
2023-02-15 08:00:00,2023-02-15 10:00:00,short,1844.95,1834.6171428571429,target,55.18887897762209,9594.935596431453,2.892575694732494,0.08710078805467021,3.8730817088345666,0.7056266973319447,0.7999999999999545,1.1613438407299923,7.839070924927448,22,0.9772706171319697,0.23978820286622016,28.330148831124284,1,8,2,0,5,16.5,2023
2023-02-15 17:30:00,2023-02-15 18:45:00,short,1830.94,1837.3542857142857,stop,-20.296814765012172,9574.638781666441,-1.057683741648092,0.24008908685968325,2.2293986636970686,1.2850263897865613,0.8860759493670513,0.9853006681514761,1.2253897550110884,24,1.4108636759293456,0.3926970796628737,28.330148831124284,1,17,2,0,0,7.5,2023
2023-02-16 02:45:00,2023-02-16 03:15:00,short,1835.29,1837.7271428571428,stop,-22.056465657649003,9552.582316008791,-1.1518171160609638,0.17233294255571852,2.5275498241500407,0.5004898674149146,0.9333333333334007,0.7385697538101689,0.12309495896842368,26,1.1968381910576147,0.45592416114378365,28.573507266353786,1,3,3,0,1,8.0,2023
2023-02-16 07:15:00,2023-02-16 09:45:00,short,1837.98,1840.7914285714285,stop,-21.619513026169663,9530.962802982622,-1.131605691056877,0.8892276422764303,2.3333333333333335,0.5807590370112097,0.797979797979815,2.1128048780486557,0.25609756097554076,27,0.8239861330337797,0.48755065333684344,28.573507266353786,1,7,3,0,2,4.0,2023
2023-02-16 15:30:00,2023-02-16 18:45:00,short,1835.05,1839.6285714285714,stop,-20.602343307040126,9510.360459675581,-1.080811232449298,0.0960998439937718,2.188455538221528,0.9268486062929765,0.3936464088397974,3.162558502340102,0.46302652106081926,29,0.9998921560052572,0.45787896435860453,28.573507266353786,1,15,3,0,3,5.75,2023
2023-02-16 22:15:00,2023-02-17 09:00:00,short,1838.65,1822.3214285714287,target,55.769153120753884,9566.129612796336,2.9320209973753344,0.2976377952755712,2.109186351706045,1.0753567028980142,0.9324675324675332,1.4146981627296287,-0.7018372703412391,31,0.510453548872796,0.3883093645285163,28.573507266353786,1,22,3,0,4,3.5,2023
2023-02-17 10:00:00,2023-02-17 11:45:00,short,1821.24,1825.7157142857143,stop,-20.71389189058771,9545.415720905748,-1.0826683689754388,0.23683370571336554,2.6051707628471226,0.9227682310602058,0.6587677725118376,1.885732524736718,2.882221512926976,34,1.1178646101107055,0.3902773093679701,28.913221759462047,1,10,4,0,0,1.0,2023
2023-02-23 15:30:00,2023-02-23 15:45:00,short,1819.96,1824.8400000000001,stop,-20.538292022440892,9524.877428883308,-1.0758196721311604,1.5942622950819005,1.8647540983607134,1.1851277911050462,0.688264058679706,3.352459016393345,2.3893442622950305,17,0.5881725053360732,0.2016049389768182,31.129343236831303,1,15,3,0,1,147.75,2023
2023-02-23 23:45:00,2023-02-24 02:30:00,short,1821.99,1824.4442857142858,stop,-21.92163291839607,9502.955795964912,-1.1507566938300302,0.06519208381833222,1.646100116414371,0.5809819711284591,0.7611940298506501,0.5459837019790882,-0.635622817229295,20,0.6838186159698018,0.25430942768793763,31.129343236831303,1,0,3,0,2,8.0,2023
2023-02-24 13:30:00,2023-02-28 17:00:00,short,1817.86,1822.5314285714285,stop,-28.146627499804573,9474.809168465108,-1.480940672782884,1.250152905198815,1.9993883792049354,1.1846368540102548,0.8528610354223561,1.5712538226300095,1.9266055045871668,23,0.605472940132017,0.24457854530853806,32.050316556312566,1,13,4,0,3,11.0,2023
2023-03-01 16:45:00,2023-03-01 17:00:00,long,1842.31,1836.4085714285713,stop,-20.137696562363505,9454.671471902744,-1.0626966836117162,0.1287823771483496,2.762043088840494,1.4735119638131775,0.5460385438971981,1.5826676349552347,2.5417574437182173,6,0.6801641469724649,0.1735767436821467,34.367331342548,0,17,2,1,4,23.75,2023
2023-03-03 12:30:00,2023-03-03 16:15:00,long,1847.68,1844.2914285714287,stop,-20.9740646227453,9433.697407279999,-1.1091905564924027,0.2065767284992391,2.744519392917312,0.8781749732164889,0.953974895397529,1.4106239460370362,2.6500843170320683,17,0.8085681122338552,0.19116490418624732,32.30046482284606,0,12,4,1,5,43.5,2023
2023-03-03 18:45:00,2023-03-07 13:15:00,long,1847.71,1842.42,stop,-31.652034272902554,9402.045373007097,-1.6776049149338113,0.1739130434782726,3.119092627599208,1.361491954479072,0.7772925764192145,0.8657844990547966,0.7485822306238167,18,0.8116698453183653,0.23047995780809405,32.30046482284606,0,19,4,1,6,2.5,2023
2023-03-07 20:00:00,2023-03-08 17:15:00,short,1815.52,1823.14,stop,-19.717150270427027,9382.328222736669,-1.048556430446198,0.015748031496048493,2.7165354330708715,2.0053558239298517,0.7383720930232336,0.9028871391076158,4.616797900262394,2,1.2120530554571682,0.013680539556071292,28.01059585592515,0,20,1,0,7,6.75,2023
2023-03-09 03:30:00,2023-03-09 07:00:00,short,1813.23,1815.2742857142857,stop,-22.16091501946224,9360.167307717207,-1.1809923130678044,0.2935010482179906,2.837176799441095,0.5822186320472709,0.9883040935672623,1.6729559748428358,1.3305380852549946,9,0.8871815790436974,0.4281180228893344,27.569588648190397,1,3,3,0,8,10.25,2023
2023-03-09 15:00:00,2023-03-09 15:30:00,short,1816.57,1819.0485714285712,stop,-21.51489753497148,9338.652410182236,-1.1492795389048776,0.4680115273776611,2.549855907780943,0.7100737016939896,0.953020134228231,1.202305475504368,-0.14524495677220678,12,0.5428504638217029,0.329850926473485,27.569588648190397,1,15,3,0,9,8.0,2023
2023-03-10 16:00:00,2023-03-10 17:15:00,long,1845.05,1863.8985714285714,target,54.93200042096727,9393.584410603204,2.941109595270573,0.04138244656658353,4.189176898590293,1.75981593557745,0.7040110650069026,2.301500682128245,3.7721691678035163,6,0.7396931528515249,0.11338920942847164,26.667007355912734,0,16,4,1,10,24.5,2023
2023-03-10 17:30:00,2023-03-10 18:15:00,long,1866.62,1857.0971428571427,stop,-19.51712332536082,9374.067287277843,-1.0388538853885458,0.4494449444944222,6.87188718871887,2.620596343574882,0.9618055555555128,0.6048604860486271,6.535853585358505,6,0.7396931528515249,0.11338920942847164,26.667007355912734,0,17,4,1,0,0.25,2023
2023-03-10 22:30:00,2023-03-13 01:00:00,long,1867.66,1882.107142857143,target,46.46092522945591,9420.528212507299,2.4781625630376607,0.7184811628596923,2.1346781370513592,1.2583278442985713,0.8917910447761356,1.1130228418867056,3.214476416493622,7,1.7758495960563054,0.2294892073157362,26.667007355912734,0,22,4,1,1,4.25,2023
2023-03-13 05:30:00,2023-03-13 08:30:00,long,1886.76,1878.922857142857,stop,-19.730563099108675,9400.79764940819,-1.0472110827561192,1.1841049945315674,2.5519504192490126,1.9244578948099125,0.982206405693966,1.4341961356179174,1.319358366751758,9,2.17153076749646,0.4832935994449672,25.485174884149043,1,5,0,1,0,4.5,2023
2023-03-13 11:45:00,2023-03-13 16:30:00,long,1885.44,1906.4057142857143,target,55.4093621060988,9456.207011514289,2.9470564186426764,0.9014717906786837,3.085036794766954,1.6544318914405922,0.88850771869642,1.6684382665576218,1.1189697465249604,11,2.297941402721595,0.7797037502611293,25.485174884149043,1,12,0,1,1,3.25,2023
2023-03-13 17:45:00,2023-03-14 16:45:00,long,1910.64,1897.8914285714288,stop,-19.461306361885995,9436.745705152403,-1.0290228597041637,0.14276109367997805,3.2693859255939155,2.809825520718862,0.41902313624680393,0.6102644554011857,4.154190945764265,12,2.8180954219692382,0.9297561919094699,25.485174884149043,1,18,0,1,0,1.25,2023
2023-03-14 20:00:00,2023-03-14 22:45:00,long,1909.44,1902.6000000000001,stop,-19.89442588717775,9416.851279265225,-1.0540935672514475,0.10233918128658936,2.3274853801168978,1.3126416811025063,0.7590361445783743,0.48538011695902067,0.14619883040935638,19,2.064044530366146,1.0465207313270053,25.880229301318735,1,20,1,1,1,3.25,2023
2023-03-15 13:00:00,2023-03-15 19:15:00,long,1905.18,1930.7142857142856,target,55.68238848078426,9472.533667746009,2.956529036589448,1.3628734474655888,3.2192010741859955,1.6486467945573102,0.8727097396335631,2.436723732796227,1.3628734474655888,23,0.6077680890138801,0.6704682116622784,26.247065464487203,1,13,2,1,2,14.25,2023
2023-03-15 19:30:00,2023-03-15 20:15:00,long,1935.49,1923.6557142857143,stop,-19.537386558076868,9452.996281187932,-1.0312650893288295,0.14872042491551915,2.896668276195072,2.093372923115791,0.6750902527075873,0.9362626750362143,2.0736359246740808,24,2.5089630871609736,0.6876968866946997,26.247065464487203,1,19,2,1,0,0.25,2023
2023-03-16 03:15:00,2023-03-16 03:45:00,long,1923.32,1920.1328571428571,stop,-21.100816441199232,9431.895464746733,-1.1160914388166643,0.29493500672346024,3.313312415956961,0.5427640582013691,0.621301775147882,1.0605109816226277,3.1752577319587365,26,1.7202419705714733,0.7308426922701283,27.195668936162985,1,3,3,1,1,7.0,2023
2023-03-16 08:15:00,2023-03-16 14:45:00,long,1915.6,1927.03,target,54.75945608404157,9486.654920830773,2.9028871391076203,0.3832020997375413,2.593175853018275,0.6367247787782313,0.7933333333333192,2.3622047244094424,2.2257217847769017,28,1.2881663410090405,0.7159709412374093,27.195668936162985,1,8,3,1,2,4.5,2023
2023-03-16 15:00:00,2023-03-16 17:45:00,long,1927.08,1922.1342857142856,stop,-20.3927457887994,9466.262175041975,-1.074812247255935,0.02021952628536598,3.7891392258809864,0.7983013230080357,0.37339055793987896,0.9422299248988821,2.943963027151953,29,1.4783849621762377,0.7777901054629499,27.195668936162985,1,15,3,1,0,0.25,2023
2023-03-17 02:30:00,2023-03-17 03:30:00,long,1921.64,1919.2914285714287,stop,-21.915203064603897,9444.346971977371,-1.1575425790753955,0.7579075425791477,1.9501216545011522,0.3621034044933526,0.9603174603174961,1.072992700729901,2.120437956204351,32,1.2278836816223588,0.5874285207803975,28.07651484858393,1,2,4,1,1,8.75,2023
2023-03-17 04:45:00,2023-03-17 08:30:00,long,1922.75,1931.2399999999998,target,54.19653527382061,9498.543507251192,2.8692579505300317,0.2685512367492006,2.9469964664310617,0.4386307642133507,1.0,0.946996466431062,2.098939929328695,33,1.1332610935072147,0.5693744443119986,28.07651484858393,1,5,4,1,2,1.25,2023
2023-03-17 14:15:00,2023-03-17 16:15:00,long,1935.47,1950.8042857142857,target,55.61612254804732,9554.15962979924,2.9276131917272346,0.7942984907769653,2.105086640581388,0.7800528410585074,0.6978021978022122,2.1363890441586886,2.3515930687535067,35,1.3958395098685297,0.5865525804228167,28.07651484858393,1,14,4,1,0,5.75,2023
2023-03-17 17:00:00,2023-03-17 21:00:00,long,1952.71,1976.2685714285715,target,56.42463857045731,9610.584268369697,2.952883390940525,0.1553574677096928,4.663270875022743,1.190043103973169,0.6348195329087019,1.1995633982172231,5.429870838639261,36,2.0783785561395303,0.5975851086739814,28.07651484858393,1,17,4,1,0,0.75,2023
2023-03-17 21:15:00,2023-03-20 04:00:00,long,1980.24,1970.3385714285714,stop,-24.099573769655105,9586.484694600042,-1.2538037801183164,0.6605107488096946,4.387245707690112,1.4596495661696558,0.9792960662526065,0.9756167941133929,5.152791804934372,37,2.730630964374318,0.7183612547023932,28.07651484858393,1,21,4,1,0,0.25,2023
2023-03-20 08:15:00,2023-03-20 08:45:00,long,1975.63,1986.8328571428572,target,55.619214567063416,9642.103909167105,2.9009181331292946,0.06962509563892642,1.6013771996939683,0.5579124526724624,0.7245508982036817,0.8944146901299904,2.3779648048967506,40,2.7475183081025643,1.091548019401789,29.977065251995295,1,8,0,1,1,4.25,2023
2023-03-20 10:00:00,2023-03-20 12:45:00,long,1995.19,1986.6971428571428,stop,-20.124344037837897,9621.979565129266,-1.0435660218671228,0.4898233809924648,4.738099243061349,1.283084294357604,0.6407766990291281,2.4255677039529333,5.065433137089967,40,2.7475183081025643,1.091548019401789,29.977065251995295,1,10,0,1,0,1.25,2023
2023-03-20 21:15:00,2023-03-21 09:30:00,long,1981.79,1974.6485714285714,stop,-20.24099562050415,9601.738569508761,-1.0518103620724235,0.2436487297459197,2.8649729945989373,1.0130579741289212,0.9191919191918786,0.5545109021804436,4.080416083216643,43,2.1850718480131817,1.227261533907531,29.977065251995295,1,21,0,1,1,8.5,2023
2023-03-23 03:00:00,2023-03-23 19:15:00,long,1971.54,1989.5228571428572,target,56.425088095077946,9658.16365760384,2.9382745471877985,0.4571020019065384,1.8851286939942988,0.8620888173030776,0.5987654320987806,1.0810295519542383,2.5324118207816535,2,1.2004204731212333,0.06992085721317931,32.93155261921253,1,3,3,1,2,41.5,2023
2023-03-23 19:30:00,2023-03-24 11:30:00,long,1992.95,1983.577142857143,stop,-20.07885265808809,9638.084804945753,-1.0394756896814474,0.0021338210638602714,3.266880048773035,1.352174794164832,0.28431372549021866,0.6529492455418737,5.409236396890737,6,1.0257947399660925,0.4676323255839998,32.93155261921253,1,19,3,1,0,0.25,2023
2023-03-24 12:45:00,2023-03-24 17:00:00,long,1994.37,1987.4442857142856,stop,-20.305981476426737,9617.778823469325,-1.0534240924092504,0.39851485148511606,3.4047029702970337,1.0029138737194938,0.902748414376314,1.365924092409252,1.1349009900989675,11,1.1277539248675004,0.652838556959523,33.76712012971378,1,13,4,1,1,1.25,2023
2023-03-27 15:45:00,2023-03-27 17:15:00,short,1945.61,1954.4871428571428,stop,-20.03729717551237,9597.741526293812,-1.0416800772449306,0.5632442870936586,2.266495011264921,1.2886897033834441,0.7934272300469616,1.4396523978114137,5.11425812681043,1,1.0903197590266698,-0.07583072465526808,34.54300415150695,0,16,0,0,2,70.75,2023
2023-03-27 20:00:00,2023-03-28 03:45:00,short,1952.63,1959.9200000000003,stop,-20.16973939407714,9577.571786899734,-1.050754458161874,0.05486968449926328,1.7969821673525566,1.0833973199911024,0.9915966386554065,0.9794238683127852,-0.9931412894376009,2,0.5267807326167941,0.030869373057174077,34.54300415150695,0,20,0,0,3,2.75,2023
2023-03-28 11:45:00,2023-03-28 13:15:00,short,1950.17,1956.1928571428573,stop,-20.331894566592386,9557.239892333142,-1.0614326375711685,0.28225806451609825,2.025616698292186,0.9565147108661477,0.8840579710144679,1.1456356736243012,2.5037950664136455,6,0.6917358776317707,0.23504383520470684,33.860563021493455,0,12,1,0,4,8.0,2023
2023-03-31 04:00:00,2023-03-31 08:15:00,long,1981.33,1979.042857142857,stop,-22.20670355995009,9535.033188773192,-1.1617738913179527,0.7870081199249168,2.474703310431082,0.43723607265875547,0.9869565217391421,2.011242973141719,0.13116801998738672,5,0.5918466325758465,0.1610912005499232,32.36628739296192,1,4,4,1,5,62.75,2023
2023-04-04 16:00:00,2023-04-04 17:00:00,long,1985.7,1999.654285714286,target,55.693262034425004,9590.726450807617,2.9204545454545334,0.0472972972973508,3.065724815724684,0.9929238420399547,0.8447653429602775,1.1910319410319996,1.3501228501228577,7,0.5021558509028522,0.22826000937905544,31.205554245247434,1,16,1,1,6,103.75,2023
2023-04-04 17:15:00,2023-04-05 17:30:00,long,2021.57,2011.6885714285713,stop,-21.979657227268632,9568.746793580349,-1.1458807286395791,1.0261674136186,7.183171895330293,2.1039730856510457,0.652307692307682,1.9733988723434865,7.61630764782412,7,0.5021558509028522,0.22826000937905544,31.205554245247434,1,17,1,1,0,0.25,2023
2023-04-06 07:45:00,2023-04-06 16:00:00,long,2013.57,2010.1785714285713,stop,-21.225366729147225,9547.5214268512,-1.1090985678180594,0.619208087615823,2.6714406065712217,0.7083311836164727,0.8085106382978655,0.8315080033697697,-2.0345408593092476,17,0.8437150207673154,0.5989614389205533,31.4520428822436,1,8,3,1,1,14.25,2023
2023-04-06 19:15:00,2023-04-06 23:00:00,long,2014.1,2006.1,stop,-19.978188585686063,9527.543238265514,-1.0462499999999961,0.029999999999972594,3.2950000000000026,1.628131791453771,0.6920152091254224,0.6575000000000246,-0.6150000000000067,19,0.6947506391181028,0.4422786604412643,31.4520428822436,1,19,3,1,2,3.25,2023
2023-04-13 02:15:00,2023-04-13 10:30:00,long,2016.68,2024.24,target,54.36748879613485,9581.91072706165,2.853174603174639,0.3412698412698987,2.5000000000001226,0.5537523404917567,0.6935483870968718,0.9841269841270112,2.134920634920721,11,0.5391386192171336,0.2383757214070359,28.79857265307225,1,2,3,1,3,147.25,2023
2023-04-13 11:00:00,2023-04-13 15:45:00,long,2025.92,2039.4542857142856,target,55.919763996119336,9637.830491057768,2.9179860671310736,0.14186193793547605,4.579480683977212,0.9961366060356674,0.7623762376237513,0.8955034832172265,3.191893603546599,13,0.6439753953520931,0.23985940263253624,28.79857265307225,1,11,3,1,0,0.5,2023
2023-04-13 16:45:00,2023-04-13 17:30:00,long,2046.45,2038.7542857142857,stop,-20.202409857995804,9617.628081199773,-1.0480787080007337,0.17152403935401983,5.309448672730608,1.670149158292021,0.9283746556473853,1.8867644328939817,5.179506218674549,15,1.7468681141564497,0.33593247665968384,28.79857265307225,1,17,3,1,0,1.0,2023
2023-04-13 20:30:00,2023-04-13 22:00:00,long,2042.96,2036.7557142857142,stop,-20.38237367243013,9597.245707527343,-1.0596361961777734,0.2063090029933556,2.6916877734284865,1.3086038771495216,0.8818897637795438,0.8187888556297405,0.7478701358507767,16,1.4134034149187515,0.41815252893546706,28.79857265307225,1,20,3,1,1,3.0,2023
2023-04-14 03:30:00,2023-04-14 08:30:00,long,2043.04,2040.8771428571429,stop,-22.47809331498749,9574.767614212356,-1.1710700132100085,2.1268163804490854,1.9973579920740387,0.48518222040032977,0.9316239316239289,3.2457067371201815,3.0607661822984764,17,1.3077476871556506,0.4724289886035127,29.071988139534884,1,3,4,1,2,5.5,2023
2023-04-14 13:00:00,2023-04-14 14:00:00,long,2041.55,2036.1057142857142,stop,-20.450959952686933,9554.31665425967,-1.0679611650485616,0.8045132511152151,2.791918131723931,1.1975615121138774,0.8319783197831683,1.355549724481787,-0.5400157438992506,20,0.8698422866546155,0.5575842745227266,29.071988139534884,1,13,4,1,3,4.5,2023
2023-04-17 01:00:00,2023-04-17 08:30:00,short,2002.72,2006.6242857142856,stop,-20.919513669626262,9533.397140590043,-1.0947676545919987,0.3893157702158764,2.274423710208596,0.8109015271162797,0.33189655172412835,3.565312843029666,-1.6494694474936151,2,0.6048809561165629,-0.16236125892177267,28.34285303030774,0,1,0,0,4,59.0,2023
2023-04-17 11:30:00,2023-04-17 17:15:00,short,2008.88,1991.7114285714285,target,55.96765700259516,9589.364797592638,2.9353469795306983,0.08736894658012893,2.044433349974985,1.205500887725329,0.6960784313724857,0.7129306040938393,-1.506240639041483,4,0.5204381671734104,0.10165637652174153,28.34285303030774,0,11,0,0,5,3.0,2023
2023-04-17 17:30:00,2023-04-17 20:00:00,short,1987.11,1995.002857142857,stop,-20.077786783448268,9569.28701080919,-1.046877828054299,0.9223529411764997,5.0247963800905,1.635953470324895,0.7748776508972417,1.5533031674207909,5.339004524886941,6,0.6494054610021763,0.24321895310861485,28.34285303030774,0,17,0,0,0,0.25,2023
2023-04-18 01:15:00,2023-04-18 04:00:00,short,1994.17,1996.7,stop,-21.937495914107775,9547.349514895082,-1.1462450592885243,0.02371541501974123,1.920948616600837,0.5224105317884558,0.5208333333333136,0.37944664031621916,0.4268774703557016,8,0.8169871529975241,0.26766110959991485,27.198851916279576,0,1,1,0,1,5.25,2023
2023-04-18 08:00:00,2023-04-18 08:30:00,short,1996.55,1999.8314285714284,stop,-21.247736491137502,9526.101778403945,-1.1127557683935383,0.2681758815847113,2.8767958206356536,0.6837946085806688,0.952380952380996,1.6639094471049451,-0.07313887679575476,10,0.544625587877229,0.2743681288906119,27.198851916279576,0,8,1,0,2,4.0,2023
2023-04-19 12:30:00,2023-04-19 16:15:00,short,1975.35,1984.1799999999998,stop,-19.85054051218928,9506.251237891756,-1.0419026047565045,0.2672706681766851,4.283125707814292,1.7795532043150037,0.45824847250510525,1.1121177802944187,5.968289920724837,17,1.3114918873914052,0.14463397608309725,26.136565207319997,0,12,2,0,3,28.0,2023
2023-04-21 15:00:00,2023-04-21 15:30:00,short,1983.44,1989.1771428571428,stop,-20.23865739142771,9486.012580500328,-1.064492031872499,0.4287848605577768,2.6912350597609755,1.1456582566462725,0.8664122137404495,1.8266932270916434,1.4118525896414236,2,0.6640467951332901,0.009412806241326788,22.693898208157883,0,15,4,0,4,46.75,2023
2023-04-21 16:45:00,2023-04-21 17:15:00,short,1973.82,1984.2985714285714,stop,-19.641930343918112,9466.37065015641,-1.0353101567825522,1.5784594410361168,3.027130197682354,2.07752236221988,0.9406071271447467,4.338377641445108,2.3400136332651535,3,0.5904289878455234,0.0663283256503,22.693898208157883,0,17,4,0,5,1.25,2023
2023-04-24 04:45:00,2023-04-24 05:30:00,short,1979.41,1982.77,stop,-21.017596741120734,9445.353053415289,-1.1101190476190295,1.1428571428570629,2.37500000000003,0.6921735633057677,0.9114285714285221,2.0833333333333552,1.916666666666703,6,0.6726381763527111,0.26596831757549344,21.63682805207733,0,5,0,0,6,59.5,2023
2023-04-24 08:00:00,2023-04-24 10:15:00,short,1977.85,1981.5828571428572,stop,-20.763148847614904,9424.589904567674,-1.0991197856869563,0.16609261385389687,2.6681974741675756,0.7696645726877966,0.600000000000014,1.7412935323382708,2.8235744355146633,7,0.8338199674744865,0.31651932043960107,21.63682805207733,0,8,0,0,7,2.5,2023
2023-04-24 15:00:00,2023-04-24 17:30:00,short,1981.81,1985.9,stop,-20.554362334656417,9404.035542233018,-1.0904645476772756,0.38141809290951456,2.097799511002497,0.8419468734855872,0.7698744769874764,1.1687041564792435,0.05378973105140595,8,0.5181892040845142,0.3066130356426555,21.63682805207733,0,15,0,0,8,4.75,2023
2023-05-01 11:45:00,2023-05-01 12:15:00,short,1977.29,1980.2542857142857,stop,-21.155680921033536,9382.879861311983,-1.1248192771084558,0.5262650602409454,2.3884337349397344,0.6136386740229377,0.8819444444443983,0.9715662650602778,4.608192771084288,4,0.5978750533617803,0.10829837335015746,15.898157245779833,0,12,0,0,9,162.25,2023
2023-05-02 22:45:00,2023-05-03 10:30:00,long,2018.14,2013.8657142857144,stop,-20.390202158506185,9362.489659153478,-1.0865641711229943,0.5661764705882509,2.718582887700609,0.8711375631367922,0.9190476190476892,0.98262032085557,1.7640374331551738,1,1.2745938518414757,-0.007396761827327403,15.091746270634289,1,23,1,1,10,34.5,2023
2023-05-03 16:15:00,2023-05-03 16:45:00,long,2018.73,2013.68,stop,-20.096908496083785,9342.392750657395,-1.073267326732667,0.6970297029702952,3.596039603960376,1.084614366793718,1.0,1.6435643564356837,0.7999999999999948,6,0.8378698804073855,0.4610295853102686,14.91322160621559,1,16,2,1,11,5.75,2023
2023-05-03 20:15:00,2023-05-03 21:00:00,long,2027.92,2021.5785714285714,stop,-19.774976860819287,9322.617773796575,-1.0583464744311772,0.3563865735526319,2.7911691822481903,1.336161107899014,0.9399038461538474,1.3120072088308272,2.8984005406622924,7,1.2600042883707359,0.4599917408788956,14.91322160621559,1,20,2,1,12,3.5,2023
2023-05-03 23:45:00,2023-05-04 01:00:00,long,2038.96,2074.8957142857143,target,55.359783445781446,9377.977557242357,2.9691115086463813,0.5125819916517462,3.158974358974357,2.509974917712394,0.9474313022700062,1.3974955277280996,2.4927847346451997,8,1.8550777296005991,0.5037532588632931,14.91322160621559,1,0,2,1,13,2.75,2023
2023-05-04 13:00:00,2023-05-04 15:30:00,long,2039.36,2033.7471428571428,stop,-19.992349203222698,9357.985208039134,-1.0659200814456604,0.3135657928225593,2.9111733265462236,1.0874682135587532,0.64225352112672,1.2649529142276048,-0.43827946042250626,11,1.2561730481926967,0.6659151724597745,15.492673049328506,1,13,3,1,0,12.0,2023
2023-05-04 17:15:00,2023-05-04 18:15:00,long,2054.77,2045.197142857143,stop,-19.43936040828287,9338.54584763085,-1.0386509476197485,1.5815549917922729,3.175645426055855,1.8359815812771327,0.9032749428789038,2.7431726607968994,3.2257871959409488,12,1.2862369362515245,0.6977435883336547,15.492673049328506,1,17,3,1,1,1.75,2023
2023-05-05 04:15:00,2023-05-05 05:00:00,long,2050.64,2048.43,stop,-21.80402559899389,9316.741822031856,-1.1674208144796696,0.45248868778281126,1.7466063348415033,0.4243105439364441,0.8083333333332892,1.0859728506785824,0.0,15,1.5191021451073794,0.6586120566881348,17.11767276230738,1,4,4,1,2,10.0,2023
2023-05-05 16:45:00,2023-05-05 18:45:00,short,2003.86,2014.9471428571428,stop,-19.25532003934955,9297.486501992506,-1.0333719881458636,0.10282180131429329,6.1981703388738465,2.0891662021308455,0.4265873015873227,0.9091611905682204,6.111583558819768,1,0.5015579592385284,-0.48003313623221633,17.11767276230738,0,17,4,0,3,11.75,2023
2023-05-10 01:30:00,2023-05-10 04:30:00,long,2036.06,2034.192857142857,stop,-22.279822283276193,9275.206679709228,-1.1981637337414524,0.5034429992349383,1.9816373374139062,0.3668244217498385,0.6063829787233014,1.0068859984698766,-0.8462127008416166,5,0.5351017577232494,0.10831963075246254,17.565653349126784,1,1,2,1,4,102.75,2023
2023-05-12 09:00:00,2023-05-12 09:45:00,short,2008.37,2011.5671428571427,stop,-20.697221697259614,9254.50945801197,-1.1157283288650373,0.012511170688245183,2.377122430741694,0.7465344979634769,0.8823529411764874,1.4888293118856732,2.314566577301179,4,0.6282077648451102,0.1347221470557769,18.22999543834663,0,9,4,0,5,52.5,2023
2023-05-12 12:30:00,2023-05-12 15:15:00,short,2003.0,2008.0057142857142,stop,-19.877122768549693,9234.63233524342,-1.0739155251141559,0.8909817351598314,2.9326484018264733,1.1606035701642996,0.6684587813620191,2.2294520547945083,2.8727168949772124,5,0.8358541075499089,0.17665879699669818,18.22999543834663,0,12,4,0,6,2.75,2023
2023-05-16 19:45:00,2023-05-18 16:00:00,short,1987.53,1965.7542857142857,target,53.27254563840932,9287.904880881828,2.884389096634516,0.5951584333792792,4.805353276914014,1.6982803282250125,0.9656160458453036,0.9616217280063015,6.747884274749075,6,1.446011792076759,0.18526815244639394,17.41268832940532,0,20,1,0,7,100.5,2023
2023-05-18 16:15:00,2023-05-19 09:15:00,short,1959.96,1965.7014285714286,stop,-19.772907230859325,9268.131973650969,-1.064443891515285,1.3480965414281685,4.789748693704868,1.3837863893814537,0.9317343173431525,1.8880318487185987,5.448121423239529,17,1.5888967546910076,0.5004145088724821,15.623975461518997,0,16,3,0,0,0.25,2023
2023-05-19 13:15:00,2023-05-19 18:15:00,short,1963.98,1968.0728571428572,stop,-20.21196808773865,9247.92000556323,-1.0904013961605579,0.16614310645720207,1.8959860383944627,1.034443851031664,0.803418803418781,1.1434554973821554,2.1891797556719044,22,1.1553397022413794,0.6534004258167414,15.843362614786965,1,13,4,0,1,4.0,2023
2023-05-22 23:45:00,2023-05-23 04:30:00,short,1971.33,1964.7599999999998,target,52.36265208629494,9300.282657649524,2.8310502283105485,0.25570776255705013,3.689497716895114,0.5365228385313049,0.878787878788004,0.602739726027466,2.8949771689498087,31,0.5357207792779899,0.14091011001412523,16.04707925571979,0,0,0,0,2,77.5,2023
2023-05-23 04:45:00,2023-05-23 05:45:00,short,1960.27,1963.8542857142857,stop,-20.520671499699656,9279.761986149824,-1.1032283778397483,0.8872060581904553,5.507373455559969,0.8929143385885752,1.0,1.4730968513352274,6.171383021123832,32,0.6923808618723725,0.17608253960553766,16.23624470681825,1,5,1,0,0,0.25,2023
2023-05-23 10:00:00,2023-05-23 15:15:00,short,1958.33,1962.3799999999999,stop,-20.255085421620546,9259.506900728204,-1.0913580246913417,0.5679012345679434,2.5086419753085942,0.9891612409873924,0.8854625550660824,2.2419753086419467,1.1407407407408205,33,0.8420258459614374,0.20694416227462487,16.23624470681825,1,10,1,0,1,4.25,2023
2023-05-24 23:30:00,2023-05-25 11:15:00,short,1957.85,1962.342857142857,stop,-20.0441090556936,9239.46279167251,-1.0823529411764492,0.07122416534184925,3.196184419713878,1.035540808717853,0.7307692307692912,0.5786963434022089,0.9170111287759168,1,0.8555896217071002,0.06088393510457202,16.929477517235718,1,23,2,0,2,32.25,2023
2023-05-25 15:15:00,2023-05-25 15:30:00,short,1959.79,1949.1614285714284,target,53.50692121532237,9292.969712887832,2.8955645161290082,0.08467741935488789,1.755645161290221,0.8070902444051709,0.5995203836930352,2.354032258064497,1.7612903225806666,5,0.5022781992210295,0.2454224430727403,17.14837315526736,1,15,3,0,3,4.0,2023
2023-05-25 21:00:00,2023-05-26 04:45:00,short,1942.37,1946.3557142857144,stop,-20.311300827667072,9272.658412060166,-1.0928315412186596,0.12043010752688293,2.152688172043047,0.8701675228425706,0.9047619047619891,1.159139784946177,3.1261648745518937,7,1.2764610508821685,0.37619149494225734,17.14837315526736,1,21,3,0,0,5.5,2023
2023-05-26 14:45:00,2023-05-26 17:30:00,short,1951.43,1943.2528571428572,target,53.118530630931645,9325.776942691096,2.8642557651991605,0.2054507337526013,1.7830188679245818,0.6055140495867734,0.7237569060773397,1.3280922431865478,3.4926624737945557,11,0.5389850735695126,0.44784827980001163,17.965313424727746,1,15,4,0,1,10.0,2023
2023-05-29 03:00:00,2023-05-29 04:00:00,short,1941.7,1944.7471428571428,stop,-20.916322969448196,9304.860619721649,-1.1214252226910153,0.12470698546651672,3.688701359587416,0.6857565398175918,0.9458333333332899,1.5752461322082394,2.868260665728989,14,0.6803621755846473,0.33394259798960046,18.792333336477444,1,3,0,0,0,57.5,2023
2023-05-29 11:00:00,2023-05-29 12:30:00,short,1942.57,1945.57,stop,-20.9049201923082,9283.95569952934,-1.1233333333333457,0.7866666666667176,3.406666666666637,0.6885739755925028,0.5239361702127745,2.5066666666666877,1.9000000000001114,16,0.6258799395357939,0.2974641851233861,18.792333336477444,1,11,0,0,1,7.0,2023
2023-05-29 19:45:00,2023-05-30 05:15:00,short,1943.49,1946.0471428571427,stop,-21.254553327748642,9262.701146201593,-1.1446927374301323,0.5083798882682379,3.1832402234637023,0.5984149525732334,0.7251908396947214,1.0245810055865705,4.192178770949728,19,0.6300588657088725,0.26177046539270776,18.792333336477444,1,20,0,0,2,7.25,2023
2023-05-30 08:00:00,2023-05-30 10:45:00,short,1937.43,1940.7285714285715,stop,-20.603392415284258,9242.09775378631,-1.1121697704634035,0.2546556951060112,5.153746210480695,0.8118715855200456,0.6079999999999928,1.5158077089649102,3.7288869640535967,22,0.7340296850260216,0.24392165651054842,19.560280394035075,1,8,1,0,3,2.75,2023
2023-06-01 16:30:00,2023-06-02 16:45:00,long,1973.12,1965.9457142857143,stop,-22.198175369437116,9219.899578416873,-1.2009273197928982,0.593787335722789,3.44285145360413,1.7705256137742713,0.983739837398352,1.714456391875779,4.045001991238564,1,0.5337283818591623,0.14311528087727066,18.648130457804797,0,16,3,1,4,53.75,2023
2023-06-02 19:45:00,2023-06-05 17:00:00,short,1952.23,1959.6357142857144,stop,-21.6974898937545,9198.202088523118,-1.1766662808642068,0.36458333333330933,3.672839506172882,1.838765170817642,0.9951456310679655,0.5563271604938133,5.04205246913583,1,0.5660253386137529,-0.2112884919712732,17.496685419701578,0,20,4,0,5,3.0,2023
2023-06-07 22:45:00,2023-06-08 02:30:00,short,1940.11,1943.5814285714284,stop,-20.35717318192466,9177.844915341193,-1.1065843621399087,0.6740740740741172,3.0246913580246972,0.8463464665542939,0.954773869346775,1.1465020576131761,4.0386831275720185,2,0.8654759302765572,0.014982618611258935,15.99832855410552,1,23,2,0,6,53.75,2023
2023-06-08 09:00:00,2023-06-08 09:45:00,short,1944.32,1946.71,stop,-21.197365662211077,9156.647549678983,-1.1548117154811963,1.0711297071129322,1.7907949790795552,0.6109639359029666,0.9693251533742631,1.3640167364017448,0.8033472803347467,5,0.5003678629768048,0.19628023966328234,16.303873040230194,1,9,3,0,7,6.5,2023
2023-06-13 21:30:00,2023-06-14 04:15:00,short,1941.09,1946.2885714285712,stop,-19.616714563697748,9137.030835115285,-1.0711733992854993,0.05386095081070094,2.2390766694146578,1.3540874491554364,0.7674418604651992,0.6617202528167206,4.181918109370766,1,0.6955123112933782,0.026138434727429605,17.049448555874942,1,21,1,0,8,131.75,2023
2023-06-14 23:45:00,2023-06-15 16:45:00,short,1940.58,1948.6785714285713,stop,-19.10895000549094,9117.921885109794,-1.0456870700300003,0.14076556711946397,2.9461986240959646,2.0892655185042437,0.4449339207048454,0.5605926971247174,3.5685306050450465,2,0.7311030575829882,0.1379049582775127,17.856115032853815,1,0,2,0,9,19.5,2023
2023-06-16 13:45:00,2023-06-16 16:00:00,long,1964.8,1961.3857142857144,stop,-20.212029350339304,9097.709855759455,-1.1083682008368028,0.023430962343075283,2.8175732217573333,0.8398273785775093,0.5714285714285714,0.9841004184100941,2.319665271966584,5,0.5446549673817247,0.064490592861155,19.974270771292836,0,14,4,1,10,21.0,2023
2023-06-20 23:30:00,2023-06-21 02:00:00,short,1935.81,1938.5242857142857,stop,-20.67574271430008,9077.034113045154,-1.1363157894737081,0.029473684210499507,2.026315789473684,0.65802812348706,0.7093023255814384,0.6336842105264096,0.2063157894736641,2,0.7265094899687846,0.10768531120224356,21.403297755038416,1,23,1,0,11,103.5,2023
2023-06-21 09:00:00,2023-06-21 10:00:00,short,1932.04,1935.0914285714284,stop,-20.355333989459737,9056.678779055694,-1.1212546816479325,1.396067415730445,2.2546816479400205,0.7971624103339828,0.8068181818181965,2.883895131086128,3.375468164794155,5,0.6703648876019916,0.2217093699264261,22.852507884024572,1,9,2,0,12,7.0,2023
2023-06-21 15:15:00,2023-06-21 17:45:00,short,1929.71,1933.9742857142858,stop,-19.685002317759757,9036.993776737934,-1.0867671691792207,1.1443886097152545,1.6180904522612014,1.0943904089604517,0.6657303370786419,3.3393634840871167,2.4998324958123304,6,0.6874794590814439,0.2690432936791165,22.852507884024572,1,15,2,0,13,5.25,2023
2023-06-21 22:45:00,2023-06-22 15:15:00,short,1933.4,1923.5857142857144,target,52.17778677555817,9089.171563513493,2.8868995633187584,0.08558951965057685,2.439301310043664,0.7968526061908356,0.8045112781954848,0.813100436681175,-0.739737991266395,8,0.6500840383047909,0.29557609274147856,22.852507884024572,1,23,2,0,14,5.0,2023
2023-06-22 15:45:00,2023-06-23 15:45:00,short,1923.44,1928.347142857143,stop,-21.28701973294681,9067.884543780547,-1.171009898107707,0.05705967976705122,2.9956331877729694,1.281537098353782,0.990990990990999,1.3572052401746373,1.5854439592430276,13,0.9106216539888573,0.29482279828451086,24.542105449858195,1,16,3,0,0,0.5,2023
2023-06-28 04:15:00,2023-06-28 04:30:00,short,1914.14,1915.9142857142858,stop,-21.91770483126383,9045.966838949284,-1.208534621578121,0.43961352656991026,2.9420289855074264,0.47940518245879526,0.7530120481927339,1.871175523349552,-0.5072463768116517,9,0.5374755567519753,0.16236295743321527,30.67877647774376,1,4,2,0,1,108.5,2023
2023-06-28 09:15:00,2023-06-28 13:15:00,short,1912.97,1906.4471428571426,target,51.1970817021751,9097.16392065146,2.829829172141968,1.7109067017081323,1.784494086727983,0.5892078567499879,0.9145299145299273,3.2286465177397052,1.177398160315312,10,0.5484699335404426,0.1961307013925606,30.67877647774376,1,9,2,0,2,4.75,2023
2023-06-28 22:00:00,2023-06-29 15:30:00,short,1910.62,1902.194285714286,target,52.186070547866805,9149.349991199326,2.86826042726345,0.021363173957417037,1.9084435401830768,0.7435779646633105,0.9940119760479099,1.1892166836216687,-0.8616480162766043,13,0.5549195292869584,0.274946520399022,30.67877647774376,1,22,2,0,0,8.75,2023
2023-06-29 15:45:00,2023-06-29 17:00:00,short,1896.08,1901.4885714285715,stop,-19.550512791548684,9129.799478407776,-1.0684099313259487,0.787638668779743,5.132593766508065,1.4822826408787813,0.9010238907849937,2.166930797675577,3.6978341257263034,18,1.1356853589979825,0.30773655217369855,32.40846535354435,1,16,3,0,0,0.25,2023
2023-07-04 11:45:00,2023-07-04 19:00:00,long,1928.46,1925.67,stop,-20.68112283280904,9109.118355574967,-1.1326164874551987,0.05017921146948907,2.5591397849463875,0.8031404587660479,0.8055555555555819,1.0322580645161816,3.0681003584229596,6,0.5471255904585736,0.13946375740370165,35.11695529583064,0,12,1,1,1,114.75,2023
2023-07-11 12:45:00,2023-07-11 15:15:00,long,1938.16,1932.9742857142858,stop,-19.518105391091602,9089.600250183876,-1.0713498622589595,0.3239669421488169,2.884848484848496,1.5693904020752283,0.9838187702265527,1.1917355371901404,3.5482093663912067,5,0.7686182640833439,0.1285580649202922,36.01736728433206,0,13,1,1,2,161.75,2023
2023-07-12 04:00:00,2023-07-12 09:30:00,long,1937.42,1935.6642857142858,stop,-22.010293201421334,9067.589956982454,-1.2107404393815933,1.412530512611894,4.260374288039079,0.5142340099478543,0.9945945945945999,2.1074043938162723,6.2766476810415055,9,0.5828893590382543,0.22080105760751145,35.02937649709234,0,4,2,1,3,12.75,2023
2023-07-12 16:15:00,2023-07-18 14:15:00,long,1951.13,1970.5400000000002,target,38.35142077493502,9105.94137775739,2.1147527047913486,0.333848531684745,5.140649149922662,1.8396391669699075,0.9355828220859131,2.015455950540944,4.819165378670813,12,0.8266361060122409,0.24017689648472285,35.02937649709234,0,16,2,1,4,6.75,2023
2023-07-18 17:00:00,2023-07-20 17:30:00,long,1976.5,1966.3542857142857,stop,-22.72283430741353,9083.218543449977,-1.2476927626020864,0.8870740636440413,2.223598986201058,2.8653609186745816,0.6625916870415686,1.612503520135181,2.651365812447199,36,0.8703651741424135,0.20531638915444184,26.601576720605156,1,17,1,1,0,2.75,2023
2023-07-27 10:30:00,2023-07-27 11:30:00,long,1980.71,1977.027142857143,stop,-19.991536856297444,9063.22700659368,-1.1004654771140343,0.4290147401085958,3.214895267649412,1.0275957080539928,0.9003115264797718,1.7432117920869261,1.3033359193173626,6,0.5208026321731791,0.15843900726777438,21.85221582385737,1,10,3,1,1,161.0,2023
2023-07-28 09:15:00,2023-07-28 14:15:00,short,1950.3,1955.28,stop,-19.473198588464076,9043.753808005215,-1.074297188755006,0.11646586345379871,2.453815261044187,1.3295891756337626,0.9831932773109404,0.9558232931727186,-0.13253012048189627,5,0.5219097880789084,0.22013876142625843,20.350559508727383,1,9,4,0,2,21.75,2023
2023-08-01 15:45:00,2023-08-01 17:00:00,short,1946.77,1951.58,stop,-19.478854355703294,9024.274953649512,-1.0769230769230633,0.4532224532224182,3.887733887733936,1.259761012074118,0.7430340557275781,1.3430353430353477,3.7463617463617345,3,0.6726248489420091,0.013081099296818888,18.11501328252736,0,16,1,0,3,97.5,2023
2023-08-01 18:00:00,2023-08-02 01:00:00,short,1943.06,1950.6614285714286,stop,-18.927064176419645,9005.347889473092,-1.0486750610787483,0.11576771283594689,2.7047547453485983,1.9648537599153286,0.9461538461538381,1.0261229092276076,2.7152790828791877,3,0.6726248489420091,0.013081099296818888,18.11501328252736,0,18,1,0,4,1.0,2023
2023-08-02 07:45:00,2023-08-02 08:15:00,short,1946.34,1949.1399999999999,stop,-20.39068057830697,8984.957208894786,-1.1321428571428593,0.22142857142869846,2.007142857142851,0.734210723472258,0.4716981132075715,1.514285714285661,2.042857142857267,7,0.5251342988618574,0.2320415353130545,16.977668881324355,1,8,2,0,5,6.75,2023
2023-08-02 17:00:00,2023-08-04 16:30:00,short,1940.11,1946.1585714285713,stop,-20.463034199882983,8964.494174694903,-1.1387385451110057,1.1341521020311933,3.1842229570146685,1.5442339693177496,0.9696969696969971,1.7458667926310667,2.9461502125649672,9,0.5055039962340733,0.22549122980618508,16.977668881324355,1,17,2,0,6,8.75,2023
2023-08-08 20:00:00,2023-08-09 05:30:00,short,1924.19,1929.1028571428574,stop,-19.279266913650666,8945.214907781252,-1.0753125908694574,0.1872637394591569,2.992148880488429,1.336987792551145,0.9302325581394673,0.7002035475428903,1.823785984297739,10,0.6979127009778903,0.18410753303994554,14.489381870396475,1,20,1,0,7,99.5,2023
2023-08-09 17:45:00,2023-08-10 15:15:00,short,1917.28,1923.5828571428572,stop,-18.940661302922322,8926.27424647833,-1.0587035358114338,0.637805983680869,2.6146872166817863,1.8260093552628671,0.7749576988155736,1.8753399818675922,2.5004533091568857,15,0.5439828616730491,0.2254462305782301,14.331650953801006,1,18,2,0,8,12.25,2023
2023-08-10 23:45:00,2023-08-11 03:45:00,short,1912.08,1914.6785714285713,stop,-20.39450014753329,8905.879746330796,-1.1423859263331226,0.4310060472788509,1.8779549202857093,0.7766935017568934,1.0,0.6542056074767304,6.495876855415005,23,0.837813423512603,0.24255950173746044,14.71848362656238,1,0,3,0,9,8.5,2023
2023-08-11 07:30:00,2023-08-11 08:30:00,short,1912.89,1914.9528571428573,stop,-21.00652798892147,8884.873218341874,-1.179362880886423,0.18421052631561835,2.8019390581717873,0.6322478128286797,0.75,0.9695290858725573,1.1440443213294589,24,0.6576326390014391,0.23471202464252494,15.18088095464723,1,7,4,0,10,3.75,2023
2023-08-14 03:00:00,2023-08-14 08:30:00,short,1912.0,1914.0757142857144,stop,-20.937237370683256,8863.935980971191,-1.178251892635933,0.30832759807287724,2.73640743289747,0.6632457044608467,0.7636363636363768,2.1197522367514967,1.281486579490581,29,0.5453956190984529,0.2227180904475934,15.689278787240283,1,3,0,0,11,66.5,2023
2023-08-14 16:15:00,2023-08-14 17:15:00,short,1905.62,1910.2657142857142,stop,-19.139778123732846,8844.79620284746,-1.0796432964329556,0.1076260762607604,3.896063960639605,1.487220626878153,0.931034482758627,1.6230012300123569,3.3407134071340967,33,0.5614998065350266,0.21825476865181548,15.689278787240283,1,16,0,0,12,7.75,2023
2023-08-14 23:45:00,2023-08-15 14:00:00,short,1906.9,1902.0914285714289,target,48.985350806144965,8893.781553653604,2.769162210338708,0.38680926916216485,3.930481283422519,0.5082135523613645,0.9599999999997332,0.9358288770054022,6.201426024955549,35,0.664027231757166,0.22055769232267597,15.689278787240283,1,0,0,0,13,6.5,2023
2023-08-15 19:45:00,2023-08-17 19:45:00,short,1903.61,1887.8214285714284,target,48.94072237809175,8942.722276031694,2.7514011943539747,0.038002171552712086,2.9793702497285315,1.6269225355157808,0.8476190476191796,0.39902280130291523,-0.08740499457103905,40,0.6186226261954729,0.26293188954927826,16.63973161113688,1,20,1,0,0,5.75,2023
2023-08-17 20:00:00,2023-08-18 02:00:00,short,1886.08,1890.4985714285715,stop,-19.38312645926828,8923.339149572426,-1.0837374717103192,0.7604267701261017,3.8836081474295536,1.392371704272978,0.9186046511627814,1.1677982541222534,7.101842870998884,52,0.8920416828384669,0.30620068840924164,19.27404059225882,1,20,3,0,0,0.25,2023
2023-08-18 11:30:00,2023-08-18 13:00:00,short,1891.47,1894.217142857143,stop,-20.250365079945514,8903.08878449248,-1.1346853874155303,0.007280291211641751,1.8055122204888097,0.9111782811361828,0.9424083769632866,1.3905356214248987,0.4732189287570449,55,0.557709366177789,0.2615531108456359,20.87781913600843,1,11,4,0,1,9.5,2023
2023-08-18 15:15:00,2023-08-18 16:00:00,short,1889.89,1892.7185714285715,stop,-20.13536948331202,8882.953415009168,-1.1308080808080943,1.4989898989898425,2.467676767676808,0.933788830494326,0.9119047619047347,2.9696969696970426,1.7959595959595949,56,0.5281917423357594,0.25132267736734937,20.87781913600843,1,15,4,0,2,2.25,2023
2023-08-18 19:30:00,2023-08-21 15:00:00,short,1889.85,1894.1814285714286,stop,-23.13223024010756,8859.82118476906,-1.3020573878628003,0.24934036939322485,2.040897097625232,1.3960568989879145,1.0,0.6556728232190225,0.5956464379948035,57,0.5841681461788304,0.26670837192670493,20.87781913600843,1,19,4,0,3,3.5,2023
2023-08-24 02:45:00,2023-08-24 15:00:00,long,1917.89,1916.1585714285716,stop,-21.50626561517385,8838.314919153887,-1.2136963696369696,0.24257425742579133,3.7310231023103557,0.5654358665331739,0.8426966292136037,1.0280528052804094,1.490099009901252,10,0.7511997958655795,0.18918803720688881,23.15188867362012,0,3,3,1,4,59.75,2023
2023-08-24 17:00:00,2023-08-25 04:00:00,long,1919.42,1914.9757142857143,stop,-19.148261830632592,8819.166657323254,-1.08325297332049,0.4185149469624184,3.0466088074573885,1.466700454365993,0.994117647058829,1.5300546448087777,-0.14400514304079365,14,0.5277254035541314,0.34304106056988193,23.15188867362012,0,17,3,1,5,2.0,2023
2023-08-30 12:15:00,2023-08-30 16:15:00,long,1938.45,1945.7571428571428,target,50.235628490278074,8869.402285813532,2.848093841642251,1.2645161290322653,1.6340175953079732,0.8478404104110956,0.9569377990430997,1.7161290322580476,1.5436950146628914,37,0.8334652869464002,0.3439952866172602,19.246405417935414,1,12,2,1,6,128.25,2023
2023-08-30 16:45:00,2023-08-30 23:15:00,long,1947.39,1942.7885714285715,stop,-19.165178487818242,8850.237107325715,-1.080409810617827,0.0608506674946099,4.237814343371589,1.594995316362217,0.7200902934537265,1.9254889785780933,4.037876435889525,38,1.1907968047513742,0.416855464448429,19.246405417935414,1,17,2,1,0,0.5,2023
2023-08-31 01:00:00,2023-08-31 16:00:00,long,1944.35,1942.4642857142856,stop,-21.173521806769603,8829.063585518945,-1.1962121212121752,0.4454545454543876,2.078787878787946,0.6699182796972193,0.9017094017093905,2.481818181818129,-1.0606060606060752,40,0.8906947933023707,0.40787057385713865,19.07402851846981,1,1,3,1,1,1.75,2023
2023-09-01 12:15:00,2023-09-01 15:30:00,long,1944.13,1950.9357142857143,target,50.09437210675466,8879.157957625699,2.8369017632242066,0.3526448362721281,4.275818639798501,0.8491969148875577,0.6923076923077428,0.9168765743072926,3.9584382871537462,49,0.5280305491838025,0.2245223652853401,18.91396425468485,1,12,4,1,2,20.25,2023
2023-09-06 03:45:00,2023-09-06 05:30:00,short,1924.7,1925.91,stop,-23.188544748842375,8855.969412876857,-1.3057851239670382,1.7190082644628366,1.8677685950412213,0.48885244245857096,0.8163265306122607,2.4297520661158702,1.7851239669421186,5,0.5076556243702821,0.11271493206391758,18.31674793094615,1,4,2,0,0,108.25,2023
2023-09-07 08:45:00,2023-09-07 09:15:00,short,1917.46,1919.4457142857143,stop,-21.01222095227874,8834.95719192458,-1.1863309352517812,0.4733812949640532,2.5683453237409446,0.8124210805736196,0.91891891891884,1.4906474820143971,2.044604316546722,12,0.5391881006892008,0.24363197882951715,17.442485235338374,1,9,3,0,1,27.25,2023
2023-09-07 15:30:00,2023-09-07 15:45:00,short,1918.47,1921.3857142857144,stop,-19.912201412471063,8815.044990512108,-1.1268985791278887,0.637922586967214,2.592846643802029,1.1765624268161343,0.5647279549718633,3.656050955413948,-0.10289073983347696,13,0.5097934982248156,0.24753898833405064,17.442485235338374,1,15,3,0,2,6.25,2023
2023-09-13 23:45:00,2023-09-14 01:00:00,short,1907.98,1909.3742857142856,stop,-22.308566728037103,8792.73642378407,-1.2653688524589761,0.32991803278691934,2.8401639344263243,0.5265518206432712,0.9333333333333839,0.8606557377048084,1.993852459016259,14,0.5440870028231651,0.1933003272130973,14.208189973927414,1,0,2,0,3,152.0,2023
2023-09-18 08:30:00,2023-09-18 09:45:00,long,1929.92,1928.1,stop,-21.160541503393247,8771.575882280677,-1.2032967032967496,0.5274725274725283,1.9450549450548542,0.6629510819897024,0.9860465116279202,2.3626373626373764,6.263736263736086,7,0.5380423301451837,0.13891642086414357,13.575919168200366,0,8,0,1,4,103.5,2023
2023-09-18 19:45:00,2023-09-20 16:45:00,long,1931.01,1942.8342857142857,target,46.21334797578116,8817.789230256458,2.6342671257701835,0.2638637187386628,2.714751721638214,1.4209167634101574,0.8846153846154855,0.3957955781079942,3.546937296121769,10,0.5985768782562935,0.17846217839310174,13.575919168200366,0,20,0,1,5,10.0,2023
2023-09-20 19:45:00,2023-09-20 21:00:00,long,1946.65,1941.6271428571429,stop,-18.934672550750015,8798.854557705708,-1.0736632536973962,0.3304891922639971,1.9311717861205508,1.8773631395285497,1.0,0.5733788395904641,5.7736063708759815,22,1.0013545406843216,0.168354229310963,13.411052622929953,1,20,2,1,0,3.0,2023
2023-09-26 18:00:00,2023-09-27 16:30:00,short,1903.99,1886.4999999999995,target,51.67629160477621,8850.530849310484,2.9365351629502756,0.205831903945076,2.267581475128641,2.19945902793455,0.4278169014084571,1.9485420240137032,2.3807890222984254,6,0.5890038396329133,0.1875318996924613,12.096474688762425,1,18,1,0,1,141.0,2023
2023-09-27 17:45:00,2023-09-28 17:30:00,short,1883.59,1868.2900000000002,target,51.81899042360999,8902.349839734094,2.927450980392156,0.33333333333339277,3.274509803921591,1.8399433929646742,0.9818181818181984,1.0784313725490389,4.003921568627536,12,1.1536290444782706,0.4073580964477297,12.392053444646601,1,18,2,0,0,1.25,2023
2023-09-28 17:45:00,2023-09-29 10:30:00,short,1865.24,1871.6128571428571,stop,-18.838417952721425,8883.511421781372,-1.058058731226188,0.4550549204214478,4.026451468280661,2.307388928998594,0.9849849849849983,1.0450571620712694,3.034745572741583,18,1.5165839976642472,0.6698336593919385,14.031215720112183,1,18,3,0,0,0.25,2023
2023-09-29 14:00:00,2023-09-29 15:30:00,short,1868.9,1871.5314285714287,stop,-20.265209008862783,8863.246212772508,-1.14060803474484,1.5276872964169064,2.0293159609119016,0.9258588299848741,0.8190709046454709,3.1085776330074877,1.755700325732829,23,1.036729792382421,0.6181343363036995,16.112933018527897,1,14,4,0,1,3.5,2023
2023-09-29 17:00:00,2023-10-02 08:30:00,short,1862.45,1841.5828571428572,target,49.845200141694356,8913.091412914202,2.8119042924625184,1.4462928732799247,3.5337851714931054,2.410299090692519,0.8814041745730546,3.030601766276429,3.0162250975559655,24,0.8563500912098371,0.5739628016702469,16.112933018527897,1,17,4,0,2,1.5,2023
2023-10-02 08:45:00,2023-10-02 09:00:00,short,1839.58,1841.6942857142856,stop,-20.94576482034784,8892.145648093854,-1.17499999999997,1.0121621621623202,3.9635135135133623,0.6851204265028943,0.8019801980198678,1.9108108108107995,4.114864864865007,28,2.02954746554631,0.6567217493185007,18.410142451806554,1,9,0,0,0,0.25,2023
2023-10-02 12:00:00,2023-10-03 02:00:00,short,1838.22,1824.2057142857145,target,51.94427099996621,8944.08991909382,2.920795107033651,0.5094801223241924,2.9027522935780268,1.4900732980117846,0.4827586206896308,1.2415902140672441,1.8452599388379332,29,2.0532335718028842,0.7241700870626921,18.410142451806554,1,12,0,0,1,3.0,2023
2023-10-03 02:15:00,2023-10-03 02:45:00,short,1822.2,1825.1857142857143,stop,-20.104944708086805,8923.984974385734,-1.1239234449760405,0.07368421052624685,5.2717703349281715,0.8936127001320348,0.34814814814816253,1.808612440191371,6.243062200956732,32,2.257164336469195,0.8494655813083063,21.065277472653552,1,2,1,0,0,0.25,2023
2023-10-03 05:00:00,2023-10-03 11:00:00,short,1820.12,1824.7842857142857,stop,-19.263781347464448,8904.72119303827,-1.0793261868300283,0.7975497702910116,2.096784073506816,1.3843972633596857,0.775510204081667,1.6808575803981771,3.773353751914283,33,2.275114054429874,0.8669920523171948,21.065277472653552,1,5,1,0,1,2.25,2023
2023-10-04 01:45:00,2023-10-04 02:15:00,short,1822.59,1824.6542857142856,stop,-21.00158465458343,8883.719608383686,-1.1792387543252063,0.03875432525969928,2.470588235293988,0.5470652818616818,0.6500000000000162,1.3564013840830862,0.9397923875432466,38,1.723043645260618,0.7977294090442122,23.804304754673705,1,2,2,0,2,14.75,2023
2023-10-04 04:30:00,2023-10-04 14:00:00,short,1821.69,1824.71,stop,-19.944244683722115,8863.775363699964,-1.1225165562913795,0.08609271523170937,2.0662251655629826,0.8058885009673372,0.6964856230031689,2.072847682119117,0.9602649006622772,39,1.5836950391732458,0.752247963546615,23.804304754673705,1,4,2,0,3,2.25,2023
2023-10-04 16:45:00,2023-10-04 18:15:00,short,1820.32,1826.1642857142856,stop,-18.849876720652276,8844.925486979311,-1.0633097042287778,0.6159863114152816,2.8643363480811725,1.5000435419630065,0.5283687943262563,1.9300904424345544,0.6057198728917027,42,1.0867305306163493,0.6115689546105529,23.804304754673705,1,17,2,0,4,2.75,2023
2023-10-04 21:30:00,2023-10-04 22:30:00,short,1817.12,1820.62,stop,-19.559920934063005,8825.365566045248,-1.105714285714296,0.32571428571438227,3.600000000000007,0.8687359227475032,0.6627906976744662,0.9828571428571675,1.2628571428571753,43,1.3448289495968764,0.5830538213634551,23.804304754673705,1,21,2,0,5,3.25,2023
2023-10-05 08:45:00,2023-10-05 10:45:00,short,1826.22,1820.5028571428572,target,49.52525234438937,8874.890818389636,2.8058470764617987,0.12593703148414626,2.917541229385346,0.4898045356181386,0.9629629629629941,1.4167916041978386,1.8575712143928276,46,0.7671611322651759,0.46203749929234483,26.34768723082313,1,9,3,0,6,10.25,2023
2023-10-05 11:45:00,2023-10-05 12:30:00,short,1819.8,1822.8642857142856,stop,-19.892995363550607,8854.997823026086,-1.1207459207458859,0.013053613053600878,2.897902097902066,0.7856495343790537,0.8604651162790411,0.841958041958147,5.143123543123495,47,1.1258526581853185,0.44353038662500177,26.34768723082313,1,12,3,0,0,1.0,2023
2023-10-05 15:30:00,2023-10-05 16:15:00,short,1815.01,1819.2242857142858,stop,-19.264873229892277,8835.732949796193,-1.0877966101695067,2.016949152542373,2.2115254237288524,1.0721416559591324,0.7493827160493833,3.844067796610126,2.6433898305084442,47,1.1258526581853185,0.44353038662500177,26.34768723082313,1,15,3,0,1,3.0,2023
2023-10-06 04:00:00,2023-10-06 04:30:00,short,1820.08,1822.0157142857142,stop,-21.049259012503715,8814.68369078369,-1.1911439114391322,0.04132841328409539,3.0892988929889498,0.4992511999606972,0.8314606741574325,0.9195571955718272,-0.20664206642047694,51,0.802917641081824,0.4032279978180675,28.793605442829776,1,4,4,0,2,11.75,2023
2023-10-06 08:15:00,2023-10-06 13:00:00,short,1821.51,1822.96,stop,-22.12789560996868,8792.555795173721,-1.25517241379318,1.2965517241380529,2.882758620689646,0.3762874057253944,0.9440000000000509,1.7241379310345446,-1.4620689655172185,52,0.6419549965283347,0.39475155222189473,28.793605442829776,1,8,4,0,3,3.75,2023
2023-10-06 15:15:00,2023-10-06 15:45:00,short,1819.76,1810.7299999999998,target,50.59370975827505,8843.149504931996,2.877076411960115,0.14617940199336932,3.348837209302203,0.7803005286564089,0.7381974248927387,1.5481727574749893,0.29235880398673864,53,0.6460148766512744,0.36238043594328806,28.793605442829776,1,15,4,0,4,2.25,2023
2023-10-09 03:45:00,2023-10-09 16:15:00,long,1852.35,1844.2242857142858,stop,-18.49163505830872,8824.657869873688,-1.0455344585091304,0.22644163150488597,1.4644866385372914,1.9964943763039,0.9770408163264939,0.9648382559775203,5.40014064697608,1,1.0181419064507522,-0.0952263785855556,30.519567464636726,0,4,0,1,0,60.0,2023
2023-10-09 17:15:00,2023-10-10 03:00:00,long,1850.53,1865.345714285714,target,51.62565251961938,8876.283522393307,2.925079548741662,0.06479606595317268,2.5148973098061504,1.1862841259718948,0.8936170212765713,1.5227075498987752,0.0890945906855779,4,0.6238345635710282,0.21730112323783413,30.519567464636726,0,17,0,1,1,1.0,2023
2023-10-10 17:00:00,2023-10-10 17:45:00,long,1858.36,1853.7571428571428,stop,-19.1796045570769,8857.10391783623,-1.0803848541278631,0.31284916201108376,2.033519553072637,1.1608684295069152,0.9646464646463823,0.8603351955307272,0.44754810676596846,10,0.5866724297585368,0.3914372748682782,29.880776649747826,0,17,1,1,0,14.0,2023
2023-10-10 18:30:00,2023-10-11 19:00:00,long,1859.38,1876.6685714285716,target,48.71162563492036,8905.81554347115,2.7498619236489943,0.14576103123453224,2.058006941001514,1.4489920842431638,0.5664335664336276,0.9925632126920844,1.1799702528508025,10,0.5866724297585368,0.3914372748682782,29.880776649747826,0,18,1,1,1,0.75,2023
2023-10-11 23:15:00,2023-10-12 14:30:00,long,1874.3,1883.3085714285714,target,51.240215595975684,8957.055759067125,2.876784015223618,0.07992388201705392,2.2378686964796297,0.8047248553391887,0.7042253521126399,0.4728829686013567,-0.5261655566127259,17,1.1871759299044276,0.39568640903742125,29.160865959857436,0,23,2,1,0,4.25,2023
2023-10-13 03:45:00,2023-10-13 10:00:00,long,1872.5,1878.4057142857143,target,50.37531359417346,9007.431072661298,2.812046444121949,0.40638606676351846,2.986937590711006,0.5492419524395505,0.9635036496350667,1.3918722786646234,4.287373004354173,25,0.5911795347401008,0.3518619416725377,25.955923060843663,0,4,4,1,0,13.25,2023
2023-10-13 10:15:00,2023-10-13 14:00:00,long,1881.24,1890.0342857142857,target,51.77078073633944,9059.201853397637,2.8737816764132873,1.787524366471837,2.0058479532162803,0.8181009486203303,0.979865771812099,2.033138401559491,5.239766081871451,26,0.7408842791037012,0.32009520709703754,25.955923060843663,0,10,4,1,0,0.25,2023
2023-10-13 14:15:00,2023-10-13 15:15:00,long,1892.66,1906.2414285714285,target,52.87440753563997,9112.076260933278,2.9182707478699967,0.3092458188703301,4.223414326285924,1.2430375774691884,0.7132075471698246,1.1707163142947852,5.045124644998518,27,1.0608095409747196,0.31121038762749187,25.955923060843663,0,14,4,1,0,0.25,2023
2023-10-13 15:30:00,2023-10-18 04:15:00,long,1910.98,1936.5442857142857,target,44.71492727632242,9156.7911882096,2.4536080469404795,0.9998323554065345,4.7198658843252534,2.3117242982957524,0.4338028169014128,3.3327745180217994,6.280637049455144,27,1.0608095409747196,0.31121038762749187,25.955923060843663,0,15,4,1,0,0.25,2023
2023-10-18 04:30:00,2023-10-18 16:15:00,long,1938.73,1950.481428571429,target,53.210908385460506,9210.00209659506,2.9055433989788666,0.8832968636031943,6.785557986870692,1.041411653372376,0.9889705882353043,1.3887673231217845,7.924142961341858,43,1.3434337987749891,0.5539521061552977,25.861806453779057,1,4,2,1,0,0.25,2023
2023-10-18 16:30:00,2023-10-18 17:15:00,long,1958.98,1953.3014285714285,stop,-19.620200692822078,9190.38189590224,-1.065157232704413,2.895094339622618,2.328050314465347,1.426962409861315,0.9200841219768673,3.349433962264109,4.909685534591158,46,2.0526445146183816,0.6607260987354424,25.861806453779057,1,16,2,1,0,0.25,2023
2023-10-18 20:15:00,2023-10-18 23:45:00,long,1955.22,1947.15,stop,-19.223500173832694,9171.158395728406,-1.0458488228004958,0.30978934324659474,3.908302354399035,1.9505668219770984,0.6292134831460796,0.8822800495662884,1.1598513011152665,47,1.9672094618895704,0.705006355121407,25.861806453779057,1,20,2,1,1,3.0,2023
2023-10-19 03:00:00,2023-10-19 03:30:00,long,1952.09,1949.2071428571428,stop,-20.69645953129151,9150.461936197114,-1.1283448959365465,0.31912784935566074,3.2675916749256473,0.7015993573887722,0.8926174496643753,1.0336967294350756,1.2695738354806052,48,1.723026773492432,0.7420034837928746,26.860925951358954,1,3,3,1,2,3.25,2023
2023-10-19 10:00:00,2023-10-19 18:30:00,long,1949.44,1959.8457142857144,target,52.95057257148644,9203.4125087686,2.8933278418451316,0.11532125205933334,2.1622734761120084,0.8338556378841161,0.8272727272727846,1.2685337726524044,0.196046128500906,50,1.5378464679963488,0.7543737427318842,26.860925951358954,1,10,3,1,3,6.5,2023
2023-10-19 19:45:00,2023-10-20 17:00:00,long,1961.94,1988.044285714286,target,54.4377845782163,9257.850293346817,2.9574782465933374,0.1700870136266635,2.643244130684603,1.9914095737072555,0.9829642248722469,1.3492037432276809,1.641109834181594,53,1.8837455653118607,0.708296813738496,26.860925951358954,1,20,3,1,0,1.25,2023
2023-10-20 18:00:00,2023-10-20 19:45:00,long,1993.82,1985.317142857143,stop,-19.3214073158523,9238.528886030965,-1.043514784946225,0.5927419354838691,4.252688172043011,1.7711144973051576,0.997555012224941,0.9620295698924578,2.1827956989247337,58,1.9384972192494823,0.912744859899961,28.167712258371697,1,18,4,1,0,1.0,2023
2023-10-23 08:30:00,2023-10-23 16:30:00,long,1975.75,1971.6742857142856,stop,-20.15443525645198,9218.374450774512,-1.0907816333683988,0.26989134244652113,1.7322117069750744,0.8399854261203796,0.7581047381546061,1.9677532422011577,4.023834560112125,62,1.2889764542069448,0.7299508010572886,29.80853492538029,1,8,0,1,1,60.75,2023
2023-10-24 03:15:00,2023-10-24 03:45:00,long,1974.96,1972.8457142857144,stop,-21.663179959319542,9196.711270815193,-1.1749999999999694,0.9459459459459489,2.468918918919047,0.4307725891833854,0.7071129707112903,2.2608108108109124,1.9864864864866218,66,0.9051374628879308,0.4971006924010979,30.854725854035607,1,3,1,1,2,10.75,2023
2023-10-25 03:00:00,2023-10-25 05:45:00,long,1973.66,1971.8028571428572,stop,-22.057958263386297,9174.653312551807,-1.1992307692307866,0.32307692307711894,3.6615384615383144,0.37000076490542677,0.9197080291971469,1.4753846153844978,0.42000000000010773,72,0.5249464853045187,0.287486842728657,31.17918017033245,1,3,2,1,3,23.25,2023
2023-10-25 09:00:00,2023-10-25 09:45:00,long,1974.62,1971.3214285714284,stop,-20.407544137403693,9154.245768414403,-1.1121697704633815,0.09701169337366412,2.2858380251190287,0.6557819361755914,0.9629629629628927,1.3096578605457063,-0.8306626245128262,74,0.5237110884527442,0.24102972146786694,31.17918017033245,1,9,2,1,4,3.25,2023
2023-10-25 16:00:00,2023-10-25 18:00:00,long,1977.52,1972.9171428571428,stop,-19.78021695831829,9134.465551456085,-1.0803848541278787,0.312849162011187,2.1986343885785127,0.9169935163691593,0.729729729729733,1.6076970825574477,2.9199255121043133,76,0.5882798751664422,0.2417674520033497,31.17918017033245,1,16,2,1,5,6.25,2023
2023-10-26 01:15:00,2023-10-26 11:30:00,long,1982.74,1992.3228571428574,target,52.69066935719227,9187.156220813278,2.8841681574240035,0.07513416815749681,3.080500894454237,0.6241578538758433,0.5352112676056429,1.7781753130589546,-0.7513416815742563,78,0.7079450096629454,0.2516084323309409,31.659182589956984,1,1,3,1,6,7.25,2023
2023-10-26 20:00:00,2023-10-27 15:45:00,long,1986.33,1979.6985714285713,stop,-19.399505660579866,9167.756715152698,-1.0557949159844893,0.16587677725117006,3.7759586385178503,1.285467529275754,0.7411003236245488,0.9319258940112399,3.3024558380007853,83,0.6606724832953328,0.33855268426432605,31.659182589956984,1,20,3,1,0,8.5,2023
2023-10-30 16:00:00,2023-10-30 16:30:00,long,2002.1,1997.1642857142856,stop,-19.710013568785595,9148.046701583913,-1.0749638205499275,0.8549927641099405,3.0147612156295285,1.0592006560606133,0.9145299145298963,1.89638205499278,3.9710564399420734,94,0.7704329840029808,0.3845384638076377,33.26266396875751,1,16,0,1,1,72.25,2023
2023-10-31 04:00:00,2023-10-31 06:00:00,long,1996.26,1994.2271428571428,stop,-21.626162406275196,9126.420539177638,-1.1820098383696922,0.03935347856637378,2.2825017568516923,0.44714124580787973,0.8088235294117573,1.338018271257827,0.01967673928318689,97,0.5233699728472234,0.2983292570879481,34.1779944160289,1,4,1,1,2,11.5,2023
2023-10-31 13:45:00,2023-10-31 15:30:00,long,1999.98,1996.5557142857142,stop,-20.225092158578576,9106.19544701906,-1.1080517313308582,0.4964539007091661,2.3070504797663984,0.7604137545429123,1.0,1.2382144347101218,2.990404672507366,99,0.5306162701242845,0.24468130474237793,34.1779944160289,1,14,1,1,3,7.75,2023
2023-11-07 04:00:00,2023-11-07 10:45:00,short,1974.25,1966.4285714285713,target,52.05251008400223,9158.247957103062,2.858082191780859,0.3682191780822057,2.347397260273931,0.6621455329364486,1.0,1.4038356164383003,2.8383561643835966,6,0.501734837803848,0.09133508974179527,32.78712615602768,0,4,1,0,4,156.5,2023
2023-11-07 11:00:00,2023-11-07 20:45:00,short,1965.73,1969.0185714285715,stop,-20.377300623927617,9137.870656479134,-1.1125108601216211,0.15204170286706922,3.7463075586446357,0.8364224048204055,0.3429752066115621,1.471763683753136,3.4239791485663273,7,0.5679743742262593,0.11873018916158662,32.78712615602768,0,11,1,0,0,0.25,2023
2023-11-08 02:45:00,2023-11-08 03:15:00,short,1968.08,1969.6057142857144,stop,-22.70777970252494,9115.162876776609,-1.2425093632959323,0.13108614232226984,2.3464419475653817,0.39254663711950577,0.7021276595745144,1.232209737827727,-0.8913857677900043,11,0.5901156782851473,0.28986500919289115,31.167708311305727,0,3,2,0,1,6.0,2023
2023-11-08 07:00:00,2023-11-08 08:15:00,short,1967.18,1969.0,stop,-21.936490879275702,9093.226385897333,-1.2032967032967103,0.06593406593400827,2.4615384615385576,0.4825536709967333,1.0,0.7472527472525935,2.340659340659293,12,0.5663839048921997,0.2942618275057707,31.167708311305727,0,7,2,0,2,3.75,2023
2023-11-08 11:45:00,2023-11-08 17:15:00,short,1965.42,1956.4842857142858,target,52.30022581279637,9145.52661171013,2.875779376498791,0.04700239808149172,2.3031175059952314,0.7933286828587783,0.9747899159664059,0.7990407673859699,0.0671462829735596,14,0.6383624700936796,0.28518477598493686,31.167708311305727,0,12,2,0,3,3.5,2023
2023-11-08 17:30:00,2023-11-08 18:15:00,short,1951.61,1957.3271428571427,stop,-19.474807042727193,9126.051804667402,-1.064717641179417,1.2908545727136849,3.949525237381366,1.5129505276140605,0.9011461318051825,2.441779110444827,4.4112943528237105,15,0.6273650949674613,0.2725316446617221,31.167708311305727,0,17,2,0,0,0.25,2023
2023-11-08 21:15:00,2023-11-09 03:15:00,short,1949.74,1954.3942857142858,stop,-19.70308422161809,9106.348720445785,-1.0794966236955394,0.45549416820132493,2.4923265807243395,1.2058953030815989,0.8259109311740652,1.0613873542050405,2.8790669122160897,16,1.1222093901747117,0.2884795303824794,31.167708311305727,0,21,2,0,1,3.0,2023
2023-11-09 10:00:00,2023-11-09 10:30:00,short,1946.55,1949.0014285714285,stop,-20.961583593101032,9085.387136852683,-1.1509324009324176,1.1993006993007476,1.9825174825175775,0.6864961094553099,0.9836065573770638,2.488344988345005,2.178321678321785,19,1.0796208645547538,0.38801142032257596,29.17568106563456,0,10,3,0,2,6.75,2023
2023-11-10 13:15:00,2023-11-10 18:15:00,short,1948.56,1937.9657142857143,target,52.608507879008286,9137.99564473169,2.8952265372168102,1.6310679611651087,2.707119741100305,0.9501586320329423,0.9119804400978222,2.3163430420711486,3.516990291262153,26,0.5877819409718668,0.21415336260295348,27.18561379184642,0,13,4,0,3,26.75,2023
2023-11-10 19:45:00,2023-11-13 18:15:00,short,1936.7,1942.4414285714286,stop,-22.44067088900549,9115.554973842685,-1.2278770838517068,0.1532719581985774,3.3441154516048783,1.4842512960423841,0.8411214953270254,0.37272953471010845,3.2674794725055896,28,1.3244865839366413,0.28350834157022664,27.18561379184642,0,20,4,0,0,1.5,2023
2023-11-15 08:15:00,2023-11-15 09:15:00,long,1969.54,1967.3257142857142,stop,-21.277469609911734,9094.277504232774,-1.1670967741935607,1.499354838709524,1.8425806451614357,0.623682324390265,0.967289719626196,1.9329032258063081,5.392258064516074,5,0.5851816924270044,0.11680977254799885,23.296638235380087,1,8,2,1,1,38.0,2023
2023-11-15 10:15:00,2023-11-15 15:30:00,long,1972.0,1968.7585714285715,stop,-20.26472766037946,9074.012776572394,-1.114147201410315,0.5985015425297762,2.862935213750523,0.9101628669394771,0.9464285714286149,1.3821066549139487,3.239312472454883,5,0.5851816924270044,0.11680977254799885,23.296638235380087,1,10,2,1,2,1.0,2023
2023-11-16 16:00:00,2023-11-16 17:15:00,long,1973.36,1985.0214285714285,target,52.716646075728185,9126.729422648123,2.9048144064682093,0.23667769202489222,5.577361264241155,1.0907113992402238,0.9545454545453814,1.0187431091510555,3.6376332230797126,13,0.6488543336590439,0.11522769507725794,22.290822078407746,1,16,3,1,3,24.5,2023
2023-11-16 18:00:00,2023-11-16 18:45:00,long,1987.77,1980.6857142857143,stop,-19.206805455687544,9107.522617192435,-1.0522282718289837,0.37830207703163365,5.908852591248209,1.963482485698625,1.0,1.0417422867513686,6.8771929824560605,13,0.6488543336590439,0.11522769507725794,22.290822078407746,1,18,3,1,0,0.75,2023
2023-11-17 02:45:00,2023-11-17 03:30:00,long,1984.91,1983.06,stop,-21.858054281262344,9085.664562911174,-1.2000000000000275,2.108108108108076,2.5729729729729915,0.5248266830801845,1.0,2.691891891891798,1.7729729729730128,15,0.9544224439985896,0.23972204082629567,21.923976358343754,1,3,4,1,1,8.0,2023
2023-11-17 05:45:00,2023-11-17 08:15:00,long,1986.63,1983.7828571428572,stop,-20.532781330332792,9065.131781580842,-1.1299548419468504,0.10536879076775285,2.6763672854992615,0.8236579525817918,0.8421052631580207,0.8008028098343467,2.8519819367789028,16,1.0063637720006227,0.30687738248069696,21.923976358343754,1,6,4,1,2,2.25,2023
2023-11-17 10:45:00,2023-11-17 15:30:00,long,1988.65,1985.18,stop,-20.06346169525728,9045.068319885584,-1.1066282420749582,0.05187319884734717,3.4351585014410126,1.0044713240805139,0.858620689655216,1.671469740633961,1.5100864553315108,17,0.9839057691510935,0.3578112554530666,21.923976358343754,1,11,4,1,3,2.5,2023
2023-11-20 03:00:00,2023-11-20 10:15:00,long,1980.59,1977.1585714285713,stop,-20.04073838402607,9025.027581501558,-1.1078268109908302,0.14571190674437842,4.091590341382135,0.992098218549703,0.7743467933491598,2.4537885095753538,0.15736885928391808,21,0.5509393038408538,0.36783673009499473,21.814901665919898,1,3,0,1,4,59.5,2023
2023-11-21 04:30:00,2023-11-21 10:45:00,long,1992.4,1987.987142857143,stop,-19.563478370260288,9005.464103131297,-1.0838459048235602,0.8203302039495799,4.473292327614083,1.251856398548813,0.9376623376623375,1.7449012625445817,6.920686306247997,3,0.860795582787263,0.14229040434194928,20.9186809370767,1,4,1,1,5,18.25,2023
2023-11-21 15:00:00,2023-11-21 16:30:00,long,1991.21,2002.2371428571428,target,52.21979184559646,9057.683894976893,2.899339292654505,0.7127866303925202,2.089389817333966,0.9964765407973135,0.7764705882353151,1.3874854255732596,2.8130586863584237,5,0.5295460141522617,0.17814394539044098,20.9186809370767,1,15,1,1,6,4.25,2023
2023-11-22 06:30:00,2023-11-22 10:00:00,long,1998.18,2005.8300000000002,target,51.71759902386832,9109.401494000762,2.854901960784327,0.2274509803921266,1.9137254901961067,0.7009626783188382,0.958677685950452,0.9490196078431585,0.41568627450977935,9,0.7928666690067298,0.3762671292242947,21.02006611899377,1,6,2,1,0,14.0,2023
2023-11-24 20:30:00,2023-11-27 03:15:00,long,2002.5,2014.23,target,42.946890732570665,9152.348384733332,2.357283887468045,0.07672634271104427,2.690537084398983,1.0917512845379187,0.8454545454545699,1.1253196930945406,0.3069053708439445,25,0.5351068648765902,0.146781155470177,21.201628358039045,1,20,4,1,0,58.5,2023
2023-11-27 06:30:00,2023-11-27 18:30:00,long,2013.04,2006.5185714285715,stop,-19.34323268694563,9133.005152046386,-1.0567360350492836,0.2974808324206022,1.444468784227843,1.815316860277248,0.9930555555555616,0.8832420591456444,2.925739320920056,27,0.975649237424308,0.2203412175603381,21.50239097865475,1,6,0,1,0,3.25,2023
2023-11-27 20:15:00,2023-11-28 16:15:00,long,2012.03,2027.5699999999997,target,53.493315890557156,9186.498467936943,2.9285714285714146,0.2393822393822003,2.2200772200772483,1.4192509889206428,0.9550561797753211,0.6872586872586854,0.007722007722000797,31,0.6527841200120561,0.3299544841722124,21.50239097865475,1,20,0,1,1,1.75,2023
2023-11-28 17:30:00,2023-12-01 17:15:00,long,2030.52,2052.437142857143,target,48.799046315667844,9235.29751425261,2.656019945248349,0.5037152913570334,4.664841611263159,2.0898152665010055,0.8582434514637794,1.7766914352757048,4.177551818537319,36,0.9422413069108682,0.32609585994416435,22.356647672173104,1,17,1,1,0,1.25,2023
2023-12-01 19:45:00,2023-12-04 01:15:00,long,2067.24,2096.335714285714,target,50.62582510569924,9285.923339358309,2.7408876123140393,0.7093828251582656,4.155251141552552,2.4287504089878125,0.9154929577464443,0.878479893946045,6.1039917513624635,55,1.7150780703592063,0.34087440553765,26.92752172888535,1,20,4,1,0,2.5,2023
2023-12-05 12:00:00,2023-12-06 09:45:00,short,2027.31,2033.2342857142858,stop,-19.731747399668514,9266.19159195864,-1.0624547865927163,0.3983602604292406,3.7270315891004784,1.0728225403974012,0.7781690140845423,0.958765372558432,2.130214612973179,5,0.5477747668521737,0.1389988321652158,31.549850449718353,0,12,1,0,0,34.75,2023
2023-12-06 11:15:00,2023-12-06 15:15:00,short,2022.76,2028.4085714285713,stop,-19.74631521341494,9246.445276745226,-1.0655032878098014,0.6054628224582835,4.018715225088489,0.9837768463698753,0.6161616161615859,1.051593323217006,-0.09914011127970718,10,0.5042602402843215,0.2851988912855319,33.47397676672415,0,11,2,0,1,1.5,2023
2023-12-08 16:00:00,2023-12-11 16:30:00,short,2010.4,1989.4342857142858,target,50.77509264955256,9297.220369394778,2.7456547424366273,1.14472608340147,4.627555192150399,1.165775018766311,0.9143446852425026,2.7730989370400767,5.860997547015532,3,0.6105301120186409,0.084344688077298,36.986439087097,0,16,4,0,2,48.75,2023
2023-12-11 16:45:00,2023-12-12 15:00:00,short,1986.75,1991.8214285714284,stop,-19.951049232126245,9277.269320162652,-1.0729577464788544,0.4653521126760844,3.454647887323962,0.9686232021637071,0.9233226837060701,1.2343661971831494,2.4253521126761077,9,1.3204449956194666,0.5371486220690613,37.0792698208639,0,17,0,0,0,0.25,2023
2023-12-12 15:30:00,2023-12-13 21:00:00,short,1985.27,1990.8828571428571,stop,-21.328600369406818,9255.940719793245,-1.149508526342581,0.22448460167985584,2.3517434461694786,1.2386425583060214,0.8905394839718476,4.557393738864923,-0.28862305930260235,14,1.193908804505158,0.6039743111520335,36.22643353625087,0,15,1,0,1,0.5,2023
2023-12-13 23:45:00,2023-12-20 23:45:00,long,2027.48,2030.91,time_stop,-6.6715726092670415,9249.269147183979,-0.3603940869565156,0.009739130434773726,4.14237681159419,2.855168475629695,0.9142857142857839,0.22724637681157148,7.367652173913041,1,1.3663489308073893,-0.22418209887035134,35.43451412911031,1,0,2,1,2,2.75,2023
2023-12-22 01:00:00,2023-12-22 13:15:00,long,2048.72,2058.3542857142857,target,53.36433311342433,9302.633480297403,2.884786476868368,1.7313167259784876,2.10498220640576,0.8024469634941085,0.6049382716048777,2.017793594306054,6.190391459074621,37,0.659725044346844,0.18123691027642774,37.219237504968824,1,1,4,1,3,25.25,2023
2023-12-22 14:15:00,2023-12-22 15:00:00,long,2063.68,2058.8842857142854,stop,-20.04070459622004,9282.592775701183,-1.0771522192433696,0.3169496574321224,4.1036639857014485,1.220313105855022,0.8483412322274198,1.7599046767948072,5.705093833779911,40,0.8810358402000396,0.27856244520529927,37.219237504968824,1,14,4,1,0,1.0,2023
2023-12-22 15:45:00,2023-12-22 17:45:00,long,2067.12,2059.6499999999996,stop,-19.48474628152568,9263.108029419658,-1.04953145917003,0.294511378848699,2.417670682730937,1.8825887245092678,0.6987087517934046,1.8661311914323115,3.665327978580944,41,1.4382831112839745,0.3425363889803412,37.219237504968824,1,16,4,1,1,0.75,2023
2023-12-26 01:00:00,2023-12-26 04:15:00,long,2054.2,2064.0271428571427,target,53.48606642368753,9316.594095843346,2.8870475359790486,0.07937200174422758,1.2943741822941328,0.819383987975469,0.08272506082718196,2.509376362843205,-2.0087221979938468,44,0.6015962362091164,0.3554170611416385,39.01140673984271,1,1,1,1,2,79.25,2023
2023-12-26 08:30:00,2023-12-26 10:30:00,long,2064.7,2062.6214285714286,stop,-21.95002375295432,9294.644072090392,-1.1780068728521431,0.19243986254278392,3.0597938144328896,0.5401763926519204,0.7759999999998399,1.2027491408934934,1.1546391752575786,46,0.9486487836937806,0.38486454005524084,39.01140673984271,1,8,1,1,0,4.25,2023
2023-12-26 21:15:00,2023-12-26 23:15:00,long,2060.37,2068.7057142857143,target,53.2924785048597,9347.936550595252,2.866838046272495,0.3311053984576051,2.051413881747978,0.7332733791760205,0.8479999999999563,0.899742930591247,1.8354755784059475,49,0.5649310444779535,0.32438505080341073,39.01140673984271,1,21,1,1,1,10.75,2023
2023-12-27 08:15:00,2023-12-27 12:15:00,long,2066.47,2064.2671428571425,stop,-21.836100814036826,9326.100449781216,-1.1679636835279097,0.2814526588845063,1.9338521400774409,0.5982507373463178,0.7738693467335581,1.8067444876784926,1.0077821011669834,52,0.7203808958455201,0.3222909446602751,40.156127930984454,1,8,2,1,0,9.0,2023
2023-12-27 14:15:00,2023-12-27 14:45:00,long,2068.98,2065.7257142857143,stop,-20.772885725280467,9305.327564055935,-1.1136962247585371,0.12291483757670646,4.510974539069319,0.8843060424830105,0.9621621621620811,1.1369622475857923,1.2168568920105118,53,0.8373568288519163,0.32158040134042665,40.156127930984454,1,14,2,1,1,2.0,2023
2023-12-27 17:00:00,2023-12-28 03:45:00,long,2072.04,2086.9242857142854,target,54.44407028552112,9359.771634341456,2.9254247048660824,0.221710336884614,2.878203282464713,1.3406980148172745,0.7058823529411402,1.7817448891448835,2.410596026490104,54,0.7842308293617258,0.33082106980988346,40.156127930984454,1,17,2,1,2,2.25,2023
2023-12-28 04:45:00,2023-12-28 08:30:00,long,2087.94,2084.327142857143,stop,-20.63664951881691,9339.134984822638,-1.102412020561487,0.14946619217080864,4.68327402135234,0.9767857286545354,0.8230769230769029,1.4393040727559818,5.77935943060502,57,1.4101556543663185,0.4299936058331344,41.50701583349962,1,5,3,1,0,1.0,2023
2024-01-03 15:45:00,2024-01-03 17:00:00,short,2040.93,2047.8700000000001,stop,-19.674085515577552,9319.460899307061,-1.0533141210374735,0.1296829971181689,3.5389048991353786,1.7597809631763977,0.2861635220125476,0.9164265129682538,4.556195965417793,6,1.0604458371377987,0.13429182151851737,45.284687535485276,0,16,2,0,1,151.25,2024
2024-01-05 11:45:00,2024-01-05 15:30:00,short,2038.82,2027.3342857142857,target,54.11546661008078,9373.576365917143,2.9033582089552237,1.17014925373135,3.071641791044838,0.8950818508656159,0.8518518518519,1.551492537313331,2.9149253731344142,17,0.6519143662791183,0.2264363816633974,43.661876364579015,0,12,4,0,2,42.75,2024
2024-01-08 13:00:00,2024-01-08 17:00:00,short,2025.62,2029.9185714285713,stop,-20.360815928094166,9353.215549989049,-1.0860751080093214,0.39082751744772876,2.4287138584247634,0.9376192862688614,0.8809523809523981,1.1724825523429747,3.2289797274842726,23,0.9048307525717888,0.22912460737064544,43.33641657213973,0,13,0,0,0,69.5,2024
2024-01-08 19:45:00,2024-01-09 02:15:00,short,2027.62,2033.7657142857142,stop,-19.832643479079824,9333.382906509969,-1.0602045560204716,0.04230590423062618,2.964667596466744,1.2903596705113627,0.41836734693885125,0.31892143189215094,-2.8247326824732313,25,0.8282857705859338,0.30758693294942185,43.33641657213973,0,20,0,0,1,2.75,2024
2024-01-09 07:15:00,2024-01-09 08:30:00,short,2031.76,2034.5428571428572,stop,-21.148640733745548,9312.234265776224,-1.132956878850139,0.309034907597585,2.292607802874807,0.6010961982773979,0.9315068493151218,1.0492813141682518,0.5605749486652841,27,0.5137168653890898,0.35547855755460045,42.52815793303415,0,7,1,0,2,5.0,2024
2024-01-10 07:45:00,2024-01-10 09:30:00,short,2026.6,2029.9342857142856,stop,-20.691194045550798,9291.543071730674,-1.1109682947729236,0.3718937446444632,2.8251928020566144,0.738608568840405,0.5563909774436463,1.5955441302484343,3.077120822622214,34,0.5857461047860789,0.17242611420863474,41.7776320538647,0,8,2,0,3,23.25,2024
2024-01-10 19:45:00,2024-01-11 03:45:00,short,2024.06,2029.432857142857,stop,-19.862804120370935,9271.680267610303,-1.0688646636532904,0.22334485509178367,1.8909864397766447,1.1668098291551143,0.4338461538461791,1.2097846317468866,2.304174421696398,37,0.6337684472916163,0.1767407749165062,41.7776320538647,0,20,2,0,4,10.25,2024
2024-01-12 15:45:00,2024-01-12 18:45:00,long,2056.09,2049.3142857142857,stop,-19.555953910431285,9252.124313699873,-1.054606788952164,0.05313092979135718,3.4830276196499925,1.4707347278129161,0.8694516971279349,1.1305081172253617,5.3160446974489295,4,1.0185579941729448,0.015811934201415134,39.20091619600922,1,16,4,1,5,36.0,2024
2024-01-15 03:30:00,2024-01-16 07:15:00,long,2050.86,2047.9757142857143,stop,-27.752312821167866,9224.372000878704,-1.499780584447739,1.05398712233774,2.4824170381377084,0.6479122959730365,1.0,1.4908370480435946,2.7597820703317595,6,0.5832464190534461,0.16493642143033949,38.66053596546315,1,3,0,1,6,56.75,2024
2024-01-16 19:45:00,2024-01-19 14:00:00,short,2025.28,2033.18,stop,-21.504089536853666,9202.867911341851,-1.165612658227856,0.015189873417707654,4.215189873417731,1.8260706254003036,0.8449612403101261,0.6531645569620047,3.1088607594936537,3,0.8094655998417358,-0.006052458813177175,38.15875432281323,0,20,1,0,7,12.5,2024
2024-01-29 15:45:00,2024-01-29 16:15:00,long,2036.88,2032.8942857142858,stop,-20.114368646366536,9182.753542695484,-1.0928315412186385,0.5569892473118946,5.1835125448028565,1.019659199926903,0.7226890756302995,1.1942652329748569,4.3154121863800174,4,0.645041480303037,0.04381589912050288,21.746133043350778,0,16,0,1,8,241.75,2024
2024-01-29 19:15:00,2024-01-30 16:15:00,long,2029.98,2047.6842857142858,target,53.945064869071416,9236.698607564555,2.9373033163882836,0.7218591140160108,2.4875332849188676,1.4989148651008461,0.9239436619718351,1.2030985233599407,-0.43718228031952105,4,0.645041480303037,0.04381589912050288,21.746133043350778,0,19,0,1,9,3.0,2024
2024-01-31 16:00:00,2024-01-31 21:00:00,long,2044.29,2040.2714285714285,stop,-20.174289457830277,9216.524318106724,-1.0920725204408093,0.5673658016351947,3.5684322787060014,1.0715926830371756,0.9756756756756366,1.8414504088162111,3.354425879843548,16,0.5709427110801678,0.16340254336568716,20.705512859306623,1,16,2,1,0,23.75,2024
2024-02-02 06:00:00,2024-02-02 11:45:00,long,2055.37,2052.7871428571425,stop,-21.073623634433414,9195.45069447229,-1.1432522123894528,0.02323008849537754,2.6327433628318735,0.636385368650934,0.7924528301884283,0.8207964601769315,-0.13938053097367376,25,0.8141938290604204,0.2634699992863476,21.39389101367239,1,6,4,1,1,33.0,2024
2024-02-02 13:30:00,2024-02-02 15:15:00,long,2055.8,2052.595714285714,stop,-20.514505249728796,9174.936189222562,-1.1154703522069225,0.11859117253681122,1.8537672759697807,0.7866449225805547,0.6796116504855698,0.6428889879626537,-0.006241640659682781,27,0.6333583620666674,0.3008850423531273,21.39389101367239,1,13,4,1,2,1.75,2024
2024-02-05 15:00:00,2024-02-05 19:30:00,short,2021.77,2024.8828571428571,stop,-20.530972399563876,9154.405216823,-1.1188618632400302,0.5589720055071961,3.6236805874253863,0.7304767598433195,0.5986842105263768,0.9765947682423131,0.8866452501148123,6,0.7290629520336986,0.12700928738119677,21.727636481223506,0,15,0,0,3,71.75,2024
2024-02-08 15:45:00,2024-02-08 16:15:00,short,2021.02,2025.8828571428571,stop,-19.701872097075853,9134.703344725924,-1.0760869565217537,0.2961222091657029,4.672150411280872,1.2538445954656579,0.9613899613899953,1.0652173913043295,5.856639247943684,1,0.6067922921017537,0.01969883290221519,20.29923175291073,0,16,3,0,4,68.25,2024
2024-02-12 15:45:00,2024-02-13 08:45:00,short,2019.07,2022.8999999999999,stop,-20.034336317414255,9114.66900840851,-1.0966057441253096,0.7467362924282333,3.6657963446475175,1.1853729575280059,0.8533333333333455,1.958224543080944,0.8459530026110296,9,0.5092672775434388,0.16758431478749447,18.428991095087603,1,16,0,0,5,95.5,2024
2024-02-13 15:45:00,2024-02-14 17:00:00,short,2004.31,1984.282857142857,target,52.39649692900861,9167.065505337518,2.8742950995078123,1.9323774876952742,6.27348598330835,2.141766567839713,0.8560924369748011,2.85212925315641,6.686924887652485,15,1.0650411224941774,0.18211410615661672,17.229789627893666,1,16,1,0,6,7.0,2024
2024-02-14 21:30:00,2024-02-15 02:45:00,short,1989.83,1994.2585714285713,stop,-19.86591808543748,9147.19958725208,-1.0835483870967522,0.1535483870968399,2.6554838709676885,1.2982627882810842,0.9565217391304778,0.5193548387097184,-1.7477419354838215,22,0.9492234667696973,0.5119990278843245,17.375273232216365,1,21,2,0,0,4.5,2024
2024-02-15 05:15:00,2024-02-15 09:15:00,short,1991.99,1993.9314285714286,stop,-21.78096973094022,9125.41861752114,-1.190581309786609,0.030905077262665236,2.379690949227331,0.5949479767099062,1.0,0.9374540103017824,0.9374540103017824,24,0.9087563511061719,0.4522837486044762,17.79464277905867,1,5,3,0,1,2.5,2024
2024-02-19 04:30:00,2024-02-19 14:30:00,long,2021.92,2017.1885714285715,stop,-19.678061523652044,9105.740555997489,-1.0782004830917804,0.5072463768116151,2.8955314009662505,1.4409632526090803,0.779411764705918,1.1497584541062955,3.7874396135265975,3,0.5604947434202435,0.04320162941073846,16.404647940318966,0,4,0,1,2,91.25,2024
2024-02-20 12:15:00,2024-02-21 02:00:00,long,2026.48,2023.3557142857144,stop,-20.368213443044983,9085.372342554443,-1.1184270690443445,0.883401920439041,2.8038408779149195,0.9766608425765071,0.9079497907949715,1.5299497027892965,4.519433013260208,11,0.5510003925494227,0.1452663111090713,15.387989693894841,0,12,1,1,3,21.75,2024
2024-02-21 12:45:00,2024-02-21 13:15:00,long,2029.97,2027.6171428571429,stop,-21.028196338686445,9064.344146215757,-1.1572556162719776,0.1785063752277124,3.2641165755918204,0.7792906775125181,0.8496240601503592,1.1305403764421142,0.04250151791131408,17,0.506339647760597,0.24559115709472668,14.907457194144119,1,13,2,1,4,10.75,2024
2024-02-21 15:00:00,2024-02-21 15:15:00,long,2030.88,2028.4057142857143,stop,-20.839618008216537,9043.50452820754,-1.1495381062355625,0.5739030023094853,2.2956120092379413,0.8183974035255804,0.8504672897196629,1.7297921478060465,3.6778290993072233,17,0.506339647760597,0.24559115709472668,14.907457194144119,1,15,2,1,5,1.75,2024
2024-02-23 20:45:00,2024-02-23 22:30:00,long,2040.44,2035.957142857143,stop,-19.579850148069376,9023.924678059471,-1.082536647546202,0.2899936265137488,2.9757807520714694,1.425362103521934,0.6288209606987237,1.0216698534098174,5.755258126195174,2,0.7366917501876014,0.07377537924164734,14.35467716849803,1,21,4,1,6,53.5,2024
2024-02-29 15:45:00,2024-03-01 10:15:00,long,2047.61,2042.6057142857142,stop,-19.382246439543085,9004.542431619928,-1.0739366257493572,1.4507564944332874,6.362546388809585,1.7247891250806662,0.7870563674321152,1.9143591207537052,5.227519269197772,7,0.7643296798164272,0.13260834373289843,15.023009119120553,1,16,3,1,7,137.25,2024
2024-03-01 12:00:00,2024-03-01 17:15:00,long,2048.84,2062.5328571428568,target,52.56736320330915,9057.109794823236,2.918935837245659,0.6046948356808154,3.715805946791971,1.5905380822690263,0.913580246913653,1.4197183098590977,1.064788732394423,12,0.521566791792147,0.23668067882653965,15.756812270046876,1,12,4,1,8,1.75,2024
2024-03-01 17:30:00,2024-03-01 20:15:00,long,2065.39,2086.6299999999997,target,53.396011699988705,9110.505806523224,2.9477401129943357,0.49999999999999767,5.096045197740131,2.382728105891001,0.9024999999999181,1.1299435028248652,2.5169491525423457,13,0.7246985593401292,0.23389837405849434,15.756812270046876,1,17,4,1,0,0.25,2024
2024-03-01 20:30:00,2024-03-04 03:45:00,long,2088.0,2079.49,stop,-23.601712741579924,9086.904093781644,-1.295301997649836,0.1551116333724671,4.256169212690938,2.728318845834595,0.8888888888888025,0.5499412455934479,8.547591069330085,14,2.1564618335829375,0.3428678411626418,15.756812270046876,1,20,4,1,0,0.25,2024
2024-03-04 08:00:00,2024-03-04 09:45:00,long,2082.47,2088.0499999999997,target,50.906204654410516,9137.810298436056,2.801075268817169,0.2580645161287979,2.161290322580883,0.6031070202290206,0.6689189189187632,1.5913978494623873,1.225806451612768,17,1.6374140254632543,0.6116495317727288,18.00214055195001,1,8,0,1,1,4.25,2024
2024-03-04 15:30:00,2024-03-04 16:15:00,long,2084.91,2094.668571428572,target,52.74808017683152,9190.558378612886,2.8862538427756266,0.26438296003502293,2.065876152832672,1.0445383363422274,0.7831050228309934,2.693017127799698,-0.5841018884498594,18,1.691527006918752,0.6947583548759795,18.00214055195001,1,15,0,1,0,5.75,2024
2024-03-04 16:30:00,2024-03-04 18:00:00,long,2098.36,2115.6700000000005,target,53.9646651416648,9244.52304375455,2.935875216637794,0.3396880415944538,5.636048526863052,1.8441589078415555,0.7687500000000005,2.218370883882138,5.074523396880432,19,1.8660043894235454,0.7762194221313523,18.00214055195001,1,16,0,1,0,0.25,2024
2024-03-04 18:30:00,2024-03-06 16:45:00,long,2117.26,2147.5900000000006,target,52.830922157126224,9297.353965911676,2.857417408506431,0.20573689416427404,5.091988130563691,3.1566417099777273,0.7685950413223436,0.9574678536103036,6.818991097922813,19,1.8660043894235454,0.7762194221313523,18.00214055195001,1,18,0,1,0,0.5,2024
2024-03-06 20:15:00,2024-03-06 21:00:00,long,2150.75,2141.5685714285714,stop,-19.344051226415125,9278.00991468526,-1.040298739691917,0.1720865100357774,2.404854519993752,2.1546718221147048,0.9327354260089283,0.9715263731134289,2.529018204449987,32,2.2632637448455712,0.8623818830957308,23.95321926254356,1,20,2,1,0,3.5,2024
2024-03-06 23:30:00,2024-03-07 15:00:00,long,2147.7,2164.2642857142855,target,54.42459011274086,9332.434504798002,2.932988357050441,0.08693402328581983,2.9340232858990545,1.2690412623102556,0.9315589353611089,0.9526520051746815,1.5793014230270446,32,2.2632637448455712,0.8623818830957308,23.95321926254356,1,23,2,1,1,2.5,2024
2024-03-07 21:30:00,2024-03-08 05:00:00,long,2159.7,2154.9214285714284,stop,-20.11007112424035,9312.324433673763,-1.0774289985052312,0.19671150971590867,1.669955156950758,0.9737123145862255,0.8062015503875914,0.5399103139013257,1.908520179372159,38,1.9817130445793993,0.91698973915737,26.975253955742556,1,21,3,1,0,6.5,2024
2024-03-08 08:30:00,2024-03-08 15:30:00,long,2161.3,2158.051428571429,stop,-20.745925937110236,9291.578507736653,-1.1138962181177925,1.262093227792535,1.7669305189093252,0.6699705255197996,0.7951070336392594,2.013192612137171,3.10290237467013,41,1.5962443121033343,0.8224688114715217,29.967343973056277,1,8,4,1,1,3.5,2024
2024-03-08 18:30:00,2024-03-12 15:30:00,long,2177.68,2163.2085714285713,stop,-23.18614997417759,9268.392357762476,-1.247697038499518,0.016584402764052236,1.9141164856860906,2.7863574839805927,0.7499999999999225,0.6080947680158143,1.4345508390917754,43,1.9366969645127745,0.7853762637462625,29.967343973056277,1,18,4,1,2,3.0,2024
2024-03-13 20:00:00,2024-03-14 06:30:00,long,2177.95,2171.49,stop,-19.598489103256252,9248.793868659219,-1.0572755417956654,1.0247678018575626,2.656346749225969,1.1959851714060297,0.9350393700786699,1.5727554179567658,4.687306501547922,62,0.6776061278314409,0.08317271478202048,37.092687308405004,1,20,2,1,3,28.5,2024
2024-03-21 01:00:00,2024-03-21 17:15:00,long,2193.24,2180.4785714285713,stop,-19.033899751643176,9229.759968907576,-1.0289936191648785,0.7021157505876334,4.145303929251095,3.103914060068211,0.9456681350953967,1.0672786297996009,5.555804321056675,1,1.1937105087502924,0.04490308679467869,39.977537906457265,1,1,3,1,4,162.5,2024
2024-03-28 05:15:00,2024-03-28 13:15:00,long,2193.92,2205.744285714285,target,53.64567990627009,9283.405648813847,2.90612540775638,1.1264951069229772,2.217470097861587,0.7142556654725392,0.8411764705882503,1.7252627763683719,0.47698441464303537,16,0.5016295449828954,0.20115992272917715,44.424713431813586,1,5,3,1,5,156.0,2024
2024-03-28 13:30:00,2024-03-28 16:45:00,long,2210.92,2204.5242857142857,stop,-19.640924347903663,9263.764724465944,-1.0578512396694209,0.7817735090462287,5.509939691757785,1.2762015165048246,0.8940568475452543,2.420370784007056,4.140272503908901,18,0.6653640109485717,0.27546026854032846,44.424713431813586,1,13,3,1,0,0.25,2024
2024-03-28 19:15:00,2024-04-01 02:45:00,long,2219.06,2247.0671428571427,target,48.46877968651918,9312.233504152464,2.616041162968622,0.462739097169059,3.1513389441469135,1.7906991878829692,0.9525691699604313,1.0840091813313804,1.6645753634276954,19,1.4964936792547208,0.34534189794106496,44.424713431813586,1,19,3,1,1,2.5,2024
2024-04-01 03:00:00,2024-04-01 17:00:00,long,2247.38,2237.4957142857143,stop,-19.32163957011338,9292.911864582351,-1.037433155080227,0.016187310304942627,5.588668882786595,1.9284473743346267,0.534954407294836,1.3314062725827274,5.362046538517123,21,2.0486845321642075,0.4948436229283537,45.91667605456451,1,3,0,1,0,0.25,2024
2024-04-01 22:45:00,2024-04-02 07:45:00,long,2244.64,2258.4014285714284,target,54.25833436225186,9347.170198944603,2.9193397695422116,1.2992837122391991,3.038928682653323,0.8198324037204263,0.9949109414758314,1.7134848956710766,2.1538461538462,26,1.4335525226072123,0.963731943802304,45.91667605456451,1,23,0,1,1,5.75,2024
2024-04-02 10:45:00,2024-04-02 17:00:00,long,2256.37,2271.262857142857,target,54.68968762156569,9401.859886566168,2.9254676258992665,0.13697841726606425,1.5389928057554818,0.8920873774984174,0.5576208178438549,1.0837410071942808,1.9418705035970303,29,1.867197225027838,0.8198110388613955,47.669328611174585,1,11,1,1,0,3.0,2024
2024-04-02 17:15:00,2024-04-02 17:30:00,long,2275.12,2265.3371428571427,stop,-19.514900179271926,9382.344986386895,-1.0378212616822635,0.20035046728972597,4.268691588785032,1.7238921623386034,0.7167449139280154,1.3063668224298977,2.9684579439252685,31,1.6603349872948512,0.7402587188876542,47.669328611174585,1,17,1,1,0,0.25,2024
2024-04-02 20:30:00,2024-04-03 19:30:00,long,2262.74,2294.1671428571426,target,55.63130506042543,9437.976291447321,2.9646802127369245,0.06491204145637046,2.2146461202781653,1.7829919153850857,0.6289308176100054,0.6071185053866608,0.1565525705713332,32,1.6639237160171172,0.7567908312540617,47.669328611174585,1,20,1,1,1,3.0,2024
2024-04-03 21:30:00,2024-04-04 14:45:00,long,2297.17,2288.805714285714,stop,-19.710943482804367,9418.265347964518,-1.0442356959863521,0.3945345858241025,3.5269000853970853,1.2937219225193912,1.0,0.6695132365499987,3.2112724167378905,38,2.257332590119404,0.8776522713205059,49.458752010976845,1,21,2,1,0,2.0,2024
2024-04-04 17:15:00,2024-04-04 19:15:00,long,2297.44,2288.747142857143,stop,-19.638282783068686,9398.627065181448,-1.0425636811832302,0.7914543960558887,2.5814297452752246,1.3353541033747307,0.9930795847750931,1.3298274445357916,0.7684470008217272,43,1.3454020273169123,0.837519601737502,51.31017239941164,1,17,3,1,1,2.5,2024
2024-04-04 21:00:00,2024-04-04 22:30:00,long,2294.9,2288.1857142857143,stop,-19.833102815418865,9378.79396236603,-1.0551063829787126,0.25914893617017526,2.2936170212766327,1.0285092178315252,0.39961013645226867,1.5280851063829817,0.804255319149002,44,1.2029069318230137,0.7615208269206919,51.31017239941164,1,21,3,1,2,1.75,2024
2024-04-05 08:15:00,2024-04-05 13:00:00,long,2279.87,2295.877142857143,target,54.97203679360568,9433.765999159636,2.9306559571619824,0.041231593038698326,2.770013386880919,0.7836205472231205,0.7876447876447293,0.9708165997322956,3.482195448460419,47,0.6303430733256028,0.48632848622855995,53.06986427679487,1,8,4,1,3,9.75,2024
2024-04-05 15:15:00,2024-04-05 15:30:00,long,2296.48,2290.2414285714285,stop,-19.98653607149684,9413.779463088138,-1.0593084497366825,0.13464621021298534,2.0196931531943427,0.896786702558205,1.0,1.9748110831233963,2.9301580032058467,48,0.9971738113243247,0.4443767638916629,53.06986427679487,1,15,4,1,0,2.25,2024
2024-04-05 16:45:00,2024-04-08 05:15:00,long,2299.74,2332.045714285714,target,52.08896193468949,9465.868425022827,2.766633855133993,0.10029185460333677,3.5009286282833636,1.5351840592444914,0.5947643979057307,1.7736800212258312,1.625099495887511,49,1.0440207200614202,0.4229759308586267,53.06986427679487,1,17,4,1,1,1.25,2024
2024-04-08 05:30:00,2024-04-08 15:00:00,long,2344.65,2331.611428571429,stop,-19.468969220393088,9446.399455802433,-1.0283773419524442,1.7532595595486544,4.65541799057744,1.7999391112960692,0.6511363636363635,4.049523392133286,5.511339980278396,52,1.2860107746398948,0.6104482582861781,54.91133568972459,1,5,0,1,0,0.25,2024
2024-04-08 20:15:00,2024-04-09 11:30:00,long,2332.11,2358.338571428572,target,55.87884854558208,9502.278304348016,2.9576797385621143,0.12581699346409334,1.6607843137254288,1.1397992314425722,1.0,0.7937908496732574,-0.1486928104575365,56,1.6588459303604937,0.8399431167480209,54.91133568972459,1,20,0,1,1,5.25,2024
2024-04-09 12:00:00,2024-04-09 14:30:00,long,2359.42,2352.2685714285717,stop,-19.987812733676176,9482.29049161434,-1.0517379145025794,0.06432281262485592,4.1586096683979346,0.9535911663601545,0.9955555555556607,0.6292449061126713,3.828605673192224,60,2.3161359281811684,0.8167940761121262,56.78597722036947,1,12,1,1,0,0.5,2024
2024-04-09 17:00:00,2024-04-09 17:30:00,long,2361.42,2351.3357142857144,stop,-19.660405671521236,9462.63008594282,-1.0366907493979387,0.09718090381078602,3.012608018132924,1.3199954186304224,0.8958031837916332,1.3704490721065168,0.3173254001983138,61,1.8485378454884218,0.8206783609131962,56.78597722036947,1,17,1,1,1,2.5,2024
2024-04-09 22:45:00,2024-04-10 04:00:00,long,2351.13,2344.8942857142856,stop,-20.048202298923655,9442.581883643896,-1.0593356242841088,0.3720504009164787,2.363802978235928,0.7958596457908006,0.8724137931034899,0.930126002290978,3.4639175257732466,62,1.5562080907573526,0.8132986523269992,56.78597722036947,1,23,1,1,2,5.25,2024
2024-04-10 07:45:00,2024-04-10 12:15:00,long,2356.2,2351.3671428571424,stop,-20.33099806103005,9422.250885582866,-1.076559266922889,0.14070351758781013,2.8595920780373407,0.6411963438730572,0.8087248322147114,1.2332249482707591,1.8953591486845478,65,1.6785277411538437,0.7594256133969912,58.599423911132504,1,8,2,1,3,3.75,2024
2024-04-11 01:45:00,2024-04-11 11:15:00,long,2335.98,2330.9314285714286,stop,-20.22557872609784,9402.025306856767,-1.0732880588567917,0.015846066779837974,3.38313525749847,0.6344532912040263,0.4068965517241617,0.5744199207697571,-0.6893039049234924,69,0.5020854394012851,0.47195441119007864,59.21488335837023,1,2,3,1,4,13.5,2024
2024-04-11 19:30:00,2024-04-11 23:15:00,long,2347.76,2376.114285714286,target,55.67601987183148,9457.701326728598,2.960852478839199,0.2031438935913034,3.064087061668714,1.1609533791497817,0.8947368421052725,1.0855501813785096,1.7626964933495528,73,0.6708609065759864,0.22953201143445234,59.21488335837023,1,19,3,1,5,8.25,2024
2024-04-11 23:30:00,2024-04-12 11:00:00,long,2377.45,2400.2499999999995,target,55.82532651540016,9513.526653243998,2.951315789473658,0.34473684210524996,5.392105263157855,0.9282456244938153,0.972222222222157,0.6631578947368396,7.813157894736763,74,0.9609366126433014,0.24969601305127043,59.21488335837023,1,23,3,1,0,0.25,2024
2024-04-12 16:30:00,2024-04-12 18:00:00,long,2402.53,2429.062857142857,target,56.28516463495752,9569.811817878955,2.9581650783395324,0.6083023744144953,2.1437570667097807,1.0824289961939526,0.8340929808569059,2.4806977871103184,1.5806816346309962,79,2.1616860780683043,0.7889218515658047,59.97702764488816,1,16,4,1,0,5.5,2024
2024-04-16 01:00:00,2024-04-16 09:30:00,long,2387.74,2378.452857142857,stop,-19.902146712463505,9549.909671166492,-1.0398400246116124,0.05168435625283735,4.436240578372555,1.0301568337585878,1.0,1.5289955391478094,6.869712351945801,6,1.3652358637632496,0.2146120727548162,61.734770110198475,1,1,1,1,0,79.0,2024
2024-04-16 13:00:00,2024-04-16 16:45:00,long,2374.51,2367.0800000000004,stop,-20.050954356688226,9529.858716809804,-1.0497981157469451,0.36069986541053567,2.7510094212651985,0.8111838667834713,0.8150851581509149,1.1063257065949152,-2.9286675639299085,9,0.57842337912001,0.3729115923609694,61.734770110198475,1,13,1,1,1,3.5,2024
2024-04-16 17:45:00,2024-04-17 19:30:00,long,2382.83,2369.2571428571428,stop,-21.0839613336738,9508.77475547613,-1.1062053468055937,0.5363645932006931,2.314914219555825,1.4625065300778115,0.9539666993143728,1.5044732133459582,1.8758025471002946,10,0.8060926724209749,0.4006384347720937,61.734770110198475,1,18,1,1,2,1.0,2024
2024-04-18 16:15:00,2024-04-18 16:30:00,long,2390.84,2382.7085714285713,stop,-19.88289478912132,9488.891860687008,-1.0455024595924256,0.6813070976809394,2.216092761770922,0.8855164313314583,0.9366515837104145,2.174279690794095,2.963808854532671,4,0.671209955309486,0.10800677427060812,62.54521618848298,1,16,3,1,3,20.75,2024
2024-04-19 19:45:00,2024-04-19 22:45:00,long,2399.6,2389.5414285714287,stop,-19.675872910954087,9469.215987776055,-1.0367845476494622,0.7158074137196254,2.065899730151946,1.0354782937991303,1.0,0.8768640818065344,3.6048856696492266,11,1.0087083412218034,0.20174743410332763,62.69422290623215,1,20,4,1,4,27.25,2024
2024-04-22 13:30:00,2024-04-22 14:15:00,short,2356.79,2340.217142857143,target,55.54685685717922,9524.762844633235,2.933023015257305,0.3801396431342777,2.0853374709075907,0.6379773461948931,0.9693251533742588,1.1802430824928007,0.9050943884147902,2,0.6636913608824967,-0.08335716015872574,63.11625494773192,0,13,0,0,5,62.75,2024
2024-04-22 15:45:00,2024-04-23 04:45:00,short,2336.83,2304.8971428571426,target,56.48640727132623,9581.24925190456,2.965239565159027,0.09206817876799421,4.445577774795262,1.225785334706568,0.5773542600896916,1.6760166420614666,4.261441417259444,3,1.534828139589722,0.04336652135121799,63.11625494773192,0,16,0,0,0,1.5,2024
2024-04-23 09:30:00,2024-04-23 10:15:00,short,2299.67,2308.022857142857,stop,-20.011324758723585,9561.237927145838,-1.0442962202838912,0.38070805541307146,3.215666153583031,0.9793296594280619,0.8506151142355183,1.3624080725158485,2.6362237044638004,7,2.410278486906493,0.6379969703460997,61.24290926652607,0,9,1,0,0,4.75,2024
2024-04-23 12:00:00,2024-04-23 15:00:00,short,2297.27,2306.365714285714,stop,-19.90034945979816,9541.33757768604,-1.0406784985079172,0.3408198523637902,2.724359981152788,1.0615595911542246,0.8415977961432429,1.5963562117167103,3.076174022302546,8,2.349196786544226,0.7499248501268596,61.24290926652607,0,12,1,0,1,1.75,2024
2024-04-23 22:30:00,2024-04-24 06:45:00,short,2322.41,2327.9799999999996,stop,-20.350285533735473,9520.987292152304,-1.0664272890484403,0.05026929982058522,3.134649910233454,0.6375005748173659,0.49130434782609556,0.8258527827648912,-0.807899461400373,10,0.9690650075328898,0.7201436353136415,61.24290926652607,0,22,1,0,2,7.5,2024
2024-04-24 10:00:00,2024-04-24 17:45:00,short,2323.58,2329.3757142857144,stop,-20.257619498609003,9500.729672653695,-1.0638402760660333,0.22775449839776957,2.3983238846438026,0.7076857104440085,0.6984815618221618,1.5908306630514821,0.034508257332971616,13,0.8962761255527781,0.5767046633562201,58.293697307056696,0,10,2,0,3,3.25,2024
2024-04-24 21:15:00,2024-04-25 14:15:00,short,2321.53,2329.76,stop,-19.855716934342766,9480.873955719353,-1.0449574726609796,0.07290400972046701,2.1093560145808348,0.9827504773764769,0.9051383399208627,0.6148238153098796,0.11907654921015137,16,0.7695935661367524,0.42069357369955984,58.293697307056696,0,21,2,0,4,3.5,2024
2024-04-30 14:30:00,2024-04-30 17:45:00,short,2311.82,2295.311428571429,target,55.61029754816211,9536.484253267516,2.9327622014537544,0.15628245067491647,2.0825545171339885,0.8264125188337955,0.9110169491525146,0.8577362409137026,1.6718587746625004,4,0.923710418371819,0.09432303064826897,49.26369306487545,0,14,1,0,5,120.25,2024
2024-04-30 20:15:00,2024-05-01 16:30:00,short,2292.42,2302.865714285714,stop,-19.748556422726463,9516.73569684479,-1.035421225382926,0.1435995623632405,1.765317286652065,1.5623959444371984,0.8172484599589542,0.9324398249452874,2.445021881838105,6,1.5384601438027339,0.2820895887451491,49.26369306487545,0,20,1,0,0,2.5,2024
2024-05-02 11:45:00,2024-05-03 15:30:00,short,2303.98,2310.7285714285713,stop,-21.400241658847726,9495.335455185941,-1.1243477984758385,0.07112616426750482,4.38907705334472,1.0152585181341285,0.7652811735941315,1.2121083827265402,4.187552921253187,1,0.5631114124040706,0.11165113210486188,43.009508156388335,0,12,3,0,1,19.25,2024
2024-05-07 03:45:00,2024-05-07 04:15:00,long,2329.2,2325.282857142857,stop,-20.784465135675966,9474.550990050266,-1.094456601021104,0.44930707512747387,3.16557257476313,0.5751628046003849,0.9187279151943377,1.4449307075127473,2.1546316557256753,5,0.6726427278303159,0.18366171984411928,35.03138688692701,1,4,1,1,2,84.25,2024
2024-05-09 17:00:00,2024-05-10 09:45:00,long,2333.17,2366.572857142857,target,56.217614201419515,9530.768604251685,2.9667693097254237,0.7005388760585224,3.1003335899409357,1.8287618198456121,0.8399999999999908,2.110597895817294,4.537336412625132,1,0.5327683736826831,0.009247213193774861,30.596060906671237,1,17,3,1,3,60.75,2024
2024-05-10 10:00:00,2024-05-10 15:45:00,long,2369.35,2363.5114285714285,stop,-20.269498582861672,9510.499105668823,-1.0633716662588697,0.10619035967700631,5.912405187178795,0.9777331658058533,0.49735449735444004,0.6474186444826194,6.58037680450211,5,1.3782251603660882,0.33837612098932546,29.42999146237322,1,10,4,1,0,0.25,2024
2024-05-13 03:30:00,2024-05-13 04:00:00,long,2363.6,2360.3371428571427,stop,-21.177932772079924,9489.321172896744,-1.1133975481610958,0.2819614711033368,2.114711033274747,0.561993757333673,0.7857142857142526,1.201401050788058,-0.17775831873902379,9,1.254148508565551,0.6289360601921423,29.252683548831637,1,3,0,1,1,59.75,2024
2024-05-14 20:45:00,2024-05-15 15:30:00,long,2355.86,2374.5242857142857,target,55.807231660213866,9545.128404556957,2.9405281285878297,0.12215843857638488,2.9382319173363722,1.1051861908825271,0.6024096385542697,0.5336394948334813,0.642939150401841,4,0.6388373643482015,0.11192600500518068,28.518837135087985,1,21,1,1,2,40.75,2024
2024-05-15 18:00:00,2024-05-20 03:45:00,long,2380.66,2425.912857142857,target,51.378214359583914,9596.50661891654,2.691331754901031,0.2399848470499035,3.582536225021317,2.697246300301424,0.8600451467268376,1.1747324557249943,2.105502415001381,9,1.1132041862360185,0.3449408958730915,27.83740832232602,1,18,2,1,0,2.5,2024
2024-05-20 04:00:00,2024-05-20 15:00:00,long,2434.2,2424.5971428571424,stop,-19.93252386392671,9576.574095052614,-1.038530199345453,1.6057720916393947,2.0952097590002783,1.6842369006232563,0.5787401574803042,3.1740553406723615,3.719726271942792,24,2.0270685881835577,0.5600730323907843,29.322721930387026,1,4,0,1,0,0.25,2024
2024-05-20 18:00:00,2024-05-21 06:15:00,long,2424.74,2410.072857142857,stop,-19.63631419587465,9556.937780856739,-1.0252264536865552,0.15544949839289254,2.222655108600341,2.2931945797117375,0.9424242424242212,0.44998539008470195,-1.2913217103341195,27,1.1534906773471632,0.7954272834435283,29.322721930387026,1,18,0,1,1,3.0,2024
2024-05-21 10:30:00,2024-05-21 12:30:00,long,2421.69,2413.7885714285712,stop,-20.00892053920152,9536.928860317537,-1.0468269752305432,0.9491954438618625,2.379316579280425,1.1749934166414082,0.9722222222222059,1.366841439161105,2.52359428674747,31,0.733664194245306,0.6086165748218075,30.674548906953156,1,10,1,1,2,4.25,2024
2024-05-21 14:45:00,2024-05-22 05:45:00,long,2423.43,2416.8028571428567,stop,-20.13877023403172,9516.790090083505,-1.0558309980599556,0.15391248113810388,3.2502694546238127,0.968641981968034,0.9246753246753323,1.1618883380038445,1.261478766975583,32,0.9312787273783899,0.5108138948744401,30.674548906953156,1,15,1,1,3,2.25,2024
2024-05-23 04:00:00,2024-05-23 08:45:00,short,2375.44,2363.5214285714287,target,55.32810578082317,9572.118195864328,2.906868033081609,1.7569219705140973,2.366055375764256,0.5682448976811794,0.93449781659385,3.45846817691496,1.787126932757867,3,0.8540744587182644,0.07101051698492622,31.537131570017547,0,4,3,0,4,22.25,2024
2024-05-23 15:30:00,2024-05-23 16:00:00,short,2363.1,2368.6514285714284,stop,-20.420190386956648,9551.698005477372,-1.0666495110653393,0.15131240349976838,2.1039629439012293,0.7757241847385355,0.7432885906040712,2.1471950591868305,-0.6809058157487939,5,1.520717115760014,0.31399111017673675,31.537131570017547,0,15,3,0,0,6.75,2024
2024-05-23 16:45:00,2024-05-23 23:15:00,short,2358.69,2330.562857142857,target,56.556298109531205,9608.254303586904,2.9605363400883946,0.3818375742800465,1.9966478744476852,1.305766488709088,0.28113879003557973,2.39768398598197,1.136980039616012,6,1.3349769171410895,0.42726257388463473,31.537131570017547,0,17,3,0,1,0.75,2024
2024-05-23 23:30:00,2024-05-24 04:45:00,short,2328.26,2334.9285714285716,stop,-20.282720202987257,9587.971583383916,-1.0554841473864516,0.6838046272492834,1.7544987146529352,0.899987347542907,0.6564102564102271,1.169665809768669,3.9108826049700114,7,2.126781541538951,0.5365598095010471,31.537131570017547,0,23,3,0,0,0.25,2024
2024-05-24 05:15:00,2024-05-24 07:00:00,short,2326.12,2331.697142857143,stop,-20.448117675013947,9567.523465708902,-1.0663422131147535,0.21157786885250893,3.0230532786884337,0.7616003719564708,0.9335038363171393,2.804303278688553,2.1014344262295315,9,2.3172562934419627,0.733535782450323,29.53857566968825,0,5,4,0,1,0.5,2024
2024-05-24 18:15:00,2024-05-27 05:45:00,short,2334.84,2343.4471428571433,stop,-22.043694750766896,9545.479770958136,-1.1520063070539632,0.14406639004146735,2.765145228215768,1.134062500490177,0.808641975308606,1.5057261410788312,1.3663070539418183,12,1.5225868061248202,0.8054166507907246,29.53857566968825,0,18,4,0,2,11.25,2024
2024-05-27 10:30:00,2024-05-27 11:15:00,short,2338.66,2342.9785714285713,stop,-20.72660576135332,9524.753165196782,-1.0856764803175978,0.3565994045650037,2.3896791266955493,0.6001722293777461,0.7738095238096376,1.167052596758213,2.866688719814863,16,0.9864598473846572,0.5828927494016423,27.634444447923737,0,10,0,0,3,4.75,2024
2024-05-29 11:45:00,2024-05-30 08:30:00,short,2345.46,2327.052857142857,target,55.99978275379511,9580.752947950577,2.939697322467996,0.15646100116415096,3.34109429569268,1.0253987122830392,0.8309859154929704,1.1571594877764002,4.169033760186269,3,0.5483248669408222,0.06651368628919352,25.017806942770427,0,12,2,0,4,48.5,2024
2024-05-30 08:45:00,2024-05-30 09:45:00,short,2324.95,2331.1299999999997,stop,-20.30871579581717,9560.44423215476,-1.0598705501617918,0.09061488673145685,3.828478964401292,1.0855266253258058,0.498964803312701,1.56310679611649,2.9546925566343556,8,0.7393294545770088,0.2849566311824647,23.716989308731563,0,9,3,0,0,0.25,2024
2024-05-30 13:00:00,2024-05-30 13:45:00,short,2331.52,2337.9985714285713,stop,-20.212908334707613,9540.231323820051,-1.0571113561190646,0.04013230429992392,1.9417861080485237,1.1250920649687748,0.6981818181818447,0.8489525909592164,-1.605292171995553,9,0.6997026610893397,0.29523309649261975,23.716989308731563,0,13,3,0,1,3.25,2024
2024-05-31 20:15:00,2024-06-03 17:00:00,short,2325.06,2336.1685714285713,stop,-21.327712229724654,9518.903611590327,-1.117777520576132,0.4789094650205514,1.879629629629645,2.0240632996990673,0.8830275229357853,1.5699588477366762,5.217592592592612,1,0.6645700134019012,0.093670806015278,22.075179197715343,0,20,4,0,2,30.5,2024
2024-06-05 04:00:00,2024-06-05 04:30:00,short,2327.04,2329.2942857142857,stop,-22.16251702724006,9496.741094563087,-1.1641318124208508,0.42585551330802013,1.8808618504435874,0.3911812751092241,0.5839160839160833,2.53738910012697,-0.09759188846653054,5,0.507297536712815,0.16577291278437878,18.16097705440976,0,4,2,0,3,35.0,2024
2024-06-06 04:00:00,2024-06-06 05:45:00,long,2363.66,2373.555714285714,target,54.8499520299235,9551.59104659301,2.8878302295365965,3.728886964053459,1.8068427890861842,0.5748678911759417,0.9690476190475934,5.093113902122154,6.354265915980915,4,0.570123893578428,0.09868452965982044,17.156446105242896,1,4,3,1,4,23.5,2024
2024-06-06 23:45:00,2024-06-07 04:15:00,long,2375.94,2372.0685714285714,stop,-20.928910566297905,9530.662136026713,-1.0955719557195192,0.28413284132849387,2.624354243542274,0.6645492503641567,0.9572368421052267,1.5704797047969552,1.591143911439002,9,1.1100616408733004,0.352028383605707,17.156446105242896,1,0,3,1,0,18.0,2024
2024-06-07 06:45:00,2024-06-07 09:15:00,long,2380.08,2373.674285714286,stop,-20.162324046018462,9510.499811980695,-1.057760927743056,0.01248884924173704,3.331400535236408,1.11324151835567,0.29317269076303165,0.7774308652989117,0.9991079393398151,10,1.1325743545088345,0.3916576058032195,17.020790638544796,1,7,4,1,1,2.5,2024
2024-06-07 16:45:00,2024-06-12 15:30:00,short,2309.42,2323.9557142857143,stop,-21.960937668640728,9488.538874312055,-1.1545627518427475,0.5751351351351126,3.5388697788698136,2.3438253590962166,0.6450839328537059,1.7212776412776087,4.111253071253086,2,1.3731151803801034,-0.21615859130528214,17.020790638544796,0,17,4,0,2,7.5,2024
2024-06-14 02:15:00,2024-06-14 03:30:00,short,2302.18,2304.061428571428,stop,-22.709092279294644,9465.82978203276,-1.1966590736522178,0.6271829916478786,2.104783599088991,0.29141412558243157,0.9272727272727874,1.1693242217159987,-0.19134396355336888,2,0.7044609397923812,0.17614693897217704,15.36453440446574,1,2,4,0,3,34.75,2024
2024-06-20 07:45:00,2024-06-20 11:00:00,long,2340.46,2336.0271428571427,stop,-20.511839978856237,9445.317942053904,-1.0834676119884428,0.16693522397674876,3.4830808894619545,0.8549244657152534,0.759162303664884,0.8617466967450268,4.877215597808587,10,0.651411731184388,0.13713394472620877,12.646564955676306,1,8,3,1,4,148.25,2024
2024-06-20 16:30:00,2024-06-21 14:30:00,long,2345.14,2368.1757142857145,target,55.7616425929776,9501.07958464688,2.951813953488373,0.4167441860464809,2.138418604651136,1.499725340998624,0.9871465295629933,2.026418604651062,2.6567441860464194,12,0.5189997982288667,0.15086572376854512,12.646564955676306,1,16,3,1,5,5.5,2024
2024-06-21 20:00:00,2024-06-24 11:00:00,short,2321.13,2332.577142857143,stop,-21.17399237150114,9479.90559227538,-1.1142940222139028,0.3773867465368538,2.671408960439291,2.212890230578436,0.7666666666666518,0.8910520404342822,7.409709222513422,1,0.5431384752683248,-0.3772165314809728,12.593949408632374,0,20,4,0,0,5.5,2024
2024-06-26 08:30:00,2024-06-26 16:15:00,short,2314.08,2300.357142857143,target,55.34583233666277,9535.251424612043,2.919113054341008,0.4372267332916992,2.597126795752717,0.9393633432181825,0.886462882096072,2.0024984384759503,0.20112429731419754,8,0.5258189041287546,0.17747952568846204,11.252014360870591,0,8,2,0,1,45.5,2024
2024-06-26 16:30:00,2024-06-27 11:15:00,short,2295.13,2304.487142857143,stop,-19.82458838173578,9515.426836230306,-1.0395419847328449,0.3312977099236035,4.5099236641221845,1.8415979728364442,0.9233716475095581,1.1157251908396442,4.779236641221271,10,0.7288872335562195,0.23014360733104589,11.252014360870591,0,16,2,0,0,0.25,2024
2024-07-03 15:30:00,2024-07-05 15:30:00,long,2352.66,2372.1342857142854,target,49.725166403126295,9565.152002633433,2.6128710387323903,0.9150528169013549,2.2429577464789547,1.3258104870033776,0.5554140127388182,2.4185739436619653,2.33538732394366,4,0.7233307652196579,0.09531091313936813,8.853751493965172,1,15,2,1,1,148.25,2024
2024-07-05 16:00:00,2024-07-08 18:30:00,long,2376.81,2367.4314285714286,stop,-26.441987787627465,9538.710014845805,-1.3822042650418718,0.12368621477530714,5.118050266565076,2.0142155860094113,0.654008438818545,2.0216298552932086,2.3585681645087275,17,1.071610017845151,0.34724662324376876,10.369305201995136,1,16,4,1,0,0.5,2024
2024-07-10 16:45:00,2024-07-10 17:30:00,long,2383.23,2377.7514285714287,stop,-20.365829883065377,9518.34418496274,-1.067535853976508,0.5110821382008167,3.117601043024766,1.1179101250786363,0.4168067226890914,2.1720990873532635,4.1215123859191625,5,0.6543116952390132,0.1226294121647431,14.881149644440413,1,17,2,1,1,46.25,2024
2024-07-11 11:00:00,2024-07-11 15:15:00,long,2383.28,2378.9471428571433,stop,-20.662307324033,9497.681877638706,-1.0853939993405421,0.009231783712487505,2.201780415430474,0.9332923904591041,0.8171806167401027,2.095614902736553,1.426310583580684,9,0.6900774593787554,0.21981809296962584,16.56619089153145,1,11,3,1,2,17.5,2024
2024-07-11 17:45:00,2024-07-12 10:15:00,long,2417.77,2401.927142857143,stop,-19.438988571563875,9478.242889067142,-1.0233543733092878,0.6059513074842425,4.395671776375073,3.271589497627349,0.9759615384615595,1.050315599639277,4.481514878268707,11,1.5428354230733288,0.291814166567983,16.56619089153145,1,18,3,1,3,2.5,2024
2024-07-12 17:00:00,2024-07-15 18:15:00,long,2409.19,2437.368571428571,target,49.635227010994974,9527.878116078136,2.618377034220534,0.7452471482889838,3.032091254752944,1.75308303203373,0.7635605006954373,1.5309505703422381,1.5394676806083902,17,0.6615281209749515,0.5454219951062544,19.051598748556998,1,17,4,1,4,6.75,2024
2024-07-16 02:45:00,2024-07-16 03:00:00,long,2422.55,2420.5785714285716,stop,-22.632162655437845,9505.245953422698,-1.1876811594202934,0.050724637681344956,1.8565217391303976,0.38322178208541485,0.8873239436620801,1.4405797101450297,0.10144927536268991,25,1.0734530246560727,0.4326455235264426,23.923055183479253,1,3,1,1,0,8.5,2024
2024-07-16 04:00:00,2024-07-16 09:30:00,long,2424.74,2432.8614285714284,target,54.43320796123606,9559.679161383934,2.863324538258553,1.4406332453824306,2.0316622691292583,0.5320023137655667,0.8681592039800491,2.969920844327121,1.9208443271766862,26,0.9629182593342753,0.4389142951644276,23.923055183479253,1,4,1,1,1,1.0,2024
2024-07-16 09:45:00,2024-07-16 17:30:00,long,2433.88,2448.3314285714287,target,55.88953588004781,9615.568697263981,2.923190984578859,0.08718861209965859,3.537366548042671,0.9334654420084887,1.0,0.9009489916963461,1.5154211150652697,27,1.2074243295761047,0.45823801447679724,23.923055183479253,1,10,1,1,0,0.25,2024
2024-07-16 17:45:00,2024-07-18 22:15:00,long,2452.07,2441.1985714285715,stop,-23.676572746254166,9591.892124517728,-1.2311582128777838,0.47279894875166756,3.6848883048620205,2.04115730400494,0.7530864197530975,1.4901445466491967,2.2076215505913033,29,1.1646007583798526,0.5104198541447502,23.923055183479253,1,18,1,1,0,0.25,2024
2024-07-19 09:00:00,2024-07-19 16:15:00,short,2416.61,2395.4728571428573,target,56.54393179809966,9648.436056315828,2.947485806974848,1.2802108678020372,2.392944038929515,1.1417900081799026,0.7807203389830348,2.679643146796438,2.82157339821574,2,0.5157577730513925,-0.17828451800498968,31.545931340814125,0,9,4,0,1,10.75,2024
2024-07-22 08:45:00,2024-07-22 13:45:00,short,2403.0,2407.8385714285714,stop,-20.772481760452656,9627.663574555376,-1.0764688514909664,0.0950693829347558,2.6123413049896724,0.7486506412131043,0.9947643979057641,1.5789784470032782,1.4260407440211489,8,0.9070227987468796,0.43313041615058445,31.02862918588589,0,9,0,0,0,64.5,2024
2024-07-22 14:45:00,2024-07-23 04:15:00,short,2398.03,2403.6014285714286,stop,-20.534078362345884,9607.12949619303,-1.0664102564102207,0.7933333333331739,2.9256410256410246,0.8500818067508044,0.9971509971509351,1.2600000000000637,1.6297435897435577,9,1.038018504892182,0.45734442540772413,31.02862918588589,0,15,0,0,1,1.0,2024
2024-07-23 06:00:00,2024-07-23 11:30:00,short,2397.17,2402.0,stop,-20.686158749566516,9586.443337443465,-1.0766045548654108,0.062111801242273786,2.753623188405651,0.7484114104516938,0.7388888888888672,1.4906832298136294,-0.8322981366460545,13,0.7866570064664167,0.41850342445238775,30.142689138667162,0,6,1,0,2,1.75,2024
2024-07-23 15:15:00,2024-07-24 04:00:00,short,2405.14,2411.062857142857,stop,-20.370614038320987,9566.072723405145,-1.0624698504582966,0.13169319826350118,2.188133140376342,0.8958154496294837,0.8320000000000922,1.266280752532602,-2.178002894356014,15,0.5190743840912525,0.3810111723493881,30.142689138667162,0,15,1,0,3,3.75,2024
2024-07-25 01:00:00,2024-07-25 04:30:00,short,2395.52,2376.5085714285715,target,56.27938817299951,9622.352111578144,2.9416140667267614,0.3566275924256421,4.039675383228036,1.0234580932440516,0.8832807570978289,1.0004508566276127,6.917944093778182,1,0.6787286247140206,0.031726907847984265,29.1135033599323,0,1,3,0,4,21.0,2024
2024-07-25 10:00:00,2024-07-25 10:15:00,short,2367.0,2374.365714285714,stop,-20.211418419005316,9602.14069315914,-1.0502327385570218,0.5674941815361246,2.6283941039565604,1.1621823038246648,0.8171701112877429,1.7079131109387342,1.281613653995315,3,1.387891826768051,0.1631784586568652,29.1135033599323,0,10,3,0,0,5.5,2024
2024-07-25 14:30:00,2024-07-26 05:45:00,short,2369.24,2377.0614285714287,stop,-20.112757893908793,9582.02793526523,-1.0473059360730748,0.3196347031963391,3.0838356164383813,1.211818830318192,0.8910034602076674,1.4779908675798066,1.595616438356185,4,1.4173756550646466,0.2519324795963507,29.1135033599323,0,14,3,0,1,4.25,2024
2024-07-26 07:45:00,2024-07-26 15:30:00,short,2369.87,2376.9614285714283,stop,-20.163953225580318,9561.863982039651,-1.0521756647864635,0.059226430298158154,2.6369863013698924,1.0516763475220938,0.9675925925927251,0.6091861402094801,-2.0165189363417277,9,1.116883955581417,0.592801092293338,27.26446427572171,0,8,4,0,2,2.0,2024
2024-07-31 04:30:00,2024-07-31 05:00:00,long,2411.09,2407.1185714285716,stop,-20.90539902260326,9540.958583017047,-1.0931654676259004,0.4330935251799245,3.1978417266186905,0.5993739452900554,0.7944954128440499,2.744604316546698,0.38273381294975395,3,0.6449595372944251,0.09402962439670759,23.527668030510807,1,4,2,1,3,109.0,2024
2024-07-31 06:00:00,2024-07-31 21:45:00,long,2415.12,2434.894285714285,target,56.174616572656795,9597.133199589704,2.9438664932812872,0.8829648894668071,2.5275249241439197,0.9927580017894231,0.9132947976878621,2.624620719549259,1.7355873428694888,3,0.6449595372944251,0.09402962439670759,23.527668030510807,1,6,2,1,4,1.0,2024
2024-07-31 22:15:00,2024-08-01 11:30:00,long,2442.21,2433.832857142857,stop,-20.042034986728716,9577.091164602974,-1.0441678035470816,1.5088676671214378,3.43553888130961,1.2255769166294217,0.852365415986951,2.927012278308226,5.16643929058653,7,1.1000782696837306,0.38325215428234305,23.527668030510807,1,22,2,1,0,0.5,2024
2024-08-01 14:15:00,2024-08-01 16:30:00,long,2438.79,2456.515714285714,target,56.26309504775721,9633.354259650732,2.93737911025146,0.670212765957473,2.217117988394558,0.8956694511967076,0.9712793733681124,1.2964216634429542,-1.5062862669245483,11,0.970605513144702,0.5559032451254886,23.782712632532952,1,14,3,1,1,2.75,2024
2024-08-01 23:45:00,2024-08-02 04:00:00,long,2446.16,2440.405714285714,stop,-20.505555963814867,9612.848703686917,-1.064299900695146,0.7090367428003891,3.1871896722939876,0.8768331983386984,0.6995515695066963,1.55014895729893,0.5734856007943161,14,1.1947206112807849,0.5662312024691918,23.782712632532952,1,0,3,1,0,7.25,2024
2024-08-02 05:45:00,2024-08-02 17:30:00,long,2455.57,2445.8700000000003,stop,-19.95904875177856,9592.88965493514,-1.0381443298968938,0.14432989690727352,4.096907216494845,1.5034527933721045,0.981060606060624,1.0886597938144802,2.1402061855670445,15,1.2267147082605245,0.5330670158555595,24.27815679314287,1,6,4,1,1,1.75,2024
2024-08-06 02:45:00,2024-08-06 03:15:00,short,2404.83,2410.2542857142857,stop,-20.494474817180585,9572.39518011796,-1.0682117461153655,0.23228864893340712,2.6252304450881696,0.633379843371803,0.8519855595668386,1.0213326310244795,0.06268106399791948,4,0.5566449845234966,0.20754752224763084,22.352579999486522,0,3,1,0,2,81.25,2024
2024-08-06 08:30:00,2024-08-06 11:00:00,short,2405.76,2412.214285714286,stop,-20.24228940921743,9552.152890708741,-1.0573262505533116,0.23240371845949387,1.8871181938909944,0.7447756596170881,0.9790940766549929,1.778663125276733,2.2775564409030116,6,0.5770256460353038,0.31560753828590027,22.352579999486522,0,8,1,0,3,5.25,2024
2024-08-06 16:00:00,2024-08-06 17:00:00,short,2391.34,2400.44,stop,-19.88107425824393,9532.271816450497,-1.0406593406593188,0.10989010989010863,5.252747252747112,1.0196438849712701,0.7653157398680295,2.331868131868133,4.58681318681311,8,1.1034626857376668,0.26183418725372887,22.352579999486522,0,16,1,0,4,5.0,2024
2024-08-06 18:00:00,2024-08-07 14:45:00,short,2385.83,2400.4585714285713,stop,-19.54674253924071,9512.725073911257,-1.0252929687499863,0.06562500000000185,2.320117187500012,1.6148140263314206,0.6284348864994027,1.144335937500036,3.508203124999946,8,1.1034626857376668,0.26183418725372887,22.352579999486522,0,18,1,0,5,1.0,2024
2024-08-08 23:45:00,2024-08-09 04:00:00,long,2427.12,2422.2885714285712,stop,-20.482455348380704,9492.242618562876,-1.0765819041987263,0.31874630396214776,1.9662921348314775,0.5237221255628403,0.8064516129031988,0.8982850384388315,3.7380248373742613,3,0.8026040577569471,-0.027993195046027708,19.562593363271787,1,0,3,1,6,33.0,2024
2024-08-09 04:45:00,2024-08-09 05:45:00,long,2427.27,2422.5185714285712,stop,-20.46283210315536,9471.77978645972,-1.0778713168971563,0.21467227901372068,2.8202044497895176,0.5265470088853088,0.9118457300275058,1.5279615153337074,0.06313890559233835,4,0.6294640973141993,0.0766485807603079,18.622275745601698,1,5,4,1,7,0.75,2024
2024-08-09 10:15:00,2024-08-12 10:30:00,long,2424.53,2439.5128571428572,target,43.23438858227563,9515.014175041995,2.2822737414187393,0.01601830663632313,3.0394736842103995,0.555673844937302,0.8944723618091417,1.5938215102974886,1.0371853546911327,5,0.5880864953895506,0.15090974816958092,18.622275745601698,1,10,4,1,8,4.5,2024
2024-08-12 10:45:00,2024-08-12 16:45:00,long,2441.64,2456.82,target,55.69856123809195,9570.712736280087,2.926877470355745,0.47035573122531105,4.474308300395076,0.6508083427308968,0.6813471502590356,1.525691699604591,5.150197628458321,11,0.6929107104579916,0.28441945473265395,18.030680736164072,1,11,0,1,0,0.25,2024
2024-08-12 18:00:00,2024-08-14 16:15:00,long,2459.01,2450.801428571429,stop,-22.502857662442246,9548.209878617645,-1.1756103376261495,0.3557257222415651,3.757048381482756,1.1261845419118053,0.9774193548387312,1.510616080751881,4.081099895579499,13,1.0055740730603806,0.3319788546855884,18.030680736164072,1,18,0,1,0,1.25,2024
2024-08-16 13:00:00,2024-08-16 15:45:00,long,2465.09,2481.997142857143,target,56.035527277504194,9604.24540589515,2.9343472750316635,0.2164765525982693,4.737642585551266,0.9762037448982152,0.9695652173914273,0.8162230671735351,3.0980988593155745,5,0.5123185345867133,0.10460477740943386,17.99068079592739,1,13,4,1,1,44.75,2024
2024-08-16 16:30:00,2024-08-16 17:15:00,long,2494.04,2482.862857142857,stop,-19.844354707528247,9584.401051187622,-1.0331032719836402,0.2612474437627884,5.004856850715725,1.9172632928866342,0.7726377952755926,1.817995910020429,5.715235173824157,6,1.5725706373179573,0.23107993002153826,17.99068079592739,1,16,4,1,0,0.75,2024
2024-08-16 20:15:00,2024-08-19 14:00:00,long,2499.3,2488.4714285714285,stop,-23.617365181731202,9560.78368600589,-1.232073087071243,0.26781002638527085,2.927440633245324,1.7779923600669383,0.9348198970841065,1.0767810026384936,2.0889182058047933,7,1.6275346763721463,0.32196092880487637,17.99068079592739,1,20,4,1,1,3.0,2024
2024-08-19 17:00:00,2024-08-20 12:15:00,long,2497.53,2524.8128571428574,target,56.586743280133796,9617.370429286024,2.959315111530018,0.36286522148918204,2.251963556393397,1.4508375238409046,0.5939278937381631,1.158969525604774,0.23091423185677948,12,0.9268661237272084,0.6374381314160571,18.507443755147033,1,17,0,1,2,3.0,2024
2024-08-20 14:45:00,2024-08-20 16:30:00,long,2526.31,2520.22,stop,-20.403354014183567,9596.967075271841,-1.0607553366174267,0.03940886699503795,1.7536945812808313,0.9680871497955741,0.7333333333332908,0.9359605911331219,3.727422003284033,17,1.6122512518730578,0.5159495706624107,18.996088529503375,1,15,1,1,0,2.5,2024
2024-08-20 21:15:00,2024-08-21 16:30:00,long,2514.25,2503.825714285714,stop,-19.875204391052588,9577.09187088079,-1.0354940386460378,0.19185966835686072,2.3809784843086135,1.5892114243400723,0.9142857142856623,0.33575441962450625,-1.7248184185281359,19,0.9993312155023909,0.5468875541480456,18.996088529503375,1,21,1,1,1,4.75,2024
2024-08-21 21:00:00,2024-08-22 04:45:00,long,2515.86,2508.2385714285715,stop,-20.08406820082758,9557.007802679962,-1.0485473289597085,1.1940018744142953,2.1334582942830687,1.1405421583718123,0.9846153846153987,1.705716963448925,2.6924086223055914,25,0.5661071919931334,0.3595398700901642,19.936591522671787,1,21,2,1,2,4.5,2024
2024-08-26 01:00:00,2024-08-26 06:30:00,long,2514.31,2509.905714285714,stop,-20.719766510903217,9536.288036169059,-1.0840090820629553,0.694777813817596,2.193318196561969,0.6742903124534373,0.9237804878048721,1.4894583198182465,1.3078170613039772,4,0.5884022673987607,0.0901529415847202,20.265888199836347,1,1,0,1,3,92.25,2024
2024-08-26 19:45:00,2024-08-27 04:00:00,long,2520.2,2512.4614285714288,stop,-19.984482515523275,9516.303553653535,-1.0478124423112272,0.3178881299612481,1.9460956248846195,1.2301095250507805,0.9260204081632674,1.013106885730043,-0.9433265645191604,9,0.6662042309603305,0.2828645155341425,20.265888199836347,1,20,0,1,4,13.25,2024
2024-08-28 02:00:00,2024-08-28 02:30:00,long,2527.16,2524.36,stop,-21.547630189343824,9494.755923464192,-1.1321428571428438,0.7999999999999815,1.8714285714286325,0.4721277515066038,0.4889502762430422,2.5857142857147246,4.378571428571507,16,0.6781245535410416,0.12543751278029092,20.240122649112045,1,2,2,1,5,22.0,2024
2024-08-30 20:15:00,2024-09-02 11:45:00,short,2495.13,2505.8528571428574,stop,-21.306500462818327,9473.449423001373,-1.1220141220357238,0.08020250466290633,3.5438316013855826,1.849144222656072,0.771764705882293,0.7926991739941435,3.7788435917932137,1,0.5557373089637513,-0.06306628182135565,19.180381444306573,0,20,4,0,6,65.75,2024
2024-09-04 11:45:00,2024-09-04 12:45:00,short,2473.29,2480.3414285714284,stop,-19.941073643635036,9453.508349357739,-1.0524716369529796,1.0239059967585424,4.421799027552575,1.2601219339016834,0.8517034068136645,1.4153160453808098,6.418557536466789,17,1.0931578800759043,0.23192506063514085,16.453087904571557,0,12,2,0,7,48.0,2024
2024-09-05 15:15:00,2024-09-05 16:00:00,long,2518.75,2513.5071428571428,stop,-20.24132659652746,9433.26702276121,-1.070572207084507,0.1373297002725305,1.9378746594005507,0.9381245709714827,0.6737481031866398,2.5138964577657665,1.8196185286103788,1,0.6043539508120911,-0.03258428918109235,15.766085582921603,1,15,3,1,8,26.5,2024
2024-09-06 02:00:00,2024-09-06 04:00:00,long,2517.08,2515.1142857142854,stop,-22.417720322988124,9410.849302438222,-1.188226744186143,0.21366279069770805,3.276162790697419,0.34857283994402094,0.6012658227847227,1.6075581395347842,0.9258720930230931,4,0.5650735614640604,0.13227922972531836,15.164732157071736,1,2,4,1,9,10.0,2024
2024-09-06 05:45:00,2024-09-06 15:00:00,long,2517.77,2514.67,stop,-21.06815940610326,9389.78114303212,-1.1193548387096575,0.14193548387083985,2.9161290322580773,0.570057531151756,0.8,0.9354838709676324,1.032258064516079,5,0.5068035336637506,0.17720316225617871,15.164732157071736,1,6,4,1,10,1.75,2024
2024-09-06 15:30:00,2024-09-06 16:00:00,long,2524.82,2517.237142857143,stop,-19.69589737123532,9370.085245660885,-1.0487942727957542,1.1842501883949397,2.1284853051996246,1.3980285900534002,0.7986143187067092,5.710248681235782,1.9069329314242727,7,0.5100020971480376,0.2215015121808106,15.164732157071736,1,15,4,1,11,0.5,2024
2024-09-11 08:00:00,2024-09-11 15:15:00,long,2520.7,2517.157142857143,stop,-20.697309264406343,9349.387936396479,-1.1044354838709118,0.27096774193549217,1.9475806451611732,0.6586183620851874,0.7401129943502592,0.9991935483870792,2.0040322580643473,5,0.50707391258368,0.1484349713867017,13.013076033856882,1,8,2,1,12,112.0,2024
2024-09-12 16:00:00,2024-09-13 06:30:00,long,2538.13,2568.335714285715,target,55.40918474791172,9404.797121144391,2.9632519863791216,0.5601589103291965,4.4256526674232735,1.8527439234770744,0.7859237536656842,4.06413166855841,3.9608399545970077,13,0.6891351741723459,0.12505327882204043,13.152146844891003,1,16,3,1,13,24.75,2024
2024-09-13 15:30:00,2024-09-16 06:00:00,long,2571.38,2588.882857142857,target,48.326867798871774,9453.123988943264,2.5692668952007804,0.6376101860921151,1.9985308521057688,1.0063807471773225,0.947882736156402,1.0523996082272924,1.5288932419197105,18,1.7220108114767503,0.6291642116450724,14.34145802888905,1,15,4,1,0,9.0,2024
2024-09-16 08:30:00,2024-09-16 09:45:00,long,2588.98,2585.3171428571427,stop,-20.816044477993863,9432.30794446527,-1.101014040561676,0.005460218408855562,2.806552262090428,0.6838074124696799,0.880733944954228,1.1903276131044407,3.958658346333873,23,1.7130560474516598,0.7472582735767563,16.12782690179674,1,8,0,1,0,2.5,2024
2024-09-16 16:00:00,2024-09-16 17:15:00,long,2585.24,2579.2,stop,-20.020229776166357,9412.287714689104,-1.0612582781456956,0.5596026490064934,2.764900662251793,1.1151241014042812,0.8995983935742884,0.8245033112582109,-0.3013245033113625,25,1.411180011366406,0.7120454100984164,16.12782690179674,1,16,0,1,1,6.25,2024
2024-09-16 19:45:00,2024-09-17 07:30:00,long,2583.68,2576.548571428571,stop,-19.801251117721492,9392.486463571382,-1.0518830128205203,0.2636217948718026,1.8509615384614597,1.3080054303711366,0.7668711656441204,0.4571314102564277,0.07291666666659825,26,1.329417221397153,0.6634858329516158,16.12782690179674,1,20,0,1,2,2.5,2024
2024-09-17 09:30:00,2024-09-17 11:15:00,long,2585.71,2580.9828571428575,stop,-20.255298701735555,9372.231164869647,-1.0782713810818587,0.11000302206114053,4.594741613780566,0.8927951110766124,0.798076923076881,0.8800241764883546,0.833484436385742,29,0.8574467565608597,0.5241209722512519,17.872747322810255,1,9,1,1,3,2.0,2024
2024-09-17 14:45:00,2024-09-17 15:30:00,long,2579.82,2573.2700000000004,stop,-19.80330982012116,9352.427855049526,-1.0564885496183016,0.0335877862595816,3.0351145038168768,1.2121338965136534,0.3687707641196726,0.9190839694655968,-1.2305343511449873,30,0.9167964717545048,0.4726532658225979,17.872747322810255,1,15,1,1,4,3.5,2024
2024-09-19 12:15:00,2024-09-19 15:30:00,long,2590.71,2583.87,stop,-19.71666808038235,9332.711186969143,-1.0540935672514706,1.2046783625730533,3.69590643274859,1.1229847753239004,0.75187969924811,1.9444444444444482,6.450292397660727,2,0.8149909046964428,0.11312233083293766,18.76111322581505,1,12,3,1,5,44.75,2024
2024-09-20 03:30:00,2024-09-20 04:15:00,long,2588.09,2586.0642857142857,stop,-22.07469204590557,9310.636494923237,-1.1826516220028054,0.19746121297627522,1.7179125528910353,0.33817512427431956,0.8520710059171646,1.6685472496473033,1.4612129760224613,5,0.7270795173024079,0.20273112481465905,18.82130827537822,1,3,4,1,6,12.0,2024
2024-09-20 05:00:00,2024-09-20 09:15:00,long,2589.6,2598.9685714285715,target,53.657547375591136,9364.294042298829,2.881518755718189,0.07685269899352366,2.9908508691673963,0.5259103364176316,0.8632812500000326,1.6395242451966279,1.9021043000913127,6,0.734713404331335,0.2634690047487842,18.82130827537822,1,5,4,1,7,0.75,2024
2024-09-20 09:30:00,2024-09-20 11:30:00,long,2599.85,2612.0814285714287,target,54.4861481662279,9418.780190465057,2.909250175192713,0.04905395935524549,4.0960056061666785,0.6867727366383679,0.8909774436090303,1.3048353188506454,4.336370007007493,7,0.8899518487934183,0.32106142616541433,18.82130827537822,1,9,4,1,0,0.25,2024
2024-09-20 13:45:00,2024-09-20 16:30:00,long,2613.24,2607.3614285714284,stop,-20.02320512908543,9398.756985335971,-1.062940461725372,0.1769137302551555,3.4770352369379176,0.9837295162184524,0.7506493506493354,1.3098420413122238,2.6434993924665444,8,1.4037898985048491,0.3627590748627174,18.82130827537822,1,14,4,1,0,2.25,2024
2024-09-20 18:30:00,2024-09-24 21:15:00,long,2622.33,2655.4457142857145,target,48.46380063291617,9447.220785968888,2.5782026659764608,0.6848712307492706,2.8844312152193576,1.8244316113608987,0.9545056867891523,2.0709201501229044,1.3896725766791822,9,1.5181012905243538,0.43702396873435134,18.82130827537822,1,18,4,1,1,2.0,2024
2024-09-24 22:00:00,2024-09-25 19:45:00,long,2658.03,2650.7900000000004,stop,-19.86004148652525,9427.360744482363,-1.0511049723756638,0.08011049723768489,3.1243093922651886,1.1432803890642387,0.9704142011835943,0.4668508287292984,3.245856353591171,22,1.7326292345392427,0.5281599167113349,20.97609113293508,1,22,1,1,0,0.75,2024
2024-09-25 20:30:00,2024-09-27 17:45:00,long,2661.89,2653.575714285714,stop,-22.12370580193523,9405.237038680427,-1.1733774914089168,0.24776632302399063,2.6917525773195674,1.280165409688686,0.60915492957744,0.6831615120275178,-0.08900343642619886,28,1.1198174520709334,0.6319592629743909,22.72278174953706,1,20,2,1,1,0.75,2024
2024-10-09 04:00:00,2024-10-09 04:15:00,short,2620.31,2623.227142857143,stop,-21.196327547507288,9384.040711132919,-1.1268364348678432,0.4387855044073548,1.94025465230192,0.4551677251458647,0.8525896414342926,1.720861900097775,1.5426052889324138,10,0.8145625083977622,0.2564686981605724,27.15098523481261,0,4,2,0,2,274.25,2024
2024-10-09 09:30:00,2024-10-09 12:15:00,short,2612.32,2618.177142857143,stop,-19.953674858452914,9364.087036274466,-1.0631707317073191,0.4200000000000202,3.674146341463456,0.9173529333618327,0.9362549800796485,1.7141463414634655,2.4892682926829974,11,0.9491160098820071,0.30596195031321605,27.15098523481261,0,9,2,0,3,5.25,2024
2024-10-09 16:15:00,2024-10-09 18:15:00,short,2610.21,2616.937142857143,stop,-19.758243532050468,9344.328792742415,-1.0550010617965886,1.4448927585475095,2.1881503503927817,1.0421926842898286,0.9695024077046462,1.8521979188787603,2.0127415587173574,13,0.726353441474181,0.3830862284892711,27.15098523481261,0,16,2,0,4,4.0,2024
2024-10-10 03:00:00,2024-10-10 03:30:00,short,2606.83,2609.1071428571427,stop,-21.725271333690504,9322.603521408724,-1.1624843161856717,0.39523212045194345,1.8971141781680505,0.36085068171216494,0.836909871244615,2.0464240903391575,1.8795483061479907,15,1.027441636048351,0.37118039593576624,25.7019643439672,0,3,3,0,5,8.75,2024
2024-10-10 14:15:00,2024-10-10 15:30:00,short,2614.16,2618.542857142857,stop,-20.219232018075463,9302.38428939065,-1.0844198174706976,0.08213820078240426,2.0808344198175184,0.6878496431228597,0.8223234624146314,2.0032594524120064,-0.08670143415908921,18,0.5689963595083551,0.33655250447640617,25.7019643439672,0,14,3,0,6,10.75,2024
2024-10-14 07:45:00,2024-10-14 14:15:00,long,2659.25,2653.9628571428575,stop,-19.906750492291692,9282.477538898358,-1.069981086192886,0.3744933801674513,4.951634693326337,0.8554353379428741,0.539748953974909,0.9040799783842004,4.739800054039671,9,0.8153495033533664,0.261588017138914,24.782897618552962,1,8,0,1,7,88.25,2024
2024-10-15 22:15:00,2024-10-15 22:45:00,long,2666.03,2660.9585714285718,stop,-19.919412363753803,9262.558126534605,-1.0729577464788476,0.08281690140846505,2.689577464788797,0.8402242570376223,0.7042253521128655,0.5599999999998494,1.0726760563381286,18,0.6714861629898697,0.13752371317181655,25.064845119616553,1,22,1,1,8,32.0,2024
2024-10-16 04:00:00,2024-10-16 09:00:00,long,2663.82,2672.4642857142862,target,53.1965658590871,9315.754692393692,2.8715914724839355,0.6663361427863241,2.9013386217155452,0.5048131822064149,0.7389558232932284,3.4566187407039384,2.1725334655429043,20,0.5280085877803017,0.1805516287505915,25.03445595526665,1,4,2,1,9,5.25,2024
2024-10-16 09:15:00,2024-10-16 17:45:00,long,2676.97,2671.7485714285713,stop,-19.951772293312928,9295.80292010038,-1.0708618331053488,0.7545827633378317,3.608207934336625,0.9157527321470106,0.8728522336769389,2.2292749658003808,3.9222982216142213,21,0.721806883535727,0.2234283748351329,25.03445595526665,1,9,2,1,0,0.25,2024
2024-10-17 03:00:00,2024-10-17 04:30:00,long,2675.39,2680.79,target,51.953209653451225,9347.75612975383,2.794444444444516,0.5555555555555596,1.9777777777775092,0.3193140660802713,0.8374999999998544,1.7777777777776895,1.877777777777852,25,0.7230328312619851,0.34904137040787653,25.54063816479647,1,3,3,1,1,9.25,2024
2024-10-17 04:45:00,2024-10-17 05:30:00,long,2683.04,2679.8585714285714,stop,-20.869799495795263,9326.886330258036,-1.1162999550965425,0.9366861248314756,4.815446789402983,0.5693910749802674,1.0,1.6910642119443553,5.852716659182728,26,0.8216974679671054,0.3696554270512742,25.54063816479647,1,5,3,1,0,0.25,2024
2024-10-17 13:15:00,2024-10-17 15:00:00,long,2686.85,2680.615714285714,stop,-19.76085953473113,9307.125470723304,-1.0593492208982689,0.9527956003665747,2.2135655362053517,1.0924440745109985,0.8540856031128369,1.6489459211731996,1.241521539871646,28,0.8521461285991306,0.35700496510702173,25.54063816479647,1,13,3,1,1,7.75,2024
2024-10-17 16:45:00,2024-10-18 08:30:00,long,2688.8,2713.0228571428565,target,54.98976432578403,9362.115235049088,2.9541755130926854,0.0966029723992342,3.7848549186129095,1.3990986433235775,0.6867749419953768,1.0675866949752426,2.3085633404105708,29,0.7559946357755705,0.33093650265816343,25.54063816479647,1,17,3,1,2,1.75,2024
2024-10-18 12:00:00,2024-10-21 05:45:00,long,2709.32,2729.9857142857145,target,49.34190419354278,9411.457139242631,2.6351899626710833,0.03774367482375608,2.1746163417669586,1.2197983234729728,0.9005681818182072,1.0219825798423783,-0.6009954375776808,34,1.2852829878169434,0.4697314153306431,26.343547953054163,1,12,4,1,0,3.5,2024
2024-10-21 06:15:00,2024-10-21 08:45:00,long,2732.24,2725.137142857143,stop,-19.80343213812463,9391.653707104508,-1.0520917135961303,0.06757843925979523,3.091713596138449,1.243080929748011,0.9509803921568322,0.8616251005631576,2.5229283990345324,38,1.444527714256773,0.6036334262639054,27.73657809446014,1,6,0,1,0,0.5,2024
2024-10-21 11:15:00,2024-10-21 17:30:00,long,2732.66,2727.0885714285714,stop,-20.030711675818637,9371.622995428688,-1.0664102564102207,0.06102564102566644,3.1876923076921466,0.9759169553059406,0.7676767676767514,0.710769230769229,1.0697435897435839,39,1.64712905283515,0.6128916820500097,27.73657809446014,1,11,0,1,1,2.5,2024
2024-10-22 02:15:00,2024-10-22 06:30:00,long,2722.0,2732.9885714285715,target,54.3364069617949,9425.959402390483,2.8989859594383622,0.12012480499208891,1.7472698907957587,0.638153900080019,0.6026490066225145,0.8244929797190491,1.0483619344774056,43,0.8855213637393524,0.5872147374428538,29.408411928899472,1,2,1,1,2,8.75,2024
2024-10-22 07:00:00,2024-10-22 08:45:00,long,2734.79,2730.1842857142856,stop,-20.366387468068236,9405.593014922415,-1.0803349875930504,0.7121588089329319,2.366625310173765,0.804733801658974,0.9344660194174784,1.7890818858559936,5.319478908188471,44,1.0087443004897632,0.5562067757433509,29.408411928899472,1,7,1,1,0,0.5,2024
2024-10-22 13:30:00,2024-10-22 14:15:00,long,2738.59,2733.13,stop,-20.08593673150121,9385.507078190914,-1.06776556776558,0.06959706959708994,3.1282051282051313,0.9469825821814098,0.9437340153453176,1.4322344322343863,1.6593406593407414,46,1.2056152079960698,0.5038693693300011,29.408411928899472,1,13,1,1,1,4.75,2024
2024-10-22 18:00:00,2024-10-23 16:15:00,long,2743.91,2736.1499999999996,stop,-19.666023851982647,9365.841054338931,-1.0476804123711412,0.19072164948447606,2.6391752577319676,1.338529966200013,0.8795620437956374,0.706185567010239,1.7938144329896646,47,1.1714057175969537,0.4650418283442148,29.408411928899472,1,18,1,1,2,3.75,2024
2024-10-24 12:00:00,2024-10-24 16:45:00,long,2738.06,2732.42,stop,-19.96053359453064,9345.8805207444,-1.065602836879422,0.06737588652484279,2.0106382978723887,0.9669484109469411,0.8347457627118954,0.8368794326240067,4.003546099290811,3,0.602345834034978,0.12251351797296639,32.08329065653366,1,12,3,1,3,19.75,2024
2024-10-25 20:45:00,2024-10-28 01:00:00,long,2744.35,2737.932857142857,stop,-26.011649405856573,9319.868871338544,-1.3916104185218465,0.48931433659830564,2.739536954586056,1.1071402164000648,0.8045325779036532,1.1001780943899455,5.139358860195827,2,0.5150896704738983,0.10283775436759068,32.976383428268335,1,21,4,1,4,28.0,2024
2024-10-29 04:00:00,2024-10-29 16:30:00,long,2748.48,2759.1514285714284,target,53.98038106925444,9373.849252407797,2.895983935742952,0.9333333333332652,3.165461847389666,0.6284532856034014,0.6512141280353165,2.546987951807123,3.8457831325302587,10,0.539500686768219,0.14461368152742793,34.79087270103504,1,4,1,1,5,27.0,2024
2024-10-29 16:45:00,2024-10-30 08:45:00,long,2761.0,2784.6185714285716,target,55.36201151648896,9429.211263924286,2.953003084739628,0.025403737978565114,3.706405371076058,1.3557369277486622,0.1815718157181742,0.9373979314099191,2.1821810923607647,13,0.5253754413781621,0.24886031045900925,34.79087270103504,1,17,1,1,0,0.25,2024
2024-10-30 09:00:00,2024-10-30 10:45:00,long,2785.58,2780.9571428571426,stop,-20.367795653533165,9408.843468270752,-1.0800370828183363,0.28553770086520164,3.335599505562425,0.7934532748950269,0.9708520179371954,1.9295426452410462,2.7169344870208927,17,1.2847238547512596,0.43980370644431943,36.276786339855725,1,9,2,1,0,0.25,2024
2024-10-30 13:00:00,2024-10-30 13:45:00,long,2785.93,2780.552857142857,stop,-20.112527775160448,9388.730940495592,-1.0688097768331202,0.40913921360251804,1.9601487778958555,0.9180730385152404,0.995708154506344,0.8666312433581056,0.1301806588735054,18,1.2619205636395217,0.47566179864630964,36.276786339855725,1,13,2,1,1,2.25,2024
2024-10-30 16:00:00,2024-10-30 16:15:00,long,2787.05,2780.5428571428574,stop,-19.8451594939824,9368.88578100161,-1.0568605927551937,0.5593852908891809,3.5560922063666665,1.107598223101207,0.9926062846580478,1.6627881448958075,1.604390779363409,19,1.195776824789457,0.5229663137882312,36.276786339855725,1,16,2,1,2,2.25,2024
2024-10-30 20:15:00,2024-10-31 09:45:00,long,2789.06,2781.117142857143,stop,-19.610628186923726,9349.275152814687,-1.0465827338129416,0.4079136690647214,3.90791366906475,1.3132022886565018,0.8704663212435276,0.9719424460431991,2.3769784172662045,20,1.2161905838602063,0.5264948288743909,36.276786339855725,1,20,2,1,3,4.0,2024
2024-10-31 13:45:00,2024-10-31 15:30:00,long,2780.96,2775.8542857142857,stop,-20.05359354266369,9329.221559272024,-1.072467823167359,0.16060436485724874,2.816452154448871,0.8965576351013582,0.8552631578948667,0.595411303861224,0.4348069390039752,24,0.7152017281907834,0.44888666913600606,37.94452213923119,1,14,3,1,4,4.0,2024
2024-11-05 04:30:00,2024-11-05 05:00:00,short,2726.11,2730.7328571428575,stop,-20.15181047568332,9309.06974879634,-1.0800370828182904,2.954882571075234,1.596415327564845,0.7831759952685483,0.942391304347806,3.9802224969096995,4.334981458590645,15,0.5334993075880299,0.16249568197957975,35.70285446156857,0,4,1,0,5,109.0,2024
2024-11-06 13:15:00,2024-11-06 15:30:00,short,2711.1,2674.264285714286,target,55.293383224613144,9364.363132020953,2.9698662012798085,0.8681791739383308,2.355322862129168,1.8283659976041728,0.9961013645224208,1.6712041884817233,2.3699825479930663,2,0.7365950219598637,0.09173676682250331,34.65350192235963,0,13,2,0,6,32.25,2024
2024-11-06 22:30:00,2024-11-07 09:15:00,short,2660.02,2666.2085714285713,stop,-19.848472363392332,9344.514659657561,-1.0597876269621322,0.8014773776546743,2.2751615881809824,0.8409922232809695,0.9323076923077539,1.0503231763619647,1.8453370267774942,4,2.6765070277985585,0.4423402511928409,34.65350192235963,0,22,2,0,0,7.0,2024
2024-11-08 08:00:00,2024-11-08 15:30:00,short,2690.62,2696.1114285714284,stop,-19.948253719342063,9324.56640593822,-1.0673777315296697,0.9760665972946126,1.278355879292346,0.7101545496007637,0.7588235294117899,2.4765868886577698,2.8407908428721376,13,0.5891465830593132,0.3403467874585231,32.58490456921534,0,8,4,0,1,22.75,2024
2024-11-11 03:00:00,2024-11-11 12:45:00,short,2677.71,2661.9814285714288,target,54.63128797288358,9379.197693911103,2.929427792915518,0.6866485013624706,2.5291553133513793,0.670781115775232,0.8199541284403534,3.326430517711285,3.4370572207083736,17,0.8217894722143583,0.25824925091826323,31.77764377940024,0,3,0,0,2,59.5,2024
2024-11-11 14:45:00,2024-11-11 16:00:00,short,2657.21,2631.8857142857146,target,55.452978614736246,9434.650672525839,2.9561685564393136,0.15874090370622893,4.120155694702986,1.0646239403757678,0.9014869888475484,1.2746657640887107,2.911829412760203,20,1.221614063119946,0.3792458389838327,31.77764377940024,0,15,0,0,0,2.0,2024
2024-11-11 16:30:00,2024-11-13 19:00:00,short,2620.02,2582.764285714286,target,54.619957042718355,9489.270629568557,2.8946464971816246,1.1804900494650772,5.760727021741639,1.5540668630429741,0.78551269990591,1.7119521454043691,7.806050845507862,21,2.269178064549316,0.502660425346646,31.77764377940024,0,16,0,0,0,0.5,2024
2024-11-13 19:15:00,2024-11-14 11:45:00,short,2578.79,2538.1742857142854,target,56.41695308139838,9545.687582649954,2.9726706763743898,0.1344307270232975,4.467236467236482,1.6801608891006612,0.807692307692293,0.8834019204389562,4.439168513242594,33,1.325560910104734,0.7636728850591079,33.59201368324666,1,19,2,0,0,0.25,2024
2024-11-14 22:00:00,2024-11-14 22:30:00,short,2566.3,2574.244285714286,stop,-19.98054369035212,9525.707038959603,-1.0465743571300379,0.21902535515192667,2.449559431756917,1.011282056722073,0.8114104595879453,3.1771264161122272,1.3544326559970548,40,1.6692884584723855,1.020166035959602,34.81351672978152,1,22,3,0,0,10.25,2024
2024-11-15 03:30:00,2024-11-15 04:15:00,short,2564.56,2569.115714285714,stop,-20.598706723318504,9505.108332236285,-1.081216682345518,0.09658200062726528,3.0247726560048873,0.5871601299430268,0.8676470588235675,2.388209470053274,1.7516462841016602,41,1.8798100470411805,0.9755564059693134,36.40232210339317,1,3,4,0,1,5.0,2024
2024-11-15 07:30:00,2024-11-15 12:15:00,short,2565.46,2569.3514285714286,stop,-20.81772258080858,9484.290609655476,-1.0950807635829836,0.05139500734209757,2.8627019089575225,0.5103243974263625,0.3842105263157807,0.9765051395007888,-0.4625550660793456,42,1.7403245607708235,0.9087977253068535,36.40232210339317,1,7,4,0,2,3.25,2024
2024-11-15 18:30:00,2024-11-18 02:45:00,short,2563.17,2575.694285714286,stop,-20.950119657400634,9463.340489998076,-1.1044642409033931,0.17565872020073908,1.8795483061480607,1.6201513290087268,0.8720173535791477,0.736169727386815,0.645146572373671,45,1.3960100520488414,0.6785506631766358,36.40232210339317,1,18,4,0,3,6.25,2024
2024-11-19 02:45:00,2024-11-19 04:30:00,long,2613.31,2622.215714285714,target,54.421038910238735,9517.761528908315,2.875360923965328,0.01347449470643642,1.9807507218479918,0.3971990901503001,0.7865853658536974,1.1049085659287055,2.364773820981583,4,0.5448777254442625,0.049035008175013495,37.66767777018771,0,3,1,1,4,24.0,2024
2024-11-19 05:00:00,2024-11-19 09:00:00,long,2625.0,2619.3900000000003,stop,-20.290985362876988,9497.470543545438,-1.065953654188915,0.2994652406417702,4.488413547237073,0.7532539462752551,0.8526011560693026,1.233511586452805,4.827094474153399,5,0.645244458209429,0.11706506940063477,37.66767777018771,0,5,1,1,0,0.5,2024
2024-11-19 11:15:00,2024-11-19 16:45:00,long,2630.31,2622.88,stop,-19.940853361952236,9477.529690183486,-1.0497981157469454,0.5545087483176142,2.8344549125168657,0.992517791118364,0.7590909090908837,1.7765814266486895,1.9084791386272184,6,0.845325350829089,0.20137567813296453,37.66767777018771,0,11,1,1,1,2.25,2024
2024-11-19 19:15:00,2024-11-20 09:45:00,long,2632.58,2622.542857142857,stop,-19.65380125049461,9457.875888932991,-1.0368630799886265,0.3068602334187242,2.0185027042414174,1.3471905368141717,0.8589743589743156,0.777113578138364,0.45231995445487977,8,1.1717068353850744,0.33451872804708405,37.66767777018771,0,19,1,1,2,2.5,2024
2024-11-20 16:30:00,2024-11-21 13:15:00,long,2645.67,2672.4385714285713,target,55.96288458264214,9513.838773515634,2.9585334614152834,0.8226064681396251,3.3487031700288283,1.2492109305956465,0.9341825902335578,2.1114313160422817,4.805635606788353,14,0.8519217644542821,0.35555487082401527,36.63943131770879,0,16,2,1,3,6.75,2024
2024-11-21 19:45:00,2024-11-22 10:15:00,long,2671.84,2699.6928571428575,target,56.32473621323075,9570.163509728865,2.9601477150330746,0.27573472841979707,1.9839975380827686,1.3699481974504688,0.7325905292479116,0.77334974611481,1.376519464533061,21,1.518692265985781,0.5790071918323703,35.178103387362384,1,20,3,1,0,6.5,2024
2024-11-22 11:30:00,2024-11-22 15:15:00,long,2704.92,2696.3971428571426,stop,-19.97125975463073,9550.192249974234,-1.043412671806928,1.0512906469996557,2.3348977539390217,1.2987923600342866,0.8034055727554219,3.0318471337579402,4.573583640630235,24,1.742691880337097,0.6426953504691912,33.275579278417524,1,11,4,1,0,1.25,2024
2024-11-22 17:30:00,2024-11-25 04:45:00,long,2704.97,2693.165714285714,stop,-23.16667444055659,9527.025575533677,-1.2128904756142,0.14401549074184572,3.3360764855379452,1.7451703814194188,0.9836065573770023,1.2402275202711142,0.3930775747306775,26,1.701300795228164,0.7076927943275635,33.275579278417524,1,17,4,1,1,2.25,2024
2024-11-25 12:45:00,2024-11-25 16:00:00,long,2677.76,2670.1414285714286,stop,-19.979421345728547,9507.046154187949,-1.0485655353459757,0.6746671666979568,1.9084942808925374,1.0734292463175157,0.942133815551587,1.4517157322331873,2.8404275267204424,31,0.537289101152244,0.5906810692744902,31.39719261125967,1,13,0,1,2,8.0,2024
2024-11-25 20:00:00,2024-11-26 15:00:00,short,2623.11,2635.7985714285714,stop,-19.568545123942968,9487.477609064006,-1.0291600990767689,0.21278991218192517,2.354875028146806,1.6912786502332098,1.0,0.8527358702994532,5.980184643098368,1,1.1684543330409125,-0.29029411988445997,31.39719261125967,0,20,0,0,3,4.0,2024
2024-11-26 16:30:00,2024-11-27 01:30:00,short,2622.5,2633.83,stop,-19.594613949876127,9467.88299511413,-1.032656663724619,0.2612533097970025,3.1862312444837055,1.4164628909999821,0.5391999999999826,2.2065313327449263,1.4457193292144854,6,0.7465723657784241,0.418644842441529,29.871158151486558,1,16,1,0,4,1.5,2024
2024-11-27 02:15:00,2024-11-27 04:00:00,short,2629.34,2633.2957142857144,stop,-20.70693370112357,9447.176061413007,-1.0935355724088116,0.5359335500180284,1.8959913326110471,0.49820546027366974,0.9893048128342337,0.945467677861987,-1.8555435175153816,8,0.5328352344388695,0.35409204008762796,28.664223244434208,1,2,2,0,5,0.75,2024
2024-11-29 08:00:00,2024-11-29 09:30:00,long,2665.93,2659.8642857142854,stop,-20.046880902810173,9427.129180510197,-1.0609985869053327,0.5704192180876113,2.4663212435232933,0.7635257320174906,0.9170616113743264,1.3914272256241846,3.1257654262835306,2,0.6632552741094634,0.042219134018184334,25.829830813404612,0,8,4,1,6,52.0,2024
2024-11-29 11:45:00,2024-11-29 15:15:00,long,2664.16,2656.7657142857142,stop,-19.797699805282868,9407.331480704914,-1.0500386398763346,0.25425038639877723,2.34505409582678,0.9220950524535111,0.8786610878661175,1.292890262751085,0.4841576506955059,3,0.6829011695969125,0.08336969206541589,25.829830813404612,0,12,4,1,7,2.25,2024
2024-12-09 11:45:00,2024-12-09 16:45:00,long,2655.63,2673.557142857143,target,55.27903604965975,9462.610516754574,2.9380827157542426,0.29117857996649515,3.671527611761985,0.8840397849604406,0.5506172839506589,1.3554864929475563,5.793449677265112,1,0.52036926082223,-0.005905736349542945,19.539440781883364,0,12,0,1,8,236.5,2024
2024-12-09 17:00:00,2024-12-09 17:45:00,long,2676.06,2667.764285714286,stop,-19.769311312082653,9442.841205442492,-1.0446013432064518,0.19769244015847148,5.289478215946243,1.2328465390545473,0.9662447257384258,1.142758739452347,4.327535732736364,2,0.8306963338613291,0.06720753085909248,19.539440781883364,0,17,0,1,0,0.25,2024
2024-12-10 02:45:00,2024-12-10 03:30:00,long,2664.95,2661.11,stop,-20.705396601516927,9422.135808840974,-1.096354166666656,1.7239583333334145,1.937500000000019,0.5878306159956425,0.8861003861003544,2.697916666666753,2.4739583333334907,4,0.5543734050416845,0.19233929755719803,18.146556152701564,1,3,1,1,1,9.0,2024
2024-12-10 03:45:00,2024-12-10 10:00:00,long,2667.44,2662.0457142857144,stop,-20.136820968577243,9401.998987872397,-1.0685911016949292,0.2669491525424754,3.2627118644067776,0.8268635771813031,0.8031999999999971,2.3172669491526126,3.5630296610171044,5,0.7616934706809297,0.23056812300645824,18.146556152701564,1,4,1,1,2,0.25,2024
2024-12-10 12:15:00,2024-12-10 16:30:00,long,2668.42,2686.094285714286,target,55.231044490832744,9457.23003236323,2.937196896217233,0.2919495635305912,2.1590688651794445,0.8988196725777833,0.7601156069364398,1.1745877788554728,-0.4311348205625472,7,0.5794168587861694,0.2943984006222866,18.146556152701564,1,12,1,1,3,2.25,2024
2024-12-10 18:45:00,2024-12-11 06:45:00,long,2692.25,2683.78,stop,-19.74071156696334,9437.489320796267,-1.0436835891381195,0.07792207792206139,2.5643447461629796,1.270042444530024,0.9257294429707689,0.8902007083825296,3.421487603305762,8,1.074663896043095,0.3116123871464982,18.146556152701564,1,19,1,1,0,2.25,2024
2024-12-11 12:00:00,2024-12-12 02:45:00,long,2698.39,2723.3842857142854,target,55.78669527522799,9493.276016071495,2.95558984910836,0.5353223593964405,2.333333333333297,1.2293498853369134,0.8747514910536612,1.2074759945130855,1.5003429355281281,13,1.188878360979042,0.5333736778343923,17.407188303506434,1,12,2,1,1,5.25,2024
2024-12-12 06:15:00,2024-12-12 15:00:00,long,2712.89,2704.5014285714287,stop,-19.824003833287833,9473.452012238207,-1.0441076294277702,0.3337874659400799,1.8692098092642522,1.2191478041965191,0.8872727272727471,0.6556539509536857,-1.9121253405994718,17,1.3251306256722228,0.5805446438506001,17.384277044522428,1,6,3,1,0,3.5,2024
2024-12-13 15:45:00,2024-12-17 11:30:00,short,2662.22,2638.854285714286,target,52.51664421561817,9525.968656453826,2.7717797138664415,0.041085840058774165,2.7219369038885044,1.1090918954106357,0.43347639484979505,1.1966250917094474,1.7384446074835171,2,0.6778754739860627,0.03164781149262996,17.48434479673046,0,16,4,0,1,24.75,2024
2024-12-17 15:45:00,2024-12-17 19:30:00,short,2636.97,2643.871428571428,stop,-20.073351464023848,9505.895304989803,-1.0536120885944857,0.29848892568832724,2.570482301800889,1.0579382321890616,0.7267080745341903,2.332850341544293,0.8027323535500004,14,1.0336899823632213,0.2949315267759878,15.710868989551443,0,16,1,0,0,4.25,2024
2024-12-17 22:45:00,2024-12-18 02:00:00,short,2643.57,2647.8100000000004,stop,-20.670838375473018,9485.22446661433,-1.0872641509433913,0.5283018867923719,2.051886792452673,0.6505368856295837,0.7294685990338048,0.9764150943394309,-2.198113207547193,15,0.6455157515985929,0.2909168904861259,15.710868989551443,0,23,1,0,1,3.25,2024
2024-12-18 16:15:00,2024-12-18 21:00:00,short,2638.77,2622.724285714286,target,55.59902140606806,9540.823488020398,2.9308226495726593,0.8151709401708976,2.550213675213795,0.8725437978513437,0.9266055045872224,1.2227564102564314,3.5560897435899066,20,0.5495781615285535,0.2145971684652026,14.636168082991029,1,16,2,0,2,14.25,2024
2024-12-18 21:45:00,2024-12-19 03:45:00,short,2604.47,2616.1528571428566,stop,-19.68596912898675,9521.137518891412,-1.0316703350452268,1.6793837123992026,4.396184886280274,1.9225210461847817,0.9672131147540979,2.5062362435804153,5.775984348251496,21,0.7981624344965585,0.2249462602013086,14.636168082991029,1,22,2,0,0,0.75,2024
2024-12-19 08:00:00,2024-12-19 08:30:00,short,2605.29,2612.1428571428573,stop,-20.070407044200874,9501.067111847211,-1.05399207838234,0.3443819053574622,1.5613925370023762,1.0675172583255068,0.572016460905376,1.4183864915572395,1.7248280175108763,24,1.5290705793555777,0.5004298594648793,14.965192438255544,1,8,3,0,1,4.25,2024
2024-12-19 13:30:00,2024-12-19 16:30:00,short,2616.85,2594.397142857143,target,56.06699576825109,9557.134107615462,2.9505630845581123,0.1389578163771679,2.418400458102767,1.1590713306928937,0.7719298245614525,0.9139148692497648,-0.25119297575874994,25,0.9523353593435769,0.5327274838639151,14.965192438255544,1,13,3,0,2,5.0,2024
2024-12-19 16:45:00,2024-12-20 03:30:00,short,2592.57,2602.0757142857146,stop,-19.85827114095177,9537.27583647451,-1.0389239555154928,0.35557559362790225,4.435226931169178,1.4559590971915874,0.8457711442785203,0.8458070333633813,5.670273519687332,26,1.7653220559114853,0.6141332156869073,14.965192438255544,1,17,3,0,0,0.25,2024
2024-12-20 13:00:00,2024-12-20 15:30:00,short,2602.14,2607.022857142857,stop,-20.519931685614896,9516.755904788895,-1.0757753071971632,0.4014043300175528,1.8308952603862552,0.7635266008490611,0.7925696594427031,1.3229959040374275,1.626097132826283,31,0.9644836101197882,0.5757358492056941,15.294132636421672,1,13,4,0,1,9.5,2024
2024-12-30 15:45:00,2024-12-31 10:30:00,short,2606.69,2615.171428571429,stop,-19.86384355266055,9496.892061236234,-1.0436247262927554,1.3629779349839306,2.3793161529392153,1.6997215800511116,0.9654747225647108,1.912413676941235,1.4384369210038441,3,0.5926048488873578,0.09423124678978878,14.309930610315662,1,16,0,0,2,240.25,2024
2025-01-02 04:00:00,2025-01-02 16:30:00,long,2634.72,2649.5957142857137,target,55.56406913845658,9552.45613037469,2.925381734370458,0.0887352348025709,5.162777297608894,1.0200804147229734,0.9513274336282571,0.9115528666089621,4.380293863439852,3,0.5074656506038948,0.008839714664743425,14.40749384831901,0,4,3,1,3,41.5,2025
2025-01-02 17:30:00,2025-01-03 17:15:00,long,2652.03,2643.2457142857147,stop,-19.909623965991422,9532.546506408698,-1.0421206700276402,0.22767929744674345,3.4060822898032903,1.7374933994535646,0.6873822975518132,1.2089770694421953,2.247194665799437,6,0.7578223540222802,0.1924847688751674,14.40749384831901,0,17,3,1,0,1.0,2025
2025-01-07 15:45:00,2025-01-07 17:00:00,long,2662.29,2655.22,stop,-20.06284186921677,9512.48366453948,-1.0523338048090607,0.07072135785006974,5.677510608203645,1.2345622550905022,0.5570776255707748,1.2390381895332525,5.909476661951791,6,0.9332233667252854,0.12569880578419124,12.563342324986781,0,16,1,1,1,94.5,2025
2025-01-08 15:45:00,2025-01-08 19:30:00,long,2660.18,2653.352857142857,stop,-20.056033773572207,9492.42763076591,-1.0541954383762489,0.24900606821508367,3.954802259887046,1.1970930602710872,0.9589743589742806,1.1424984306340622,1.9363883657668208,12,0.6667418838641767,0.18952350994163591,11.825469982063813,1,16,2,1,2,22.75,2025
2025-01-09 12:30:00,2025-01-10 16:00:00,long,2668.45,2685.8414285714284,target,52.23381637709496,9544.661447143004,2.751341301133544,0.5450961064563522,2.2217841301133543,0.9939363879487171,0.9599999999999664,1.1212419911286242,1.4972893050762717,17,0.6591265486248759,0.23564695355191567,11.352907056974923,1,12,3,1,3,17.0,2025
2025-01-10 16:15:00,2025-01-13 03:15:00,long,2689.17,2679.71,stop,-24.160343002087117,9520.501104140916,-1.2656469344608872,0.5856236786469283,4.727272727272736,1.643608662535798,0.8218859138533411,1.8160676532768834,1.697674418604687,24,0.9403556732777268,0.31567359851463195,11.205992443963874,1,16,4,1,0,0.25,2025
2025-01-15 15:45:00,2025-01-15 16:15:00,long,2693.56,2686.3214285714284,stop,-20.014284144722875,9500.486819996193,-1.051115058219872,0.05249654627986548,3.108348134991142,1.2130848933981875,0.9222357229647787,2.2739293467535253,2.1247286362739604,6,0.8467356384503133,0.17215329100233046,12.023793168483746,1,16,2,1,1,60.5,2025
2025-01-15 19:00:00,2025-01-16 19:30:00,long,2691.25,2724.275714285714,target,54.5148511745514,9555.001671170745,2.86905567090578,0.12717363093690004,2.5089540617701385,1.7945196241623076,0.5671641791045201,0.6086166623410204,0.9955878536205652,6,0.8467356384503133,0.17215329100233046,12.023793168483746,1,19,2,1,2,2.75,2025
2025-01-17 18:00:00,2025-01-17 20:15:00,long,2716.47,2708.652857142857,stop,-20.01451556194413,9534.9871556088,-1.0473318713450217,0.3044590643273866,3.2364766081871967,1.2885842822310243,0.9203821656050923,0.8033625730993923,2.202850877192925,18,0.5233888632930398,0.3786490209606086,14.309731887866525,1,18,4,1,0,22.5,2025
2025-01-21 03:45:00,2025-01-21 17:45:00,long,2718.0,2740.41,target,56.26535927968368,9591.252514888483,2.9504685408299944,0.45247657295851956,3.646586345381531,1.3205677885887583,0.733333333333315,1.3253012048193626,2.1686746987951766,27,0.7247526557594389,0.19714640779453507,16.463491260611764,1,4,1,1,1,79.5,2025
2025-01-21 18:15:00,2025-01-24 04:00:00,long,2741.05,2764.5185714285717,target,51.38531400223205,9642.637828890716,2.6787593133674004,0.14572680788901013,4.075237399561688,1.3295807021413202,0.19166666666669271,1.2271731190649262,3.898831263696081,30,0.857083696605049,0.2855995123864252,16.463491260611764,1,18,1,1,0,0.5,2025
2025-01-24 04:30:00,2025-01-27 01:00:00,long,2772.75,2766.9557142857143,stop,-27.649427137925063,9614.988401752791,-1.4337066074950695,0.4176528599605654,5.964497041420039,1.0211582127003782,0.8915441176470331,1.8777120315582068,6.547830374753391,45,1.0028619348041583,0.3288697727342971,21.23252852312987,1,4,4,1,0,0.5,2025
2025-01-27 12:15:00,2025-01-27 15:00:00,long,2767.49,2758.792857142857,stop,-20.04807207159135,9594.9403296812,-1.042542706964505,0.40932982917207955,3.7759526938238976,1.4695752009184972,0.8796992481202429,1.2233902759527202,3.39421813403408,53,0.5362317179855358,0.3279234992359381,23.08425644318465,1,12,0,1,1,11.25,2025
2025-01-29 02:30:00,2025-01-29 06:00:00,long,2764.46,2761.904285714286,stop,-21.968069083494893,9572.972260597704,-1.1447736165455027,0.06260480715477701,1.6981553940749279,0.44770866820331795,0.899224806201463,1.009502515371669,0.35215204024579866,3,0.5358405234116335,0.037045925559042736,24.212098765843084,1,2,2,1,2,35.5,2025
2025-01-30 12:00:00,2025-01-30 17:45:00,long,2776.62,2795.4085714285716,target,56.30672050907277,9629.278981106776,2.9409215328467466,0.028740875912309914,3.6085766423358123,1.1184963401922963,0.9793103448276024,0.9260948905108296,4.87317518248166,12,0.7102049836907047,0.12534543133253528,24.747487573099434,1,12,3,1,3,30.0,2025
2025-01-31 09:15:00,2025-01-31 10:00:00,long,2799.97,2795.851428571428,stop,-20.98868855958261,9608.290292547194,-1.0898369753729056,1.6850502948316528,2.1269510926118875,0.7393725612978208,0.9925373134327861,1.952133194588935,1.5442247658687864,17,1.0674289535117274,0.45369344129582156,26.014521416964826,1,9,4,1,0,15.5,2025
2025-01-31 13:15:00,2025-01-31 17:00:00,long,2796.7,2813.474285714285,target,56.378128476912664,9664.668421024106,2.9338272866632242,0.09299948901371342,1.9279509453244594,1.0085457330117205,0.7795918367346923,0.8763413387838008,-1.169647419519684,18,0.9382708189990654,0.46976771650339977,26.014521416964826,1,13,4,1,1,3.25,2025
2025-02-03 13:00:00,2025-02-03 16:45:00,long,2801.93,2825.5485714285714,target,57.079591320539706,9721.748012344646,2.9530030847396276,0.28198149156224606,1.9916530575213534,1.3076529890920132,0.6340694006308975,1.61059698784253,3.4853928506622527,24,0.7071104871228848,0.32770782198685566,27.556753783964343,1,13,0,1,0,68.0,2025
2025-02-04 02:45:00,2025-02-04 08:15:00,long,2817.29,2813.114285714286,stop,-21.166337444598547,9700.581674900048,-1.0886075949367129,0.5124871707151208,1.9062606910709141,0.6958650526496084,0.8156424581005955,0.8573383510092591,-0.4885391720834897,27,1.1137142624361398,0.33425635700630174,28.053857917607395,1,3,1,1,0,10.0,2025
2025-02-04 10:15:00,2025-02-04 16:30:00,long,2817.01,2838.7514285714287,target,57.212971360734976,9757.794646260783,2.948945397200858,0.26217228464426995,2.439582101320757,1.2016397301462487,0.57894736842109,1.4157303370786813,-0.874827518233681,29,0.9878589702485998,0.4576673150985977,28.053857917607395,1,10,1,1,1,2.0,2025
2025-02-04 17:00:00,2025-02-04 17:30:00,long,2843.32,2834.01,stop,-20.29118199265401,9737.50346426813,-1.039742212674544,0.40171858216978656,4.852846401718544,1.5034496348505495,0.8026315789474089,1.142857142857087,6.255639097744472,31,1.3741498427235657,0.500074391852845,28.053857917607395,1,17,1,1,0,0.5,2025
2025-02-05 02:30:00,2025-02-05 03:00:00,long,2847.17,2843.3185714285714,stop,-21.345936748451606,9716.157527519677,-1.096068249258177,1.2359050445104407,2.1965875370919945,0.6107443777470584,0.7922794117646879,2.824925816023763,1.8902077151334624,33,1.5168914200943981,0.5585515898719251,28.841684033816293,1,2,2,1,1,9.0,2025
2025-02-05 04:00:00,2025-02-05 12:30:00,long,2852.44,2873.1228571428574,target,57.254058799752485,9773.41158631943,2.946332366348953,1.015333609614583,2.668876916701269,1.090844362737021,0.8526422764227781,2.8545379196020524,2.8400331537504946,34,1.5113197048677087,0.5720521502772247,28.841684033816293,1,4,2,1,2,1.0,2025
2025-02-05 16:45:00,2025-02-05 21:00:00,long,2871.07,2862.9928571428572,stop,-20.44222946936971,9752.969356850059,-1.0458082773258122,0.03218960028301306,3.0555359037850183,1.2022672753490058,0.8159437280187859,2.1121330031835592,0.799787760877273,37,1.700256940123679,0.7326945505333748,28.841684033816293,1,17,2,1,0,4.25,2025
2025-02-06 01:15:00,2025-02-06 08:45:00,long,2868.63,2862.5600000000004,stop,-20.69493333051484,9732.274423519544,-1.060955518945603,0.151565074135105,2.701812191103922,0.8776575830678794,0.9494163424124121,0.8467874794069867,-0.5205930807248608,39,1.632065469065459,0.7598911482442183,30.2576019559458,1,1,3,1,1,4.25,2025
2025-02-06 12:15:00,2025-02-06 16:45:00,long,2860.4,2852.1971428571433,stop,-20.342521356858224,9711.931902162685,-1.0451062347613924,0.092650644374811,2.735632183908059,1.1744637984880022,0.82000000000005,0.9752699407872041,-2.155346569139646,42,1.076964937964002,0.6680052227820532,30.2576019559458,1,12,3,1,2,3.5,2025
2025-02-06 21:45:00,2025-02-07 05:00:00,long,2853.85,2870.0028571428566,target,56.9368127647081,9768.868714927394,2.931281507031017,0.05571769700189231,1.7495356858583713,0.7374032247940003,0.899053627760203,1.1775006633059706,1.1737861501724323,44,0.7187582534559682,0.525302074086853,30.2576019559458,1,22,3,1,3,5.0,2025
2025-02-07 10:45:00,2025-02-07 15:15:00,long,2866.6,2860.7542857142857,stop,-20.774363528176046,9748.094351399217,-1.0632942326490489,0.044477028348033354,2.5659824046920776,0.8241221548283603,0.9589442815249622,1.1666666666666148,0.023949169110359818,47,0.8716159173581499,0.38107872089061523,31.305907257235532,1,11,4,1,0,5.75,2025
2025-02-07 16:15:00,2025-02-07 18:30:00,long,2873.29,2863.272857142857,stop,-20.216313185688705,9727.878038213528,-1.036936679977195,0.5270964061608425,3.6197946377638606,1.3935434507275215,0.816914498141244,2.148317170564793,1.385624643468353,49,0.7620328851488659,0.36642047410910816,31.305907257235532,1,16,4,1,1,1.0,2025
2025-02-10 01:15:00,2025-02-10 08:45:00,long,2869.68,2889.891428571428,target,57.298769326864445,9785.176807540392,2.945080576759937,1.7485156912637505,2.8587786259542396,0.9032002706791857,0.9737569060773398,2.1492790500423506,1.8969465648854642,51,0.6019735369665905,0.3467579860254144,32.51974358767867,1,1,0,1,2,54.75,2025
2025-02-10 09:30:00,2025-02-10 15:15:00,long,2893.75,2910.7942857142857,target,57.436552022937626,9842.613359563331,2.934875534322354,0.4541111390495222,5.773195876288694,0.79051167343937,0.43067846607672305,1.1933618305254774,7.163691224541083,53,1.107252979824615,0.3537822164587423,32.51974358767867,1,9,0,1,0,0.75,2025
2025-02-10 22:45:00,2025-02-11 02:45:00,long,2907.38,2923.7942857142857,target,57.724485974545395,9900.337845537877,2.9323759791122357,0.16814621409922922,1.6449086161879818,0.7641135945634275,0.989159891598926,1.348825065274165,2.3174934725848986,56,1.5812992072306817,0.5358317486797715,32.51974358767867,1,23,0,1,0,7.5,2025
2025-02-11 03:00:00,2025-02-11 04:30:00,long,2930.18,2922.0528571428567,stop,-20.702130253211514,9879.635715284665,-1.0455264545614495,1.2919669537704164,4.702759711724235,1.1639366831947757,0.9014567266495215,2.871857971523972,6.378625417472133,57,1.6337800507504399,0.6090847032084401,34.050238604969,1,3,1,1,0,0.25,2025
2025-02-11 08:00:00,2025-02-11 08:30:00,long,2926.27,2916.402857142857,stop,-20.500208349711862,9859.135506934954,-1.0374981902417837,0.1094541769219556,2.1931373968438095,1.3510679613233134,0.5143288084464603,1.3438540610973642,-2.691761980599426,59,1.8461395885987233,0.7627458729072334,34.050238604969,1,8,1,1,1,3.5,2025
2025-02-11 18:15:00,2025-02-11 22:30:00,long,2906.88,2894.321428571429,stop,-20.299209723071325,9838.836297211883,-1.0294619497212905,0.02548060516442194,2.519394835627304,1.640672477887153,0.4228187919463794,0.47457627118644435,1.160960072801725,61,0.8235861178816153,0.6568483983126372,34.050238604969,1,18,1,1,2,9.75,2025
2025-02-12 23:45:00,2025-02-13 07:00:00,long,2903.93,2920.1771428571433,target,57.68864500512446,9896.524942217007,2.931680295436575,0.036929570034256974,3.811131627538678,0.6769081285295391,0.73282442748072,0.48377736744935407,0.41361118438401395,69,0.7522773183029883,0.19630612852767904,35.88472606228969,1,0,2,1,3,25.25,2025
2025-02-13 07:15:00,2025-02-13 07:45:00,long,2922.38,2916.88,stop,-21.124582331204785,9875.400359885802,-1.0672727272727147,0.7345454545454393,4.996363636363664,0.7025408560962234,0.8469055374593341,1.1163636363635174,7.254545454545468,70,0.7733901189412659,0.21231516942519235,36.76813227171479,1,7,3,1,0,0.25,2025
2025-02-13 17:45:00,2025-02-14 17:15:00,long,2920.46,2909.7628571428572,stop,-20.433954751077934,9854.966405134724,-1.0345886752136817,0.10096153846153275,2.634348290598346,1.3436210299658937,0.880281690140894,0.7964743589743233,0.4636752136752221,73,0.668215910383017,0.3493778635627498,36.76813227171479,1,18,3,1,1,10.0,2025
2025-02-18 16:15:00,2025-02-19 11:15:00,long,2923.12,2943.3528571428574,target,58.04848671764208,9913.014891852366,2.9451387417920127,0.20758313916537494,3.176022029231073,0.8899536187944116,0.9944237918215243,1.5954246981571858,3.941114170726489,3,0.5811594815348105,0.08635573007083064,37.95749517224661,1,16,1,1,2,95.0,2025
2025-02-20 02:00:00,2025-02-20 03:30:00,long,2939.21,2934.7628571428572,stop,-21.475545271651608,9891.539346580716,-1.0831994860263265,1.227754577577903,1.897847735303469,0.6261631291059171,0.7966101694915287,2.122711211050541,6.516543527144318,11,0.6128555048840687,0.3299934280675654,39.21750813291638,1,2,3,1,0,14.75,2025
2025-02-20 05:00:00,2025-02-20 15:45:00,long,2943.74,2937.3142857142852,stop,-20.922211058997682,9870.617135521718,-1.0575811471765526,0.44197421076021437,2.6331702979101657,0.9341321406892105,0.8915662650601931,1.0333481547353365,3.031569586482781,12,0.6923468170320908,0.30499475762209016,39.21750813291638,1,5,3,1,1,1.5,2025
2025-02-21 01:15:00,2025-02-21 03:45:00,long,2940.44,2935.7342857142858,stop,-21.293444251674956,9849.323691270043,-1.0786278081360046,0.07225258044933257,2.465088038858604,0.6743574258135175,1.0,0.7735276259867107,-0.11050394656941966,17,0.5242568053588782,0.2962714383095255,39.984285200127196,1,1,4,1,2,9.5,2025
2025-02-24 13:45:00,2025-02-24 16:15:00,long,2947.66,2940.387142857143,stop,-20.70079817257683,9828.622893097467,-1.0508740915340715,0.24474562954229748,3.2586918090748513,1.0652846958178912,0.8492063492063139,1.0394814378315347,1.0422313887252037,26,0.5321701475636114,0.126810027301838,40.34006001954398,1,14,0,1,3,82.0,2025
2025-02-26 15:45:00,2025-02-26 17:30:00,short,2905.91,2912.1257142857144,stop,-20.82737372428437,9807.795519373183,-1.0595265456217269,1.1293955412549483,1.9563318777292242,0.8195121491828556,0.9384116693679614,1.9852907377613012,2.3006205470007073,6,0.7303948123780473,0.24788063275734684,39.70163338418942,0,16,2,0,4,47.5,2025
2025-02-27 10:00:00,2025-02-28 10:15:00,short,2885.33,2855.287142857143,target,57.20303975355847,9864.998559126741,2.9162027104136814,0.5252496433666416,2.0750356633380656,1.3184772152419495,0.8560700876095048,1.5957203994294358,3.926390870185425,10,1.0985301657538458,0.2414348940463551,38.69153528722647,0,10,3,0,5,16.5,2025
2025-02-28 10:30:00,2025-02-28 11:00:00,short,2852.24,2858.755714285714,stop,-20.850380642398576,9844.148178484344,-1.0567857925893236,0.4542863407147553,3.9320324490244096,0.8178922522746098,0.9980000000000473,1.5347511510633438,3.3119929839948243,16,1.5331946918620754,0.49902608961818196,36.82239144516097,0,10,4,0,0,0.25,2025
2025-02-28 14:30:00,2025-02-28 16:45:00,short,2856.34,2836.4885714285715,target,57.96401066925402,9902.112189153597,2.94408462867015,0.8402417962002737,1.7711571675302742,0.835635374689641,0.9880774962742277,2.0280656303971227,-1.2392055267704114,17,1.4906897955235203,0.5225339809105223,36.82239144516097,0,14,4,0,1,3.5,2025
2025-02-28 20:15:00,2025-02-28 21:45:00,short,2839.21,2849.6014285714286,stop,-20.509378916935397,9881.602810236662,-1.035606268902942,0.20016497113004458,2.634863898817709,1.2830583614576871,0.8659909909909865,1.7091009073412307,1.4742919989001597,19,1.8484524114675451,0.625870566224429,36.82239144516097,0,20,4,0,0,3.5,2025
2025-03-03 05:00:00,2025-03-03 11:15:00,short,2862.84,2870.5400000000004,stop,-20.712866150288594,9860.889944086373,-1.048051948051964,0.33246753246746014,2.059740259740297,0.9444021214005146,0.8503937007873564,1.6493506493505952,2.5792207792206887,21,0.7908286382067885,0.5986409106962354,34.46465662228971,0,5,0,0,1,55.25,2025
2025-03-04 14:15:00,2025-03-04 16:15:00,long,2922.73,2915.3542857142857,stop,-20.711115737686317,9840.178828348688,-1.050164632965348,0.2576021692813779,2.6465233391439855,0.8856348078665827,0.7937743190661534,1.3937633159015823,2.361805152043411,2,0.9224594945235078,0.036154002432420285,32.051290084373065,1,14,1,1,2,27.0,2025
2025-03-04 21:45:00,2025-03-05 03:00:00,long,2916.27,2909.634285714286,stop,-20.777712367802405,9819.401115980885,-1.055758880516665,0.23810548977394047,2.1941872981701445,0.783291743502162,0.9369369369369887,0.6691065662001576,3.080301399354096,4,0.5917078707552911,0.18214155641269603,32.051290084373065,1,22,1,1,3,5.5,2025
2025-03-05 07:45:00,2025-03-05 12:45:00,long,2918.76,2911.25,stop,-20.606359732071887,9798.794756248813,-1.049267643142484,1.3954727030626177,1.4780292942743192,0.9150638712667586,0.9834710743801808,1.6111850865512805,3.0785619174434524,7,0.7088770118041948,0.3029855147842042,30.73385868576237,1,8,2,1,4,4.75,2025
2025-03-05 22:15:00,2025-03-06 07:15:00,long,2922.01,2914.9528571428573,stop,-20.62507446871985,9778.169681780093,-1.05242914979758,0.19271255060736958,2.8651821862348488,0.8329811641291156,0.8664383561644305,0.8275303643724887,-1.8704453441295255,10,0.5295485518114376,0.2120246070659748,30.73385868576237,1,22,2,1,5,9.5,2025
2025-03-07 15:30:00,2025-03-07 15:45:00,long,2922.85,2914.2671428571425,stop,-20.399397268880243,9757.770284511213,-1.0431091877496739,0.016311584553859927,2.922103861518011,1.0663881971936817,0.764144512610769,3.4184420772303032,0.18408788282289038,6,0.521148100300786,0.09309259271341741,28.364929867014087,1,15,4,1,6,32.25,2025
2025-03-11 02:30:00,2025-03-11 04:15:00,short,2883.05,2889.26,stop,-20.67830224543804,9737.091982265774,-1.0595813204509077,0.32850241545893627,2.006441223832564,0.7558510206683793,0.8216560509553051,0.5056360708535225,1.1787439613526278,4,0.5530516530526471,0.06286429978803465,25.796470733712916,0,2,1,0,7,82.75,2025
2025-03-13 01:45:00,2025-03-13 10:30:00,long,2938.26,2934.0057142857145,stop,-21.167875585356114,9715.924106680419,-1.0869711215581253,1.2316991269310178,2.2377434519811374,0.5722537174032759,0.7985611510792143,1.9603760913365482,0.9684351914038377,10,0.728231998993124,0.20185024941616891,23.831489877057997,1,2,3,1,8,45.5,2025
2025-03-13 12:30:00,2025-03-13 15:45:00,long,2947.92,2941.5128571428572,stop,-20.55399953716473,9695.370107143253,-1.057748049052397,0.08740245261990656,4.604236343366788,0.8686333308585954,0.915929203539807,0.7054626532888099,2.5471571906354114,13,0.8219615452900055,0.31747160693740284,23.831489877057997,1,12,3,1,9,2.0,2025
2025-03-13 16:30:00,2025-03-13 18:30:00,long,2951.95,2977.1542857142854,target,57.3182499379625,9752.688357081215,2.9559598707702843,0.6594116646828785,2.387689168508717,1.1395096872532506,0.9583333333332799,1.7711273592926657,0.9593606529501263,14,0.797940325208819,0.3527342621003626,23.831489877057997,1,16,3,1,10,0.75,2025
2025-03-13 18:45:00,2025-03-18 07:45:00,long,2977.79,3016.387142857143,target,51.45722830622865,9804.145585387443,2.638104819009554,0.02176326893180345,5.538751943149032,1.7454587740506953,0.9346195069667597,1.4503664223850663,4.89518099045078,14,0.797940325208819,0.3527342621003626,23.831489877057997,1,19,3,1,0,0.25,2025
2025-03-18 10:00:00,2025-03-19 08:30:00,long,3018.26,3040.6357142857146,target,57.852158052981665,9861.997743440425,2.950392645087157,0.16625167592424503,3.1266040988316,1.1309188580340532,0.9320388349515163,1.1047692013024024,1.316606014173612,30,1.547085907892865,0.5178061194212047,26.247297339191295,1,10,1,1,0,2.25,2025
2025-03-19 08:45:00,2025-03-19 09:00:00,long,3044.5,3039.0314285714285,stop,-21.05850824317735,9840.939235197247,-1.0676593521421223,0.5522466039708188,3.2988505747126196,0.8301834279585134,0.7876543209876324,1.4811912225705917,5.460292580982148,36,1.5522155982120502,0.7289039736133596,27.71754988790245,1,9,2,1,0,0.25,2025
2025-03-19 13:30:00,2025-03-19 16:30:00,long,3037.46,3029.634285714286,stop,-20.612438259337438,9820.32679693791,-1.0472800292077147,0.09967141292439125,3.6469514421321167,1.1650562868616274,0.9048991354467013,0.8868200073018733,-0.66192040890839,37,1.111731734158018,0.6784896809135743,27.71754988790245,1,13,2,1,1,4.5,2025
2025-03-19 19:15:00,2025-03-20 13:30:00,long,3036.45,3027.525714285714,stop,-20.45495314258941,9799.871843795321,-1.0414599007523606,0.14791099727865947,2.214182807747718,1.31777842428761,0.5039370078739227,0.853849847926983,-0.18600928445662263,38,1.4021579813251301,0.6401398870162778,27.71754988790245,1,19,2,1,2,2.75,2025
2025-03-20 21:00:00,2025-03-21 04:45:00,long,3045.01,3037.197142857143,stop,-20.52794511657009,9779.343898678751,-1.0473578350704211,0.4582190528434014,2.367891753519817,1.100987152381826,0.9623529411765048,1.0879502651307267,2.5138050831962153,45,0.833441148921591,0.5282004544416852,29.303898897252036,1,21,3,1,3,7.5,2025
2025-03-27 21:30:00,2025-03-28 08:45:00,long,3057.23,3080.12,target,57.72760802050979,9837.071506699262,2.951507208387934,0.366972477064245,2.125819134993486,1.1755545834468173,0.992031872509968,0.6579292267366251,0.5557011795543635,5,0.7608913156256548,0.1883267776521702,31.85044765419449,1,21,3,1,4,160.75,2025
2025-03-28 09:45:00,2025-03-28 10:45:00,long,3084.8,3078.2900000000004,stop,-20.79233547345326,9816.279171225808,-1.0568356374807901,0.4639016897082206,3.3087557603687454,1.0176967269708705,0.9388489208634412,0.8540706605222177,4.015360983103075,8,1.351488456075275,0.3818108756120875,32.71098206480634,1,10,4,1,0,1.0,2025
2025-03-28 14:00:00,2025-03-28 18:00:00,long,3076.8,3067.7628571428572,stop,-20.436357364060196,9795.842813861747,-1.0409421435346262,0.1394245969016993,2.2418589946253724,1.38671874108035,0.9572953736655184,0.6218779639582533,-1.456212456528591,9,1.236066319649953,0.4357586630038046,32.71098206480634,1,14,4,1,1,3.25,2025
2025-03-28 23:00:00,2025-03-31 05:15:00,long,3082.91,3101.7757142857145,target,50.9458863989985,9846.788700260746,2.6003830077237864,0.1272149023170116,2.855974557019514,0.941787683252052,0.8847736625513503,0.7728305315764963,-0.3084961381191147,11,1.4014744469548799,0.5112038955756404,32.71098206480634,1,23,4,1,2,5.0,2025
2025-03-31 06:00:00,2025-04-01 06:45:00,long,3108.9,3147.261428571429,target,56.86065152554639,9903.649351786293,2.8872687967824833,0.2705842922578491,4.765724500055864,1.9286402046931435,0.5126903553299562,0.9243659926265636,2.932633225337929,13,1.077301059486133,0.5402912005120664,34.005744730364626,1,6,0,1,0,0.75,2025
2025-04-01 13:15:00,2025-04-01 17:00:00,long,3136.13,3126.8300000000004,stop,-20.595331017585274,9883.054020768708,-1.039784946236538,0.0838709677420066,2.511827956989233,1.240287431690508,0.334152334152352,0.8752688172043436,-0.021505376344066643,21,1.6542625165685572,0.7988653527079892,35.80235721210673,1,13,1,1,0,6.5,2025
2025-04-01 23:15:00,2025-04-01 23:45:00,long,3119.47,3114.08,stop,-21.122965179824295,9861.931055588884,-1.0686456400741873,0.2411873840443918,2.300556586270972,0.6908893506584668,0.778947368421025,0.7050092764378814,4.27087198515761,23,0.7214918146619042,0.6916780076636986,35.80235721210673,1,23,1,1,1,6.25,2025
2025-04-02 03:15:00,2025-04-02 08:00:00,long,3121.64,3115.412857142857,stop,-20.89580069498001,9841.035254893904,-1.059417297545296,0.7130075705436137,3.6902959394355985,0.806811346073786,0.9673278879813075,2.7524661619637105,1.4902500573525113,24,0.9021831721530948,0.625968266517507,37.7190069691044,1,3,2,1,2,3.5,2025
2025-04-02 10:45:00,2025-04-02 13:45:00,long,3125.14,3115.402857142857,stop,-20.42996608813789,9820.605288805767,-1.037998826291073,1.1132629107981393,2.021126760563321,1.2141796805415328,0.8505079825834225,1.4151995305164087,-0.08215962441316439,26,0.8230434770145811,0.47767169498873496,37.7190069691044,1,11,2,1,3,2.75,2025
2025-04-02 16:30:00,2025-04-02 23:00:00,long,3127.64,3115.7585714285715,stop,-20.25285823176552,9800.352430574001,-1.0311410364313889,0.05891547432967082,2.17145605386559,1.4404173867863606,0.39368998628256585,1.2271251653240278,-0.23902849585188168,28,0.8815789355936733,0.3945754826901071,37.7190069691044,1,16,2,1,4,2.75,2025
2025-04-02 23:15:00,2025-04-03 09:15:00,long,3136.25,3121.57,stop,-20.09472807631318,9780.257702497687,-1.0252043596730247,1.2302452316076704,2.9836512261580217,1.7351293622014794,0.7884922749067644,5.114441416893785,0.5504087193460502,29,1.0923797507458042,0.42074711916686436,37.7190069691044,1,23,2,1,5,0.25,2025
2025-04-03 16:00:00,2025-04-03 16:30:00,short,3059.3,3084.5857142857144,stop,-19.846739895949725,9760.410962601738,-1.0146327683615768,0.20169491525421518,4.0402259887005485,2.5671714490407758,0.7725828415796563,1.742485875706226,5.475028248587541,1,0.9267913889844069,-0.3220819430777455,39.4987531720308,0,16,3,0,6,6.75,2025
2025-04-04 15:30:00,2025-04-07 01:15:00,short,3088.85,3001.361428571429,target,57.68669863000759,9818.097661231746,2.955136768884094,0.11658665621634118,3.1608699911825093,2.5743391556903514,0.4193444730077194,2.1342216126187896,-0.3888507886744452,2,0.6477558252569231,0.08528272250958313,38.90517503813359,0,15,4,0,7,23.0,2025
2025-04-07 02:15:00,2025-04-07 04:15:00,short,2985.45,3010.5671428571427,stop,-19.925455622117678,9798.172205609628,-1.0147309748606583,1.1506085769537293,3.2742577636218915,1.9975237348194934,0.922148695990658,2.0456148333523054,3.1181890569901416,5,1.8503907276450144,0.38740178718874585,37.08172995527275,0,2,0,0,0,1.0,2025
2025-04-07 10:00:00,2025-04-07 14:00:00,short,3014.3,3037.13,stop,-19.91393737802383,9778.258268231604,-1.0162067455102874,0.2102496714848559,2.4424003504161225,1.6161769390634277,0.9470960322024106,1.5234340779675715,1.0407358738501642,7,1.5583396133637335,0.7287086771532669,37.08172995527275,0,10,0,0,1,5.75,2025
2025-04-07 15:30:00,2025-04-07 17:15:00,short,3020.49,3036.725714285714,stop,-20.002195179924993,9758.25607305168,-1.0227892652881618,0.4373075230972557,2.7236251649802488,1.1207927895499383,0.6266149870801203,1.906907171139487,0.869687637483561,8,1.5969639086165883,0.7921923043566537,37.08172995527275,0,15,0,0,2,1.5,2025
2025-04-07 19:30:00,2025-04-08 08:45:00,short,2975.18,3005.5714285714284,stop,-19.754115636083654,9738.501957415596,-1.012174485287205,0.0052646422863840674,4.123531070790622,2.023617912198759,0.9867617107943322,0.6462348406505395,2.9817617749365355,9,1.4914256621559465,0.8245754427051222,37.08172995527275,0,19,0,0,3,2.25,2025
2025-04-08 12:15:00,2025-04-08 12:30:00,short,2995.77,3007.162857142857,stop,-20.10954861877357,9718.392408796823,-1.0324764890282079,0.9707836990596128,2.247021943573658,0.7232679923304758,0.8843861740167086,1.4728526645768052,0.7355485893417149,14,1.4860692612002664,0.890169258712159,34.966740487359694,0,12,1,0,4,3.5,2025
2025-04-08 15:45:00,2025-04-08 16:00:00,short,3002.6,3015.1299999999997,stop,-20.01073616496054,9698.381672631862,-1.0295291300877791,0.10055865921789552,2.614525139664848,0.7914068013072746,0.977455716586172,0.9912210694333756,0.7805267358339859,15,1.544809711461334,0.8937061177274774,34.966740487359694,0,16,1,0,5,3.25,2025
2025-04-08 18:45:00,2025-04-09 08:00:00,short,3001.4,3018.2285714285713,stop,-19.82322868536735,9678.558443946495,-1.0219864176570346,0.12954159592526066,2.410186757215649,1.0535382799176523,0.9670542635658764,0.6132427843802897,1.9110356536502504,15,1.544809711461334,0.8937061177274774,34.966740487359694,0,19,1,0,6,2.75,2025
2025-04-09 19:45:00,2025-04-09 20:15:00,long,3092.37,3073.2957142857144,stop,-19.732603202599662,9658.825840743895,-1.0193978430197692,0.17615338526061977,2.6769023367286287,1.0920681008989197,0.6429608127721217,0.7224385859796227,4.713151587777142,3,1.684909692329746,-0.1530543020606956,33.002821695726134,1,20,2,1,7,11.75,2025
2025-04-10 03:15:00,2025-04-10 04:30:00,long,3096.14,3080.7442857142855,stop,-19.78190627789747,9639.043934465997,-1.0240326621508853,0.7521573721814961,2.4578268534842924,0.8459915504857063,0.9459962756052198,1.3951934675698023,0.5702885775261992,4,1.294584983439204,0.07068081208476684,31.771513931760257,1,3,3,1,8,7.0,2025
2025-04-10 13:00:00,2025-04-10 18:00:00,long,3118.5,3159.3428571428576,target,57.31033655978094,9696.354271025779,2.9728226652675764,0.08814270724027944,2.1257082896117656,0.7489887325857837,0.9789719626167894,0.6287513116474513,-1.0136411332633806,7,1.6075769680071474,0.6295776015058374,31.771513931760257,1,13,3,1,9,8.5,2025
2025-04-10 18:15:00,2025-04-11 13:00:00,long,3170.64,3237.0,target,57.853744877485695,9754.208015903265,2.983273056057869,0.9846292947558646,3.940325497287512,1.2064375410576125,1.0,1.0840867992766519,4.369801084990947,8,2.0367293416228915,0.7494756401529523,31.771513931760257,1,18,3,1,0,0.25,2025
2025-04-11 16:30:00,2025-04-11 16:45:00,long,3240.54,3221.7714285714283,stop,-19.893001185729542,9734.315014717535,-1.0197138072766125,0.37935758867406777,2.7546049627035862,1.0016763860205289,0.7294201861130901,1.4886588521845237,1.9511341147815355,14,3.9305189385285084,1.541052889789185,31.765724723066135,1,16,4,1,0,3.5,2025
2025-04-14 04:15:00,2025-04-14 13:15:00,long,3228.94,3213.32,stop,-19.929794761246022,9714.385219956288,-1.0236875800255951,0.21510883482712254,1.5224071702945277,0.8732713883120277,0.7586912065439709,1.878361075544173,-0.7336747759282953,17,2.868261509350661,1.5253572948664917,32.514733371290895,1,4,0,1,1,59.5,2025
2025-04-14 15:00:00,2025-04-14 15:15:00,long,3226.4,3213.3585714285714,stop,-19.979986514393904,9694.405233441894,-1.0283711249863223,0.007667871617948848,3.077883667433426,0.7866994733397871,0.7495107632094271,0.7836564793514712,1.0965056413627101,19,2.668910807319828,1.3871910819801103,32.514733371290895,1,15,0,1,2,1.75,2025
2025-04-14 20:30:00,2025-04-14 21:30:00,long,3216.13,3205.897142857143,stop,-20.089871741618126,9674.315361700275,-1.0361580343431465,0.9088370794360126,2.961049839452775,0.623014935368975,0.9476190476190607,1.231327656010093,1.6319977662990266,21,1.8247702005934077,1.1225912954132555,32.514733371290895,1,20,0,1,3,5.25,2025
2025-04-15 01:30:00,2025-04-16 01:30:00,long,3214.63,3237.421428571429,target,54.37461137443966,9728.689973074715,2.8102562993606632,0.23693117713428366,1.676946220383565,0.4790443434675007,0.7964285714286555,0.7371192177509583,-0.3948852952237662,22,1.7925742918649554,0.9910453095645977,33.21382059108256,1,1,1,1,4,4.0,2025
2025-04-16 01:45:00,2025-04-16 03:30:00,long,3241.37,3263.424285714285,target,57.39284302421354,9786.08281609893,2.9496696463272514,0.639331519626892,3.4959191605131164,0.4990684693701928,0.8137044967880167,1.2705013602797692,3.6537116206763356,28,1.638267204148054,0.7448536921404347,33.86297300946053,1,2,2,1,0,0.25,2025
2025-04-16 04:00:00,2025-04-16 04:30:00,long,3269.63,3257.57,stop,-20.172638375474357,9765.910177723455,-1.030679933665014,0.2603648424544244,5.595356550580451,0.8245205832052197,0.4953617810760711,1.7877280265340476,6.386401326699934,29,2.5199683122581704,0.8032740658055815,33.86297300946053,1,4,2,1,0,0.5,2025
2025-04-16 06:15:00,2025-04-16 17:00:00,long,3275.81,3318.354285714286,target,58.08586688158604,9823.99604460504,2.973909539639372,0.06064269164901435,2.7430240757530107,0.9680909269512975,0.9418729817007572,1.3101641986501291,4.672307847285155,29,2.5199683122581704,0.8032740658055815,33.86297300946053,1,6,2,1,1,1.75,2025
2025-04-16 18:30:00,2025-04-17 17:15:00,long,3322.0,3304.5157142857142,stop,-20.063780139794794,9803.932264465246,-1.0211618596290581,0.28825884467685087,2.588610180570323,1.2030220535203435,0.7259658580413161,1.273143230656113,2.1676607565977424,32,3.136975761782242,1.0729773928805475,33.86297300946053,1,18,2,1,0,1.5,2025
2025-04-17 19:45:00,2025-04-21 04:45:00,long,3316.16,3378.2257142857147,target,55.42630833282663,9859.358572798072,2.8267386410716826,0.22911200110480753,2.8798508493301784,1.526876444071147,0.7400793650793407,0.9744510426736935,-1.1581273304792088,39,1.9579071170645692,1.236557600177668,35.432089743021194,1,20,3,1,1,2.5,2025
2025-04-21 05:30:00,2025-04-21 16:45:00,long,3382.73,3425.39,target,58.643076518091306,9918.001649316164,2.973980309423338,0.01547116736991946,4.936708860759483,1.0778907549129113,0.6361829025844891,0.7074542897327352,5.0745428973276985,41,3.1281158857620115,1.09328260043966,36.99182440581166,1,5,0,1,0,0.75,2025
2025-04-21 21:15:00,2025-04-22 05:30:00,long,3424.81,3467.9071428571433,target,58.99711840282381,9976.998767718987,2.9742442322991347,0.019490851233076777,2.595067621320565,1.136220901711516,0.9687074829931944,1.023269689737449,-0.21161495624502352,45,3.4853731491140962,1.3636821081282502,36.99182440581166,1,21,0,1,0,4.5,2025
2025-04-22 05:45:00,2025-04-22 11:45:00,long,3473.09,3450.3057142857147,stop,-20.27803574232717,9956.72073197666,-1.0162392626496874,0.3704307480093024,4.695341400714765,1.8215246041397537,0.6970010341261826,0.8488306476895179,3.6876293184525917,47,3.322016970646966,1.4810617879535082,38.89397061879535,1,6,1,1,0,0.25,2025
2025-04-23 03:30:00,2025-04-23 08:30:00,long,3357.15,3328.2657142857142,stop,-20.168527340562783,9936.552204636098,-1.0128097334190682,0.19941639052377272,2.856224343439345,2.0168364799126173,0.8550913838119997,0.5303922053514246,-1.2248874820713254,52,1.1157864669018995,1.1964149292157833,41.005248122492674,1,3,2,1,1,15.75,2025
2025-04-23 15:45:00,2025-04-24 03:15:00,short,3310.81,3332.2585714285715,stop,-20.215926711257296,9916.336277924842,-1.0172505661382802,0.2788064473158617,2.3563340881843686,1.3437055196055832,0.9758793969849461,0.9278007193286133,1.0089250033302444,2,0.9259805484514244,-0.12831426163379955,41.005248122492674,0,16,2,0,2,7.25,2025
2025-04-25 14:30:00,2025-04-25 15:15:00,short,3289.41,3302.662857142857,stop,-20.386371186006436,9895.949906738835,-1.027918508138402,0.39236822248577424,2.5519025547051757,0.7447280706302198,0.8968531468531616,1.7264201789371734,2.339118249434096,2,0.9145022234389221,0.018307305823295206,40.6148248479181,0,14,4,0,3,35.25,2025
2025-04-25 16:00:00,2025-04-25 22:30:00,short,3284.44,3300.3928571428573,stop,-20.250940025861787,9875.698966712973,-1.0231933375123254,0.42876332049790616,2.3205874451508692,0.8950455198882002,0.5264452644526341,2.0385063132444152,2.527446941882322,3,1.1717404436451957,0.10089941245333689,40.6148248479181,0,16,4,0,4,0.75,2025
2025-04-28 09:30:00,2025-04-28 15:15:00,short,3287.16,3300.435714285714,stop,-20.301878086740768,9855.397088626232,-1.027870440116202,0.08587108576350312,1.9991391369848377,0.7348716416159671,0.6554132712456361,1.2940923275584078,-1.060583234692781,7,0.7906191885089562,0.32895550995423184,40.00926121069079,0,9,0,0,5,59.0,2025
2025-04-30 12:45:00,2025-04-30 15:15:00,short,3275.94,3290.5600000000004,stop,-20.20963096559632,9835.187457660635,-1.0253077975376328,0.31326949384404107,4.972640218878185,0.9550671351738397,0.8982346832814115,1.3173734610123133,4.610123119014975,4,1.0166525199671088,0.12308887689989056,38.92480796239085,0,13,2,0,6,45.5,2025
2025-05-01 01:00:00,2025-05-01 04:00:00,short,3276.51,3239.4514285714286,target,58.42194617500637,9893.609403835642,2.9700474152885343,1.0637215219150593,3.6606915693303943,0.841970480643485,0.8639542275905705,2.5467792297906606,4.936509772175245,7,0.7900462000979729,0.2131481525604606,37.770166597913445,0,1,3,0,7,9.75,2025
2025-05-01 06:00:00,2025-05-02 06:15:00,short,3232.05,3252.6600000000003,stop,-20.592887920084486,9873.016515915559,-1.040716642406605,0.2241630276564722,2.426977195536125,1.412191946645957,0.9059024807527495,1.1344007763221793,4.708393983503153,8,1.9568327393605482,0.32900594634420743,37.770166597913445,0,6,3,0,0,2.0,2025
2025-05-02 15:30:00,2025-05-02 19:45:00,short,3256.25,3224.0514285714285,target,58.55738266327675,9931.573898578836,2.9655264208704972,0.20311460135767356,2.2193531212564586,0.7803366519596927,0.5394422310756879,2.338613070677523,0.7919606016238508,16,0.6717363155159857,0.6114048023559193,35.539604804051926,0,15,4,0,1,9.25,2025
2025-05-05 21:15:00,2025-05-06 04:00:00,long,3319.85,3350.6042857142857,target,58.8725321206446,9990.44643069948,2.963907469342246,0.32190635451506694,2.4523411371236814,0.7692951946521357,0.8827433628318136,0.8818283166109191,0.23021181716830627,3,1.0153652430608526,0.046528868787709676,33.46836885260908,1,21,0,1,0,73.5,2025
2025-05-06 04:30:00,2025-05-06 05:45:00,long,3378.36,3361.017142857143,stop,-20.4071738540761,9970.039256845403,-1.0213344316309643,1.5683690280065663,4.771993410214141,1.3255032679233172,0.8687643898695311,3.0052718286655895,5.285172981878037,5,1.3979797041877855,0.375657344245961,32.46940362448323,1,4,1,1,0,0.5,2025
2025-05-06 10:00:00,2025-05-06 19:30:00,long,3367.91,3406.3057142857147,target,59.243778309791594,10029.283035155195,2.9710905234959313,0.0031253488112483767,2.7690590467685485,0.9497028424257768,0.5325542570951467,0.936041968969777,1.7126911485656737,6,2.2227715581795233,0.5616456706786233,32.46940362448323,1,10,1,1,1,4.25,2025
2025-05-06 19:45:00,2025-05-07 01:15:00,long,3408.85,3394.305714285714,stop,-20.56884684942947,10008.714188305765,-1.025439544249096,0.11825950299579455,4.086828405854035,1.0747985335578663,0.4566473988439048,0.7136823494745225,2.446321579412639,9,2.979000748313083,0.9482627645772457,32.46940362448323,1,20,1,1,0,0.25,2025
2025-05-07 09:00:00,2025-05-07 11:45:00,long,3392.9,3378.8571428571427,stop,-20.544845868935546,9988.16934243683,-1.0263479145473178,0.49562563580874813,2.775788402848439,0.9808429628508695,0.6180645161290276,1.103763987792465,2.4482197355035527,12,1.734845384869227,1.06889096602385,32.549647071127325,1,9,2,1,1,7.75,2025
2025-05-07 13:15:00,2025-05-07 22:00:00,long,3390.41,3375.057142857143,stop,-20.457763428465405,9967.711579008364,-1.0240997487670895,0.22797059644552106,2.5233088303712674,1.0702377773669833,0.9234042553191512,0.9183958313947779,-0.037777984553824466,13,1.642485135165212,1.0093937516900242,32.549647071127325,1,13,2,1,2,1.5,2025
2025-05-08 02:30:00,2025-05-08 04:45:00,long,3375.87,3408.3599999999997,target,59.125188535133994,10026.836767543498,2.9658356417359366,0.23822714681440077,1.998153277931643,0.7650644775723917,0.7575757575757506,0.7313019390581879,-0.7811634349030604,16,0.8191077039865691,0.6522088888888167,32.65503714300096,1,2,3,1,3,4.5,2025
2025-05-08 05:00:00,2025-05-08 07:00:00,long,3409.77,3394.807142857143,stop,-20.549558721795755,10006.287208821703,-1.024727897651327,0.0026732862325734882,4.92953981287001,1.0578157385944076,0.2817518248174981,0.9156005346572402,5.680733244223829,17,1.206504167565004,0.6108240715986701,32.65503714300096,1,5,3,1,0,0.25,2025
2025-05-08 20:00:00,2025-05-09 07:45:00,short,3303.37,3326.792857142857,stop,-20.32870376468956,9985.958505057013,-1.0157965357404217,0.08538667967797021,4.93876555257381,1.6189336375608545,0.6024653312789023,1.108319102220055,5.050622102951946,1,0.926024115503141,-0.18091663145851644,32.65503714300096,0,20,3,0,1,13.0,2025
2025-05-12 04:00:00,2025-05-14 16:00:00,short,3261.69,3182.5157142857147,target,58.925654649985375,10044.884159706999,2.9504255710728566,0.306160008660819,1.8384756955721444,1.793936941766718,0.9275362318840619,1.6732705423838916,5.131969254086829,2,1.6077003863748003,0.17557315686879127,30.240848833678015,0,4,0,0,2,68.25,2025
2025-05-14 21:45:00,2025-05-14 23:30:00,short,3171.84,3182.904285714286,stop,-20.761588848107,10024.122570858892,-1.0334409296320146,0.3561007101355339,3.0910264686894497,0.7751845848865317,0.9755178907721073,0.9598450613298769,1.8148482892188378,18,2.4251912224333307,0.7160752416879523,26.07662756342686,0,22,2,0,0,5.75,2025
2025-05-15 04:30:00,2025-05-15 07:00:00,short,3177.99,3147.7928571428574,target,59.407793118638054,10083.53036397753,2.9632415554924645,0.433153562304917,2.485665625887012,0.7153695911236961,1.0,2.241271643485733,0.5225659948907463,20,2.123926831955963,0.8713328641320128,24.861826020430694,0,4,3,0,1,5.0,2025
2025-05-15 07:30:00,2025-05-15 11:30:00,short,3144.31,3158.8171428571427,stop,-20.681415107919467,10062.84894886961,-1.0255046774987602,0.2660758247168652,4.0269817823732135,1.0337644644101625,0.7996688741721782,0.8326932545544002,5.274643032988696,20,2.123926831955963,0.8713328641320128,24.861826020430694,0,7,3,0,0,0.5,2025
2025-05-16 10:15:00,2025-05-16 14:45:00,short,3209.5,3167.255714285715,target,59.84827602501067,10122.69722489462,2.9737242568732785,0.048290554935600034,3.0337830983057628,1.0391410772114535,0.5442105263157971,1.3492949173176587,0.15481383788173098,1,0.5441220053375939,0.33144377055057683,24.30538616656035,0,10,4,0,1,22.75,2025
2025-05-20 21:15:00,2025-05-21 08:45:00,long,3288.32,3318.6157142857146,target,59.99441546671197,10182.691640361332,2.963361154335846,0.0752581694723656,2.521148677323527,0.7743905570142862,0.7605893186004113,1.0753996321968828,1.6517187721035784,3,1.414013545293313,0.11033008344800699,22.944733724524294,1,21,1,1,0,102.5,2025
2025-05-21 13:15:00,2025-05-21 15:15:00,long,3316.42,3305.297142857143,stop,-21.042834381378253,10161.648805979954,-1.0332648343179893,0.35961983046493856,1.8880041099409275,0.852799606422646,0.7985185185184996,1.2137169278191677,-0.41536090418699423,7,1.807450259111249,0.6280342356256297,21.56441938082238,1,13,2,1,0,4.5,2025
2025-05-21 18:00:00,2025-05-22 13:30:00,long,3312.19,3295.2785714285715,stop,-20.767944856553388,10140.8808611234,-1.0218786957256294,0.3157627977699019,2.1949653657712367,1.2892905593746335,0.8795918367347072,1.1589795573576285,0.27437067072142474,8,1.5303579090809933,0.7069175229969638,21.56441938082238,1,18,2,1,1,2.75,2025
2025-05-22 14:45:00,2025-05-22 16:45:00,long,3314.59,3298.5828571428574,stop,-20.750568173479458,10120.13029294992,-1.023114680946006,0.42855867916112794,3.514680946006227,1.255258835286714,0.9887147335423299,1.992860330209718,-1.625524319500204,13,1.2151544803296264,0.6898617450126654,20.21319130927111,1,15,3,1,2,1.25,2025
2025-05-23 01:15:00,2025-05-23 03:45:00,long,3298.38,3291.192857142857,stop,-21.28224577607037,10098.84804717385,-1.051480818922678,0.03061021665676292,2.5712581991650483,0.5656478019801854,0.9239766081872053,0.9516994633273658,0.7318624527926967,16,0.5717106000307216,0.5232094798831355,19.265239525196936,1,1,4,1,3,8.5,2025
2025-05-23 07:00:00,2025-05-23 14:45:00,long,3305.98,3345.901428571429,target,60.03149909480549,10158.879546268656,2.9721953837896007,0.05711218464843288,2.210842726784759,1.0464572535131182,0.8915929203540301,0.6793344068706354,0.9032742887815671,17,0.701070625747779,0.44373468821963247,19.265239525196936,1,7,4,1,4,3.25,2025
2025-05-23 15:30:00,2025-05-23 16:30:00,long,3358.04,3342.8385714285714,stop,-20.812289644643904,10138.067256624012,-1.0243398176863034,0.35654543745888917,4.193026971149301,1.218700251581455,0.8297428769979264,1.8932431162484504,4.240390940701052,19,1.2984657182099544,0.3712977466109102,19.265239525196936,1,15,4,1,0,0.75,2025
2025-05-23 18:45:00,2025-05-26 01:15:00,long,3361.65,3342.7657142857142,stop,-22.97437432625487,10115.092882297757,-1.1330746652545567,0.15886224374006996,2.5047280429684458,1.4990265371110245,0.8422090729783485,0.5369543838414056,1.4467054996596032,20,2.0604368348886064,0.45166195785772967,19.265239525196936,1,19,4,1,1,2.25,2025
2025-05-26 05:30:00,2025-05-26 09:15:00,long,3352.83,3339.79,stop,-20.804201771719775,10094.288680526037,-1.0283742331288344,0.34355828220855644,2.946319018404922,1.0677116079130877,0.7047058823529155,1.3036809815950956,0.48312883435584353,23,1.2625558097784828,0.6635359256585982,18.685343060957962,1,5,0,1,2,4.25,2025
2025-05-26 16:15:00,2025-05-27 08:00:00,long,3338.05,3330.38,stop,-21.162472227231127,10073.126208298805,-1.048239895697549,0.3102998696219227,2.7431551499348497,0.6584552240636322,0.8956158663883081,1.2490221642764119,2.8474576271187084,26,0.8288826800370226,0.5739924066162416,18.685343060957962,1,16,0,1,3,7.0,2025
2025-05-28 23:45:00,2025-05-29 02:30:00,short,3287.6,3258.345714285714,target,59.67434480093597,10132.800553099742,2.96205684148844,1.0644594198652362,2.077644301201319,0.8959913542391028,0.38315060588574157,3.5543510108409,1.2162320539115787,2,0.6199845486544178,0.07994102846770046,16.93428844228481,0,0,2,0,4,39.75,2025
2025-06-02 14:30:00,2025-06-03 01:00:00,long,3356.7,3384.5442857142857,target,59.988924191846486,10192.789477291588,2.9601354471294306,0.5947360320147186,2.0384792981375877,0.8791701988321458,0.48311306901615125,1.4674465137755608,0.47406495305521185,3,1.3478123351109867,0.08485801708555396,14.768384218951219,1,14,0,1,0,108.0,2025
2025-06-03 01:15:00,2025-06-03 02:30:00,long,3389.87,3383.3471428571424,stop,-21.541922570273,10171.247554721314,-1.0567236092860561,0.9167761717038161,3.066141042487903,0.6092820097677366,0.7333333333333485,1.8396846254927417,5.399474375821097,6,1.8718797994278793,0.48133308663735885,14.238156542151032,1,1,1,1,0,0.25,2025
2025-06-03 15:30:00,2025-06-03 16:30:00,long,3361.44,3352.4,stop,-21.175097232284408,10150.07245748903,-1.0409292035398008,0.214601769911557,2.5420353982299955,0.8228529817801302,0.8349802371541486,2.238938053097382,0.2168141592920356,9,1.0190968670019833,0.6106800932484724,14.238156542151032,1,15,1,1,1,13.0,2025
2025-06-04 01:00:00,2025-06-04 03:00:00,long,3356.41,3351.972857142857,stop,-21.99291295521698,10128.079544533814,-1.0833869929169788,0.4327108821635715,1.9742433998710645,0.4164133118862735,0.7819314641743723,1.446877012234404,2.438506117192469,12,0.6363711670089827,0.40716900278636725,13.902105892418604,1,1,2,1,2,8.5,2025
2025-06-04 17:00:00,2025-06-05 18:30:00,long,3366.84,3352.84,stop,-22.341834509673372,10105.737710024141,-1.1029649999999949,0.5700000000000311,2.667142857142855,1.306643800400161,0.9599027946537149,2.3514285714285657,1.020000000000042,16,0.6320094028519067,0.2584435940828911,13.902105892418604,1,17,2,1,3,14.0,2025
2025-06-06 11:30:00,2025-06-06 12:15:00,long,3367.1,3356.847142857143,stop,-20.940857074471236,10084.79685294967,-1.036087501741682,0.011704054618911136,2.7992197296921084,0.9927097660433759,0.8935698447893474,0.8797547721889077,-0.9792392364497855,26,0.6197745546119738,0.19482661879854923,13.639498288203919,1,11,4,1,4,17.0,2025
2025-06-06 21:00:00,2025-06-09 10:15:00,short,3315.35,3327.077142857143,stop,-22.419816675862343,10062.377036273809,-1.1115651114630456,0.9379948836642745,2.708247045925233,1.1180759758889685,0.8370298939247832,1.768546717017973,3.1567791448410776,2,0.8648336005460052,-0.028887992750847857,13.639498288203919,0,21,4,0,5,8.75,2025
2025-06-09 12:15:00,2025-06-09 18:15:00,short,3318.65,3327.0657142857144,stop,-21.00954634971461,10041.367489924094,-1.0439653709047778,0.16635545747746527,2.198268545238505,0.8223291707174611,0.7149390243902582,1.558988287217781,-1.5661178068240074,6,0.6782815215293294,0.33553162728353625,12.963035954223477,0,12,0,0,6,2.0,2025
2025-06-10 04:00:00,2025-06-10 09:15:00,short,3313.47,3321.851428571428,stop,-20.969291714086797,10020.398198210007,-1.044145219021623,0.22907789330152534,3.2094767342765227,0.8455809495670845,0.8186397984887063,1.8946650758478651,3.2047042781660786,10,0.6505431186515048,0.234484710205074,12.04677530716055,0,4,1,0,7,9.75,2025
2025-06-12 01:00:00,2025-06-12 10:30:00,long,3361.13,3349.99,stop,-20.706424283913663,9999.691773926093,-1.0332136445242541,1.0035906642729047,3.05924596050265,1.10699561701852,0.899814471243047,0.9676840215439513,6.095152603231575,1,0.5625688480142266,0.06363290853546033,11.096345990172445,1,1,3,1,8,39.75,2025
2025-06-12 16:30:00,2025-06-12 18:00:00,long,3398.41,3381.928571428571,stop,-20.448359914229624,9979.243414011864,-1.0224495102713131,0.5497096298864219,2.5131316633440304,1.5724388197395291,0.9795467108899756,2.195198058420753,4.546935945219708,5,1.2911128108379097,0.2713604621131793,11.096345990172445,1,16,3,1,9,6.0,2025
2025-06-12 22:30:00,2025-06-13 01:15:00,long,3388.15,3381.0985714285716,stop,-21.00574130299481,9958.237672708869,-1.0524716369529894,0.3346839546192096,2.521474878444065,0.6678176162940584,0.941704035874391,0.632495948136152,0.1049432739059665,6,1.088558334022782,0.3572214997041634,11.096345990172445,1,22,3,1,10,4.5,2025
2025-06-13 02:45:00,2025-06-13 03:15:00,long,3395.86,3414.2028571428573,target,58.544200074929826,10016.781872783798,2.9394859813084007,2.283177570093454,3.045327102803707,0.6004489337822686,0.9510926118626646,3.1434579439252617,3.251401869158882,7,1.0880083050363523,0.39422425370005953,11.536691089472882,1,3,4,1,11,1.5,2025
2025-06-13 04:00:00,2025-06-13 09:45:00,long,3425.6,3410.4157142857143,stop,-20.521727543676562,9996.260145240121,-1.0243672970175848,0.7441904224292154,5.318656505786014,1.4914645786224896,0.9924114671163453,1.5621413115062739,4.840530623765172,8,1.8298423029957298,0.4661425095938032,11.536691089472882,1,4,4,1,0,0.75,2025
2025-06-13 15:30:00,2025-06-13 19:00:00,long,3431.55,3419.407142857143,stop,-20.601704144037548,9975.658441096084,-1.03047058823531,0.5945882352941386,2.7011764705882504,1.1249995863972093,0.6192893401015281,1.2978823529411945,1.248470588235357,10,1.8009303013596503,0.6369415860332683,11.536691089472882,1,15,4,1,1,5.75,2025
2025-06-13 21:45:00,2025-06-16 08:00:00,long,3436.55,3426.5457142857144,stop,-24.962974863899916,9950.695466232184,-1.2511943452805854,0.04598029415964907,3.2326145937455215,0.9099179989946534,0.4706927175843765,1.1255176352991687,1.709267456804247,12,1.7110389301052904,0.7339102110589524,11.536691089472882,1,22,4,1,2,2.75,2025
2025-06-16 13:45:00,2025-06-16 14:45:00,long,3421.08,3411.652857142857,stop,-20.682488106506863,9930.012978125676,-1.0392483709652836,0.2970146991968642,1.9030156084254566,0.8749782120060958,0.9460784313724917,0.8655856948023147,0.5834217305652311,16,0.8617543435132274,0.6506636560038803,12.722873634738333,1,14,0,1,3,5.75,2025
2025-06-20 08:45:00,2025-06-20 10:00:00,short,3344.71,3354.24,stop,-20.631086775119194,9909.381891350557,-1.0388247639034496,0.3420776495278343,2.3819517313746186,0.8888864213638189,0.7121418826739225,1.5383001049317993,2.463798530954866,9,0.7341266174625055,0.1833160508254772,15.026333633445198,0,9,4,0,4,90.0,2025
2025-06-20 14:45:00,2025-06-20 16:15:00,short,3347.0,3354.317142857143,stop,-20.82092306027281,9888.560968290283,-1.0505661850839776,1.1233893010542948,2.227645450995699,0.6981584231461004,0.9553450608931079,2.0199140960561652,0.1803982819210823,10,0.7792819685554074,0.20511569465093693,15.026333633445198,0,15,4,0,5,4.75,2025
2025-06-24 08:00:00,2025-06-24 09:30:00,short,3341.78,3316.948571428571,target,58.4473004694634,9947.008268759746,2.955298584742854,1.2758025543665035,2.6168450120814026,0.8177345173751674,0.9395973154362072,1.8001380738695563,1.7614773904038281,3,0.6252315807992087,0.0994395662883174,15.118120138618458,0,8,1,0,6,87.75,2025
2025-06-24 12:45:00,2025-06-25 04:00:00,short,3318.29,3330.5542857142855,stop,-20.49419711797561,9926.51407164177,-1.030168899242855,0.13372160745489067,2.1721607454862797,1.1983577543413064,0.924770642201859,0.8887594641816883,2.247175305765918,4,1.1843717934335736,0.15901116830782103,15.118120138618458,0,13,1,0,0,3.25,2025
2025-06-25 07:00:00,2025-06-25 08:45:00,short,3327.0,3333.7057142857143,stop,-20.948455132867604,9905.565616508902,-1.055176821474192,0.059650617809914125,2.403919897741845,0.6786497847593166,0.8793969849247196,0.5935236472091202,-0.15807413719647587,8,0.8767110742680289,0.44001027150119,14.06236351111016,0,7,2,0,1,3.0,2025
2025-06-25 12:00:00,2025-06-25 19:30:00,short,3322.23,3330.622857142857,stop,-20.68450706099209,9884.88110944791,-1.0440851063829557,1.008000000000012,2.545021276595725,0.852332231850078,0.9260628465803878,1.2891914893616774,1.7062127659574253,10,0.7611653096444435,0.423639867201675,14.06236351111016,0,12,2,0,2,3.25,2025
2025-06-26 15:45:00,2025-06-26 19:45:00,short,3322.03,3333.2085714285718,stop,-20.4241223996875,9864.456987048223,-1.0330990415335521,1.4992971246005686,2.461853035143795,1.1960240796967345,0.9689081706435073,2.4743769968050846,4.678594249201186,1,0.6928703643079454,0.1615943613240467,13.082018071281029,0,16,3,0,3,20.25,2025
2025-06-27 05:30:00,2025-06-27 10:15:00,short,3311.78,3285.0285714285715,target,58.368127901255725,9922.825114949479,2.9585068888176798,0.31848766421010066,1.9849407241269472,0.9669686184447568,0.7246835443037151,0.70874719641147,1.8548542133931234,4,0.6838926227485753,0.17453424153531794,12.448574220182712,0,5,4,0,4,9.75,2025
2025-06-27 15:00:00,2025-06-30 08:00:00,short,3275.73,3286.69,stop,-22.2147066187479,9900.610408330731,-1.1193740875912335,0.07116788321165493,2.695255474452526,1.1705058314556391,0.6656534954407227,1.8010948905109951,1.4653284671533076,6,1.394530353587509,0.3380227503637534,12.448574220182712,0,15,4,0,0,4.75,2025
2025-06-30 12:00:00,2025-06-30 19:00:00,short,3282.91,3291.637142857143,stop,-20.64072256678719,9879.969685763943,-1.0423964642331216,1.1848092977574298,1.9960713701096928,0.9130783262223497,0.7918263090677305,1.7944017024062784,0.7929284661974261,12,0.8237420278365906,0.5717044191882459,12.494558412225736,1,12,0,0,1,4.0,2025
2025-07-01 12:15:00,2025-07-02 04:15:00,long,3342.95,3334.45,stop,-20.620077908876905,9859.349607855065,-1.0435294117647138,0.12235294117646725,2.7764705882352514,0.9532038965212988,0.6393442622950644,1.2917647058823116,3.167058823529445,3,0.740140926771294,-0.04256741294840216,12.676912743707813,1,12,1,1,2,17.25,2025
2025-07-02 08:15:00,2025-07-02 08:30:00,long,3342.82,3336.7957142857144,stop,-20.929783658884894,9838.41982419618,-1.0614180697177975,0.22243300924830214,2.8816694332464445,0.70846861074128,0.8901734104047253,1.1486838985060446,2.566279345506258,8,0.5210060134188056,0.28644581733925367,11.888385065225778,1,8,2,1,3,4.0,2025
2025-07-02 19:00:00,2025-07-03 15:30:00,long,3346.18,3336.485714285714,stop,-20.427841927929105,9817.991982268251,-1.0381668140289035,0.13409961685816404,2.407603890362554,1.1230768488144967,0.8383999999999651,1.2894193928676836,1.6463306808134623,10,0.6509833623098035,0.22409888804912903,11.888385065225778,1,19,2,1,4,10.5,2025
2025-07-07 10:45:00,2025-07-07 11:30:00,short,3302.21,3311.5071428571428,stop,-20.417440609714127,9797.574541658538,-1.0397971727105182,0.7808850645359965,2.0156730178242377,1.1963927141926254,0.7429983525535386,1.3057775046096776,1.8758451137062062,2,0.7123239078663037,0.02339241693198879,10.078832519414565,0,11,0,0,5,91.25,2025
2025-07-07 13:30:00,2025-07-07 14:00:00,short,3298.5,3306.8728571428574,stop,-20.461066778690185,9777.113474879847,-1.0441904111926525,0.6544958198259148,2.756526190070048,1.0921190085493633,0.9097345132743393,2.6991980890633376,3.210373656372639,3,0.5969201532150423,0.08502459974824017,10.078832519414565,0,13,0,0,6,2.0,2025
2025-07-09 02:30:00,2025-07-09 03:00:00,short,3298.28,3303.12,stop,-21.049074877736437,9756.064400002111,-1.076446280991697,0.4545454545454277,1.9421487603305494,0.6252453418214581,0.7555012224938691,1.6900826446280115,2.681818181818155,4,0.7209619832407854,0.10719117581383664,10.562202098450953,0,2,2,0,7,36.5,2025
2025-07-09 05:30:00,2025-07-09 16:45:00,short,3294.38,3302.9957142857143,stop,-20.350072981599357,9735.714327020512,-1.0429447852760665,0.9842480517326718,2.1681313215056064,1.1276098238168013,0.9739229024943281,2.0474216547835673,1.7270767700215823,5,0.5231570368185791,0.15299211574474336,10.562202098450953,0,5,2,0,8,2.5,2025
2025-07-11 15:45:00,2025-07-14 17:15:00,long,3355.09,3345.8957142857143,stop,-27.062656762693848,9708.65167025782,-1.3898649782473649,0.10876320696084504,2.72995649471725,1.2013603034822335,0.6115241635688058,1.1702921068986174,4.768178993163462,5,0.9383601565957914,0.138169122352938,10.93768553765275,1,16,4,1,9,47.0,2025
2025-07-15 08:00:00,2025-07-15 11:15:00,long,3362.68,3357.0671428571427,stop,-20.697293558177286,9687.954376699641,-1.0659200814456482,0.48103843217099834,4.892339017561675,0.7321234538282729,0.8395904436859358,1.0440315601935262,5.002799694578707,15,0.6404415937856138,0.20125427173860455,10.257398532813685,1,8,1,1,10,14.75,2025
2025-07-21 14:00:00,2025-07-21 15:30:00,long,3369.46,3384.494285714286,target,56.69717883513244,9744.651555534774,2.926168757126582,0.5148232611174257,2.1710376282782193,0.691682710930907,0.9251101321585576,1.8118586088939226,0.526795895096981,7,0.6398061981423427,0.18304832704829632,8.156840712804785,1,14,0,1,11,146.75,2025
2025-07-21 17:15:00,2025-07-22 04:30:00,long,3397.63,3387.5414285714287,stop,-20.20407647637216,9724.447479058403,-1.0366751628433872,0.4599263664684557,4.397054658736876,1.3983096992637511,0.8183716075156791,0.9495893514585045,6.371566128575549,8,1.1821953609487057,0.22390431728680493,8.156840712804785,1,17,0,1,0,1.75,2025
2025-07-22 11:15:00,2025-07-22 15:30:00,long,3388.53,3403.9585714285718,target,56.94744493153084,9781.394923989934,2.9280555555555807,0.0816666666666808,1.9366666666666736,0.7200309013261825,0.5496183206107308,1.0188888888888463,-0.5094444444444232,12,0.9667850526340165,0.4566904305436603,8.834434735055668,1,11,1,1,1,6.75,2025
2025-07-22 15:45:00,2025-07-22 18:00:00,long,3407.63,3428.004285714286,target,57.622580193786185,9839.01750418372,2.9455195624736787,0.5153554901135742,5.830879259570779,0.9547446867976461,0.9614835948644831,2.064366848969296,5.486327303323396,14,1.3009957903911795,0.47983307575258927,8.834434735055668,1,16,1,1,0,0.25,2025
2025-07-22 19:45:00,2025-07-23 04:45:00,long,3432.21,3420.9985714285717,stop,-20.327450281961283,9818.690053901759,-1.0330020387359662,0.258664627930652,2.738277268093862,1.5448394421577087,0.8324873096447093,0.7028542303771798,4.3848114169215195,15,1.8782975087819338,0.5188399593846205,8.834434735055668,1,20,1,1,0,1.75,2025
2025-07-23 09:45:00,2025-07-23 16:00:00,long,3425.11,3418.597142857143,stop,-20.75299349844246,9797.937060403316,-1.0568107041017971,0.15661329238874983,2.5273086203114943,0.9185548225261465,0.9691358024693022,0.4974775169993118,0.6141697740732658,18,1.3148896693574443,0.6067687542453681,10.14002212397924,1,10,2,1,1,5.0,2025
2025-07-24 15:45:00,2025-07-24 16:30:00,short,3353.42,3361.54,stop,-20.488789567198246,9777.448270836117,-1.0455665024630634,1.1379310344827562,2.2832512315271383,1.1388551590390579,0.918526785714284,2.2068965517241943,4.027093596059178,3,0.8527728166106555,0.06778843024586312,11.46011149821798,0,16,3,0,2,23.75,2025
2025-07-25 08:30:00,2025-07-25 14:30:00,short,3356.66,3339.0285714285715,target,57.43359623554298,9834.881867071661,2.9370442391832543,0.3981526494895739,1.9635391346621294,0.8312944437241169,0.8914473684210753,1.0345162858531751,4.059795819154219,7,0.5232503170013469,0.19095824787441762,11.679170988548917,0,8,4,0,3,16.0,2025
2025-07-25 17:45:00,2025-07-28 06:45:00,short,3331.96,3342.304285714286,stop,-22.157585454727926,9812.724281616933,-1.1264794917829222,0.06186990747137552,2.9600883855820976,1.4409681411416397,0.7692307692307807,1.1813285457809086,2.109377157851102,9,0.9972322762715131,0.2348278280910776,11.679170988548917,0,18,4,0,0,3.25,2025
2025-07-28 10:45:00,2025-07-28 16:45:00,short,3335.01,3315.5357142857138,target,57.757729673443755,9870.482011290376,2.943001760563402,0.003080985915420006,3.176496478873123,0.8701101879470492,0.7604651162790333,1.3248239436619864,2.5448943661970307,13,0.7595440790145561,0.40077745586315494,11.114798462393368,0,11,0,0,1,4.0,2025
2025-07-29 01:00:00,2025-07-29 04:30:00,short,3312.78,3317.1814285714286,stop,-21.400460835903278,9849.081550454473,-1.084063615709157,0.10905550146046737,2.6536838688738524,0.5804703565177797,0.7886435331230103,1.4404414151250164,-1.3586497890296658,17,1.2155644655057483,0.41733805144504865,10.655052819185414,1,1,1,0,0,8.25,2025
2025-07-29 07:15:00,2025-07-29 07:45:00,short,3310.64,3317.3971428571426,stop,-20.776772877469764,9828.304777577003,-1.0547568710359112,0.18350951374217173,2.847357293868851,0.8860879047283883,0.6483516483516825,1.3467230443974987,-0.5475687103593738,18,1.2240603461181425,0.43243539733964775,10.655052819185414,1,7,1,0,1,2.75,2025
2025-07-29 14:00:00,2025-07-29 17:30:00,short,3319.78,3327.761428571429,stop,-20.567843110691094,9807.736934466311,-1.0463576158940473,0.2706282441381558,1.9570431358510412,1.0381204699135025,0.5990338164250778,1.037408269196416,-1.5135135135135966,20,0.6599135313288348,0.4389437089233006,10.655052819185414,1,14,1,0,2,6.25,2025
2025-07-30 15:45:00,2025-07-30 21:45:00,short,3313.1,3284.364285714285,target,58.08871724705875,9865.82565171337,2.9613721103654203,2.0002982848619957,1.912602535421361,1.2536303239557929,0.8234453180843575,2.921103653989467,3.9964205816553897,27,0.8005808469391963,0.21229421265785975,10.22814615049231,0,16,2,0,3,22.25,2025
2025-07-30 22:00:00,2025-07-31 02:45:00,short,3275.33,3285.52,stop,-20.44810969226598,9845.377542021104,-1.0363101079489891,0.8243375858685634,4.9754661432777745,1.3036872771081542,1.0,1.4425907752698746,4.971540726202213,28,1.177514352705368,0.24699984494288563,10.22814615049231,0,22,2,0,0,0.25,2025
2025-07-31 13:30:00,2025-07-31 15:30:00,short,3300.88,3310.342857142857,stop,-20.46066836404888,9824.916873657055,-1.0391002415458725,0.5347222222221628,2.417874396135252,1.214555319695927,0.9840909090908723,0.9299516908212655,-0.11413043478259981,32,0.5087363798956352,0.43976437802715207,10.784541809582574,1,13,3,0,1,10.75,2025
2025-07-31 17:15:00,2025-08-01 15:30:00,short,3296.68,3306.407142857143,stop,-20.397271982085304,9804.51960167497,-1.0380378910266026,0.39888383022471563,2.582464385372302,1.245797560183503,0.8567674113009544,1.5646937876339537,1.6572183874283999,33,0.5410113335977048,0.4221849729351135,10.784541809582574,1,17,3,0,2,1.75,2025
2025-08-01 21:30:00,2025-08-04 16:00:00,long,3350.81,3373.1642857142856,target,52.2139014694892,9856.73350314446,2.6627465490797304,0.2496165644171325,2.5015337423313175,0.9031575233727333,0.8892508143322061,0.8240030674847016,1.5648006134969037,2,0.8267262853877837,-0.11765798477814116,11.30119492159496,0,21,4,1,3,6.0,2025
2025-08-04 16:15:00,2025-08-05 09:30:00,long,3375.58,3367.2371428571428,stop,-20.587745765643167,9836.145757378818,-1.0443493150684928,0.48904109589040146,3.9746575342465515,1.0290975572149172,0.5779220779220504,1.1075342465754237,3.4784246575341844,7,1.089684766395199,0.4048692631326567,10.597856937446931,1,16,0,1,0,0.25,2025
2025-08-05 10:15:00,2025-08-05 11:45:00,long,3374.24,3368.2457142857143,stop,-20.88657261635905,9815.259184762459,-1.0617254528121696,0.02669208770254958,2.8160152526215603,0.7592188272759081,0.9187725631768455,1.8484270734032275,0.3269780743563841,11,0.8883677465446678,0.43948639573931914,10.468657689693401,1,10,1,1,1,0.75,2025
2025-08-05 15:30:00,2025-08-05 18:45:00,long,3363.88,3389.315714285714,target,58.03489053271848,9873.294075295178,2.9563605728727884,0.4953664700926575,2.802358887952895,1.071755876824804,0.6417112299465453,1.3233361415332223,-1.214827295703496,12,0.6914025669962544,0.42560866942593645,10.468657689693401,1,15,1,1,2,3.75,2025
2025-08-06 02:30:00,2025-08-06 04:00:00,long,3382.7,3379.5014285714283,stop,-22.03080714612619,9851.263268149052,-1.11567664135779,0.3251451540866363,2.50111656989729,0.4108355820495661,0.6216216216213559,0.9254131308620086,1.8195623046001874,15,0.9334473412116705,0.3775331041081742,10.464841100438974,1,2,2,1,0,7.75,2025
2025-08-06 09:15:00,2025-08-06 10:00:00,long,3377.21,3372.2485714285713,stop,-21.171848267626608,9830.091419881426,-1.0745752951339291,0.1773682695076522,2.454938093867031,0.636738267128022,0.7375415282392338,1.2133602073136491,0.7054419809962564,17,0.59020440940327,0.3389193300171067,10.464841100438974,1,9,2,1,1,5.25,2025
2025-08-07 09:30:00,2025-08-07 11:15:00,long,3385.3,3378.4,stop,-20.714424528271863,9809.376995353154,-1.0536231884057965,1.2347826086956992,2.7246376811594106,0.9327633113097702,0.8381410256410579,1.808695652173826,1.2695652173913192,23,0.5554683178381146,0.18859443741041648,10.461297124702721,1,9,3,1,2,23.5,2025
2025-08-07 15:30:00,2025-08-11 04:00:00,long,3385.04,3374.53,stop,-26.30990644002152,9783.067088913132,-1.3410589914367095,0.31588962892480704,2.2131303520457,1.3936731086397727,0.4834070796460076,1.7202664129400569,1.221693625118953,24,0.546615743267042,0.20224190682882615,10.461297124702721,1,15,3,1,3,4.25,2025
2025-08-11 23:15:00,2025-08-12 10:30:00,short,3349.76,3357.9000000000005,stop,-20.455503913182458,9762.61158499995,-1.0454545454545685,0.10565110565106371,2.1400491400491144,0.9400158374026838,0.9122807017543346,0.4201474201474223,-0.805896805896842,3,0.8208460001498009,0.054604398048541114,11.410680480101462,0,23,0,0,4,19.25,2025
2025-08-12 14:00:00,2025-08-12 15:30:00,short,3343.76,3351.784285714286,stop,-20.425531662261054,9742.18605333769,-1.0461100231440355,0.04984867366917345,1.95905287520033,0.9004326228486543,0.43788819875768414,0.8025636460744859,0.31155421043261744,7,0.5533513990123737,0.24054399368732549,10.665714705743218,0,14,1,0,5,3.5,2025
2025-08-13 03:45:00,2025-08-13 04:00:00,short,3343.49,3348.415714285714,stop,-20.94796038266963,9721.23809295502,-1.0751160092807313,0.08526682134572464,4.092807424594229,0.5414278825676085,0.7500000000000351,1.3155452436196196,1.6281902552205485,11,0.5548566214186406,0.19694143007096265,10.115781575322963,0,4,2,0,6,12.25,2025
2025-08-14 23:00:00,2025-08-15 04:45:00,short,3335.21,3340.1085714285714,stop,-20.911009674434613,9700.327083280585,-1.075532225138525,0.18372703412066327,2.2088072324294377,0.5251166973850341,0.9383753501399875,1.4575678040245847,-0.38786818314370497,4,0.7053689770048438,0.08893931435887126,9.518880623044035,0,23,3,0,7,43.0,2025
2025-08-19 19:45:00,2025-08-20 10:15:00,short,3317.5,3327.01,stop,-20.155464055270823,9680.171619225313,-1.0389064143007423,0.12407991587805174,3.9095688748684316,1.3279489925556145,0.874643874643867,0.7381703470031886,3.6235541535225533,9,0.7869772418378169,0.16810263802413683,8.14480467929714,1,20,1,0,8,111.0,2025
2025-08-25 09:15:00,2025-08-25 11:00:00,long,3368.6,3364.6585714285716,stop,-21.177787565654736,9658.993831659658,-1.0938745922435182,0.2689380210219833,2.532076839434726,0.6606553574234606,0.6470588235293117,0.9488945270027231,3.14606741573028,4,0.6418469039763224,0.16914643383196815,7.25006536005309,1,9,0,1,9,119.0,2025
2025-08-25 14:30:00,2025-08-25 15:45:00,long,3369.8,3365.3900000000003,stop,-20.938771208767623,9638.05506045089,-1.0839002267573563,0.5986394557823981,2.9251700680271817,0.7546581715673772,0.853982300885002,1.0249433106577142,0.6757369614513667,5,0.5418605588376335,0.2262561690301812,7.25006536005309,1,14,0,1,10,3.5,2025
2025-08-25 17:00:00,2025-08-25 22:15:00,long,3373.86,3367.9828571428575,stop,-20.48965229914946,9617.56540815174,-1.0629557608166904,0.7929022848808722,3.1818181818183158,1.0140060510083948,0.9049881235154187,1.432668935342749,2.0690325717063502,6,0.5221114480908793,0.29111709193601065,7.25006536005309,1,17,0,1,11,1.25,2025
2025-08-26 03:45:00,2025-08-26 04:15:00,long,3383.21,3373.4328571428573,stop,-19.963052920543944,9597.602355231196,-1.0378433664523603,0.038866160140280236,6.484511981297487,1.7141264953054913,0.29237288135593953,0.965517241379368,3.645236703682112,9,0.9244442092204039,0.26799866301694397,7.686320652349999,1,4,1,1,12,5.5,2025
2025-08-26 14:30:00,2025-08-26 15:45:00,long,3378.97,3371.8785714285714,stop,-20.19672727694284,9577.405627954253,-1.052175664786454,0.10999194198223775,3.1897663174859203,1.186893718935633,0.7787878787878549,0.9307010475422386,0.3779210314261864,11,0.6406710894418571,0.27929329943032766,7.686320652349999,1,14,1,1,13,10.25,2025
2025-08-26 22:00:00,2025-08-27 04:30:00,long,3388.29,3383.422857142857,stop,-20.61095922047593,9556.794668733777,-1.076019958908144,0.9820956853536397,2.3175814499559406,0.8013972114575997,0.8494623655914044,1.5286175520985512,2.794247138244889,13,0.7426815465008659,0.2754580981253474,7.686320652349999,1,22,1,1,14,6.25,2025
2025-08-27 23:45:00,2025-08-28 03:45:00,long,3397.31,3393.52,stop,-20.979559800491035,9535.815108933286,-1.097625329815248,0.35356200527706844,1.6569920844325812,0.6385427201948234,0.6613545816733111,1.3245382585750176,0.944591029023688,20,0.8249208139451168,0.2706627356959146,8.645045635641672,1,0,2,1,15,19.25,2025
2025-08-28 09:30:00,2025-08-28 16:45:00,long,3395.37,3409.0800000000004,target,55.67079805390379,9591.485906987189,2.919037199124729,1.2166301969363877,2.1663019693654686,0.7681909551258541,0.9603448275862019,2.5382932166299867,3.1553610503281306,22,0.5393428897293482,0.270404127299928,9.694703434640676,1,9,3,1,16,5.75,2025
2025-08-28 17:00:00,2025-08-29 17:45:00,long,3411.57,3440.3485714285716,target,54.66630755068062,9646.15221453787,2.8497309009679825,0.23350707371563392,3.3921072226358815,1.5868311525400058,0.9728682170542875,1.075800446760951,3.4171258376769065,24,0.6408528554323124,0.2959469866229858,9.694703434640676,1,17,3,1,0,0.25,2025
2025-08-29 18:00:00,2025-09-01 05:30:00,long,3442.25,3474.247142857143,target,53.33132491146356,9699.483539449333,2.7643833377980016,0.210018751674234,6.178676667559591,1.7886222685389181,0.901098901098875,0.6825609429413884,6.979373158317597,30,0.837432757707322,0.37238472522107546,11.34527167661988,1,18,4,1,0,0.25,2025
2025-09-01 05:45:00,2025-09-01 10:30:00,long,3483.53,3468.9357142857148,stop,-19.89077722704225,9679.59276222229,-1.025352388410337,0.9606499608457806,5.403484729835633,2.448527142775778,0.8710900473933926,1.4457713390759497,4.55657791699304,33,1.3174994733887238,0.47435984655752605,13.571218537654108,1,6,0,1,0,0.25,2025
2025-09-01 16:00:00,2025-09-02 04:30:00,long,3477.49,3501.3271428571434,target,57.17607706041914,9736.76883928271,2.9534340165408137,1.0093491549801323,1.5907946781733113,1.212160286513292,0.9369565217390908,2.315713772024449,0.7752606975907526,36,1.6489035580368203,0.7176416610647829,13.571218537654108,1,16,0,1,1,5.5,2025
2025-09-02 13:45:00,2025-09-02 15:30:00,long,3485.67,3475.537142857143,stop,-20.18461144971281,9716.584227832996,-1.0365148738192584,0.1184266177921718,2.054701818694553,1.459462518068381,0.9716088328075257,0.625687297335417,0.04539687015367633,41,1.3173892835031156,0.6938244064863763,16.271358787750888,1,14,1,1,0,9.25,2025
2025-09-02 17:00:00,2025-09-03 03:15:00,long,3498.02,3544.8799999999997,target,57.839180634053015,9774.42340846705,2.976312419974379,0.4903969270166374,2.5403329065301152,2.2040013119055364,0.8830798479087433,1.3469910371318836,2.1562099871959273,42,1.344543652388964,0.6720206989506039,16.271358787750888,1,17,1,1,1,1.5,2025
2025-09-03 11:15:00,2025-09-03 13:15:00,long,3541.06,3532.5842857142857,stop,-20.40223487113655,9754.021173595913,-1.04365413787289,0.2548457778526656,3.08882521489968,1.107427256840364,0.9595375722543287,1.2246755435698495,1.609303893477165,46,2.2222704130495927,0.8596800350698652,19.43030339755725,1,11,2,1,0,8.0,2025
2025-09-03 14:00:00,2025-09-03 19:45:00,long,3546.25,3572.0628571428574,target,57.685245592476726,9811.70641918839,2.9569981736676154,1.0204217167524114,2.208201892744462,1.1137839158112814,0.8002512562813897,1.8502407438153683,2.6451934252033915,47,2.162613364376765,0.9206672113650116,19.43030339755725,1,14,2,1,1,0.75,2025
2025-09-03 20:30:00,2025-09-03 22:15:00,long,3574.24,3564.3814285714284,stop,-20.35989507647804,9791.346524111912,-1.0375307926387274,0.23329952180835592,3.1667874221127112,1.2243997263242339,0.9270072992699797,0.5558614693523066,4.570641935951185,49,2.705383959723152,1.0076556189348551,19.43030339755725,1,20,2,1,0,0.75,2025
2025-09-04 09:15:00,2025-09-05 15:30:00,long,3537.57,3578.4,target,56.67396835437443,9848.020492466287,2.894084496693617,0.477590007347541,1.4665686994856824,1.5895664022580058,0.8231631382316733,1.1800146950771175,-1.1300514327700357,52,1.2347208677095847,0.9006128135242264,22.741476688943983,1,9,3,1,1,11.0,2025
2025-09-05 16:45:00,2025-09-05 17:30:00,long,3594.41,3577.335714285714,stop,-20.12285445674484,9827.897638009541,-1.0216700133868921,0.8902275769745545,4.5542168674698935,1.8024340097822857,0.9147005444646047,1.2908299866131172,4.9196787148594385,60,1.788527960485041,0.5694720283796473,25.182539441955143,1,17,4,1,0,1.25,2025
2025-09-05 19:15:00,2025-09-08 01:00:00,long,3599.61,3581.5628571428574,stop,-22.392816146056152,9805.504821863486,-1.1392475263199529,0.06427610227181996,2.8381223778991793,1.8401157021482877,0.8942857142857454,0.38787303095068637,4.9625583788490895,60,1.788527960485041,0.5694720283796473,25.182539441955143,1,19,4,1,1,1.75,2025
2025-09-08 08:45:00,2025-09-08 11:15:00,long,3591.23,3613.9228571428575,target,57.87377463510456,9863.378596498591,2.9510859301227668,0.6398489140698878,2.4562795089706837,0.7483706684396509,0.925675675675693,1.1739376770538228,0.4547686496694404,64,1.3472450905343794,0.6794334264504709,27.822054027822617,1,9,0,1,2,7.75,2025
2025-09-08 13:00:00,2025-09-09 05:00:00,long,3621.03,3651.531428571429,target,58.462380597821884,9921.840977096414,2.96360826190812,0.7514402135731663,2.1382605030209123,1.0059986041539684,0.9863945578231414,1.445833918785986,5.236476043276724,65,2.01830843819518,0.7550064330013484,27.822054027822617,1,13,0,1,0,1.75,2025
2025-09-09 05:15:00,2025-09-09 06:00:00,long,3653.72,3645.0099999999998,stop,-20.686639740995812,9901.154337355418,-1.0424799081515652,0.06429391504012591,5.228473019517847,0.8711449315525912,0.9507692307691357,0.746268656716426,4.9322617680827205,69,2.12855187766934,0.8794088236696807,30.661388542744163,1,5,1,1,0,0.25,2025
2025-09-09 07:30:00,2025-09-09 09:00:00,long,3655.15,3645.11,stop,-20.532075030253374,9880.622262325165,-1.0368525896414547,0.1354581673307384,2.3525896414343066,0.9932568628247457,0.9605911330049615,0.8087649402390517,3.470119521912445,69,2.12855187766934,0.8794088236696807,30.661388542744163,1,7,1,1,1,1.5,2025
2025-09-09 12:00:00,2025-09-09 17:30:00,long,3655.53,3641.341428571429,stop,-20.276564936640124,9860.345697388526,-1.0260773258155365,0.6258558195731038,1.8860249697946156,1.3978363467474857,0.9923469387755173,1.1051147805074695,0.08457511075317237,71,2.077970807293347,0.9602933174168715,30.661388542744163,1,12,1,1,2,3.0,2025
2025-09-10 02:00:00,2025-09-10 03:15:00,long,3639.05,3629.172857142857,stop,-20.459432943988787,9839.886264444536,-1.0374602256291778,0.5568411917847819,3.373445183685323,0.9711680107314542,0.8289473684210853,1.0772345964709567,-1.0124385305177852,74,1.158289161594271,0.8089360734524043,33.499335830675314,1,2,2,1,3,8.5,2025
2025-09-10 05:30:00,2025-09-11 08:45:00,long,3635.89,3624.941428571429,stop,-22.270849281065587,9817.615415163471,-1.131661925887249,0.08402922755741905,2.763830897703523,1.072363051234799,0.9135802469135675,0.8877870563674674,0.8074112734864543,75,1.0195187107082877,0.7292873898389507,33.499335830675314,1,5,2,1,4,2.25,2025
2025-09-11 09:30:00,2025-09-11 10:00:00,long,3636.37,3628.3171428571427,stop,-20.53739949895503,9797.078015664516,-1.0459464254036002,0.5016852935958849,2.861096327833978,0.8102130636136502,0.8571428571428205,1.321270179173373,0.07947489799531612,82,0.6458280582819723,0.4613590141907098,35.8802605585814,1,9,3,1,5,0.75,2025
2025-09-11 19:00:00,2025-09-15 19:30:00,long,3640.14,3685.315714285714,target,52.72404650460483,9849.802062169121,2.6908046674888433,0.14211175410298782,2.746608481168812,1.5191998774955067,0.7919010123734606,1.1807228915662498,2.6855137083767913,84,0.5297449681148241,0.3430776994546081,35.8802605585814,1,19,3,1,6,9.0,2025
2025-09-16 03:15:00,2025-09-16 04:15:00,long,3683.61,3678.8028571428576,stop,-21.21585894401168,9828.58620322511,-1.0769687964338406,0.986032689450404,2.117682020802329,0.555242733064767,0.9765458422175518,1.9512630014857917,1.776523031203626,98,1.2133364339980128,0.30856477967426965,41.639791615322444,1,3,1,1,0,7.75,2025
2025-09-16 07:45:00,2025-09-16 17:15:00,long,3684.28,3702.2285714285713,target,57.75585159058559,9886.342054815696,2.9381566380134023,0.250716332378231,2.9350525310412245,0.688577722408866,0.6366459627330153,1.0764087870104715,-0.7387774594077142,100,1.1731848057976617,0.4269531693520623,41.639791615322444,1,8,1,1,1,3.5,2025
2025-09-16 23:00:00,2025-09-17 04:15:00,long,3692.64,3687.7699999999995,stop,-21.274920890035055,9865.06713392566,-1.0759753593429389,0.6611909650922387,1.9301848049281578,0.5809050264018962,0.9812500000000159,1.3141683778232756,2.1971252566733765,103,1.0745023108408995,0.5081851741481014,41.639791615322444,1,23,1,1,0,5.75,2025
2025-09-17 15:45:00,2025-09-17 21:00:00,long,3678.72,3669.5042857142857,stop,-20.52227576147569,9844.544858164185,-1.0401488141373219,0.7443807161680032,3.2987133777708606,1.170575477750222,0.8534136546184707,1.080762672453891,3.003565338707121,108,0.5435089248376327,0.3110899525751387,43.622053263655154,1,16,2,1,1,11.5,2025
2025-09-22 01:00:00,2025-09-22 09:15:00,long,3687.89,3704.2357142857145,target,57.73022818502891,9902.275086349215,2.9320922915574212,0.7855270057681595,1.8390141583639648,0.6395425610627872,0.9189189189188912,1.6297850026219058,6.394336654430939,2,0.6953382737683194,0.01942761409143845,44.364129498132016,1,1,0,1,2,100.0,2025
2025-09-22 09:30:00,2025-09-22 10:15:00,long,3716.98,3708.7428571428572,stop,-20.694140615766393,9881.580945733449,-1.0449184876864464,2.5615678113077567,3.9625390218522396,0.9516866883250688,0.9733656174334196,3.0083246618106383,7.2889351370101885,4,0.7754989420588073,0.1592261169389264,44.364129498132016,1,9,0,1,0,0.25,2025
2025-09-22 11:30:00,2025-09-23 04:00:00,long,3722.02,3753.657142857143,target,58.596088366098314,9940.177034099548,2.9649146572744636,0.38878352749935874,4.6407477648333595,1.217038037934203,0.9396551724137543,0.8799783256570691,5.820373882416723,4,0.7754989420588073,0.1592261169389264,44.364129498132016,1,11,0,1,1,1.25,2025
2025-09-23 08:15:00,2025-09-23 12:00:00,long,3750.08,3778.4557142857143,target,58.863383348886266,9999.040417448434,2.9608820419876216,0.5455369279564863,2.287871922670325,1.064434157629422,0.9559902200488302,0.8648240447062681,0.04017520012083919,10,1.5181980210571286,0.6649469667603158,45.22519629037697,1,8,1,1,0,4.25,2025
2025-09-23 12:15:00,2025-09-23 16:45:00,long,3786.91,3775.605714285714,stop,-20.652637000224814,9978.387780448209,-1.0327309490711598,0.3078478453177906,6.395804372551468,1.2619538316218837,0.5260770975056447,1.5604701124731633,6.516112725894039,11,2.1432483939388436,0.7163915440852486,45.22519629037697,1,12,1,1,0,0.25,2025
2025-09-23 20:15:00,2025-09-23 21:45:00,long,3782.33,3769.3842857142854,stop,-20.527157912504766,9957.860622535703,-1.0285808872213789,0.04016773339215047,2.6155374089605297,1.3846468255458897,0.41594454072792003,0.8914146987419934,-0.2085632310748031,13,1.9803024057620153,0.8023412018046017,45.22519629037697,1,20,1,1,1,3.5,2025
2025-09-24 02:00:00,2025-09-24 04:30:00,long,3769.08,3757.27,stop,-20.53966848136916,9937.320954054334,-1.0313293818797629,0.1558001693480232,1.5834038950042255,1.2517775913085665,0.777108433734915,0.8433530906011925,-1.446232006773921,14,1.4842160677996485,0.7811476471472512,46.40504117889501,1,2,2,1,2,4.25,2025
2025-09-24 06:45:00,2025-09-24 17:00:00,long,3765.39,3755.672857142857,stop,-20.63140936682672,9916.689544687508,-1.0380770361658338,0.0020582181710774835,3.0194060570420826,1.0179717078344812,0.6166666666666364,0.6174654513378461,0.32108203469566876,15,1.4124476799393322,0.7611974103659769,46.40504117889501,1,7,2,1,3,2.25,2025
2025-09-26 20:30:00,2025-09-26 22:30:00,long,3782.76,3771.032857142857,stop,-20.45913681676579,9896.230407870742,-1.0315507369959969,0.2694603483981658,1.659398221464256,1.158459714748048,0.9318600368324362,0.9260567669631424,4.181751735899713,31,0.9637817710029479,0.22777167469820725,47.26396583374376,1,20,4,1,4,51.5,2025
2025-09-29 03:00:00,2025-09-29 07:30:00,long,3774.01,3805.2528571428584,target,58.67419351014981,9954.904601380891,2.964471879286714,0.3053497942387031,3.0592592592592354,1.0295643741068585,0.9446529080675705,2.0471879286693286,-0.37640603566520475,32,0.539097226927059,0.2304520673362065,47.886211771473526,1,3,0,1,5,52.5,2025
2025-09-29 08:45:00,2025-09-30 05:00:00,long,3813.54,3850.877142857143,target,59.13752671486093,10014.042128095753,2.9702708907254465,0.24747474747474066,3.17539026629938,1.1867875885884795,0.9193262411347628,1.8126721763084919,5.5922865013774175,34,1.5437016339421403,0.36147534094743694,47.886211771473526,1,9,0,1,0,1.25,2025
2025-09-30 06:00:00,2025-09-30 10:45:00,long,3853.55,3842.0785714285716,stop,-20.674071033570655,9993.368057062182,-1.0322540473225466,0.2789539227896052,3.0179327521793455,1.0550498770011663,0.8734463276836268,1.542963885429637,4.132004981320135,39,1.8116116797555808,0.7258151094212018,48.92424677453076,1,6,1,1,0,1.0,2025
2025-09-30 15:45:00,2025-10-01 02:00:00,long,3819.34,3862.188571428572,target,59.442448325014084,10052.810505387195,2.974094818963808,0.21984396879378165,2.0738147629525825,1.256543515606118,0.793805309734523,1.5823164632926838,0.4270854170834421,42,1.00334096729038,0.6909378994001569,48.92424677453076,1,16,1,1,1,5.0,2025
2025-10-01 02:45:00,2025-10-01 09:15:00,long,3862.78,3855.1428571428573,stop,-21.07968682480216,10031.730818562393,-1.0484474373363437,0.13093901982791084,2.6135428357651054,0.6665071878455204,0.8860103626943945,0.505424616535693,3.8653198653199854,44,1.7871390998747243,0.6717740031751962,50.17080373455129,1,3,2,1,0,0.75,2025
2025-10-01 10:15:00,2025-10-01 17:45:00,long,3870.68,3859.82,stop,-20.74702340560843,10010.983795156784,-1.0340699815837762,0.17679558011050608,2.996316758747731,0.9573960640593818,0.8846153846153207,0.9576427255985885,1.294659300184131,46,1.7014689580211664,0.6176111820747954,50.17080373455129,1,10,2,1,1,1.0,2025
2025-10-02 05:00:00,2025-10-02 17:15:00,long,3869.85,3860.0685714285714,stop,-20.779334262708822,9990.204460894076,-1.0378267854534766,0.7463122535417178,2.754198919234668,0.835413674098275,1.0,1.6807360887979776,1.3883452606981124,51,0.9562976787480337,0.6506251497020221,51.48794115340006,1,5,3,1,2,11.25,2025
2025-10-03 02:30:00,2025-10-03 04:00:00,long,3862.05,3855.527142857143,stop,-21.113769830842113,9969.090691063233,-1.0567236092859968,0.8309242225142413,2.1861585632939304,0.5565548087185708,0.8389830508475009,1.4472185720542434,4.2496714848883155,56,0.6329106194472618,0.40117020421217564,51.58404643908201,1,2,4,1,3,9.25,2025
2025-10-03 15:30:00,2025-10-06 01:45:00,long,3870.87,3899.0742857142855,target,54.48502978627646,10023.575720849509,2.732698070202101,0.6722382616623356,2.7378817808843623,0.8104555040716688,1.0,1.6848503266980988,1.66783163652935,59,0.7396399443098185,0.2806784827306785,51.58404643908201,1,15,4,1,4,11.5,2025
2025-10-06 02:00:00,2025-10-06 08:00:00,long,3909.86,3942.864285714286,target,59.46722861111209,10083.042949460621,2.9663680041553167,1.721594598104194,3.1650435008440296,0.9385244736211363,0.5137046861184866,4.1121932216596,4.982989222179009,62,1.080767932573354,0.32603275020441913,51.67328706150097,1,2,0,1,0,0.25,2025
2025-10-06 10:45:00,2025-10-06 15:30:00,long,3941.53,3927.53,stop,-20.69904674053588,10062.343902720086,-1.0264285714285857,0.15000000000002808,2.548571428571485,1.1788557781224878,0.7987910189982779,1.654285714285727,1.7200000000000837,64,2.1494510420438573,0.5129733485675692,51.67328706150097,1,11,0,1,0,2.75,2025
2025-10-06 16:30:00,2025-10-07 18:15:00,long,3944.78,3990.5557142857147,target,58.47284095560604,10120.816743675692,2.905527853197279,0.25690478419624124,2.1404362887370607,1.2843255755113212,0.984822934232716,2.331804138189305,0.7956183877914272,66,1.769513380479154,0.6715288966704147,51.67328706150097,1,16,0,1,1,1.0,2025
2025-10-07 23:30:00,2025-10-08 05:45:00,long,3984.07,4009.9814285714283,target,59.85778450551678,10180.67452818121,2.9571617598412097,0.03241812768780371,2.2669533575918206,0.7146147995058327,0.9631147540984882,0.5650016539861273,1.604697320542598,73,1.8612074149772375,0.8368667496745141,52.43121140755539,1,23,1,1,0,5.25,2025
2025-10-08 06:00:00,2025-10-08 18:00:00,long,4013.46,4049.6442857142856,target,60.45943631919992,10241.133964500408,2.969323700106592,0.2968139286983245,4.505270638398694,1.0145159005010211,0.7340659340659367,0.7544711595404793,3.8884282837853616,75,1.9800658244394833,0.8169897132515924,53.28130826719271,1,6,2,1,0,0.25,2025
2025-10-08 19:00:00,2025-10-08 22:00:00,long,4055.44,4037.467142857143,stop,-20.90392816217887,10220.23003633823,-1.020586598839527,0.5285748350687548,2.7085287338049615,1.4738321862644626,0.9211618257261543,1.340910897384916,1.1328193307368077,78,2.5893880277426478,0.9713024222771649,53.28130826719271,1,19,2,1,0,1.0,2025
2025-10-09 04:15:00,2025-10-09 05:00:00,long,4031.37,4010.807142857143,stop,-20.80825770772032,10199.421778630509,-1.0179936084479582,0.3219396970960078,2.6046964012782925,1.657578810997551,0.9080118694361844,1.3111018479922243,-1.2274558843962688,81,1.7070860344366792,1.0445636317256701,54.478739628410544,1,4,3,1,1,6.25,2025
2025-10-09 07:15:00,2025-10-09 16:45:00,long,4038.32,4019.9957142857143,stop,-20.810732578960042,10178.611046051548,-1.020191782957834,0.5511811023622246,3.3474701800888838,1.4477280256995166,0.9633027522936112,0.7138068137522375,1.219147111561558,81,1.7070860344366792,1.0445636317256701,54.478739628410544,1,7,3,1,2,2.25,2025
2025-10-13 01:00:00,2025-10-13 16:15:00,long,4022.22,4089.394285714285,target,60.73527987067859,10239.346325922226,2.9834758198290134,0.0777083067500225,2.5304325634809284,1.4870462183844104,0.7085798816568003,2.415209901748125,3.5745821105014812,4,1.0001175530822664,0.16224511769120653,54.53336497152803,1,1,0,1,3,80.25,2025
2025-10-13 16:45:00,2025-10-14 04:00:00,long,4094.15,4138.391428571428,target,60.92227563093467,10300.268601553162,2.974910394265211,0.10849559236658524,2.7245955633052104,0.9333262008072272,0.8328042328042373,1.2816041848299722,2.264845490651989,8,2.0050388184217787,0.6051342704811891,54.53336497152803,1,17,0,1,0,0.5,2025
2025-10-14 04:15:00,2025-10-14 08:30:00,long,4146.85,4131.64,stop,-21.10166795689637,10279.166933596265,-1.0243261012491696,0.7547666009205297,4.3274161735699535,0.9699857422026339,0.7132216014897832,1.4122287968442568,4.744247205785606,11,2.5574005992241666,0.9387379188261713,55.206005160183935,1,4,1,1,0,0.25,2025
2025-10-14 11:15:00,2025-10-14 15:45:00,long,4144.3,4106.337142857143,stop,-20.75870296750131,10258.408230628764,-1.0097463686309975,0.17964928125234347,2.6562805749981346,2.3138270517893442,0.9553158705701119,0.3419131481899471,-1.0320614134116084,12,3.3481290441243288,1.058084949591942,55.206005160183935,1,11,1,1,1,2.75,2025
2025-10-14 18:00:00,2025-10-16 03:15:00,long,4141.19,4218.62857142857,target,60.40469492763504,10318.812925556398,2.944155348940168,0.2820299961259214,3.0628147656207094,1.5143388779171028,0.9979999999999564,1.1622115224971146,0.8639105650561603,14,1.6102942471812431,1.066811636584264,55.206005160183935,1,18,1,1,2,2.25,2025
2025-10-16 04:30:00,2025-10-16 08:30:00,long,4230.81,4214.261428571429,stop,-21.099050669434465,10297.713874886964,-1.0223584254143645,0.3408149171271461,2.7941988950276078,0.8972657561126751,0.7643171806168023,1.0973756906077246,2.436464088397879,23,2.475855888310187,1.1369157224111692,57.20910554916374,1,4,3,1,0,1.25,2025
2025-10-16 12:45:00,2025-10-16 19:15:00,long,4239.54,4280.759999999999,target,61.23167566071797,10358.945550547682,2.9730713245997085,0.5138282387190395,2.0232896652111743,0.7526615434302498,0.8459958932238159,2.126637554585139,5.048034934497939,25,2.6137316517993376,1.1095034392555547,57.20910554916374,1,13,3,1,1,4.25,2025
2025-10-16 22:45:00,2025-10-17 04:30:00,long,4307.39,4283.021428571429,stop,-21.03246102694716,10337.913089520735,-1.015183491616826,0.7082893656935255,2.0895767381873647,1.2899296401155156,0.6986449864498891,1.5142455153007244,2.7765271426896425,27,3.345239913893701,1.1662290075620474,57.20910554916374,1,23,3,1,0,3.5,2025
2025-10-17 06:45:00,2025-10-17 10:15:00,long,4366.77,4328.4571428571435,stop,-20.875499506919834,10317.037590013815,-1.009657332488158,0.3059025317871967,4.264886833960995,1.9871390558329443,1.0,0.5836160930683632,0.05272381520564927,29,4.436972569187178,1.424493019293127,58.592820592376164,1,7,4,1,1,2.25,2025
2025-10-17 23:45:00,2025-10-20 03:15:00,long,4250.31,4222.607142857143,stop,-22.505862026471576,10294.531727987343,-1.0907133869637011,0.14438943894389433,2.578795379537971,1.2586767488889758,0.7212543554007285,0.6215965346534416,3.2855816831683313,34,1.151187698287727,1.2007862146075743,58.592820592376164,1,0,4,1,2,13.5,2025
2025-10-20 14:30:00,2025-10-20 15:30:00,long,4263.81,4308.317142857143,target,61.25370289222878,10355.785430879572,2.9750601829561956,0.014829080404508014,2.4387096774193875,0.6735248706841134,0.7444852941177352,0.7333654309099162,0.6403466538276394,37,1.1035478620186758,0.5312733641376743,60.018140357030575,1,14,0,1,3,11.25,2025
2025-10-20 18:00:00,2025-10-21 10:30:00,long,4346.36,4313.431428571428,stop,-20.944295237169097,10334.841135642404,-1.0112364425162768,0.706377440347081,2.588633405639917,1.4735702313241505,0.9086195722617798,0.9371800433839694,5.536225596529285,38,2.4174864769894953,0.5096596692552691,60.018140357030575,1,18,0,1,0,2.5,2025
2025-10-21 15:45:00,2025-10-21 17:30:00,short,4211.37,4120.392857142858,target,61.75685877408333,10396.597994416486,2.987799133220279,0.21697757678537752,3.811286979461124,1.2904209536367572,0.6672738312082707,1.0862068965516916,4.123892971547037,1,0.902371968926209,-0.7215344401659607,61.34620823836387,0,16,1,0,1,5.25,2025
2025-10-22 02:45:00,2025-10-22 03:00:00,short,4093.16,4022.54,target,62.05276203124556,10458.650756447732,2.984282073067128,1.7340696686491028,1.595581988105415,0.9515053977393679,0.9157434402332392,2.9141886151231837,1.8470688190314253,3,2.6212840215009257,0.057317967728875985,59.854356798905776,0,3,2,0,0,9.25,2025
2025-10-22 11:00:00,2025-10-23 09:00:00,short,4088.04,4118.8042857142855,stop,-21.168872494638673,10437.481883953094,-1.0120269328999305,2.5802646853958584,2.1817506384955134,1.1703862655112802,0.9615616824310753,3.230369166473179,2.3104713257487943,5,2.1452092871082984,0.7917268882532968,59.854356798905776,0,11,2,0,0,8.0,2025
2025-10-23 19:30:00,2025-10-24 11:00:00,short,4128.45,4057.9928571428577,target,62.29602174070819,10499.777905693803,2.9842457420924493,0.3781021897810682,1.8590024330900325,0.7871718284417839,0.9489732420659787,1.3684914841849007,-0.809854014598565,13,0.8805826342601636,0.7745986736599653,57.32342019281684,0,19,3,0,1,10.5,2025
2025-10-27 07:00:00,2025-10-27 08:15:00,short,4057.67,4079.2914285714287,stop,-21.35891391876457,10478.41899177504,-1.0171126527915457,0.7298315163528132,2.614073339940557,0.797265189883837,0.7511054958938678,1.4642880740006547,1.0804096465146864,22,1.383724400364983,0.4797299171824254,52.46753166659703,0,7,0,0,0,68.0,2025
2025-10-27 11:15:00,2025-10-27 17:00:00,short,4058.52,4012.735714285714,target,62.36243372620566,10540.781425501245,2.975755873818207,0.6617991200973695,2.7782458111017045,0.5696923332106496,0.8299510146956024,1.8726949358794152,0.5255078161565349,23,1.5862910400100225,0.5156393751073907,52.46753166659703,0,11,0,0,1,3.0,2025
2025-10-27 17:15:00,2025-10-28 11:15:00,short,3998.89,3912.7,target,62.97318913585205,10603.754614637097,2.9871214758092512,0.08144796380090981,3.505046989209869,1.0668752095034397,0.4044423877834421,1.504350852767147,2.5805777932474805,25,1.8924132984290096,0.5409152584205601,52.46753166659703,0,17,0,0,0,0.25,2025
2025-10-28 11:30:00,2025-10-28 13:45:00,short,3905.54,3930.465714285714,stop,-21.52231579107956,10582.232298846018,-1.0148441082072388,0.43408986703346025,4.6377808344796225,0.919454118031435,0.6991315136476464,1.2934433745988023,5.7450710683172925,29,2.9629076344503336,1.0180918228766989,49.16116692167655,0,11,1,0,0,0.25,2025
2025-10-29 01:00:00,2025-10-29 02:30:00,short,3936.84,3958.0228571428574,stop,-21.534143335944275,10560.698155510074,-1.017466954410581,0.7883733477205191,1.6570002697598858,0.8121760682473304,0.5236961696602423,4.362961963852169,3.101564607499313,33,2.596544533861235,1.2625260039053732,46.16638554841893,0,1,2,0,1,11.25,2025
2025-10-29 05:30:00,2025-10-29 09:30:00,short,3954.19,3976.1928571428575,stop,-21.476573667503533,10539.22158184257,-1.0168159979223566,0.45630437605505353,2.109726009609133,0.8640153146462145,0.5061064973131411,1.860667445786274,-0.964420205168166,34,1.8426271292314704,1.2320301472861783,46.16638554841893,0,5,2,0,2,3.0,2025
2025-10-29 20:15:00,2025-10-29 21:00:00,short,3986.88,4003.7628571428572,stop,-21.540392459622993,10517.681189382947,-1.0219157217803312,0.30208157048566675,3.033846674564232,0.7350591019581209,0.9159663865546225,1.4097139955999396,3.7647656117786035,38,1.105630048940853,0.5929147096360943,46.16638554841893,0,20,2,0,3,10.75,2025
2025-10-29 21:30:00,2025-10-29 22:00:00,short,3953.9,3979.184285714286,stop,-21.343185354985078,10496.338004027963,-1.014633595118376,1.8224758460929944,2.4078196508277316,1.113997375873936,0.7644672218663204,3.7042770778009952,4.450985931408547,38,1.105630048940853,0.5929147096360943,46.16638554841893,0,21,2,0,4,0.5,2025
2025-10-29 22:30:00,2025-10-30 03:15:00,short,3929.27,3963.77,stop,-21.217814852200256,10475.120189175763,-1.0107246376811576,0.7884057971014425,3.739710144927542,1.5289184801030937,0.9545112781954872,1.5420289855072382,4.334492753623179,38,1.105630048940853,0.5929147096360943,46.16638554841893,0,22,2,0,5,0.5,2025
2025-10-30 05:45:00,2025-10-30 07:15:00,short,3922.15,3948.732857142857,stop,-21.241841424030326,10453.878347751732,-1.0139187446259623,0.3205073086844199,3.009458297506457,1.1894188828290868,0.9950829748002503,1.2240971625107502,1.453568357695597,40,1.8896745379652837,0.5940012261638206,43.25575498432647,0,6,3,0,6,2.5,2025
2025-10-30 14:15:00,2025-10-30 16:45:00,short,3966.27,3989.2000000000003,stop,-21.24512564349034,10432.633222108241,-1.0161360662887107,0.44832097688616107,3.5368512865241954,1.0178529317926537,0.8489857250188,1.16092455298734,0.16397732228522424,42,1.0594333615699818,0.5545540233669599,43.25575498432647,0,14,3,0,7,7.0,2025
2025-11-04 04:00:00,2025-11-04 05:30:00,short,3977.26,3996.6228571428574,stop,-21.26397560823095,10411.36924650001,-1.0191087501844476,0.1291131769219419,2.20112144016526,0.930895271563346,0.8618307426597259,1.1961044710048623,2.864246716836314,3,0.5346119739313419,0.06362029862041485,35.35604306257685,0,4,1,0,8,107.25,2025
2025-11-04 07:30:00,2025-11-04 09:15:00,short,3976.14,3990.665714285714,stop,-21.35313672959367,10390.016109770415,-1.0254720692368082,0.6787962234461496,2.5003933910306797,0.6990361011962647,0.9434523809524095,1.3878835562549157,1.5214398111723395,3,0.5346119739313419,0.06362029862041485,35.35604306257685,0,7,1,0,9,2.0,2025
2025-11-04 16:15:00,2025-11-04 18:15:00,short,3951.32,3970.0957142857146,stop,-21.189529925153174,10368.826579845261,-1.0197063075401425,1.4433538765882659,3.7463288442516927,0.9284558143724175,0.9858367499068166,2.8579471962261143,4.339648482081684,6,0.6982093179314675,0.18878752950818312,35.35604306257685,0,16,1,0,10,7.0,2025
2025-11-04 20:30:00,2025-11-05 05:30:00,short,3938.58,3959.1671428571426,stop,-21.11035818837396,10347.716221656887,-1.0179723822080262,0.6848934841440737,2.902782596627584,1.0147049245449207,0.667011375387797,1.8788425508292401,-0.7227812087988389,7,1.1414247936695396,0.2587254554935692,35.35604306257685,0,20,1,0,11,2.25,2025
2025-11-06 13:30:00,2025-11-06 14:45:00,long,4015.85,4006.4385714285713,stop,-21.509050689036183,10326.207170967851,-1.0393139040680093,0.12962962962965738,2.297207043108683,0.5503413615233349,0.8486055776892548,1.6001821493624317,2.265330904675148,2,0.5647648665765806,-0.02014039806332857,31.832663029499248,1,13,3,1,12,32.0,2025
2025-11-10 06:00:00,2025-11-10 15:00:00,long,4056.18,4105.525714285714,target,61.49268029221617,10387.699851260068,2.9775056453013518,0.3428869202709408,1.8858780614903956,1.1175830995564784,0.90652818991096,0.8195240576689025,4.912280701754367,7,1.188054222023694,0.1639292979594753,27.76543129316994,1,6,0,1,13,87.25,2025
2025-11-10 19:00:00,2025-11-11 05:00:00,long,4096.3,4143.292857142857,target,61.835471472088294,10449.535322732156,2.9763793889648924,0.07022343821251746,2.73360693114453,1.1051194714105579,0.5397590361446235,0.5298677610579228,-0.84651162790699,10,1.965173099174879,0.49689449366703276,27.76543129316994,1,19,0,1,0,4.0,2025
2025-11-11 05:15:00,2025-11-11 07:30:00,long,4144.36,4132.2242857142855,stop,-21.536252434419158,10427.999070297736,-1.0304885226603668,0.023072395526684334,2.7258387286638905,0.8813920703246166,0.5298507462686263,0.4416715715126987,3.993172454384826,13,2.552184368899511,0.8672986548942552,26.928521588343884,1,5,1,1,0,0.25,2025
2025-11-11 11:00:00,2025-11-11 16:15:00,long,4143.16,4129.7928571428565,stop,-21.433288246229534,10406.565782051506,-1.0276798119055441,0.8184247087742045,1.8956930640160883,0.9836991922092003,0.90206185567012,1.451319867478842,0.3815325424815856,14,2.270351702119717,0.9100097486654857,26.928521588343884,1,11,1,1,1,3.5,2025
2025-11-11 21:30:00,2025-11-12 06:00:00,long,4121.67,4110.717142857143,stop,-21.516222874277588,10385.049559177229,-1.0337811399504733,0.48571801226032096,2.2459893048129183,0.8104051497246322,0.895196506550312,0.8363114647189309,2.5217164471111255,17,1.453682874857247,0.9290295719047492,26.928521588343884,1,21,1,1,2,5.25,2025
2025-11-12 08:30:00,2025-11-12 17:00:00,long,4116.91,4156.874285714285,target,61.73341202834506,10446.782971205574,2.972225201072414,0.13812332439679645,2.5702949061662537,1.0393506612624575,0.6941678520625397,1.0554423592494486,-1.240107238605955,20,0.9290491650528419,0.7231641644469766,26.529687490893927,1,8,2,1,3,2.5,2025
2025-11-12 17:15:00,2025-11-13 10:00:00,long,4166.73,4224.192857142856,target,62.27710045409155,10509.060071659665,2.9806831742243367,0.4677804295942299,4.119182577565644,1.497575222099686,0.5421303656597575,1.313544152744632,4.434516706443878,22,1.2895381501802936,0.5805139526640746,26.529687490893927,1,17,2,1,0,0.25,2025
2025-11-13 10:15:00,2025-11-13 12:45:00,long,4237.41,4222.618571428571,stop,-21.543877639661186,10487.516194020005,-1.0250144871547404,0.9451419741162627,3.6575236623527716,1.1024899593048108,0.9233097880928124,1.3399652308286578,3.7535252076492815,26,2.5777707823165232,0.9088241432002375,26.814507394535603,1,10,3,1,0,0.25,2025
2025-11-13 14:45:00,2025-11-13 15:00:00,long,4242.53,4226.961428571429,stop,-21.47352141249391,10466.042672607511,-1.0237658285923856,0.31473664892638903,2.659203523582318,1.140539265342204,0.7426470588235358,1.2229766929711419,1.2422462837218085,27,2.863590871111198,1.0211797002105172,26.814507394535603,1,15,3,1,1,2.0,2025
2025-11-14 01:45:00,2025-11-14 09:15:00,long,4185.82,4168.97,stop,-21.391721640628756,10444.650950966883,-1.0219584569732707,0.13175074183972496,2.8415430267062103,1.1554964863240835,0.9173228346456538,0.904451038575663,3.317507418397635,30,1.049652725503028,0.9429855661726938,27.388678788415557,1,2,4,1,2,10.75,2025
2025-11-17 05:00:00,2025-11-17 21:30:00,short,4080.46,4020.5971428571434,target,62.280568277923024,10506.931519244807,2.9814576174112157,0.02706185567010139,2.107817869415837,1.2005264335914703,0.19212962962961222,1.2989690721649578,1.8301832760595949,4,0.8268045235906348,0.16271671997977188,26.127362468805206,0,5,0,0,3,67.75,2025
2025-11-17 21:45:00,2025-11-17 22:30:00,short,4011.0,4031.3728571428574,stop,-21.395504615305317,10485.5360146295,-1.0181614192553115,0.49968445410561174,6.384965991164645,1.1744504928887427,0.9873417721518953,1.4735292055255653,5.238342332234724,8,0.9602034938621672,0.4395756205249679,26.127362468805206,0,22,0,0,0,0.25,2025
2025-11-18 03:45:00,2025-11-18 11:45:00,short,4024.89,4043.44,stop,-21.389362953832045,10464.146651675668,-1.0199460916442153,0.23611859838275537,2.7407008086253466,1.0532016549635794,0.7732406602954192,1.2409703504042882,1.7132075471698478,10,1.9308930645843931,0.5471557330567034,24.620581088585304,0,4,1,0,1,5.25,2025
2025-11-18 14:15:00,2025-11-18 15:15:00,short,4033.1,4048.075714285714,stop,-21.445361696517896,10442.70128997915,-1.0247066679385537,0.3859582180673254,1.9137651435658005,0.8168929482298831,0.9136242208370616,1.4997615186492255,-1.4530191739005975,12,1.3150258338313758,0.602715796498321,24.620581088585304,0,14,1,0,2,2.5,2025
2025-11-19 03:00:00,2025-11-19 04:30:00,short,4064.54,4075.4814285714288,stop,-21.5916722324209,10421.10961774673,-1.0338164251207846,0.13709361535448383,2.436610523567013,0.5840839228212079,0.6417050691244213,1.5866301083692795,1.648779213996589,15,0.5248559136836554,0.4631752362972974,23.103537502567864,0,3,2,0,3,11.75,2025
2025-11-19 11:45:00,2025-11-19 17:45:00,long,4113.06,4095.994285714286,stop,-21.294097251732598,10399.815520494998,-1.0216808973715048,1.659467604219062,2.4024778168423855,0.8990589176416195,0.8229744728080176,2.1118365980244778,2.050895697304574,2,0.5798035174735435,-0.10602608077620035,23.103537502567864,1,12,2,1,4,7.25,2025
2025-11-20 08:15:00,2025-11-20 14:45:00,short,4062.94,4081.1628571428573,stop,-21.221950297780243,10378.593570197218,-1.0203041705863907,0.15255566008151528,1.7724992160551878,0.924453194770846,0.7319018404907998,1.7889620570711402,-0.8549702100971994,4,0.5060250399333484,0.009778507570756823,22.30957357682695,0,8,3,0,5,14.5,2025
2025-11-21 08:15:00,2025-11-21 11:00:00,short,4031.67,4051.5557142857147,stop,-21.143402044802837,10357.450168152414,-1.0186063218390902,0.8076149425287058,2.497270114942554,0.9983543052087004,0.9547945205479346,2.2025862068965494,4.210057471264359,10,0.5585781319158594,0.14822990854179707,21.329369547802795,0,8,4,0,6,17.5,2025
2025-11-24 03:45:00,2025-11-24 09:30:00,short,4044.4,4061.7285714285717,stop,-21.157205298143644,10336.292962854272,-1.0213520197856627,0.6613355317394876,3.1370156636438233,0.895738274088469,0.862931034482745,1.338829348722159,2.66727122835944,2,0.7927845764286975,0.15209635404189736,20.172368943990964,0,4,0,0,7,64.75,2025
2025-11-25 01:45:00,2025-11-25 02:45:00,long,4143.73,4130.58,stop,-21.254248039206956,10315.038714815064,-1.0281368821292478,0.5520912547527289,2.8806083650190835,0.7081410416167493,0.9342560553632511,1.318631178707233,3.554372623574121,3,1.336018806993007,0.02263267081339393,19.601534137585933,1,2,1,1,8,16.25,2025
2025-11-25 07:45:00,2025-11-25 09:15:00,long,4150.84,4138.71,stop,-21.2593543174257,10293.779360497638,-1.0305028854080678,0.40230832646339015,1.4822753503709158,0.6627806285689782,0.8452722063037459,1.150865622423798,2.647980214344614,5,1.5253661599254649,0.31904072528075034,19.601534137585933,1,8,1,1,9,5.0,2025
2025-11-25 15:15:00,2025-11-25 16:30:00,long,4141.9,4124.694285714286,stop,-21.03028353905689,10272.74907695858,-1.021504483560264,0.24061773497173897,2.735137827964132,0.9515161480344596,0.45464601769908064,1.0508136831617476,1.9946861507804765,6,0.923759616995864,0.38796828235605485,19.601534137585933,1,15,1,1,10,6.0,2025
2025-11-25 19:00:00,2025-11-25 21:15:00,long,4150.01,4128.7528571428575,stop,-20.903111327429695,10251.84596563115,-1.017405913978501,0.8157258064516287,2.846102150537666,1.1722831455082534,0.8203939745075562,1.6239247311827487,1.1158602150538306,7,1.2990088298022993,0.4735964610533827,19.601534137585933,1,19,1,1,11,2.5,2025
2025-11-26 02:00:00,2025-11-26 04:45:00,long,4138.49,4166.377142857144,target,60.694961423079484,10312.54092705423,2.9601967112340835,0.29260796065767586,2.0224373751345404,0.5208885070184384,0.8050490883590034,1.534040264330708,0.043030582449629436,9,0.761111912684391,0.4856324020076075,19.31052892037512,1,2,2,1,12,4.75,2025
2025-11-26 13:30:00,2025-11-26 14:30:00,long,4171.23,4159.544285714285,stop,-21.278125399366903,10291.262801654862,-1.0316625916870412,1.0371638141808397,1.5694376528117449,0.6605038259394794,0.824873096446689,1.348655256723732,2.755501222493788,12,1.2638875037627941,0.48639082487200724,19.31052892037512,1,13,2,1,0,8.75,2025
2025-11-26 18:30:00,2025-11-27 03:15:00,long,4167.52,4149.000000000001,stop,-20.993731568386213,10270.269070086477,-1.0199784017278406,0.19762419006488605,3.1015118790496192,1.0444986868904185,0.8669410150892524,0.7872570194384445,0.9773218142548836,13,0.9741875270265855,0.4633441341382216,19.31052892037512,1,18,2,1,1,4.0,2025
2025-11-27 08:15:00,2025-11-28 03:00:00,long,4156.64,4184.1285714285705,target,60.79217890784297,10331.06124899432,2.9596195821640285,0.40598690364841744,2.6127221702525647,0.5489620037027269,0.9301310043668747,0.9996881821016884,0.8250701590273137,17,0.5718221902895221,0.4107285757063428,19.216731140456897,1,8,3,1,2,5.0,2025
2025-11-28 03:30:00,2025-11-28 06:15:00,long,4192.32,4182.465714285714,stop,-21.437925589751906,10309.623323404569,-1.0375471151058555,0.142070165265262,6.770658161786179,0.6660436119524933,0.8683834048640771,1.4186720788634406,7.3247318063209415,21,0.6345364747507505,0.287383418658238,19.129633201961408,1,3,4,1,0,0.5,2025
2025-11-28 15:45:00,2025-11-28 20:30:00,long,4182.31,4223.821428571428,target,61.30638903380717,10370.929712438376,2.9732603758001233,0.32954780094992336,1.6462936196571742,0.9667625469342268,0.9490268767377874,1.5595705141441403,2.223002271319474,25,0.9456812431997625,0.37044156199959044,19.129633201961408,1,16,4,1,1,9.5,2025
2025-12-01 03:15:00,2025-12-01 07:15:00,long,4238.61,4221.785714285714,stop,-21.198014777771633,10349.731697660603,-1.0219920183408335,0.5813025388468291,3.3106903286066114,1.208051798071656,0.9527346387575484,1.760550225014887,2.202768107327787,27,1.5884166257781023,0.5064658857425686,19.764776786557157,1,3,0,1,0,54.75,2025
2025-12-01 09:45:00,2025-12-01 16:30:00,long,4245.4,4229.088571428571,stop,-21.16899930523435,10328.562698355368,-1.0226834822210547,0.2550359082150955,3.4245927482921674,1.183792575376949,0.8591715976330728,1.0360833771238394,0.7491679803818291,29,1.5642006830398545,0.6098131076358149,19.764776786557157,1,10,0,1,1,2.5,2025
2025-12-02 16:00:00,2025-12-02 17:00:00,long,4223.23,4208.0828571428565,stop,-21.161718009910004,10307.40098034546,-1.0244270489484277,1.039139866075627,2.7978873903611725,1.0915019475481018,0.9356223175965646,1.5382438932377185,4.779779307743079,37,0.5698159022487082,0.3450975881120977,20.76087284377959,1,16,1,1,2,23.5,2025
2025-12-03 04:00:00,2025-12-03 07:30:00,long,4223.97,4211.361428571429,stop,-21.219745729987917,10286.181234615471,-1.029345116700637,0.4869703149785796,2.6125084976206097,0.9088001400371745,0.9679037111334302,1.5814638567868355,2.326988443235948,40,0.5475362815972331,0.18408738106756584,20.86785919678274,1,4,2,1,3,11.0,2025
2025-12-03 15:45:00,2025-12-03 16:00:00,long,4236.86,4224.041428571429,stop,-21.166170769635812,10265.015063845834,-1.0288643708904603,1.7349827259557065,4.08625877632911,0.9510306563772537,0.903870162297128,2.499498495486499,5.410899364761098,43,0.9649120134144373,0.17980982498475573,20.86785919678274,1,16,2,1,4,8.25,2025
2025-12-05 16:45:00,2025-12-05 18:00:00,long,4242.12,4228.442857142857,stop,-21.08541740605706,10243.929646439778,-1.0270524336745255,0.40944223939839425,2.5984959264674283,0.9689394634222026,0.6746411483253293,1.5280969291833,2.8076039273030657,8,0.713034004084744,0.16779578146415286,20.79863798752469,1,17,4,1,5,48.75,2025
2025-12-09 07:45:00,2025-12-09 10:00:00,short,4179.72,4188.308571428572,stop,-21.37048663101195,10222.559159808765,-1.0430805056553247,0.1606786427144731,4.266134397870736,0.665342940645386,0.6795918367346033,1.141051230871685,3.8399866932799465,5,0.5263854180988472,0.08682878918584436,21.053705494152812,0,8,1,0,6,85.75,2025
2025-12-11 02:00:00,2025-12-11 04:30:00,long,4242.94,4223.697142857142,stop,-20.838235293989072,10201.720924514775,-1.0192279138827158,0.5695619896064923,1.6785449146250686,1.6011672949395759,0.9532019704433001,1.2659242761693055,3.1814402375649506,1,0.5727816959051003,0.04804200870327513,20.97244829485134,1,2,3,1,7,40.0,2025
2025-12-11 20:00:00,2025-12-11 21:00:00,long,4283.77,4263.71,stop,-20.779776519226406,10180.941147995549,-1.0184446660020134,0.2103688933200978,4.31006979062807,1.6465478281474841,0.7615207373272305,0.8654037886341264,5.641076769691008,6,1.5431753939305375,0.24130784854088372,20.97244829485134,1,20,3,1,8,15.5,2025
2025-12-11 23:30:00,2025-12-12 03:00:00,long,4282.22,4268.527142857143,stop,-20.912088609465904,10160.029059386083,-1.0270213875847387,0.39436619718306304,2.4012519561815533,1.124989546752086,1.0,0.7931142410015894,0.6762649973917585,6,1.5431753939305375,0.24130784854088372,20.97244829485134,1,23,3,1,9,2.5,2025
2025-12-12 07:30:00,2025-12-12 10:30:00,long,4277.83,4301.26,target,59.997508350690325,10220.026567736773,2.952624839948817,0.5352112676056704,2.4839948783610257,0.6408882795177135,0.6789168278530308,1.3239436619718479,2.2509603072983233,8,1.183367322406638,0.33463899512258255,21.684762612178737,1,7,4,1,10,4.5,2025
2025-12-12 10:45:00,2025-12-12 15:30:00,long,4308.13,4340.6671428571435,target,60.62284990140409,10280.649417638177,2.965885142255018,0.7044257112749636,5.065595363540551,0.8913893223879696,0.8186274509804424,1.5047418335089107,7.697049525816509,9,1.2787664409241233,0.42285803013215606,21.684762612178737,1,11,4,1,0,0.25,2025
2025-12-12 16:45:00,2025-12-12 17:15:00,long,4346.99,4329.784285714285,stop,-21.003458948058004,10259.645958690118,-1.0215044835603018,0.09531717037525637,2.8757887744934862,1.3865465801386245,0.6105826397146079,1.955164397210187,1.9795748920624,11,2.3846708802824286,0.697274216435817,21.684762612178737,1,17,4,1,0,1.25,2025
2025-12-15 03:00:00,2025-12-15 11:00:00,long,4313.19,4348.997142857143,target,60.92178998235023,10320.567748672469,2.9690005984440573,0.7691202872529954,2.7011370436864848,0.9114315525222199,0.8996372430470625,1.3857570317175745,2.22022740873723,13,1.282510303651442,0.6622742413830984,23.08050762990716,1,3,0,1,1,57.75,2025
2025-12-15 20:45:00,2025-12-16 04:45:00,long,4312.95,4294.8042857142855,stop,-21.062018357824723,10299.505730314644,-1.0203904896866707,0.3174303259329372,2.7301212407494466,1.358041823151362,0.9042553191489328,0.6216343882852476,-1.1815462131948051,18,0.8334369958312373,0.6478733608614062,23.08050762990716,1,21,0,1,0,9.75,2025
2025-12-16 15:45:00,2025-12-16 18:30:00,long,4313.27,4300.271428571429,stop,-21.185355450991203,10278.320374863653,-1.0284646664468626,0.06462248598748314,6.000659413122396,0.959322706993094,0.9821556031406141,2.1556214968678478,5.065171996922813,23,0.8397632412284495,0.25405998203564817,24.376556574940693,1,16,1,1,1,11.0,2025
2025-12-17 02:00:00,2025-12-17 07:15:00,long,4312.58,4337.792857142857,target,60.764912907999914,10339.085287771653,2.955974842767342,0.09518952915170684,2.7390787013429074,0.610727834611413,0.903448275862003,1.3802481727010478,1.5968043515213433,25,0.5126906850322717,0.21660516032793176,25.235158185424165,1,2,2,1,2,7.5,2025
2025-12-17 07:30:00,2025-12-17 08:45:00,long,4338.22,4326.305714285714,stop,-21.32033438598329,10317.76495338567,-1.0310551558753214,0.06211031175058079,4.215107913669135,0.86436178826505,0.7913907284768738,1.5208633093524224,2.54988009592333,26,1.003177878869876,0.22938730574930677,25.235158185424165,1,7,2,1,0,0.25,2025
2025-12-17 15:00:00,2025-12-18 16:30:00,long,4323.37,4312.205714285714,stop,-23.299947808388545,10294.46500557728,-1.1291179782469702,0.025079974408247566,2.9630198336531692,0.795130019401339,0.6476923076923133,2.328854766474685,0.40307101727446465,28,0.6580299171099645,0.3264135860205464,25.235158185424165,1,15,2,1,1,6.25,2025
2025-12-18 18:00:00,2025-12-18 19:00:00,long,4362.3,4336.927142857143,stop,-20.889168335172858,10273.575837242108,-1.0145825122459318,1.5260402004391975,2.69027644839809,1.821999975208797,0.8151093439363859,2.378920105849899,3.0024210348516274,35,0.7115617297480661,0.32246461920830694,26.190392146644182,1,18,3,1,2,1.5,2025
2025-12-22 04:45:00,2025-12-22 16:15:00,long,4385.93,4428.067142857145,target,61.10019055196305,10334.67602779407,2.9736574450773268,0.017087062652546937,3.8218063466231613,1.0739249565991589,0.5685670261942425,0.9241253051260563,6.737998372660559,44,1.401455424379276,0.26753281077509516,28.46209374242209,1,5,0,1,3,81.75,2025
2025-12-22 17:45:00,2025-12-23 03:00:00,long,4431.84,4484.1042857142875,target,61.56907607800713,10396.245103872077,2.9787617876178842,0.31225912259124633,1.9573595735957015,1.3237673637612895,0.5107458912768695,0.9080770807707653,2.4567445674456674,47,1.937119113670311,0.5724162706436609,28.46209374242209,1,18,0,1,0,1.5,2025
2025-12-23 04:30:00,2025-12-23 06:45:00,long,4495.72,4480.001428571429,stop,-21.281925358503734,10374.963178513573,-1.023539034808697,0.6272834681450898,4.175952013087312,1.215966256927153,0.8206071757129864,1.3830773425429321,6.4573298191402495,50,2.8314920096579903,0.880575177009324,30.36384178214302,1,4,1,1,0,1.5,2025
2025-12-23 10:30:00,2025-12-23 11:15:00,long,4491.74,4480.291428571429,stop,-21.42053166354878,10353.542646850025,-1.0323184427251966,0.19041677065138476,3.7122535562765013,0.8812896403013506,0.9231788079470221,1.3189418517592886,1.278762166209078,51,2.4168595290698787,0.9350373182286376,30.36384178214302,1,10,1,1,1,3.75,2025
2025-12-23 13:45:00,2025-12-23 15:45:00,long,4493.5,4482.835714285714,stop,-21.425522680314113,10332.11712416971,-1.0346952444742497,0.9133288680508881,1.9598124581379526,0.8289046970109433,0.8814504881449993,1.3446751507033021,1.2940388479570712,52,2.3658621526347177,0.9771473985245915,30.36384178214302,1,14,1,1,2,2.5,2025
2025-12-23 18:45:00,2025-12-29 09:00:00,long,4474.24,4447.731428571428,stop,-25.129032933851274,10306.988091235859,-1.216064076309561,0.12071567148088236,3.1793489976288485,2.0216017193492135,0.7806267806267373,0.7944600129338087,-0.9280017245096134,53,2.1861054920545717,0.995252268212643,30.36384178214302,1,19,1,1,3,3.0,2025
2025-12-29 15:45:00,2025-12-29 17:00:00,short,4421.71,4345.87,target,61.540220826389834,10368.528312062248,2.985363924050622,0.27768987341773727,3.361550632911357,1.6340595281471575,0.3549245785270636,1.7832278481012533,3.9920886075949182,1,0.8600970021687533,-0.30879192127792887,36.780409380495335,0,16,0,0,4,6.75,2025
2025-12-29 17:15:00,2025-12-30 04:45:00,short,4320.03,4361.831428571429,stop,-20.920608029259387,10347.60770403299,-1.0088513721335628,0.39663716209288563,6.655753391886827,2.6446158990874626,0.577915632754352,1.9281637674720233,6.952393971497904,1,0.8600970021687533,-0.30879192127792887,36.780409380495335,0,17,0,0,0,0.25,2025
2025-12-30 10:15:00,2025-12-30 11:00:00,short,4353.45,4372.698571428571,stop,-21.09302309625739,10326.514680936732,-1.0192222057295603,0.6047202018703421,2.5144723170550884,1.105653663672718,0.9334373374935114,1.9980703577259757,0.999554697936771,5,1.29377561528242,0.614584159439191,35.28308452104615,0,10,1,0,1,5.5,2025
2025-12-30 15:30:00,2025-12-31 01:30:00,short,4379.48,4330.057142857143,target,61.4952366630809,10388.009917599813,2.97754075615678,0.184530003468664,2.8407908428719937,0.9337212368041288,0.8189655172413964,2.112382934443266,-1.366978841484495,6,1.3329818576296586,0.7197139624600113,35.28308452104615,0,15,1,0,2,4.5,2025
2025-12-31 06:45:00,2026-01-02 02:45:00,short,4332.82,4355.885714285714,stop,-21.531886848427114,10366.478030751387,-1.0363817044469155,0.7274866840084431,2.6038647342994645,1.2367939694867878,0.8577777777777916,1.3656633221850456,0.8289359593707671,10,1.1207643613104155,0.522730203023436,33.89271143727191,0,7,2,0,0,5.25,2026
2026-01-02 20:00:00,2026-01-05 01:00:00,short,4314.61,4337.837142857143,stop,-21.900803346911125,10344.577227404476,-1.0563280644566082,0.046497324558702514,2.753674887754497,1.1676441769725359,0.8151183970856414,0.9454455993603889,4.810750968694221,2,1.3163275963584287,0.2917876053913915,31.851662460440675,0,20,4,0,1,17.25,2026
2026-01-05 08:00:00,2026-01-05 15:15:00,long,4418.46,4402.76,stop,-21.17673325406242,10323.400494150414,-1.023566878980892,0.5222929936306256,2.1617834394903874,0.7814004416559573,0.8047673098751218,1.1222929936306372,3.073885350318521,2,0.720432799084856,-0.10056732724154083,30.321264164796133,1,8,0,1,2,7.0,2026
2026-01-05 23:45:00,2026-01-06 01:45:00,long,4449.01,4437.565714285714,stop,-21.314323327081482,10302.086170823331,-1.032330545499949,0.13806016726999795,1.8384721008613996,0.5642487226823328,0.9303482587065228,0.7025340157282937,0.9646735738360558,6,1.2382570026870223,0.3847832398933049,30.321264164796133,1,0,0,1,3,8.5,2026
2026-01-06 04:00:00,2026-01-07 08:45:00,long,4459.49,4441.477142857143,stop,-22.253056815478157,10279.833114007854,-1.0800267269410597,0.7905464350860424,2.721389483702158,0.8969458917693053,0.9165957446808108,1.304623681497351,1.3934491236418718,7,1.1876408318563327,0.43158333696537987,29.521752150193667,1,4,1,1,4,2.25,2026
2026-01-07 18:15:00,2026-01-08 06:45:00,long,4457.93,4431.501428571429,stop,-20.847501555208233,10258.985612452645,-1.014000000000015,0.2701621621622116,2.32702702702705,1.4904487912510496,0.7995169082125828,1.253189189189232,0.5902702702702899,16,0.559451826890159,0.45196512861658267,29.21673283455239,1,18,2,1,5,9.5,2026
2026-01-08 22:15:00,2026-01-09 03:00:00,long,4469.95,4456.685714285714,stop,-21.09030881750032,10237.895303635145,-1.027894453419464,0.8820678513730882,2.925148088314528,0.8089102091154956,0.7773631840796055,2.4245557350564986,2.474313408723692,1,0.6699492735845776,0.0900900406449745,28.85985008162193,1,22,3,1,6,15.5,2026
2026-01-09 08:15:00,2026-01-09 14:30:00,long,4473.62,4463.437142857143,stop,-21.21979029403841,10216.675513341106,-1.0363355780022456,0.3437149270482704,2.6907968574635666,0.640481379383138,0.9973190348524884,1.4652076318743483,0.2808641975309295,4,0.619757674722775,0.18956265450627008,28.24534869568905,1,8,4,1,7,5.25,2026
2026-01-09 15:30:00,2026-01-12 01:15:00,long,4486.44,4536.154285714285,target,58.20138119574003,10274.876894536847,2.8483522413792866,0.697586206896521,2.3594827586207114,1.051536228709129,0.8352185875878838,3.947758620689659,1.7946551724137798,5,0.6448540828838659,0.23353465124584805,28.24534869568905,1,15,4,1,8,1.0,2026
2026-01-12 01:30:00,2026-01-12 02:30:00,long,4542.3,4583.558571428572,target,61.096401054416845,10335.973295591264,2.9730964994287086,0.5918770125689097,5.8882310169315435,0.8656174016641824,0.763865546218523,1.7305494962085355,5.811156123402963,8,1.2837801156439999,0.34138033938260204,28.10530241350296,1,1,0,1,0,0.25,2026
2026-01-12 07:30:00,2026-01-12 17:30:00,long,4581.62,4625.012857142856,target,61.48704627556023,10397.460341866825,2.9744197530863925,0.024888888888929577,2.479209876543169,0.8995677077404297,0.8962623951182528,1.812740740740728,1.1144691358024188,9,2.4372680852221684,0.4671041807871479,28.10530241350296,1,7,0,1,0,5.0,2026
2026-01-12 18:00:00,2026-01-12 20:15:00,long,4629.14,4602.35,stop,-21.082121902583175,10376.378219964241,-1.0138111235535598,0.12094064949607206,3.1608809257185513,1.685073145747307,0.9437194127243403,0.9152668906308454,3.49832026875703,12,2.8545414286913577,0.8781134841066018,28.10530241350296,1,18,0,1,0,0.5,2026
2026-01-13 05:00:00,2026-01-13 08:30:00,long,4597.71,4579.4800000000005,stop,-21.17395884710173,10355.20426111714,-1.020296215030156,0.22490400438839295,2.2062534284146866,1.1456121506767285,0.7232524964336959,0.7690619857377264,2.0307185957213822,15,1.6071350728431415,1.0132689361838088,29.01103915971882,1,5,1,1,1,8.75,2026
2026-01-13 10:30:00,2026-01-13 22:30:00,long,4593.43,4577.231428571429,stop,-21.18346574132387,10334.020795375816,-1.0228415204162549,0.10865155657466874,2.32366169856259,1.0206798156043069,0.5395590142672277,0.9519357968073833,-0.6716641679160014,16,1.7878704618395178,0.9626826774463693,29.01103915971882,1,10,1,1,2,2.0,2026
2026-01-14 02:00:00,2026-01-15 03:30:00,long,4605.16,4590.322857142857,stop,-22.676055459751545,10311.344739916065,-1.0971554977854527,0.8451761987289825,3.9198921625264123,0.9139550066063336,0.7541743970315042,1.4531099557096765,1.2913537454265074,20,1.2451147223250658,0.6729543958396089,29.88501407131574,1,2,2,1,3,3.5,2026
2026-01-15 08:00:00,2026-01-15 15:45:00,long,4605.21,4584.427142857143,stop,-20.989837993392648,10290.354901922672,-1.0178031344514773,0.6091558977178942,1.7033269177893746,1.25047655902625,0.7683997299122081,1.4252130877096938,-0.8449271377508717,28,0.6504568575645928,0.5427965289177994,30.767082424575374,1,8,3,1,4,4.5,2026
2026-01-16 07:30:00,2026-01-16 08:30:00,long,4606.85,4595.955714285715,stop,-21.27968749060015,10269.075214432072,-1.0339627589824043,0.8830317335432023,1.6871230002621624,0.6702017921702231,1.0,1.9276160503540236,0.3084185680566972,33,0.5099526901812772,0.3017733714272053,31.426374607732583,1,7,4,1,5,15.75,2026
2026-01-19 08:45:00,2026-01-19 09:15:00,long,4678.19,4667.0485714285705,stop,-21.220209790458654,10247.855004641613,-1.0332093858186933,0.3087575330169224,3.1091165534042573,0.6471758320750898,0.875375375375264,1.1955378894730941,2.816514937812345,3,1.6466036647614677,0.299099053223717,31.128218086187495,1,9,0,1,6,72.25,2026
2026-01-19 17:45:00,2026-01-20 02:15:00,long,4674.4,4664.155714285715,stop,-21.235967838372463,10226.61903680324,-1.036117696276633,0.09566308743546388,2.3915771858876624,0.6093968510034378,0.7325038880248559,1.2553339841027238,2.6746618323804525,5,1.366867636705598,0.4408020571800231,31.128218086187495,1,18,0,1,7,8.5,2026
2026-01-20 05:30:00,2026-01-20 08:00:00,long,4676.88,4717.007142857143,target,60.793935233201985,10287.412972036442,2.9723379258784672,0.1211150272349215,2.405852824949311,0.8297007403031277,0.6726094003242297,0.9225675531346978,1.5819715903022562,8,1.1733445045695392,0.5928084191799687,31.54255358146901,1,5,1,1,8,3.25,2026
2026-01-20 09:15:00,2026-01-20 20:00:00,long,4718.1,4764.574285714286,target,61.233065076822584,10348.646037113263,2.976115824419033,0.03356694946517032,3.7504610844707122,0.9652515595268263,0.44264507422411864,0.9566580597565322,5.796753965326539,9,1.9740100453688256,0.6164001084474791,31.54255358146901,1,9,1,1,0,1.25,2026
2026-01-21 01:30:00,2026-01-21 03:15:00,long,4773.62,4814.0257142857145,target,61.52329342174418,10410.169330535007,2.9725286380993077,1.0810352142553745,2.8139584217225093,0.8328330686316503,0.9973244147157214,2.21998302927448,2.3862961391599122,13,2.3561757102818532,0.8692663060058115,32.5324681664486,1,1,2,1,0,5.5,2026
2026-01-21 06:30:00,2026-01-21 09:00:00,long,4865.48,4835.417142857143,stop,-21.07658593883144,10389.092744596175,-1.0123075460938855,0.758410948488851,2.4575175822086623,1.8613146352762293,0.9869321717485974,1.0690933282645618,5.34945827789389,14,3.5581103999765302,1.0437694398135466,32.5324681664486,1,6,2,1,0,3.25,2026
2026-01-21 11:15:00,2026-01-21 16:00:00,long,4875.62,4846.578571428571,stop,-21.042908301022685,10368.049836295153,-1.0127404200895225,0.41182547100198313,2.5487726892616385,1.753129716133681,0.9548913043478291,1.2671552953907848,0.4689851935658027,15,3.9679086154369507,1.1917914467461266,32.5324681664486,1,11,2,1,1,2.25,2026
2026-01-22 07:00:00,2026-01-22 16:30:00,long,4800.42,4845.762857142858,target,61.700676161892346,10429.750512457045,2.975519848771292,0.0026465028355965154,3.388846880907323,0.7999754260856822,0.8421717171717186,1.0480151228733539,1.196219281663509,20,1.585073629381239,1.2598925373020098,34.19101007109941,1,7,3,1,2,15.0,2026
2026-01-22 17:15:00,2026-01-22 21:00:00,long,4853.8,4921.355714285714,target,62.23576306551503,10491.98627552256,2.983569117553776,0.5533210683246024,3.267525217280988,1.2122548249928606,0.8871873404798356,1.7398972276851072,2.3083169447440133,23,1.7046089987411825,0.8389372147687979,34.19101007109941,1,17,3,1,0,0.75,2026
2026-01-22 22:00:00,2026-01-23 10:15:00,long,4925.83,4904.232857142857,stop,-21.343467781282225,10470.642807741278,-1.0171318957534188,0.13705516602721324,3.2495039026326697,1.1348113980312557,0.9695534506089428,1.3686995634343069,4.834898796137107,24,3.13614925886192,0.890576673414456,34.19101007109941,1,22,3,1,0,1.0,2026
2026-01-23 14:00:00,2026-01-26 01:00:00,long,4933.9,4996.274285714285,target,60.29272391363221,10530.93553165491,2.8791319224955267,0.12793733681461525,2.8021162566992177,1.0464742655908903,0.9686346863468505,1.5641060876735229,-0.8061014154184574,28,2.5029300973360393,1.2895104782529865,35.98455371152405,1,14,4,1,1,3.75,2026
2026-01-26 01:45:00,2026-01-26 08:45:00,long,5039.87,5110.85,target,62.856243270511804,10593.791774925421,2.9843617920541052,0.6601859678782294,4.7540152155537125,1.1479676820735354,0.9871099050203188,1.2459847844463754,6.198647506339778,31,3.2451647002523414,1.3353877659821434,37.86918948043106,1,2,0,1,0,0.75,2026
2026-01-26 18:00:00,2026-01-26 18:15:00,long,5101.59,5071.604285714286,stop,-21.449021574596593,10572.342753350824,-1.0123392091472172,0.2834683182467835,2.8513577894235276,1.4330830359478364,0.78773895847065,1.011815150071465,0.7503573130061915,35,3.634100886118342,1.6582288634160003,37.86918948043106,1,18,0,1,0,9.25,2026
2026-01-27 03:00:00,2026-01-28 03:30:00,long,5071.27,5202.948571428572,target,62.739632014870324,10635.082385365695,2.967158437754275,0.4547436940602331,3.2798047192839506,1.9144020329942233,1.0,2.3776078112286543,0.9668999186330465,37,2.1113582186385167,1.6448170599540957,40.0663298090546,1,3,1,1,1,8.75,2026
2026-01-28 04:45:00,2026-01-28 20:15:00,long,5231.86,5323.7757142857145,target,63.55362982412501,10698.63601518982,2.9879237189350496,0.15731803981907858,4.501515363454074,1.198487849992042,0.810606060606058,0.86165897328296,3.3852753298829277,44,4.223412976691108,1.4091638647522275,42.34151996746509,1,5,2,1,0,1.25,2026
2026-01-28 22:15:00,2026-01-29 01:15:00,long,5354.66,5491.331428571429,target,64.01803454658345,10762.654049736404,2.991878331765436,0.697146440890563,3.0945751019128016,1.6907210482576582,0.9680974477958135,1.513703355283802,2.95760426465975,48,4.617320297916559,1.977380330201739,42.34151996746509,1,22,2,1,0,2.0,2026
2026-01-29 01:30:00,2026-01-29 02:00:00,long,5531.16,5465.608571428571,stop,-21.64680604651041,10741.007243689894,-1.0056444231356008,1.0770169550625504,5.326504816283824,2.4146377480974484,0.38542912335571355,3.3167850760580535,7.856731900797625,49,6.247725430212969,2.149376522742763,44.94760554811939,1,1,3,1,0,0.25,2026
2026-01-29 06:30:00,2026-01-29 10:30:00,long,5557.44,5505.781428571428,stop,-21.63587753741262,10719.371366152482,-1.0071624125439085,0.1846740964021822,1.8587428445009826,1.799175007035612,0.6379220779220647,0.7452780620004947,1.8691960952407114,50,7.91027140086319,2.445609922695735,44.94760554811939,1,6,3,1,1,4.5,2026
2026-01-29 14:00:00,2026-01-29 16:45:00,long,5535.69,5494.849999999999,stop,-21.632972282034668,10697.738393870446,-1.009059745347708,0.30509304603328113,2.872673849167493,1.3657624413138898,0.836655323286316,1.0073457394711431,-0.10284035259551305,52,6.409003786422188,2.7902726340765405,44.94760554811939,1,14,3,1,2,3.5,2026
2026-01-29 22:45:00,2026-01-30 03:00:00,long,5394.59,5318.774285714286,stop,-21.499892165028427,10676.238501705418,-1.0048802547530682,0.8581334438770636,2.090859414746289,2.1107471776281708,0.7667293233082726,1.4034029884494308,3.4422942850144085,54,2.664807588180236,2.764532303797562,44.94760554811939,1,23,3,1,3,6.0,2026
2026-01-30 15:15:00,2026-01-30 16:30:00,short,5027.61,5109.2585714285715,stop,-21.44923823698831,10654.78926346843,-1.0045316163348177,0.6547573223221578,2.240333135038665,1.808165558161853,0.7868036602986073,1.5258074675438256,0.021555796619661807,2,3.6523887143789846,-0.7011396789705193,47.62693134329317,0,15,4,0,4,12.25,2026
2026-01-30 19:00:00,2026-02-02 03:00:00,short,4914.48,4589.764285714285,target,63.67115481637547,10718.460418284805,2.9879124420922025,0.5245819420064192,3.1530349624506693,2.2871202454090405,0.8274704929414506,1.5968429527366768,2.9610516451753326,3,3.3195676575832294,-0.041407406965476845,47.62693134329317,0,19,4,0,5,2.5,2026
2026-02-02 07:30:00,2026-02-02 11:15:00,short,4576.68,4678.360000000001,stop,-21.514926941108747,10696.945491343697,-1.0036388670338354,0.5216365066876387,2.481904012588521,1.762991598454734,0.9563895709107859,1.6823367427222624,2.6612903225806335,6,8.078076345763387,1.7561016989766087,46.19086804694436,0,7,0,0,0,4.5,2026
2026-02-02 15:30:00,2026-02-02 16:30:00,short,4684.56,4773.608571428571,stop,-21.482783365087215,10675.46270797861,-1.0041550357750142,0.4274071935059485,2.4424872461257237,1.4121346376686204,0.7934156378600759,1.6373086918856494,0.12712163506272406,8,7.194509159680379,2.644963707995973,46.19086804694436,0,15,0,0,1,4.25,2026
2026-02-02 17:45:00,2026-02-03 01:15:00,short,4619.52,4732.152857142857,stop,-21.42106340769687,10654.041644570912,-1.0032850094491563,0.5128166102253714,2.5910733990335286,1.7475981552724185,0.9620899950552138,1.0773055312456434,2.6209048361934433,9,7.023339390177438,2.8688422406774605,46.19086804694436,0,18,0,0,2,1.25,2026
2026-02-03 04:30:00,2026-02-03 07:15:00,short,4758.76,4837.222857142857,stop,-21.408563836295816,10632.633080734617,-1.0047156070206085,0.03797975384166677,2.4406452552618294,1.1367570246278929,0.9688128772635715,0.7601048721870187,-2.284647877066507,12,2.895267584386448,2.712452812367172,43.203300646470545,0,4,1,0,3,3.25,2026
2026-02-04 04:00:00,2026-02-04 16:30:00,long,5058.79,4998.2357142857145,stop,-21.395201613385264,10611.237879121232,-1.0061102198735448,0.16910446352740977,4.381523072567702,0.8203238914680675,0.644777662874879,0.6387656884023827,3.3322166650939042,1,1.5769031190760001,-0.2736599116419103,40.903691455392625,1,4,2,1,4,20.75,2026
2026-02-05 11:00:00,2026-02-06 02:00:00,short,4865.14,4700.114285714287,target,63.524680138660635,10674.762559259892,2.9932737755155014,1.1227341193580302,1.7302758011738217,0.7131393351274253,0.9526102870352525,1.8873422323793712,-0.46101906196438147,4,1.57447341945335,0.053367916643354274,39.17032101507972,0,11,3,0,5,18.5,2026
2026-02-06 23:45:00,2026-02-09 01:30:00,long,4966.82,5031.405714285715,target,61.55645534697703,10736.31901460687,2.8832704711347175,0.22574651625740663,2.587259455872616,0.3173496913610187,0.7969451931715906,1.033974784339753,0.5620437956203677,3,0.7823689943648033,-0.224233094453119,37.044863217368196,1,0,4,1,0,21.75,2026
2026-02-09 07:30:00,2026-02-09 09:15:00,long,5036.81,5007.014285714286,stop,-21.739282956555183,10714.579731650314,-1.0124178932732284,0.3275638874238928,1.762669607326087,0.47418532434275196,0.6999347684279533,1.0290070479934714,1.8599990410893195,4,1.039770131888482,0.06448943851089517,34.539808679736154,1,7,0,1,0,6.0,2026
2026-02-09 16:30:00,2026-02-10 01:00:00,long,5036.8,5007.992857142857,stop,-21.70439637383843,10692.875335276476,-1.0128440366972475,0.8282667989090187,2.0654599553682065,0.5201470181639295,0.9706132879046162,1.630151252169566,3.496355070667028,7,1.2069257430007223,0.4909814580293048,34.539808679736154,1,16,0,1,1,7.25,2026
2026-02-10 07:45:00,2026-02-10 17:30:00,long,5039.51,5015.238571428572,stop,-21.71176064251689,10671.16357463396,-1.015244261330178,0.342789876397868,1.991642142436727,0.5010173997754799,0.86646884273002,0.8330782813419362,0.7679811653914552,11,1.3873338933661137,0.6332082797509742,32.73722273487928,1,8,1,1,2,6.75,2026
2026-02-10 22:30:00,2026-02-11 12:30:00,long,5036.41,5098.595714285713,target,63.64602605623489,10734.809600690194,2.9821502412129437,0.2566505858028831,2.790351481736768,0.4588875061472216,0.9847328244274454,0.8847691247415734,1.5949000689179789,14,0.8744473142269322,0.5848614403613617,32.73722273487928,1,22,1,1,3,5.0,2026
2026-02-11 13:15:00,2026-02-11 14:30:00,long,5106.11,5084.222857142857,stop,-21.83256100499331,10712.9770396852,-1.016904901768802,0.46511324326080833,4.91612819006588,0.5294682904573615,0.8879310344827595,1.6959728477252773,4.239018340839267,18,1.27781636959702,0.4717620764391972,31.063392928940754,1,13,2,1,0,0.75,2026
2026-02-11 19:00:00,2026-02-12 16:45:00,long,5084.28,5042.954285714285,stop,-21.61778628714698,10691.359253398054,-1.0089532632743428,0.11663440265485996,2.258158185840696,0.9892323493876475,0.9124999999999858,0.8130530973451398,0.10598727876104234,19,1.3103393867289248,0.46598038954761556,31.063392928940754,1,19,2,1,1,4.5,2026
2026-02-13 01:00:00,2026-02-13 02:00:00,short,4910.53,4943.047142857143,stop,-21.626024195806746,10669.733229202247,-1.0113786134786045,0.04366927335032279,2.8926280643177527,0.9447971585937331,0.42006121968448407,2.612160618574824,1.340831209911262,2,1.8921798222580914,-0.03662738152505618,27.637647669208835,0,1,4,0,2,8.25,2026
2026-02-13 07:30:00,2026-02-13 10:00:00,short,4964.23,4988.702857142856,stop,-21.662093381101414,10648.071135821147,-1.0151187904967442,0.10297122176173612,2.611055980386413,0.733877092758314,0.7832923832923944,1.6630669546436543,1.2765162570778745,3,0.6402760623366743,0.07174497019057924,27.637647669208835,0,7,4,0,3,5.5,2026
2026-02-13 12:45:00,2026-02-13 15:00:00,short,4949.95,4975.921428571428,stop,-21.59953615769034,10626.471599663457,-1.0142464246424596,0.8871287128713331,1.958305830583038,0.8265878952954446,0.8727735368956739,1.8158415841584357,1.3330033003300825,5,0.7180982103523907,0.3505055907891408,27.637647669208835,0,13,4,0,4,2.75,2026
2026-02-17 07:00:00,2026-02-17 07:30:00,short,4928.39,4867.995714285715,target,63.36821703137402,10689.83981669483,2.981620777746252,1.7922225376099985,2.3684359920522566,0.7378358142530231,0.9506263817243856,2.6962815782003555,2.181663355095106,4,0.9148288992165008,0.13406230894451587,23.961657340706914,0,7,1,0,5,88.0,2026
2026-02-17 15:45:00,2026-02-17 16:00:00,short,4870.67,4899.437142857143,stop,-21.65466284961094,10668.18515384522,-1.0128618960123157,2.5146744798132743,2.6217410736455204,1.0709307002217077,0.9627707177376064,3.8842925957192995,3.8481402393603914,7,2.3118619797902435,0.4926381759584597,23.961657340706914,0,16,1,0,0,8.25,2026
2026-02-18 01:45:00,2026-02-18 02:30:00,short,4859.04,4881.151428571428,stop,-21.69340092596734,10646.491752919252,-1.0167334280914786,0.06874273161909208,2.4340354050910875,0.8040638697781544,0.7654213727193855,2.082181160356596,3.5945212559762103,9,1.8662214612668315,0.731725147271256,22.883467291644543,0,2,2,0,1,9.75,2026
2026-02-18 10:30:00,2026-02-18 14:45:00,short,4921.19,4935.707142857143,stop,-21.83568009391311,10624.656072825339,-1.025487108836852,0.17083251328488186,2.7402086203502476,0.5378715250830493,0.806993006993109,0.9850423145049696,1.6780161385554444,11,0.5842374600615272,0.6659967340049144,22.883467291644543,0,10,2,0,2,8.0,2026
2026-02-19 07:45:00,2026-02-19 12:00:00,long,4996.92,4984.722857142857,stop,-21.893909457167343,10602.762163368172,-1.0303349730616387,0.08034668540638247,4.83227922230034,0.48371990693009204,0.42815249266865063,0.5591473412977032,3.894354649800885,4,0.6304414136100202,0.06376943746075892,21.815741733631558,1,8,3,1,3,17.0,2026
2026-02-19 15:45:00,2026-02-19 16:00:00,long,4997.32,4977.11,stop,-21.593750155578128,10581.168413212594,-1.0183077684314696,0.002968827313186075,2.479960415635859,0.8177999286802397,0.8418079096045336,0.700643245917854,0.15437902028693595,6,0.5605629225891944,0.20724787211248152,21.815741733631558,1,16,3,1,4,3.75,2026
2026-02-19 16:45:00,2026-02-19 20:15:00,long,5006.12,4978.927142857143,stop,-21.450282465408023,10559.718130747186,-1.0136065143157196,0.5648542159180606,2.6006829524559483,1.0987283837564654,0.7969762419006526,1.7026530076175004,0.9436301549776565,6,0.5605629225891944,0.20724787211248152,21.815741733631558,1,17,3,1,5,0.75,2026
2026-02-20 07:45:00,2026-02-20 16:45:00,long,5011.64,5058.709999999999,target,62.860272365314664,10622.5784031125,2.9764181007010833,0.6921606118547393,3.126832377310436,0.6813432174178762,0.9860191317145256,1.7323135755258754,1.859783301465968,10,0.710386311991609,0.21389236345388252,20.74647069571402,1,8,4,1,6,11.5,2026
2026-02-20 21:45:00,2026-02-23 01:00:00,long,5079.7,5137.6857142857125,target,60.973264005516945,10683.551667118018,2.8699841832963684,0.3393939393939217,2.2929785661493414,0.8663384992510146,0.9691119691119954,0.8039911308203707,3.8585365853659486,13,1.6547621589026889,0.38338382266494,20.74647069571402,1,22,4,1,0,5.0,2026
2026-02-23 01:30:00,2026-02-23 02:00:00,long,5158.6,5136.802857142858,stop,-21.729803541574036,10661.821863576444,-1.0169747017957673,0.6349456023069897,6.87429545156636,0.9902157944221711,0.966261808367073,1.3598112465592314,8.406606370428655,14,2.1516950270041,0.5018738645121035,19.363662178481214,1,1,0,1,0,0.5,2026
2026-02-23 04:30:00,2026-02-23 09:00:00,long,5174.43,5142.318571428572,stop,-21.56934279848186,10640.252520777962,-1.011522377435715,0.4216567310259214,2.3866892072248365,1.4736048512660724,0.8612903225806686,0.965388379749093,4.6805765637512815,15,2.9158647020667785,0.6777075359312157,19.363662178481214,1,4,0,1,1,2.5,2026
2026-02-23 12:15:00,2026-02-23 18:15:00,long,5156.06,5218.550000000002,target,63.46351287477003,10703.716033652732,2.982237157945284,0.2851656265002584,2.9563130100815465,0.9659319256809167,0.9222373806275969,0.7037926068170687,0.32645223235722254,17,2.4073472579907835,0.9277697082279879,19.363662178481214,1,12,0,1,2,3.25,2026
2026-02-23 21:30:00,2026-02-24 03:00:00,long,5217.03,5195.357142857143,stop,-21.77290071837832,10681.943132934353,-1.0170720453496622,0.11258321798161577,2.319952541032276,0.9883681396067477,0.9695652173912356,0.8489882011733632,1.452508074616032,19,3.136039520811673,1.1083070925440808,19.363662178481214,1,21,0,1,0,3.25,2026
2026-02-24 19:00:00,2026-02-27 23:30:00,long,5156.35,5266.295714285715,target,62.00209600561999,10743.945228939974,2.9021918219381058,0.036563498869575974,2.5032353629063637,1.638935198950775,0.8843125378558553,0.900990099009913,-0.14789116706946487,24,0.675941015868109,0.9399511894402357,18.86751637336666,1,19,1,1,1,16.0,2026
2026-02-27 23:45:00,2026-03-02 01:00:00,long,5278.53,5329.521428571428,target,61.28669634128764,10805.231925281261,2.8521504454530033,0.2435703479576047,3.8594721801983587,0.7760252674557614,0.7204545454545471,1.0354681459068924,5.154984030929487,44,2.099330285705247,0.5068547288823222,17.775066738458513,1,0,4,1,0,0.25,2026
2026-03-02 01:30:00,2026-03-02 02:45:00,long,5382.38,5347.828571428571,stop,-21.841883272430614,10783.39004200883,-1.01070867443977,0.17365418010419276,7.568428016207734,1.5809698796345628,0.7270906359539373,2.311915984453796,8.257256263954396,44,2.099330285705247,0.5068547288823222,17.952856885454178,1,1,0,1,0,0.5,2026
2026-03-02 05:30:00,2026-03-02 16:15:00,long,5362.24,5321.465714285714,stop,-21.762484521049494,10761.62755748778,-1.0090743465769776,0.13636045126479066,2.7561488332982855,1.7995874132809253,0.7683923705721951,0.5400462476350764,-0.9878775138392734,45,2.7607386975801997,0.6380865151446757,17.952856885454178,1,5,0,1,1,2.75,2026
2026-03-02 21:00:00,2026-03-03 08:00:00,long,5330.65,5284.84,stop,-21.697094983836845,10739.930462503944,-1.008076839118091,0.42785418030994654,1.6716874044968422,1.8732518313365432,0.8667355371900841,0.8452302990613306,-0.13446845666884713,49,1.6130684797483834,1.1855059671683321,17.952856885454178,1,21,0,1,2,4.75,2026
2026-03-03 16:30:00,2026-03-04 03:45:00,short,5071.85,5165.928571428572,stop,-21.56433870163191,10718.366123802312,-1.0039328828486813,1.1350087313036106,2.160321919368309,3.4300796710290284,0.8811904761904705,1.7857414015640443,4.012603446966826,1,1.5543699780931957,-0.417323847854445,18.890089705974567,0,16,1,0,3,8.5,2026
2026-03-04 08:00:00,2026-03-04 09:45:00,short,5141.87,5175.677142857143,stop,-21.671345121136405,10696.694778681176,-1.0109444327065285,0.611705049651391,1.6813015001056417,1.1071490706749092,0.4511639676113396,2.3379674624973257,2.8544263680540816,5,1.007957212332934,0.5476981756896593,17.711733803297513,0,8,2,0,4,4.25,2026
2026-03-04 14:30:00,2026-03-04 15:00:00,short,5167.34,5194.191428571429,stop,-21.688180358349832,10675.006598322827,-1.0137795275590646,0.5511811023621722,2.358906150244715,0.8672203421827811,0.5230978260869665,1.6446052351563947,0.6480102149393289,6,0.5299411989783768,0.6266499534088421,17.711733803297513,0,14,2,0,5,4.75,2026
2026-03-04 17:00:00,2026-03-05 02:15:00,short,5134.71,5174.835714285715,stop,-21.546882087913705,10653.459716234913,-1.0092210196525302,0.2173170037026317,2.834591284534305,1.282929190553847,0.9025769956002418,1.5860153802335768,3.026488180005698,7,0.7581629610230379,0.5733503767549664,17.711733803297513,0,17,2,0,6,2.0,2026
2026-03-05 07:45:00,2026-03-05 09:00:00,short,5148.94,5171.074285714285,stop,-21.663089055098318,10631.796627179814,-1.0167161481863831,1.1764554020911746,2.644765715760904,0.6882612037297079,0.9821008007536878,1.9182909513359665,2.138763392280895,11,0.8750597607209054,0.33925669130763225,16.6175461793831,0,8,3,0,7,5.5,2026
2026-03-05 15:15:00,2026-03-06 17:00:00,short,5122.41,5149.834285714285,stop,-21.91424901754558,10609.882378162269,-1.0305995207584469,1.7925717560035515,1.802052404021479,0.8422389617782501,0.47982523772809416,5.67526175964997,3.448768036672422,12,0.6022874426441764,0.3441713068096264,16.6175461793831,0,15,3,0,8,6.25,2026
2026-03-09 16:30:00,2026-03-09 17:30:00,short,5076.41,5103.777142857143,stop,-21.506653051563347,10588.375725110705,-1.0135198621913704,0.25943519340189963,2.353917628021062,0.747644888841886,0.94782608695652,2.689356371039286,1.9315132849611076,4,0.8814760153651772,0.32990819518093906,14.424873733671305,0,16,0,0,9,71.5,2026
2026-03-10 16:00:00,2026-03-10 21:15:00,long,5200.68,5177.865714285715,stop,-21.52019406923264,10566.855531041472,-1.0162179085785907,0.7688165309956604,3.1006887914840444,0.6593989642440148,0.8864182692308002,1.4587351283656447,1.1247338760175343,3,0.8151441723556817,0.09432104196975821,13.78904964921374,1,16,1,1,10,22.5,2026
2026-03-11 03:15:00,2026-03-11 08:30:00,long,5212.35,5193.2814285714285,stop,-21.543782321079444,10545.311748720393,-1.0194036559784443,1.3886724602937446,1.6403955648785666,0.6240005656582918,0.8681592039801246,2.529817201078793,1.1946359005094698,5,0.7281534614152582,0.29271751588095807,12.896246509797704,1,3,2,1,11,6.0,2026
2026-03-12 21:30:00,2026-03-13 04:30:00,short,5098.78,5121.315714285714,stop,-21.4368974426605,10523.874851277733,-1.0164183835182363,0.2067828843106104,3.2783518225039883,0.831607772830944,0.983870967742023,0.5502377179080631,4.432076069730606,1,0.7381098327821937,0.028064212473122296,12.067215023197098,0,21,3,0,12,37.0,2026
2026-03-13 07:15:00,2026-03-13 15:45:00,short,5105.45,5121.015714285714,stop,-21.548058730911354,10502.32679254682,-1.0237701908957586,0.10279001468431201,2.8318649045521473,0.6030747346915288,0.8399999999999763,1.3812408223201285,0.11563876651989483,3,0.7762106266919148,0.1869903491873437,12.02945304617783,0,7,4,0,13,2.75,2026
2026-03-13 17:00:00,2026-03-13 19:00:00,short,5090.97,5020.298571428571,target,62.684051399396544,10565.010843946216,2.9842935112189375,0.08999393571857431,2.5291691934505787,0.9227887264764745,0.9994131455398932,1.4466949666464526,0.20630685263791038,6,0.5093527410030074,0.37984965747100974,12.02945304617783,0,17,4,0,14,1.25,2026
2026-03-13 22:30:00,2026-03-18 14:00:00,short,5025.28,4958.641428571428,target,61.2529065333519,10626.263750479568,2.8988567753553225,0.6095568846871547,2.873110810984603,0.872336086051722,0.8398576512455537,1.2650331211010462,1.9349154286449826,7,1.8250144355219753,0.4525582691992547,12.02945304617783,0,22,4,0,0,3.5,2026
2026-03-18 14:15:00,2026-03-18 15:45:00,short,4948.68,4872.882857142858,target,63.446353020645795,10689.710103500212,2.985355648535565,0.13615288929091302,3.5771796901504485,1.1931966002397525,0.9187613843351371,2.1729051226959073,4.781182856496644,23,1.282890720093091,0.5103911509410697,13.324270424521181,0,14,2,0,0,0.25,2026
2026-03-18 16:00:00,2026-03-19 10:45:00,short,4858.7,4734.075714285715,target,63.94783901662648,10753.657942516838,2.991093228790534,0.573403487052507,5.6271536160115785,1.938311406968288,0.7075734157650717,1.557481343925192,6.151449499638956,24,3.25515655951976,0.6433228537605418,13.324270424521181,0,16,2,0,0,0.25,2026
2026-03-19 11:00:00,2026-03-19 15:30:00,short,4714.54,4580.105714285714,target,64.34436557099532,10818.002308087835,2.9917431777607693,0.5538765621014977,5.3455113491456405,1.9845547153512153,0.6617948717948821,1.7406273909716892,6.0971053302728695,28,3.0058598358641957,1.1934212856950177,14.788756893755107,1,11,3,0,0,0.25,2026
2026-03-20 02:30:00,2026-03-20 04:00:00,short,4635.49,4666.53,stop,-21.893908021716328,10796.108400066118,-1.0119201030927791,0.041881443299004104,2.6469072164948324,1.1232941275811865,0.8955441928415323,0.8820876288659509,-1.6572164948453136,32,5.583856114604207,2.1411362254036392,17.389042109878012,1,2,4,0,0,11.0,2026
2026-03-20 08:45:00,2026-03-20 11:00:00,short,4688.51,4715.951428571429,stop,-21.883350339162497,10774.225049726954,-1.013483263053772,0.9722525899318172,2.4750898016554865,0.973521657835058,0.8887545344619036,1.8082148992660054,-0.8184705086157907,34,3.3894936571447465,2.2799754350520507,17.389042109878012,1,9,4,0,1,4.75,2026
2026-03-20 12:45:00,2026-03-20 17:15:00,short,4667.51,4561.772857142858,target,64.41914048254775,10838.644190209501,2.9895022697794995,0.19576848249026257,3.6163261997405813,1.2281205355439113,0.5580331618067371,0.9924610894942053,1.1916342412451393,35,3.749038237480731,2.1607410147870487,17.389042109878012,1,13,4,0,2,1.75,2026
2026-03-20 21:30:00,2026-03-23 03:30:00,short,4526.15,4379.865714285715,target,64.45023198754214,10903.094422197044,2.9731685465678326,0.42984794773388524,3.1688981337708557,1.5930079646314497,0.9529809465273588,1.334661471303433,2.0364456684147587,37,5.590141209810111,1.7844165075602492,17.389042109878012,1,21,4,0,0,4.25,2026
2026-03-23 08:30:00,2026-03-23 09:45:00,short,4322.05,4179.078571428571,target,65.24926788478017,10968.343690081823,2.992236211031181,0.5384292565947206,1.9711630695443731,1.4248796182809016,0.9495005549389408,1.5124700239808504,4.764868105515581,40,8.987816956561941,2.4905496044725917,19.8834814607294,1,8,0,0,0,5.0,2026
2026-03-23 10:00:00,2026-03-23 10:30:00,short,4130.17,4206.6957142857145,stop,-22.042750739472606,10946.30093934235,-1.0048349761051374,0.861148446833924,5.716509856630824,2.274134862781864,0.9647798742138398,2.493279569892458,5.7303614097968865,40,8.987816956561941,2.4905496044725917,19.8834814607294,1,10,0,0,0,0.25,2026
2026-03-23 18:45:00,2026-03-23 21:30:00,short,4363.78,4457.307142857143,stop,-21.979210561978768,10924.321728780373,-1.0039560708121398,0.8085353373352331,2.3798438955841603,2.35038606392802,0.7921914357682662,1.3583222593899449,0.3258946982541492,42,5.194359959391953,3.0054209988273017,19.8834814607294,1,19,0,0,1,8.25,2026
2026-03-24 03:30:00,2026-03-24 09:45:00,short,4344.3,4398.064285714286,stop,-21.9990034590355,10902.322725321337,-1.0068818918559779,0.5884947522253093,3.2809884416101855,1.279226379901516,0.7707474457788139,2.0753553872724773,2.685425800451683,44,5.98543971234906,3.0240188191834383,23.120395517616572,1,3,1,0,2,6.0,2026
2026-03-24 15:30:00,2026-03-24 17:30:00,short,4369.51,4420.011428571429,stop,-21.964397739735386,10880.358327581602,-1.007326525416537,0.21781562049164027,2.653786314389975,1.1078432140646692,0.8345779588142042,1.7500495035501262,1.2233317303612075,47,4.643629911076446,2.334080395244409,23.120395517616572,1,15,1,0,3,5.75,2026
2026-03-24 20:30:00,2026-03-24 21:30:00,short,4378.01,4419.030000000001,stop,-21.956998107196682,10858.401329474405,-1.0090199902486625,0.5002437835202409,2.078498293515304,0.8744323180204278,0.878523223501376,1.2281813749390698,-1.021940516821057,49,3.812122060941401,2.123997371916564,23.120395517616572,1,20,1,0,4,3.0,2026
2026-03-26 05:45:00,2026-03-26 09:00:00,short,4508.85,4426.367142857143,target,64.85815754098113,10923.259487015386,2.986542658214703,0.2189545879662814,2.3728566974955863,0.5492841173952311,0.7874677002583943,1.1260521666839596,0.6263119609269249,57,0.7298050211358561,0.27538072550548076,27.86386748285119,1,6,3,0,5,32.25,2026
2026-03-26 19:15:00,2026-03-27 06:30:00,short,4396.56,4440.997142857143,stop,-22.02842112841494,10901.231065886972,-1.0083263679032983,1.3236674596540738,2.413296470134364,0.8878169380612073,0.8157150932730254,2.3885424033948612,1.8867099594932997,60,2.6725553799886463,0.6193724701082925,27.86386748285119,1,19,3,0,0,10.25,2026
2026-03-27 11:15:00,2026-03-27 17:00:00,short,4433.9,4459.817142857142,stop,-22.11371985926405,10879.117346027708,-1.0142762650203847,0.6891191709844782,2.3181567633116487,0.5460792630649006,0.8052256532066676,1.2995259618564763,0.02006394002867961,64,1.5219223083834261,1.1336289856545112,29.75515795807379,1,11,4,0,1,4.75,2026
2026-03-30 14:15:00,2026-03-30 16:45:00,long,4543.37,4521.922857142857,stop,-22.133601559786467,10856.983744467921,-1.0172517151801892,0.24059148737759764,1.607673349763507,0.49010285015988975,0.6337078651685247,1.2449210684074057,1.930327049890065,1,0.8096824653840644,-0.1467938458322271,31.414888113193342,0,14,0,1,2,69.25,2026
2026-03-31 03:45:00,2026-03-31 19:30:00,long,4547.63,4641.757142857143,target,64.88583919768955,10921.869583665612,2.9882074397850844,0.6610208077220707,3.477211674179311,0.8562271973378456,0.9590733590733782,0.8254792150434702,2.169831079542864,5,0.8097911912309658,0.26019889035566734,32.72232948868001,0,4,1,1,3,11.0,2026
2026-03-31 20:30:00,2026-04-01 18:00:00,long,4660.4,4774.194285714285,target,65.31814396913953,10987.187727634751,2.990245555890321,0.12021693281107446,3.112985839108169,1.1208093843303029,0.7971398305084698,0.995480566435633,3.826378427237111,9,2.354360621949307,0.4643007472531213,32.72232948868001,0,20,1,1,0,1.0,2026
2026-04-01 18:30:00,2026-04-01 21:30:00,long,4785.53,4747.257142857143,stop,-22.186811095705053,10965.000916539046,-1.0096674256279992,0.47501026464111545,3.154716136015801,1.1830273484827225,0.9209905660377274,0.8862677764921019,1.3084991228397496,14,3.0946234524936873,1.2615079819834563,32.995497197207115,0,18,2,1,0,0.5,2026
2026-04-02 02:00:00,2026-04-02 04:00:00,long,4791.2,4768.297142857143,stop,-22.284285171075172,10942.71663136797,-1.0161551896207641,0.7125748502993938,2.721057884231545,0.7174841734311614,0.9821328866554659,1.5639970059881025,1.7543662674650957,16,3.280834392859791,1.4260277340742977,32.411905903498436,0,2,3,1,1,4.5,2026
2026-04-02 22:00:00,2026-04-06 01:00:00,long,4674.52,4647.634285714286,stop,-24.80330225664121,10917.913329111328,-1.1333247077577162,0.1829968119022372,1.952709883103112,0.8154774618011109,0.45044378698227505,1.0057385759829771,0.1643995749203028,1,0.8431657490059776,0.610688701956752,32.411905903498436,0,22,3,1,2,18.0,2026
2026-04-06 08:00:00,2026-04-06 09:00:00,long,4673.59,4645.715714285714,stop,-22.125672860789262,10895.787656250539,-1.0132738827388272,0.5130176301763341,2.944649446494423,0.8625685658734888,0.8220115850447611,1.3625461254612858,2.280237802377975,1,0.7117482449766888,0.16495315484668094,32.33383362523697,0,8,0,1,3,7.0,2026
2026-04-06 10:45:00,2026-04-06 18:15:00,long,4684.69,4656.564285714286,stop,-22.078248311583355,10873.709407938955,-1.0131552214546795,0.4287891101178199,2.512291751320595,0.8754664403790068,0.8538283062644791,1.8388866314506702,3.145164567249053,1,0.7117482449766888,0.16495315484668094,32.33383362523697,0,11,0,1,4,1.75,2026
2026-04-08 01:00:00,2026-04-08 02:45:00,long,4732.04,4834.052857142857,target,65.00562318824137,10938.715031127196,2.9891190186110914,0.7804898542200293,3.6077805318657434,1.104346210658032,0.3788395904436816,1.8956434062933543,3.763643238247271,11,1.262009817897014,0.24259997449336268,32.08939679346649,0,1,2,1,5,30.75,2026
2026-04-08 08:15:00,2026-04-08 11:30:00,long,4815.61,4796.274285714286,stop,-22.296067253692886,10916.418963873502,-1.0191355744366326,0.5161433321019374,2.108016254155912,0.6124496165261064,0.9072580645161223,1.0260805319542046,2.2135205024011535,13,2.835494977309547,0.6246922414929079,32.08939679346649,0,8,2,1,0,5.5,2026
2026-04-08 15:00:00,2026-04-08 15:15:00,long,4805.23,4779.494285714285,stop,-22.14672663289785,10894.272237240604,-1.0143769081321274,0.11890091590339488,2.5388842631140953,0.8292147651090312,0.7926960257786899,0.7235081876213921,-0.7709131279489426,14,2.4637086168377698,0.7382216729729718,32.08939679346649,0,15,2,1,1,3.5,2026
2026-04-09 13:15:00,2026-04-13 01:00:00,long,4738.16,4715.198571428571,stop,-25.189974445711247,10869.082262794893,-1.1561109313756042,0.4085111677968905,1.907546817644539,0.7558304942077158,0.8980222496909446,1.4093199776022114,1.7298575250419623,20,0.6473263913414647,0.42713428496319317,30.81159282649846,0,13,3,1,2,22.0,2026
2026-04-14 04:00:00,2026-04-14 08:30:00,long,4775.93,4759.302857142858,stop,-22.2218989196207,10846.860363875272,-1.022252770856595,0.024057049574793366,3.536386287481716,0.670389050331374,0.8930693069307041,1.8223215052840336,4.0319615087207525,6,0.8825734872401446,0.10238353032334668,28.07469430322759,0,4,1,1,3,27.0,2026
2026-04-14 09:45:00,2026-04-14 10:15:00,long,4782.04,4768.181428571429,stop,-22.272905726047785,10824.587458149224,-1.026698278527959,0.7691990516441555,2.708792907947717,0.5607978405727888,0.9324804548685262,2.0305123183176716,0.9943304813937252,7,0.9097296319017064,0.16562288492198984,28.07469430322759,0,10,1,1,4,1.25,2026
2026-04-14 16:30:00,2026-04-15 04:15:00,long,4793.11,4864.844285714285,target,64.6125303467373,10889.199988495962,2.98452622774525,0.04600310670324895,2.5293344485602187,0.9813928154761784,0.5509770603228278,1.9689329669016566,1.2312104194048912,9,0.7254280946651626,0.29075353355270117,28.07469430322759,0,16,1,1,5,6.25,2026
2026-04-15 14:45:00,2026-04-15 18:30:00,long,4812.64,4792.042857142857,stop,-22.169619674178833,10867.030368821783,-1.0179636565404353,0.38743237619648746,2.170203911776888,0.9548534076835977,0.78308823529415,1.0564572062699489,0.14273824386186382,14,1.1699172460113216,0.5850552202126158,26.84651491857732,1,15,2,1,0,10.5,2026
2026-04-16 07:30:00,2026-04-16 09:15:00,long,4830.5,4816.732857142857,stop,-22.318176305875344,10844.712192515908,-1.0268755836878694,0.0610148386427412,2.559717754487874,0.6902314499253375,0.8588770864946479,0.9573518729895327,-0.305074193213706,18,1.2371470420487634,0.4159261773118317,25.502673015473427,1,7,3,1,1,13.0,2026
2026-04-16 14:45:00,2026-04-16 16:45:00,long,4822.15,4809.478571428571,stop,-22.32274579604977,10822.389446719859,-1.029199549041745,0.2399098083426566,2.440135287485943,0.651274663341347,0.950399999999936,0.9864712514092567,0.17677564825252157,20,0.7121332362788473,0.367501820286531,25.502673015473427,1,15,3,1,2,5.5,2026
2026-04-17 15:45:00,2026-04-17 23:45:00,long,4846.42,4827.721428571429,stop,-22.07307729159045,10800.316369428268,-1.019787607915022,2.2793185117274417,4.58002903201157,1.008126668585773,0.9507123604158747,2.7777523111009446,5.398273359309357,27,1.1724434675505662,0.16131570039503718,24.351811742328024,1,16,4,1,3,23.0,2026
2026-04-21 19:45:00,2026-04-22 03:00:00,short,4710.97,4743.995714285715,stop,-21.842633079688955,10778.47373634858,-1.0112033912968248,0.5232286529976262,3.695907950514771,1.7956239530446254,0.813605442176833,0.8902154165585653,4.106497101825365,4,1.7033650483848992,0.10348424650740151,21.657832013177302,0,20,1,0,4,92.0,2026
2026-04-22 11:00:00,2026-04-23 03:00:00,short,4757.97,4718.755714285714,target,64.06065122733384,10842.534387575914,2.9716939890710186,0.1300546448086571,2.0640437158470593,0.7044482087014572,0.951327433628267,0.691584699453605,-0.08568306010934915,7,0.5705850783770813,0.35651158031387853,21.083884841024847,1,11,2,0,5,8.0,2026
2026-04-23 12:00:00,2026-04-23 14:45:00,short,4696.96,4714.655714285715,stop,-22.138482258058765,10820.395905317855,-1.0209090175183806,0.5165092435617662,2.646968596108834,0.9557169806225605,0.7441601779755019,1.0160652296762498,1.2082021474125657,14,1.256930778749055,0.3703139348395168,20.55093389545471,1,12,3,0,0,9.0,2026
2026-04-23 20:30:00,2026-04-23 20:45:00,short,4677.33,4703.358571428571,stop,-21.94841887314673,10798.447486444707,-1.0142151481887935,2.088474204171275,2.806915477497253,1.3744414799196714,0.9009318293281023,3.133479692645444,4.4005488474204775,16,0.5535151024570656,0.32368852793731584,20.55093389545471,1,20,3,0,1,5.75,2026
2026-04-24 05:15:00,2026-04-24 14:00:00,short,4683.69,4703.025714285714,stop,-22.010163964243276,10776.437322480464,-1.0191355744366326,0.672330993719988,2.1607683782785796,1.0135378630525718,0.886509635974353,1.449131880310241,0.925748060583751,18,1.0015016596341197,0.4016757790638481,20.44277270149474,1,5,4,0,2,8.5,2026
2026-04-27 01:00:00,2026-04-27 04:00:00,short,4685.28,4700.165714285714,stop,-22.08859388997445,10754.34872859049,-1.0248560460652414,2.654894433781201,2.828214971209218,0.7773456945638844,0.7937819756001648,3.414011516314736,5.724952015355125,23,0.5872619982834449,0.3645891894875186,20.392397496527057,1,1,0,0,3,59.0,2026
2026-04-27 12:00:00,2026-04-27 18:00:00,short,4705.12,4670.34142857143,target,63.839616383691336,10818.188344974182,2.968083795440508,0.03795440542210287,2.2324091189155797,0.635457490402946,0.5415224913495237,0.9971657424522319,2.297966728280973,26,0.5484866122577635,0.22110440870201087,20.392397496527057,1,12,0,0,4,8.0,2026
2026-04-28 04:45:00,2026-04-28 08:30:00,short,4670.61,4636.427142857143,target,64.2065446181522,10882.394889592333,2.9675275827482106,2.3187061183550655,3.0752256770311615,0.6464124722379733,0.9170705438879961,3.2595285857573715,2.2239217652958945,30,0.6681735435714081,0.274917618590087,20.34562052048564,1,5,1,0,0,10.75,2026
2026-04-28 11:00:00,2026-04-29 16:15:00,short,4620.28,4539.597142857143,target,64.6152526347335,10947.010142227067,2.9687974609582493,0.02379687665998446,2.8236481461807754,1.5071435409587317,0.7041954328199824,1.400297460958249,3.6781047487517426,31,1.0883013497579914,0.3353821484070707,20.34562052048564,1,11,1,0,0,2.5,2026
2026-04-29 16:30:00,2026-04-29 17:15:00,short,4514.76,4535.82,stop,-22.27867306248084,10924.731469164586,-1.017568850902172,1.873694207027521,3.5783475783476484,1.188798864853783,0.9518860662047721,2.467236467236455,4.190883190883251,39,2.6410020001722794,0.8523710174020427,21.135071954371146,1,16,2,0,0,0.25,2026
2026-04-29 21:00:00,2026-04-29 22:15:00,short,4525.56,4549.452857142857,stop,-22.187819344967455,10902.54364981962,-1.0154857997010407,1.2229596412555845,2.0750971599402175,1.313244251489215,0.9891852919971095,2.322032884902834,0.05357249626303079,40,2.45984136046682,0.863050370942342,21.135071954371146,1,21,2,0,1,3.75,2026
2026-04-30 06:45:00,2026-04-30 09:30:00,short,4556.14,4572.05,stop,-22.312182353119045,10880.231467466501,-1.0232558139534802,0.18478944060331196,3.123821495914568,0.8645061129439184,0.9328743545610498,0.7303582652420372,0.700188560653641,42,1.6367895811443989,0.8653749451696391,22.15372208423105,1,7,3,0,2,8.5,2026
2026-05-01 12:45:00,2026-05-01 14:45:00,short,4562.67,4578.515714285714,stop,-22.268573275732468,10857.962894190769,-1.0233501622791201,0.21204471691312884,4.2636134150739275,0.9111622925687681,0.7675521821632043,1.330328164442847,5.331410025243431,5,1.2961390370495185,0.19609098203176023,22.627160015363668,1,13,4,0,3,27.25,2026
2026-05-04 13:00:00,2026-05-04 13:30:00,short,4541.88,4561.074285714286,stop,-22.134534360813124,10835.828359829955,-1.0192765704078595,3.1509377791008863,1.945370646025602,1.0793783091031937,0.8823989569752235,3.995980946710351,5.79860077403983,4,0.9479312776588068,0.15702385466086488,22.89183745205477,1,13,0,0,4,70.25,2026
2026-05-04 18:00:00,2026-05-05 16:00:00,short,4548.54,4575.137142857143,stop,-21.97313695869686,10813.855222871258,-1.0139112686647282,0.36394886668815984,2.247609839939853,1.4537695826356705,0.9843049327354404,1.341497475561287,1.2655494682565123,5,1.058542738039671,0.17829648348660632,22.89183745205477,1,18,0,0,5,4.5,2026
2026-05-05 19:15:00,2026-05-06 02:00:00,short,4559.69,4579.784285714285,stop,-22.02594569424553,10791.829277177012,-1.0184131949381356,0.2657471918100459,2.4176027299872023,1.0620240759936883,0.6522167487685167,1.010237452011999,1.4143324328167264,11,0.5814558632331054,0.5598822713826501,23.576089500992737,1,19,1,0,6,3.25,2026
2026-05-06 03:45:00,2026-05-06 11:45:00,long,4618.74,4684.071428571429,target,64.3842630177215,10856.213540194734,2.983009708737882,0.7282865389660871,5.925478876935173,1.2039754726723382,0.8985365853658572,0.9413539753345491,5.846496982419245,1,0.6398597153521969,-0.22828318387964064,24.21146640357799,0,4,2,1,7,1.75,2026
2026-05-06 13:30:00,2026-05-06 14:45:00,long,4714.1,4691.632857142858,stop,-22.069998048394737,10834.14354214634,-1.0164684936732946,0.4958351878934853,3.2856870350352674,1.2173719527239857,0.8303186907838587,1.0335092516054871,4.445603102944014,3,2.1328337667534494,0.15088951682580287,24.21146640357799,0,13,2,1,0,1.75,2026
2026-05-06 22:00:00,2026-05-07 09:30:00,long,4695.3,4733.022857142857,target,64.36726907441475,10898.510811220754,2.970574869347865,0.5121563281072916,2.0899795501023126,0.66494592246578,0.947046843177236,1.5619177459667877,-0.20518064076345816,5,1.5545000902558153,0.45951873867546844,24.21146640357799,0,22,2,1,1,7.25,2026
2026-05-07 14:45:00,2026-05-07 19:00:00,long,4742.78,4725.325714285714,stop,-22.259079946243627,10876.251731274511,-1.0211982321165565,0.33115076117197134,1.6053363889343686,0.9468946005288482,0.9066390041493242,1.1045997708299498,-0.04010476346378331,9,2.0930558729658526,0.6964138334410119,23.086100069223775,0,15,3,1,0,5.25,2026
2026-05-08 04:00:00,2026-05-11 01:00:00,long,4714.08,4692.005714285714,stop,-24.228890556518902,10852.022840717993,-1.113843774268715,0.4194926223142747,2.51333160755888,1.1745064378090129,0.7246984792868337,1.727802226249008,0.2274139269997616,13,1.0802319562190763,0.6570609339100919,21.604002815354608,0,4,4,1,1,9.0,2026
2026-05-11 15:45:00,2026-05-12 02:30:00,long,4699.91,4756.374285714285,target,64.68546927721134,10916.708309995205,2.9803415559772084,0.1551423149905162,4.052827324478116,0.978008722278928,0.9149223497636607,1.5737381404174997,3.4386337760910464,1,0.596463277540686,0.1964361151948424,20.294907577132328,0,16,0,1,2,14.75,2026
2026-05-12 02:45:00,2026-05-12 03:15:00,long,4767.42,4753.192857142857,stop,-22.401230145905014,10894.3070798493,-1.0260066271714303,1.1414800682799515,3.812430966964603,0.7626501307107464,0.8430273300630795,2.0060247012751957,5.985741540315383,3,1.1972555972874768,0.20614632945437084,19.38043046447803,1,3,1,1,0,0.25,2026
2026-05-15 03:15:00,2026-05-15 08:30:00,short,4630.03,4574.637142857143,target,64.92922730947367,10959.236307158775,2.9799613152804496,1.351798839458465,2.471798839458382,1.0142070728355659,0.974552957359017,3.1498646034816167,3.6091295938105117,2,0.8537864993676086,0.026700011374958255,16.487701736521664,1,3,4,0,1,72.0,2026
2026-05-15 08:45:00,2026-05-15 10:00:00,short,4559.0,4583.055714285714,stop,-22.255599783811356,10936.980707374963,-1.0153809608646538,0.3890967397114077,4.817150662153292,1.3194769577354457,0.8819530284301718,1.3452105231902347,4.547775996199275,4,1.6250050226917876,0.25270089255039485,16.487701736521664,1,9,4,0,0,0.25,2026
2026-05-15 12:00:00,2026-05-18 15:45:00,short,4547.28,4573.254285714286,stop,-23.37087207408531,10913.609835300878,-1.0684334506655018,0.2155978440215698,2.979870201297918,1.4119442286430461,0.9146814404432162,1.389836101638972,3.456495435045611,5,2.598353153566588,0.42763609573807093,16.487701736521664,1,12,4,0,1,2.0,2026
2026-05-19 03:45:00,2026-05-19 16:00:00,short,4563.32,4516.074285714285,target,64.96884606780274,10978.578681368681,2.976505805515248,0.6121190130624841,2.7088171262699303,0.7918927489596512,0.8203753351206988,1.421081277213293,-0.5981494920174174,15,1.0925031032483752,0.5882555287819335,18.002507064565567,1,4,1,0,2,12.0,2026
2026-05-19 16:15:00,2026-05-20 17:30:00,short,4491.94,4517.854285714286,stop,-22.668185555728517,10955.910495812952,-1.0323825248070506,1.771995589856641,2.5484013230429863,1.2798099804365877,0.9777015437392872,2.6996692392502633,3.754685777287736,18,1.3835176234432418,0.5382080025037705,18.002507064565567,1,16,1,0,0,0.25,2026
2026-05-22 13:30:00,2026-05-22 15:00:00,short,4512.52,4529.214285714286,stop,-22.397458646668607,10933.513037166284,-1.0221632722916227,0.27674139996570646,2.6332363511894803,0.8004686410764558,0.9855951478392341,1.5801814136574084,1.685606708882367,35,0.5260236654665116,0.23249139980986433,20.460175522007642,1,13,4,0,1,44.0,2026
2026-05-22 22:00:00,2026-05-25 01:00:00,short,4507.33,4521.648571428571,stop,-23.865095856419643,10909.647941309864,-1.0913736406265322,0.6313478998304539,2.241843759353395,0.7061359785545411,0.9615819209039399,1.236156839269736,0.5279856330439655,37,0.6142973624529173,0.1780635913880002,20.460175522007642,1,22,4,0,2,7.0,2026
2026-05-25 23:00:00,2026-05-26 01:00:00,long,4574.82,4569.125714285714,stop,-23.237057456529072,10886.410883853336,-1.0649774209734544,1.1520321123933233,2.883592574009134,0.31956706919876726,1.0,1.8544907175112577,1.478675363773265,5,0.5630477520576574,0.11410661387374343,21.00112721570613,0,23,0,1,3,22.0,2026
2026-05-26 18:15:00,2026-05-27 01:00:00,short,4506.17,4526.722857142857,stop,-22.164784014028356,10864.246099839307,-1.0180023632445767,0.17223882671851948,2.290679085285325,1.2012313309970022,0.7925531914893609,0.5488288037812236,1.715576562174197,3,0.535361790295515,0.031939534046010465,20.922138684420297,1,18,1,0,4,17.25,2026
2026-05-27 05:00:00,2026-05-27 13:45:00,short,4504.2,4454.811428571428,target,64.69713231929627,10928.943232158603,2.9775251648732994,0.31829225963205704,2.587643179451586,0.9996512121732438,0.7085492227979371,0.9378687955571235,0.06924678930934233,6,0.5108679827750918,0.24637623293201072,21.382747546827755,1,5,2,0,5,4.0,2026
2026-05-27 14:15:00,2026-05-27 15:15:00,short,4440.92,4460.150000000001,stop,-22.278449022393282,10906.66478313621,-1.0192407696307983,0.188247529901141,5.820072802912056,1.1898512170356021,0.9143780290791284,1.2875715028601113,4.7082683307331274,8,0.8009354369674017,0.27285336321946074,21.382747546827755,1,14,2,0,0,0.5,2026
2026-05-27 16:00:00,2026-05-27 17:00:00,short,4416.7,4447.542857142857,stop,-22.075008693538216,10884.589774442671,-1.011996294580833,0.5433997220935652,3.3829550717924786,1.898586338026866,0.8012221423436447,1.803983325613679,4.867253358036121,9,2.0017801326221645,0.3710709553213509,21.382747546827755,1,16,2,0,1,0.75,2026
2026-05-28 02:45:00,2026-05-28 04:45:00,short,4447.1,4411.507142857144,target,64.62864430551727,10949.218418748189,2.968813967489486,0.35400361228167293,3.054545454545496,0.7345091424867258,0.5150645624102688,1.174954846477938,1.228898254063835,11,1.4058815795467998,0.4690431724487576,22.53483245109179,1,3,3,0,2,9.75,2026
2026-05-28 05:00:00,2026-05-28 15:45:00,short,4402.59,4423.488571428571,stop,-22.2861390140573,10926.932279734132,-1.0177045594367296,0.4239524232688854,4.944835600519529,1.2913120667149716,0.6263803680981548,1.559915236858342,5.296055779615945,12,1.2881491861101366,0.5214051378190754,22.53483245109179,1,5,3,0,0,0.25,2026
2026-05-29 17:00:00,2026-06-01 01:00:00,long,4543.97,4523.244285714286,stop,-24.503674257611664,10902.42860547652,-1.1212513096222771,0.313620071684588,2.70002757099536,1.2398487720069746,0.5014261266400508,1.6916184174248454,1.4918665563826896,6,0.5325770713842202,0.12043133424213259,23.876786628188732,0,17,4,1,1,25.25,2026
2026-06-03 07:45:00,2026-06-03 16:30:00,short,4469.44,4429.775714285714,target,64.80436547212082,10967.23297094864,2.97201512695842,0.21934089681264338,2.6094003241491035,0.7472814659258932,0.805996472663238,0.8576985413290206,2.535278227984901,4,0.6960049296911223,0.0689754012408672,24.442780559853148,1,8,2,0,2,54.75,2026
2026-06-03 23:30:00,2026-06-04 01:45:00,short,4433.22,4443.892857142857,stop,-22.694876419604086,10944.538094529036,-1.0346673805380568,0.34479989291932345,3.2231294338107777,0.6099654150861399,0.840314136125628,1.4316691205997476,1.0868692276804242,7,1.1096106498469003,0.3039538196520919,24.442780559853148,1,23,2,0,0,7.0,2026
2026-06-05 04:30:00,2026-06-05 10:15:00,short,4446.03,4465.067142857142,stop,-22.31450548014063,10922.223589048896,-1.0194356896292966,0.3487918355096018,2.590724898694315,1.1400281135928716,0.9500000000000443,1.5128320576316878,3.0340687378058617,3,0.510027782610934,0.05874343387684,25.291465703390173,1,4,4,0,1,26.75,2026
2026-06-05 15:45:00,2026-06-05 18:30:00,short,4406.12,4341.92,target,65.15565716719557,10987.37924621609,2.9827102803738383,3.138317757009354,3.381308411214997,1.2590468162508506,0.9706347413598335,4.137383177570155,5.298130841121568,6,1.543186764932492,0.23507173555022964,25.291465703390173,1,16,4,0,2,5.5,2026
2026-06-05 18:45:00,2026-06-10 02:45:00,short,4335.47,4212.221428571427,target,64.72255159918119,11052.101797815272,2.945313443215805,0.00097364211695311,4.163780513248468,2.3576290011541023,0.817490494296521,0.3841018151471007,6.560887405243653,6,1.543186764932492,0.23507173555022964,25.291465703390173,1,19,4,0,0,0.25,2026
2026-06-10 03:30:00,2026-06-10 15:00:00,short,4204.35,4142.524285714286,target,65.91575866355387,11118.017556478826,2.9820463052821222,0.5890752807430699,4.641757937058046,1.0800027887220303,0.7325408618127583,1.9593788992097942,4.524331068903323,20,2.726659828364618,0.8283799055595176,29.288953659172993,1,3,2,0,0,0.75,2026
2026-06-10 17:45:00,2026-06-11 20:30:00,short,4124.82,4164.23,stop,-22.709514270169983,11095.308042208657,-1.0212933265668582,0.2907891398122545,2.831768586653144,1.9327859391288387,0.7956225968648396,1.7158081705151187,2.529307282415639,24,4.405013396138253,1.4642869693556326,29.288953659172993,1,18,2,0,0,2.75,2026
2026-06-12 03:30:00,2026-06-12 18:15:00,short,4203.91,4231.972857142857,stop,-22.483192421510577,11072.824849787146,-1.0131846874363581,0.10333944206881186,2.9419670128283837,1.2034070190064174,0.9529865125240763,1.8494196701283305,0.4482793728364858,32,0.5750774145834825,1.484810334211828,33.75522709711781,1,3,4,0,1,7.0,2026
2026-06-15 04:30:00,2026-06-17 20:30:00,long,4317.8,4380.902857142857,target,63.79115159630416,11136.61600138345,2.880527438196154,0.917549578918831,2.5786471067644756,0.8610230496466788,0.8993471164309285,1.7476229285519613,9.916191252377144,1,1.4257808231841902,-0.07997058190951645,35.388921942787995,0,4,0,1,2,58.25,2026
2026-06-18 11:45:00,2026-06-18 22:00:00,short,4266.7,4206.442857142857,target,66.40939962930207,11203.025401012752,2.9815789473684076,1.4378378378378847,2.817923186344159,0.986016962215105,0.9318040917545252,1.6061166429586642,4.9119487908961394,1,0.7075010067197557,-0.08849503433292494,35.192492340748444,1,12,3,0,0,15.25,2026
2026-06-19 02:00:00,2026-06-19 06:45:00,short,4195.76,4149.530000000001,target,66.68017454775345,11269.705575560505,2.9759896171317064,0.7475665152498668,2.345230369889647,0.7784194916375407,0.8856534090908672,1.8273848150551515,4.231018818948668,4,1.785959288998356,0.31145726021539755,35.605871503385764,1,2,4,0,0,4.0,2026
2026-06-19 07:00:00,2026-06-19 10:45:00,short,4145.4,4161.924285714285,stop,-23.044097542418697,11246.661478018086,-1.0223912855537305,0.008472378317702582,5.494942508861369,0.8753050946270252,0.813502109704644,1.4342526151984525,4.858303795279712,5,2.0849911507409646,0.4687337486674048,35.605871503385764,1,7,4,0,0,0.25,2026
2026-06-19 13:30:00,2026-06-19 15:45:00,short,4151.26,4167.12,stop,-23.018072608856322,11223.64340540923,-1.0233291298864906,0.18789407313994805,3.253467843631815,0.8556098903401388,0.7984031936127397,0.6317780580075965,-1.9205548549811524,7,2.215739084117415,0.8240981842735695,35.605871503385764,1,13,4,0,1,2.75,2026
2026-06-22 06:45:00,2026-06-22 08:30:00,short,4171.5,4194.217142857143,stop,-22.81289159537399,11200.830513813855,-1.0162872594642187,0.1989686831845249,3.627216702301592,1.2648806120774916,0.9043478260869044,0.7087158847943836,-2.748585083637309,11,0.9532044431690037,0.860161203212606,36.443078997451344,1,7,0,0,2,63.0,2026
2026-06-22 15:45:00,2026-06-22 17:00:00,short,4193.37,4207.151428571428,stop,-23.00309465529946,11177.827419158555,-1.0268477246812193,1.092774955944793,2.0650979579144018,0.7946112993103674,0.9108832807570912,1.8401575619363562,0.580491344459405,14,0.9171474902319217,0.5716677079795396,36.443078997451344,1,16,0,0,3,7.25,2026
2026-06-22 18:30:00,2026-06-23 09:00:00,short,4180.94,4113.1957142857145,target,66.7006638504909,11244.528083009047,2.9836148541785232,0.17979376225728716,2.4595432403365365,1.2955528633740558,0.9390609390609731,0.8865692414753218,2.2744353767318706,14,0.9171474902319217,0.5716677079795396,36.443078997451344,1,18,0,0,4,1.5,2026
2026-06-23 10:30:00,2026-06-23 13:00:00,short,4104.94,4130.774285714286,stop,-22.811145612324488,11221.716937396723,-1.0143220526432355,0.3948241539482694,2.1227604512276086,1.4642309823564998,0.9250960307298866,1.209245742092448,2.6259677062596807,18,2.415989884069649,0.45779832356449557,37.109201501677354,1,10,1,0,0,1.5,2026
2026-06-23 21:00:00,2026-06-24 04:00:00,short,4124.31,4075.5171428571425,target,66.81973075274497,11288.536668149467,2.9772507685551277,0.28774703557302533,2.1162933684672622,0.888303131005215,0.9519774011299225,0.8706192358366084,1.639174352217803,21,1.5807869539481518,0.6974138689508913,37.109201501677354,1,21,1,0,1,8.0,2026
2026-06-24 05:30:00,2026-06-24 08:30:00,short,4057.29,4085.7114285714288,stop,-22.870989495841762,11265.665678653626,-1.0130183463181772,0.7909525006283141,3.059663231967828,1.5417587926312137,0.7930052867019066,1.7303845187233051,3.303141492837364,23,2.2039029103838192,0.872147288112135,37.98315568511784,1,5,2,0,0,1.5,2026
2026-06-24 12:15:00,2026-06-24 15:15:00,short,4069.36,4011.9057142857146,target,67.15869533840359,11332.824373992029,2.9806802924063787,0.06056989407727126,2.574220498284361,1.004769739487311,0.910112359550557,1.115321497836773,0.4292108011337866,25,2.3737529352441022,0.8872150006115853,37.98315568511784,1,12,2,0,1,3.75,2026
2026-06-24 15:45:00,2026-06-24 16:30:00,short,3987.82,4014.8485714285716,stop,-22.975923749343934,11309.848450242685,-1.0136892177589873,1.3652219873149984,4.48562367864693,1.4041615231045892,0.9959959959959845,2.2176532769556236,6.545665961945041,26,4.345007700313812,1.0237570004718588,37.98315568511784,1,16,2,0,0,0.5,2026
2026-06-24 20:15:00,2026-06-25 15:45:00,short,3990.56,4019.1842857142856,stop,-22.912081064642862,11286.936369178042,-1.0129260867395273,0.34655886609772113,1.8774267604930768,1.4142957725353322,0.9675174013921142,1.2045715426460872,-1.0550481609023226,27,3.6052063184844156,1.1547443359284593,37.98315568511784,1,20,2,0,1,3.75,2026
2026-06-26 02:45:00,2026-06-26 09:45:00,short,4014.51,4030.6357142857146,stop,-23.091823928933078,11263.844545249109,-1.0229447200566928,0.6647767540750774,2.067505315379154,0.7910178918628099,0.8336177474402534,1.4535790219702525,2.5152374202692585,34,1.7681993461513092,1.0531729258450806,40.735415476129404,1,3,4,0,2,11.0,2026
2026-06-26 15:30:00,2026-06-26 15:45:00,short,4040.32,4058.4628571428575,stop,-22.987112041241605,11240.857433207868,-1.0203937007874084,0.1896062992125757,1.505826771653522,0.8876781362952914,0.670141474311229,1.4804724409449088,-0.5070866141732667,37,1.310319454737686,0.7405262290597459,40.735415476129404,1,15,4,0,3,5.75,2026
2026-06-29 07:45:00,2026-06-30 03:30:00,short,4052.25,3999.5699999999993,target,66.97144103998919,11307.828874247856,2.978929384965839,0.07175398633258563,2.5888382687926828,0.8452799914041741,0.6825396825396958,0.9328018223234578,1.971526195899743,2,0.685030284857817,0.18207886923954364,41.152833123405564,1,8,0,0,4,64.0,2026
2026-06-30 03:45:00,2026-06-30 09:15:00,short,3987.15,4002.7628571428572,stop,-23.15161303780464,11284.677261210052,-1.0236984170555277,0.4893402873089512,4.022325921859236,0.757903277584366,0.4869072894550641,1.810046664836665,3.6803001189495412,7,1.913086381489639,0.4531182223599717,41.54043522444771,1,4,1,0,0,0.25,2026
2026-06-30 15:15:00,2026-06-30 16:15:00,short,4016.86,4030.285714285714,stop,-23.191344607683547,11261.485916602369,-1.0275590551181057,0.20855501170463353,2.840817195147887,0.6357989551340697,0.8577648766327959,2.052777186635436,1.3556075760800164,9,0.9968895940743587,0.5453402797990003,41.54043522444771,1,15,1,0,1,6.0,2026
2026-06-30 22:45:00,2026-07-01 04:00:00,short,4016.12,3987.512857142857,target,66.69499045020568,11328.180907052574,2.961198501872646,0.9815730337079128,2.722397003745285,0.4554801555513119,0.8286802030456992,1.652734082397004,2.7790262172284264,11,0.6166956598826313,0.5242775497914187,41.54043522444771,1,23,1,0,2,6.5,2026
2026-07-01 08:00:00,2026-07-01 12:45:00,short,3971.91,3985.63,stop,-23.26735699422347,11304.91355005835,-1.0269679300291688,0.056851311953400256,2.120991253644266,0.6610621201246744,0.7158774373259218,1.0466472303207377,1.8134110787172013,14,1.6060015816746809,0.4422398854004972,42.21952844113901,1,8,2,0,0,4.0,2026
2026-07-02 15:30:00,2026-07-02 19:30:00,long,4132.53,4108.208571428571,stop,-22.95378864014179,11281.95976141821,-1.0152129221732666,4.8516886930983345,1.3247577092511083,1.288903287145007,0.8079422382671375,3.416740088105733,4.703671071952983,3,0.8382090400822958,0.14288440716327955,42.02045499728545,0,15,3,1,1,26.75,2026
2026-07-03 02:15:00,2026-07-03 04:00:00,long,4129.79,4166.535714285715,target,67.01015661418006,11348.96991803239,2.969792395614629,0.4359692092372326,3.09587123862836,0.6462888158108717,0.9248747913188924,0.9780732446932049,3.657569395847785,6,1.6103450374359556,0.4657648841225104,41.40862972636963,0,2,4,1,2,6.75,2026
2026-07-03 04:15:00,2026-07-03 09:00:00,long,4187.57,4166.621428571428,stop,-23.098837709601806,11325.871080322788,-1.0176623022367888,0.7895526459355728,5.555510092744138,1.1141597786724426,0.6686449060335983,1.930441898527013,7.07828696126557,7,2.05840114711649,0.588175154000603,41.40862972636963,0,4,4,1,0,0.25,2026
2026-07-03 11:00:00,2026-07-03 12:30:00,long,4183.98,4169.954285714285,stop,-23.249297795154778,11302.621782527633,-1.0263801181503547,0.29944998981455023,3.052963943776735,0.7459273576183663,0.7813238770685158,1.2063556732532212,0.8940721124464649,8,2.6177863098653673,0.7386782154992222,41.40862972636963,0,11,4,1,1,2.0,2026
2026-07-03 19:45:00,2026-07-06 06:15:00,long,4174.91,4163.681428571428,stop,-27.66442937023371,11274.957353157399,-1.223805852417325,0.09262086513986444,2.335114503816887,0.6117717414252583,0.7786032689450404,1.1987277353688734,-0.34732824427477516,11,2.0569607320865737,0.9279885680805622,41.40862972636963,0,20,4,1,2,7.25,2026
2026-07-06 10:30:00,2026-07-06 11:30:00,long,4163.53,4148.879999999999,stop,-23.119434736440745,11251.837918420959,-1.025255972696272,0.34812286689421906,2.2088737201364106,0.8026733601771757,0.9419847328244124,1.7883959044368907,0.09419795221837439,13,1.4563113437141508,0.9150883857365955,40.10375519209419,0,10,0,1,3,4.25,2026
2026-07-06 18:15:00,2026-07-07 04:15:00,long,4150.65,4129.0428571428565,stop,-22.889028037949096,11228.94889038301,-1.0171239669421606,0.016661157024736143,2.0317355371900656,1.2098346559303563,0.973962571196044,1.1375867768595007,-0.40357024793393814,15,0.8417872320327061,0.6904507286782824,40.10375519209419,0,18,0,1,4,6.75,2026
2026-07-08 11:45:00,2026-07-08 15:45:00,short,4056.69,4081.224285714286,stop,-22.79658390660842,11206.1523064764,-1.0150809362990538,0.32688948410385477,5.9451496448118775,1.4266640060822093,0.8135521885521936,1.9368813322463767,5.574240130429625,1,1.4516482492600462,-0.0031604284019826068,37.89337457055897,1,12,2,0,5,31.5,2026
2026-07-08 18:00:00,2026-07-08 19:45:00,short,4033.68,4061.0342857142855,stop,-22.715458304970387,11183.43684817143,-1.0135262168372627,0.006580321704627293,3.851681637768936,1.5417025280221814,1.0,0.7406517651974157,1.2495299770211064,2,0.9988404267310192,0.15401676076087778,37.89337457055897,1,18,2,0,6,2.25,2026
2026-07-09 06:00:00,2026-07-09 08:45:00,short,4058.96,4078.3900000000003,stop,-22.79279975232079,11160.64404841911,-1.0190427174472565,0.3437982501286803,2.082346886258355,1.1126153946835657,0.7006578947368489,1.2516726711271018,1.8528049408131664,5,0.7649790170280595,0.34157119472796316,37.640970112850276,1,6,3,0,7,10.25,2026
2026-07-13 06:00:00,2026-07-13 19:45:00,short,4058.08,3988.72,target,66.60664644467413,11227.250694863784,2.9839965397923818,0.26816608996538904,2.478373702422144,1.403006116587392,0.691839220462855,1.4204152249134958,1.0458477508650605,1,0.7683350511894792,0.04906951201831822,37.06361583244571,1,6,0,0,8,93.25,2026
2026-07-14 02:30:00,2026-07-14 03:30:00,short,3995.45,4005.31,stop,-23.29711452504234,11203.95358033874,-1.037525354969594,0.2555780933063341,3.5862068965517158,0.5943403334660833,0.5092348284961239,0.768762677484785,0.9472616632860253,6,2.1132153507831,0.5284624839259955,37.482232502135474,1,2,1,0,0,6.75,2026
2026-07-14 11:00:00,2026-07-14 14:30:00,short,4017.3,4029.3328571428574,stop,-23.096931018521186,11180.85664932022,-1.0307491392615566,0.47702718746288353,2.308678618069562,0.7152904876859931,0.6433915211969907,1.3330167398789068,-0.27424907990028957,8,1.4019922084363199,0.6263850425961115,37.482232502135474,1,11,1,0,1,7.5,2026
2026-07-15 08:00:00,2026-07-15 14:30:00,short,4026.07,4039.378571428572,stop,-22.983405413748837,11157.873243906472,-1.0278016316015552,0.29454701588664967,2.0828681837697918,0.7917262230097613,0.9141274238226872,1.6275225418634365,4.45276942893937,4,0.8582285216705183,0.2180810982379322,37.89227144476752,1,8,2,0,2,17.5,2026
2026-07-16 14:00:00,2026-07-16 14:45:00,short,4028.04,4037.464285714286,stop,-23.191868716150598,11134.681375190321,-1.0392602698196145,0.12733060482035222,1.9311808397756156,0.6060965670682542,0.5909090909091351,0.7936941033802696,-0.3650144004850226,5,0.5765328440860059,0.16730322924941587,38.27302189149728,1,14,3,0,3,23.5,2026
2026-07-16 15:30:00,2026-07-17 19:15:00,short,4002.75,4021.6271428571426,stop,-23.259331480323418,11111.422043709998,-1.0444542909035803,1.067958226123805,3.232480702285492,1.2192150468888885,0.9209445585215619,3.095807476918412,3.2716815498713743,5,0.5765328440860059,0.16730322924941587,38.27302189149728,1,15,3,0,4,0.75,2026
2026-07-21 08:15:00,2026-07-22 03:15:00,long,4054.46,4097.158571428571,target,66.09082307640786,11177.512866786405,2.9740038141122023,0.3751881963264192,2.917193616380585,0.9123544565286416,0.7607142857143036,1.1803673592291009,3.6984843922513657,2,0.6055030098719553,-0.04961493025020802,40.038289775838265,0,8,1,1,5,85.0,2026
2026-07-22 04:00:00,2026-07-22 18:45:00,long,4121.28,4165.135714285714,target,66.49926544805611,11244.01213223446,2.9746897293071513,2.5953288380728137,3.4928173556142195,0.9957872286938775,0.9927565392354009,3.3997850092837423,5.0456366656893925,7,1.4280910555399309,0.38565198795104116,39.36676292329306,0,4,2,1,0,0.75,2026
2026-07-24 03:00:00,2026-07-24 03:30:00,short,4041.6,4048.1257142857144,stop,-23.763067671758645,11220.249064562702,-1.05669877408058,1.5477232924693978,1.2412434325743393,0.4548171865737027,0.9466073414905445,2.7552539404553964,0.5118213660245374,3,0.5021440477101777,-0.13999489671379095,35.978374210869696,1,3,4,0,0,32.25,2026
2026-07-27 09:30:00,2026-07-27 11:00:00,long,4098.61,4088.1642857142856,stop,-23.23536807106215,11197.01369649164,-1.0354212253829203,0.40973741794299895,2.30908096280097,0.7466977109916263,0.8712273641850397,0.951586433260363,0.3963347921224856,2,0.5451074148941045,0.052667145908813495,34.87488572229249,0,9,0,1,1,78.0,2026
2026-07-28 12:00:00,2026-07-29 16:45:00,short,4040.9,4008.1828571428573,target,65.45891251990375,11262.472609011544,2.923052266177632,0.143044275609071,2.4757663086193444,0.8014333556128663,0.956521739130431,0.9701336127849068,0.25858003667799373,3,0.5425205200913492,0.05490813596689126,33.280974051168165,1,12,1,0,2,25.0,2026
2026-07-29 17:00:00,2026-07-29 19:15:00,short,3999.37,4016.005714285714,stop,-23.025929401060274,11239.446679610483,-1.0222413052812367,0.3750966079862506,4.045513095749297,1.2354618394005616,0.7312252964426824,1.5208243881494456,3.9144697294976685,10,0.7588602662940918,0.2918106445304991,32.43142040556631,1,17,2,0,0,0.25,2026
2026-07-30 22:15:00,2026-07-31 01:00:00,long,4112.82,4098.832857142857,stop,-23.07352448781173,11216.37315512267,-1.026452864875879,0.23164130323765414,1.8273925033193583,0.9083610080169203,0.8262322472848754,1.711571851700466,2.396486569298262,3,1.2725666232389892,0.1703758071714745,31.08763126810541,0,22,3,1,1,27.0,2026
2026-07-31 15:45:00,2026-07-31 20:15:00,short,4040.79,4053.095714285714,stop,-23.107239146831308,11193.265915975839,-1.0300673322498153,0.289296494079437,3.0116090085906135,0.8046476951558537,0.9543918918918955,0.9621546319944358,3.281402368237749,2,0.5433442026082765,-0.1966656251500165,29.77572630477192,1,16,4,0,2,14.75,2026
2026-08-03 20:45:00,2026-08-03 21:30:00,short,4030.58,4040.652857142857,stop,-23.208842389954157,11170.057073585884,-1.0367323783860445,0.027797475535359686,2.0292157140831533,0.6504116287252867,0.943273905996774,1.2250744575237662,0.3812225216281511,3,0.5202292165386933,0.08748961298901126,28.658794430833154,1,21,0,0,3,72.5,2026
2026-08-04 19:45:00,2026-08-04 21:45:00,long,4093.34,4076.1842857142856,stop,-22.821926917936985,11147.235146667947,-1.021567157964867,0.1632109251394879,2.0494629028228566,1.095102594625947,0.9392712550607847,0.5759014072778763,2.617203763843793,2,0.8003509555787913,0.06499780649631415,27.646139875883488,0,20,1,1,4,22.25,2026
2026-08-05 08:30:00,2026-08-05 15:15:00,long,4156.96,4212.198571428571,target,66.43541120540306,11213.670557873349,2.9799053456435547,1.6140895337108823,1.6542788424238253,1.1677785005022794,0.8740554156171307,2.156102102568123,6.940802234463513,5,1.6400919714922437,0.24835865256576106,26.272948087784798,0,8,2,1,5,10.75,2026
2026-08-05 17:00:00,2026-08-07 11:30:00,long,4229.52,4313.31,target,66.12451398484258,11279.795071858192,2.9483884711779407,1.1478696741855092,2.8191908342284173,1.7296326543250542,0.8292449824785085,2.2477622627998777,5.615467239527389,7,2.464266522662591,0.5536348298261773,26.272948087784798,0,17,2,1,0,1.75,2026
2026-08-07 12:30:00,2026-08-10 21:30:00,long,4317.37,4375.972857142857,target,63.539098838308654,11343.3341706965,2.8165005850519163,0.07576422407486441,3.4534152406026575,1.2118132740552545,0.9341133004926279,1.662717566183979,4.700453415240595,18,3.057866490014279,0.9937613509948706,26.17377473003859,1,12,4,1,0,1.0,2026
2026-08-10 22:15:00,2026-08-11 05:00:00,long,4390.63,4434.344285714286,target,67.48394158296148,11410.818112279461,2.9746078431372633,1.0500000000000655,4.304313725490113,0.843258761081341,0.9079457364341236,1.4164705882352415,5.687843137254921,26,2.5902789730890974,1.1506740269574989,26.90094474388542,1,22,0,1,0,0.75,2026
2026-08-11 13:15:00,2026-08-11 21:00:00,long,4378.31,4364.521428571429,stop,-23.434027830667148,11387.384084448795,-1.0268338168255093,0.24077911313728337,2.8835474513053,0.7715340287246966,0.6223628691983387,1.3750518027352467,2.1496062992126785,30,2.0625273306697367,1.1696143608331822,27.764209641829023,1,13,1,1,0,8.25,2026
2026-08-12 01:15:00,2026-08-12 02:00:00,long,4376.61,4364.488571428571,stop,-23.469955553192754,11363.914128895602,-1.0305244549204478,0.16169711255148886,2.372657631113738,0.6756977589722668,0.8707124010552254,0.6253388332351121,-0.7919858573954303,33,1.6257544627936178,1.038071934382856,28.874762719033786,1,1,2,1,1,4.25,2026
2026-08-12 03:15:00,2026-08-12 12:15:00,long,4380.7,4416.49857142857,target,67.47876700505394,11431.392895900655,2.9689931761043606,0.21788578953672694,2.8358673530468614,0.6679672467075837,0.9386590584878348,1.1749072189632996,1.7246498264096912,33,1.6257544627936178,1.038071934382856,28.874762719033786,1,3,2,1,2,1.25,2026
2026-08-12 15:15:00,2026-08-12 15:30:00,long,4425.24,4409.528571428571,stop,-23.401198368640994,11407.991697532014,-1.0235497363157189,0.5524640843790033,1.8572467721403145,0.8847777974244466,1.0,2.6121112929623282,2.3282414984542883,36,1.9688078203421011,0.8448490212081605,28.874762719033786,1,15,2,1,0,3.0,2026
2026-08-13 02:45:00,2026-08-13 03:30:00,long,4414.36,4441.312857142857,target,67.5083191310783,11475.500016663093,2.9588169820321193,0.6900938145967902,2.9028462394657106,0.5076559908879167,0.9801526717557091,1.4581014469709346,0.30720305294961725,39,1.7071960344115993,0.8337058193752078,29.95397267439844,1,3,3,1,1,11.25,2026
2026-08-13 12:45:00,2026-08-13 16:45:00,long,4384.56,4371.688571428572,stop,-23.610745761254204,11451.889270901838,-1.0287458379578245,0.3480577136516043,2.8403995560487836,0.7358137898391429,0.9529042386186377,0.9897891231964274,0.24550499445073945,42,0.6999039281904408,0.6976844071604038,29.95397267439844,1,13,3,1,0,9.25,2026
2026-08-14 16:30:00,2026-08-14 20:45:00,long,4393.9,4376.921428571429,stop,-23.402901692188276,11428.48636920965,-1.0217921750104948,0.8210349179637528,4.519814892721961,0.9990623720480956,0.7666417352280768,1.5749263777872402,4.758939840134639,2,0.5475038613800858,0.019530103498999196,30.57532602682657,1,16,4,1,1,23.75,2026
2026-08-17 03:15:00,2026-08-18 03:30:00,long,4389.91,4433.157142857143,target,66.28531834007082,11494.77168754972,2.9000042612228647,0.4231493409969462,2.7386780299275824,0.8941179250368215,0.9188102893890533,1.7258943613121023,1.7494797344167325,4,0.5205125430419993,0.08163494736523891,30.51399813082298,1,3,0,1,2,54.5,2026
2026-08-18 03:45:00,2026-08-18 04:15:00,long,4434.69,4423.745714285714,stop,-23.766764590887576,11471.004922958833,-1.0338075969194742,0.2174650828872793,4.349301657747082,0.6853673015041667,0.9476923076922853,1.187834486359488,2.726537005612703,11,1.3661958068092113,0.3999358500938577,30.774849586487587,1,4,1,1,0,0.25,2026
2026-08-19 07:30:00,2026-08-19 10:30:00,short,4346.51,4360.128571428572,stop,-23.565316312937366,11447.439606645896,-1.027168782125277,0.527221231511603,1.7505507185565714,0.8668018439884125,0.781382228490811,1.0412252176649555,-0.41120318892270874,3,0.7742805305393442,0.05450614559391331,30.294929958290503,0,7,2,0,1,27.25,2026
2026-08-19 15:45:00,2026-08-19 22:00:00,long,4438.83,4503.342857142857,target,68.29071126531612,11515.730317911211,2.982794127416468,1.6796651830199616,5.456586726898342,1.3681596655872161,0.8864812419146115,2.875705839367597,7.730552049425413,1,1.4657237956518558,-0.08893066132853455,30.294929958290503,1,16,2,1,2,5.25,2026
2026-08-19 22:15:00,2026-08-20 04:45:00,long,4507.44,4489.462857142857,stop,-23.505487042742157,11492.224830868468,-1.0205816910362362,0.17800381436738852,3.7536554354735614,1.1070902809954277,0.956692913385776,0.5651621106166432,2.645581691036186,2,2.4877681591320067,0.10744437237233395,30.294929958290503,1,22,2,1,0,0.25,2026
2026-08-20 17:15:00,2026-08-21 09:30:00,long,4491.62,4563.002857142858,target,68.59594189693131,11560.820772765399,2.9844500480307565,0.07985110470699613,3.362992315081626,1.5063618601163444,0.8144499178981802,1.0237752161383393,-0.1849183477425375,7,1.3693453885987386,0.9091788583682314,30.706250162406697,1,17,3,1,1,12.5,2026
2026-08-21 11:15:00,2026-08-24 03:00:00,long,4579.34,4637.625714285715,target,66.37421850823074,11627.194991273629,2.8706533823529616,1.1663235294117573,2.714558823529401,1.207957643024459,0.8617795187464945,1.8395588235294944,3.350735294117666,11,2.2464764814691005,0.7902380387915686,31.230929140472604,1,11,4,1,0,1.75,2026
2026-08-24 05:00:00,2026-08-25 05:45:00,long,4650.44,4617.3042857142855,stop,-24.2660306375427,11602.928960636087,-1.0435032118991163,0.5746065962491658,2.8036214701444298,1.951898198908614,0.925061425061391,1.4739383487820765,1.9954300495796293,16,2.9464269074374565,1.2205531546976012,32.406505378416746,1,5,0,1,0,2.0,2026
2026-08-25 08:15:00,2026-08-25 11:00:00,long,4646.56,4621.7,stop,-23.5512387511547,11579.377721884932,-1.014883346741769,0.41432019308129575,2.0651649235719933,1.3052886869229998,0.863136863136877,0.8053097345132857,-1.846339501206729,23,1.7075934703596025,1.1429129891928902,33.80442733757375,1,8,1,1,1,2.5,2026
2026-08-25 14:00:00,2026-08-25 16:00:00,long,4642.83,4624.425714285714,stop,-23.624339365211625,11555.75338251972,-1.0201040130404335,0.03694791585812289,1.9941007529301316,0.9532390541539963,0.9295154185021374,0.7400450205697765,0.32709772568503054,24,1.6832164903859366,1.0558236719216074,33.80442733757375,1,14,1,1,2,3.0,2026
2026-08-25 18:30:00,2026-08-26 04:00:00,long,4656.22,4629.408571428572,stop,-23.430447528687193,11532.322934991033,-1.0138000852514821,0.8563512361466706,2.939791133844841,1.3679372992294505,0.8330796549974654,1.470268542199496,1.1614450127877738,25,1.7850926951581438,0.954080661831691,33.80442733757375,1,18,1,1,3,2.5,2026
2026-08-26 05:30:00,2026-08-26 06:00:00,long,4667.33,4648.257142857144,stop,-23.51208376080067,11508.810851230231,-1.019399295932869,0.5872219309415556,3.413227473597494,0.9747035612799503,0.7420574886535535,1.3862632012582994,-0.2852220807430495,28,1.3669743404833612,0.7168851099040863,35.19918641115484,1,5,2,1,4,1.5,2026
2026-08-26 15:15:00,2026-08-26 15:30:00,long,4631.0,4617.998571428571,stop,-23.672666644877708,11485.138184585354,-1.0284584111636184,0.19382485441163622,2.530491154818118,0.6671635226273135,0.9938461538461595,0.9998901219646169,0.23382045929025447,30,1.0093288037534585,0.6425866718279272,35.19918641115484,1,15,2,1,5,9.25,2026
2026-08-27 19:45:00,2026-08-28 03:15:00,long,4614.9,4593.098571428572,stop,-23.36011331167862,11461.778071273675,-1.0169713649171033,0.1761352467073033,3.6015988467335123,1.1163922021651673,0.7291021671826641,0.5926217154839284,2.666797719677636,1,0.5315528664488642,0.13508359136304993,36.04681137256017,1,20,3,1,6,28.25,2026
2026-08-28 21:15:00,2026-09-01 16:00:00,short,4456.13,4333.931428571428,target,67.77032489328036,11529.548396166956,2.9563617648090386,0.17283344439376144,4.237856416371484,2.058325416353924,0.6736938588450552,0.535685476800047,4.708729351523831,1,2.3490603298816457,0.12360473752678347,36.46922173592958,0,21,4,0,7,18.0,2026
2026-09-01 19:15:00,2026-09-02 16:45:00,short,4352.88,4380.117142857142,stop,-23.372340580711672,11506.176055586244,-1.0135843910626152,0.030840239169207383,1.635266967376464,1.443448271184696,0.9753656658968657,0.9538445400188756,1.153571803209917,12,3.299613744211189,0.9640633489993222,32.75583037441191,0,19,1,0,0,3.25,2026
2026-09-03 02:15:00,2026-09-03 03:00:00,short,4382.2,4391.469999999999,stop,-23.93086023211369,11482.24519535413,-1.0399137001078331,0.2761596548003791,2.112189859762883,0.49007350662043825,0.8604651162790206,0.4638619201727217,-1.9762675296655745,20,1.06286132240855,1.0281977003974485,29.610199915484486,0,2,3,0,1,9.5,2026
2026-09-03 15:45:00,2026-09-03 16:30:00,long,4493.5,4471.041428571429,stop,-23.342825293779764,11458.90237006035,-1.0164747789580642,1.3099675593155529,5.314674639017837,1.1864747090644385,0.9406808223795007,2.6421983334393238,5.215825965269297,3,1.2798838081460786,-0.13280646855463596,29.610199915484486,1,16,3,1,2,12.75,2026
2026-09-04 02:45:00,2026-09-04 04:15:00,long,4480.07,4470.895714285713,stop,-23.842082446083836,11435.060287614266,-1.0403301152289277,0.2943008408594168,2.2257863593895344,0.4827157458576666,0.9568480300186724,1.1619433198380031,1.063843039551531,5,0.7066987901139891,0.16888919739319608,27.87457639077815,1,3,4,1,3,10.25,2026
2026-09-04 10:30:00,2026-09-04 12:00:00,long,4485.77,4472.4514285714295,stop,-23.50546984359472,11411.554817770671,-1.027780757266945,1.2283599699667984,2.608387857985623,0.7006342601297848,0.9513081395349421,2.066287675640794,2.46572991526335,7,0.6150378723789499,0.3245475177073409,27.87457639077815,1,10,4,1,4,6.25,2026
2026-09-07 03:45:00,2026-09-08 02:30:00,short,4412.58,4426.3042857142855,stop,-23.438409458129367,11388.116408312542,-1.0269595086915695,0.8641615488706602,2.4278130529821866,0.7443378807412295,0.8744233726294315,2.843135213906567,3.2424273966899233,4,0.6507180261512218,0.06781446006935976,26.08986567827875,0,4,0,0,5,63.75,2026
2026-09-08 21:45:00,2026-09-09 08:30:00,short,4375.62,4393.232857142857,stop,-23.254701816503385,11364.861706496038,-1.0210073809716702,0.6586097818152387,2.527698921242568,1.0117079683764532,0.3861071932298993,3.2203747262550633,2.6151350474490176,3,0.7240998534626257,0.16676762714328275,24.432634302386447,0,22,1,0,6,19.25,2026
2026-09-10 20:45:00,2026-09-11 15:30:00,short,4352.63,4294.798571428572,target,67.752902389268,11432.614608885306,2.9808062842744993,0.12968726841559425,1.9048465984882144,1.1193455691188496,0.8440265486725819,0.9378983251815739,1.3757225433526465,15,0.8934116655621117,0.22511347871739806,21.56009586853863,0,21,3,0,7,36.25,2026
2026-09-11 21:00:00,2026-09-14 12:15:00,short,4346.82,4286.365714285714,target,67.11115300164953,11499.725761886955,2.9350745781936642,0.5101375301290508,2.5060258046221233,1.1162993139855701,0.9238294898672177,1.4202467035304391,3.596767333049801,1,0.5363935749348878,0.40751508440449724,20.626644912254022,1,21,4,0,0,5.5,2026
2026-09-14 15:45:00,2026-09-14 18:30:00,short,4270.96,4290.431428571429,stop,-23.436491725143064,11476.289270161813,-1.019002201027159,0.24856933235510453,2.4949376375641727,1.1148556595573336,0.7113980909601229,1.8293470286133793,3.6648569332355105,6,2.216032298792872,0.4813070897275229,20.06288203897742,1,16,0,0,0,3.5,2026
2026-09-14 22:15:00,2026-09-15 05:00:00,short,4296.4,4311.191428571428,stop,-23.52672552138893,11452.762544640424,-1.0250144871547495,0.8667181765502443,2.017384585667298,0.8298333393999365,0.9505440158259177,1.367007919644685,-1.7293799497778897,7,1.0793620985790344,0.5179513371351474,20.06288203897742,1,22,0,0,1,3.75,2026
2026-09-15 08:15:00,2026-09-15 11:45:00,short,4297.32,4261.3842857142845,target,68.00905815417248,11520.771602794595,2.9691115086463933,0.5209302325581078,2.82504472271908,0.664663494288994,0.8320895522388636,0.8949314251639053,0.7413237924866489,10,1.0719490900729005,0.5882372882937137,19.93933621592395,1,8,1,0,2,3.25,2026
2026-09-15 23:45:00,2026-09-16 05:30:00,short,4291.66,4302.74,stop,-23.810981020215998,11496.960621774379,-1.0333935018050424,0.019855595667975002,3.4115523465703137,0.6266248925715237,0.9963503649634249,0.49458483754524857,0.7039711191336689,14,1.0251181393721536,0.5195805493976802,19.93933621592395,1,0,1,0,0,12.0,2026
2026-09-18 07:30:00,2026-09-18 16:45:00,long,4364.57,4347.761428571428,stop,-23.500076742620944,11473.460545031758,-1.0220125786163679,0.3640999490055492,3.2471528131905485,0.9150511270040745,0.8884976525820799,1.0137684854666518,0.6984531701512712,4,0.5798999525867319,0.1282462807741469,17.849938945374852,0,7,4,1,1,50.0,2026
2026-09-18 19:15:00,2026-09-21 07:00:00,long,4377.68,4356.352857142857,stop,-25.650802806617335,11447.80974222514,-1.1178320048228456,1.2050371759662672,2.07247638823768,1.1582458537616716,0.9602396514161451,1.7217496148435523,1.8136512827382978,7,0.6789835519871661,0.3014673342460972,17.849938945374852,0,19,4,1,2,2.5,2026
