trade_id,hour_utc,weekday,session,is_long,entry_price,m15_atr14_usd,m15_atr_vs_5d_avg,d1_atr14_usd,d1_adx14,d1_trend_with_trade,day1_change_pct,day2_change_pct,day3_change_pct,day4_change_pct,day5_change_pct,day6_change_pct,day7_change_pct,month_change_pct,h4c1_change_pct,h4c1_range_pct,h4c1_close_position,h4c2_change_pct,h4c2_range_pct,h4c2_close_position,h4c3_change_pct,h4c3_range_pct,h4c3_close_position,h4c4_change_pct,h4c4_range_pct,h4c4_close_position,h4c5_change_pct,h4c5_range_pct,h4c5_close_position,h4_trend_age_bars,h4_ema30_distance_pct,h4_ema30_slope_1d_pct,channel_width_atr,breakout_size_atr,signal_bar_range_atr,signal_bar_close_position,move_1h_atr,move_4h_atr,move_24h_atr,signal_bar_volume_vs_20,volume_4h_vs_5d,spread_vs_5d,eurusd_4h_pct,eurusd_24h_pct,eurusd_5d_pct,usdjpy_24h_pct,silver_24h_pct,silver_minus_gold_24h_pct,spx500_24h_pct,spx500_5d_pct,prior_loss_streak,prev_trade_R,prev_trade_same_side,hours_since_prev_exit,is_tick_sim,outcome,win,R
1,14,1,2,0,1774.2800,5.0400,2.3733,18.0629,56.1151,1,0.0083,0.0160,-0.5815,-0.1138,-0.1531,-0.2206,0.2239,-2.3612,-0.0305,0.5053,0.4516,-0.5802,0.6260,0.0300,0.2080,0.2572,0.8495,0.0072,0.1770,0.4000,0.0432,1.2216,0.6656,2,0.5331,0.1204,3.9702,2.1845,3.9504,0.5992,3.9663,5.6012,5.8889,4.4264,2.4789,0.9940,-0.5583,-1.7374,-2.6138,0.2196,-4.0030,-2.7558,-1.3123,-2.0806,0,-1.0436,0,0.2500,0,1,1,3.9167
2,13,3,2,0,1699.7700,4.1236,1.7067,25.7450,60.9240,1,0.5446,-0.4596,-0.4387,0.0914,0.0610,-1.4519,-2.3757,-4.5928,-0.4299,0.5616,0.1608,-0.6563,0.7975,0.1125,-0.0127,0.4704,0.3112,-0.3891,0.5228,0.1036,-0.1427,0.4638,0.4280,44,1.5358,0.3030,3.4824,0.9385,1.9255,0.9937,2.5027,3.8801,2.2311,2.7437,1.9818,1.0038,-0.6599,-0.4022,-2.0040,1.1017,-4.0394,-3.8391,-1.3123,-2.0806,0,3.9167,1,189.7500,0,-1,0,-1.0449
3,13,3,2,1,1753.8700,4.1550,1.8803,24.6008,51.3657,0,1.0012,-0.1518,-0.4187,0.5216,1.2549,-0.8700,0.1434,-4.8472,-0.0630,0.7923,0.6197,0.5426,0.7574,0.7886,-0.0138,0.4452,0.3053,0.1367,0.3662,0.4693,0.7828,1.2245,0.7143,8,1.1588,0.3663,4.2623,0.0457,1.1961,0.8189,1.4850,2.0072,8.4380,2.7267,2.4434,0.9733,-0.1369,0.0503,-0.7109,-1.6308,6.3280,4.7856,-1.3123,-2.0806,1,-1.0449,0,335.0000,0,1,1,3.4397
4,15,4,2,0,1736.5800,5.0414,2.7345,20.2466,23.9133,1,0.4191,0.1980,0.6792,-0.6479,-0.6296,-0.2032,-0.7598,2.4235,-0.3556,0.5051,0.2531,-0.1994,0.4898,0.2372,0.0125,0.2974,0.6609,-0.1774,0.2223,0.1228,0.0256,0.2810,0.7470,2,0.4107,-0.0214,3.2987,0.5792,1.0929,0.9183,3.2094,1.9062,3.6835,1.3360,3.0006,1.0288,-0.0020,0.4037,-0.3985,0.1732,-0.7573,0.0702,-1.3123,-2.0806,0,3.4397,0,578.5000,0,0,1,2.0914
5,13,1,2,0,1703.7800,4.0057,1.9603,21.1334,22.9408,1,0.5006,0.4384,-0.5547,0.9590,-0.4819,-0.0567,-0.7662,-4.2309,-1.2467,1.6646,0.0254,0.1951,0.3577,0.8766,-0.1629,0.2795,0.3278,-0.0139,0.2087,0.2028,-0.4163,0.4700,0.1081,1,0.8759,-0.0714,5.9440,1.0435,2.2618,0.9194,6.4658,5.3673,6.4233,2.7402,1.4249,0.9837,-1.3104,-0.9019,1.4963,1.0660,-0.2035,1.2927,-1.3123,-2.0806,0,2.0914,1,206.7500,0,1,1,3.8367
6,16,3,3,0,1661.9400,5.6271,2.6367,21.4968,22.9697,1,-0.2902,-1.2942,0.5006,0.4384,-0.5547,0.9590,-0.4819,-4.6015,0.0130,0.5909,0.5256,-0.0083,0.2596,0.3927,-0.4754,0.5686,0.0550,-0.1096,0.1732,0.0986,-0.2298,0.4573,0.4833,13,1.1343,0.4165,5.0949,0.2861,0.7020,0.9038,0.9205,4.4374,7.6024,0.7163,2.0343,0.9945,-0.0200,0.0840,0.3712,0.3946,-1.6352,0.6670,-1.3123,-2.0806,0,3.8367,1,1.2500,0,-1,0,-1.0329
7,16,1,3,0,1630.8500,4.1707,1.5283,24.9664,32.1885,1,-1.2934,-1.6414,-0.1565,0.5406,-0.6463,0.0478,0.6134,-6.6662,-0.0251,0.6107,0.2923,0.2519,0.5786,0.4926,0.0570,0.2753,0.6882,0.5271,0.5474,0.9775,-0.5346,0.6247,0.1335,15,0.9760,0.5855,2.5271,0.2374,1.0214,0.7700,0.9782,1.5081,3.2177,0.7093,1.6807,0.9901,-0.4271,-0.4137,-3.9922,0.1868,-1.1461,-1.1278,-1.3123,-2.0806,1,-1.0329,1,266.0000,0,-1,0,-1.0444
8,14,0,2,1,1678.1000,4.0286,1.5620,25.3818,31.4166,0,0.1066,0.0253,1.8888,0.4093,-1.2934,-1.6414,-0.1565,-2.8581,0.1455,0.6236,0.5593,0.0481,0.4362,0.2717,-0.1184,0.4435,0.0230,0.1927,0.2830,0.7638,-0.1202,0.3540,0.3396,13,0.5664,0.2248,3.7160,0.8762,2.6585,0.7638,2.1372,3.7110,3.3858,1.8888,1.3998,0.9853,0.3559,0.1521,1.7207,-0.1997,7.0302,6.6241,-1.3123,-2.0806,2,-1.0444,0,120.7500,0,1,1,3.9541
9,14,1,2,1,1714.1500,4.0079,1.5315,26.5595,29.6272,0,2.2551,0.1066,0.0253,1.8888,0.4093,-1.2934,-1.6414,-0.6675,0.1738,0.7432,0.8937,0.5366,0.7707,0.8580,0.0571,0.3656,0.7327,-0.0335,0.2878,0.2372,0.4955,0.6830,0.8398,19,2.3669,0.9231,3.3534,0.0724,1.9387,0.5586,0.4192,1.4272,11.1431,1.6965,1.3929,0.9834,0.6612,1.4593,3.4700,-0.0028,3.7583,1.2972,-1.3123,-2.0806,0,3.9541,1,6.7500,0,-1,0,-1.0462
10,15,0,2,0,1667.6700,4.0729,1.5481,26.3586,26.9525,1,-1.0068,-0.2220,-0.5851,1.5763,2.2551,0.1066,0.0253,-1.3323,-0.1821,0.6231,0.2951,-0.3806,0.5556,0.0235,-0.4680,0.6639,0.1413,-0.0578,0.4199,0.2500,-0.2730,0.5442,0.2173,7,1.1561,0.2472,2.9316,0.4739,1.4412,0.6661,2.2687,2.8236,7.6801,1.7707,2.1588,1.0084,0.0588,-0.3748,-1.0726,0.2442,-2.5988,-0.9771,-1.3123,-2.0806,1,-1.0462,0,125.0000,0,-1,0,-1.1030
11,13,3,2,0,1643.8000,5.4907,2.2501,25.9523,23.5911,1,0.4153,-0.1103,-1.6028,-1.0068,-0.2220,-0.5851,1.5763,-2.9879,-1.2067,2.2546,0.2646,0.2868,0.4970,0.9578,-0.2401,0.3417,0.2080,0.0359,0.1452,0.4856,0.1964,0.5594,0.4411,25,1.3731,0.2444,6.8771,0.1512,1.0108,0.9333,1.7047,5.9592,4.8245,2.4583,2.5545,1.0232,-0.3300,0.0372,-1.3775,0.2458,-2.2182,-1.2071,-1.3123,-2.0806,2,-1.1030,1,46.0000,0,-1,0,-1.0337
12,16,4,3,0,1644.7300,4.7000,1.7682,26.9634,23.5012,1,-0.4172,0.4153,-0.1103,-1.6028,-1.0068,-0.2220,-0.5851,-2.1260,0.1536,0.7882,0.9992,-0.4084,0.6795,0.0238,0.3496,0.6873,0.7644,-0.2671,0.2941,0.0429,0.0246,0.5481,0.3023,31,0.5856,0.2617,4.0638,0.0213,0.5064,1.0000,0.9362,2.1511,0.9149,0.6109,2.3557,1.0197,-0.5679,-0.5832,-0.4436,1.1100,-3.7529,-2.4933,-1.3123,-2.0806,3,-1.0337,1,24.7500,0,-1,0,-1.1392
13,15,4,2,1,1667.3700,4.1179,1.8862,25.9273,18.2689,0,-0.3364,-0.7635,0.8613,-0.6985,-1.1002,-0.0769,0.6969,-5.6068,0.7118,1.0407,0.9469,0.0662,0.3516,0.6857,0.9867,1.0823,0.9909,0.0798,0.2240,0.6082,0.1493,0.3288,0.4766,3,1.0124,-0.0374,5.7530,0.0729,1.5615,0.9238,1.8820,5.2163,11.9212,1.5251,2.3261,1.1148,1.4033,1.4686,-0.2181,-0.7575,6.1634,3.1936,0.9544,-2.3404,4,-1.1392,0,440.0000,0,1,1,3.4347
14,15,1,2,1,1710.8900,4.4250,1.9626,26.9566,17.6406,0,-0.3468,3.1641,-0.3364,-0.7635,0.8613,-0.6985,-1.1002,-1.1745,0.0856,0.3255,0.5809,0.1900,0.4184,0.9885,-0.3131,0.3669,0.0212,-0.0967,0.2531,0.2571,-0.1049,0.2248,0.2812,15,0.7668,0.3813,8.7412,0.5266,1.2610,0.9158,7.5977,8.7345,6.9492,2.3810,1.7404,1.1198,0.6791,0.6510,1.9952,-0.6521,3.1511,3.1874,1.4508,-0.2779,0,3.4347,1,0.2500,0,1,1,3.8371
15,15,3,2,1,1750.8800,5.5271,2.3606,28.1482,19.5217,1,-0.3200,2.2128,-0.3468,3.1641,-0.3364,-0.7635,0.8613,2.3292,1.5278,1.9420,0.8793,-0.3014,0.4637,0.3060,0.3158,0.3773,0.9969,0.0176,0.2977,0.5827,-0.3357,0.6277,0.4353,27,2.5557,0.7303,8.1199,0.3727,1.3189,0.6790,1.9594,7.8666,7.1393,1.6436,2.6849,1.0700,2.3803,1.5288,4.0450,-3.2366,2.2159,0.3313,3.2248,4.5687,0,3.8371,1,0.2500,0,0,1,0.3139
16,16,4,3,1,1805.7800,4.4164,2.1184,23.8021,25.7222,1,0.1596,0.8521,0.1289,-1.6209,-0.2773,1.9436,1.0728,4.4700,0.2951,0.7486,0.5842,-0.1421,0.4434,0.4598,0.0524,0.3177,0.5491,0.2554,0.4029,0.7906,0.0968,0.3050,0.4202,13,0.7845,0.2533,3.0387,0.5117,0.7404,0.9969,2.3911,1.1480,3.2198,0.8272,1.9830,1.0176,-0.0654,-0.0199,0.2785,-0.0374,2.4609,2.0967,0.3003,-2.0361,0,0.3139,1,529.2500,0,-1,0,-1.0419
17,14,1,2,1,1817.5100,4.2314,2.2184,23.0989,26.5298,1,-0.8753,0.4567,0.1596,0.8521,0.1289,-1.6209,-0.2773,0.6117,1.4838,1.6873,0.9449,-0.0459,0.3165,0.2832,0.0673,0.2780,0.8669,0.1791,0.2240,0.8972,-0.0959,0.3287,0.6655,1,1.3091,0.0491,7.1158,1.1367,1.6850,0.9299,7.0189,8.2502,6.5226,2.9558,1.5387,1.0172,1.0394,0.8451,1.3704,-1.5944,3.1807,1.8650,3.7830,3.0830,1,-1.0419,1,91.0000,0,-1,0,-1.0437
18,15,4,2,1,1858.6500,5.4093,2.2990,24.2440,29.4714,1,-1.1669,0.8247,0.8603,0.4921,0.5847,-0.5095,0.8885,3.5004,0.8913,1.0057,0.9648,-0.0844,0.3996,0.3025,0.0850,0.2931,0.2937,0.2480,0.2785,0.8902,-0.0518,0.3010,0.1902,4,0.8527,0.0609,3.4404,1.1147,2.6639,0.8251,2.1075,3.8804,4.1577,2.2596,1.8312,0.9757,1.0235,0.7910,-0.6616,-1.0698,2.8007,2.3008,1.5416,1.2783,2,-1.0437,1,575.2500,0,1,1,3.3715
19,23,2,4,1,1955.7600,5.7500,2.5001,24.6512,39.4326,1,1.1385,0.2527,-0.2836,-0.0176,-0.8955,0.4594,0.3117,6.9211,1.2604,1.7251,0.8633,-0.1918,0.6391,0.4112,0.2166,0.4904,0.5869,-0.0535,0.3069,0.2843,-0.0509,0.2003,0.3912,1,1.1426,0.0897,5.9009,0.2278,0.6922,0.9020,0.8139,5.0974,4.7600,0.2978,1.7141,1.0445,0.3207,1.4024,0.8434,-1.1591,1.0295,-0.1090,1.4125,2.8757,0,3.3715,1,471.0000,0,-1,0,-1.0322
20,18,3,3,0,1912.1400,5.5257,2.2689,24.6512,39.4326,0,1.1385,0.2527,-0.2836,-0.0176,-0.8955,0.4594,0.3117,6.9211,-1.6510,1.8202,0.0102,-0.6190,0.7115,0.0718,0.1956,0.4364,0.6080,-0.0133,0.1511,0.3492,-0.0102,0.3303,0.3085,1,1.0290,-0.2971,7.3420,0.3583,0.5773,0.8871,1.1564,5.8164,2.3472,0.6977,2.3305,1.0431,0.1265,0.0733,0.3050,-0.6263,0.4904,1.1889,3.2811,3.7437,1,-1.0322,0,4.0000,0,1,1,3.9665
21,17,4,3,0,1864.6700,6.1707,2.4323,26.3540,38.2738,0,-1.9180,1.1385,0.2527,-0.2836,-0.0176,-0.8955,0.4594,3.9758,-1.3897,1.7917,0.1146,-0.0856,0.4266,0.4002,-0.1470,0.2487,0.2327,0.2467,0.3314,0.9353,0.0183,0.3812,0.1756,6,2.0366,0.4158,8.3426,0.1475,0.5931,0.9973,0.9189,8.1336,9.4641,0.7681,2.6191,1.0407,-0.1402,-0.7701,-0.3865,1.9957,-5.0396,-2.4236,-0.6031,1.8789,0,3.9665,1,0.7500,0,-1,0,-1.1060
22,15,4,2,1,1864.0000,4.6500,2.5684,21.6858,26.6670,0,0.9364,0.0215,-1.8004,-0.4840,1.0848,-0.0419,0.5339,-2.2264,0.5891,0.7703,0.8235,0.0355,0.3883,0.2082,-0.0016,0.2987,0.6069,0.0246,0.2584,0.2008,0.0634,0.3706,0.3245,6,0.7397,0.1134,6.4925,0.4409,1.1312,0.9087,3.1355,6.0430,8.1505,1.6354,2.3434,1.0172,0.9236,1.1241,0.8474,-1.4863,2.5803,1.1043,-2.1862,-2.3960,1,-1.1060,0,779.2500,0,-1,0,-1.0398
23,13,0,2,1,1897.8700,4.5000,2.0538,23.1682,25.4852,1,1.9903,0.9364,0.0215,-1.8004,-0.4840,1.0848,-0.0419,-0.4734,0.2078,0.7749,0.9554,0.2445,0.8908,0.5628,-0.0814,1.0210,0.0928,0.1422,0.4994,0.6477,1.1832,1.4867,0.8846,11,2.2979,0.7797,4.6600,0.9156,2.0422,0.9771,2.2556,4.2844,13.9911,1.4932,2.2423,1.0237,-0.1027,0.5395,0.3914,-1.8470,5.2747,4.0523,-1.0807,-5.4136,2,-1.0398,1,68.7500,0,-1,0,-1.1602
24,11,2,1,1,1907.3100,4.4457,1.7175,24.4824,26.2471,1,-0.4919,2.4700,1.9903,0.9364,0.0215,-1.8004,-0.4840,2.0572,-0.7514,0.8760,0.1092,0.0063,0.2482,0.1864,-0.1093,0.2621,0.3527,-0.2683,0.4144,0.1669,-0.0681,0.8068,0.8637,23,0.6078,0.6705,4.6832,0.1822,1.1562,0.8988,4.1568,1.8625,0.9290,1.7745,1.2545,1.0292,-0.9969,-0.8685,0.8474,-0.2740,0.7066,0.9570,-0.6252,-3.6205,3,-1.1602,1,2.0000,0,1,1,3.7174
25,15,4,2,1,1954.7300,4.1314,1.2509,26.3865,28.0765,1,0.0860,0.7675,-0.4919,2.4700,1.9903,0.9364,0.0215,3.5491,0.8436,0.9276,0.9424,-0.1207,0.3615,0.1905,0.5991,0.6679,0.9953,-0.0026,0.2084,0.2725,0.2585,0.3447,0.7970,36,2.0784,0.5976,6.0923,0.0726,1.0577,0.9840,1.8686,5.5840,5.8406,1.5738,1.2510,1.0410,0.0028,0.3123,-0.5034,-0.4072,2.2981,0.8982,0.0128,0.0383,0,3.7174,1,1.7500,0,1,1,3.6959
26,8,0,1,1,1995.1900,4.2464,1.2831,29.4653,29.9771,1,3.3144,0.0860,0.7675,-0.4919,2.4700,1.9903,0.9364,8.0583,0.1440,0.3707,0.9220,-0.6449,0.8182,0.0117,1.1010,1.3386,0.8370,0.8664,1.0571,0.8482,0.8436,0.9276,0.9424,40,2.7475,1.0915,5.6283,0.4898,2.4256,0.6408,2.5645,5.0654,15.4765,2.3151,0.7150,1.0357,-0.1293,-0.0825,-0.6518,-0.5721,-0.1465,-0.4072,-0.6921,-0.8086,0,3.6959,1,8.7500,0,-1,0,-1.0436
27,19,2,3,1,1953.3000,4.3657,1.2609,31.8724,32.5389,1,-1.9385,-0.2541,3.3144,0.0860,0.7675,-0.4919,2.4700,5.3254,0.5967,0.7525,0.8038,-0.2286,0.4439,0.0464,0.1330,0.5698,0.6914,-0.2079,0.4261,0.1679,0.2094,0.2815,0.7637,1,0.3087,-0.0255,3.3397,0.3230,4.6430,0.3518,1.6217,1.8210,3.0281,2.1448,1.1829,0.0000,0.7911,1.0758,2.7869,-0.8586,2.8845,2.6486,0.2305,2.9357,1,-1.0436,1,56.2500,0,1,1,3.9576
28,17,3,3,1,1992.5800,4.7100,1.3605,32.7765,32.9316,1,1.4562,-1.9385,-0.2541,3.3144,0.0860,0.7675,-0.4919,6.9125,-0.2292,0.7144,0.3810,-0.0667,0.4753,0.2404,0.2504,0.6037,0.9673,0.2587,0.4675,0.9043,0.9908,1.7373,0.6905,6,1.0258,0.4676,4.6921,0.8386,1.0340,0.9261,1.4416,3.1720,9.2420,1.1424,1.7031,1.0563,0.2042,0.8946,2.6078,-1.3713,1.9341,0.0442,-0.3330,0.7185,0,3.9576,1,0.2500,0,-1,0,-1.0393
29,13,0,2,0,1945.6100,4.4386,1.2887,32.8236,34.5430,0,-0.6880,1.2498,1.4562,-1.9385,-0.2541,3.3144,0.0860,8.4650,-1.1533,1.2376,0.0542,-0.2726,0.4063,0.3067,0.0005,0.3334,0.2416,-0.2230,0.4894,0.4339,-0.3840,0.6035,0.3328,1,1.0903,-0.0758,5.5175,0.5632,1.4397,0.7934,1.9285,5.1143,10.7918,1.4500,1.0539,1.0589,0.1672,0.2417,0.5642,0.5952,-1.3550,0.3402,0.3845,1.6074,1,-1.0393,0,76.2500,0,-1,0,-1.0417
30,14,0,2,1,1988.2000,4.0679,1.6755,30.3805,32.2048,1,-0.5258,0.7947,-0.4541,0.8799,-1.1702,-0.6880,1.2498,7.2627,0.6725,0.8567,0.9430,0.6776,0.7985,0.9609,-0.5025,0.7521,0.1911,-0.2825,0.6763,0.4237,-0.3884,0.5215,0.2541,1,0.4965,-0.0363,5.5803,0.5974,1.3570,0.9710,2.4730,4.6806,2.3206,2.0728,1.6554,0.6087,0.1527,0.4605,0.9786,-0.3201,-0.1745,-0.5087,-0.1533,3.1570,2,-1.0417,0,168.0000,0,-1,0,-1.0455
31,14,1,2,1,2016.4900,4.3586,1.8591,31.1198,31.2056,1,0.7220,-0.5258,0.7947,-0.4541,0.8799,-1.1702,-0.6880,6.9226,0.1505,0.3600,0.7181,0.0439,0.3672,0.5048,-0.1579,0.2905,0.3403,-0.1224,0.1677,0.2192,-0.1651,0.2587,0.3619,7,0.5022,0.2283,3.3681,5.3573,5.5202,0.9996,7.0642,7.8764,9.1658,3.6811,1.3968,0.0000,0.4460,0.7587,1.2676,-0.3816,3.3222,2.4842,0.1681,3.7555,3,-1.0455,1,12.2500,0,-1,0,-1.1654
32,15,0,2,0,1985.2100,4.2714,1.7668,31.5811,28.3429,0,-1.7419,1.2549,0.5621,0.6294,-0.8359,-0.6350,0.0223,4.4898,-0.4642,0.6443,0.1120,0.2764,0.5628,0.5470,0.1109,0.5379,0.8254,0.0835,0.3479,0.5747,0.2376,0.4681,0.6079,6,0.6494,0.2432,5.9816,0.1217,1.4492,0.3328,2.5050,5.2301,9.7953,1.6891,1.8143,1.0519,-0.5740,-0.6636,0.6892,0.5780,-1.6676,-0.7176,-0.4125,1.1292,4,-1.1654,0,265.2500,0,-1,0,-1.0433
33,9,2,1,0,1975.3500,4.4150,1.7796,30.9477,26.1366,0,0.5008,-0.4775,-1.7419,1.2549,0.5621,0.6294,-0.8359,1.0719,-1.1937,1.3828,0.1231,-0.1709,0.3074,0.3096,0.1282,0.1447,0.9655,-0.1216,0.2396,0.2765,0.2933,1.0274,0.7714,17,1.3115,0.1446,6.3126,0.2673,1.1121,0.4582,0.4847,5.9683,6.1087,1.3014,1.5693,1.0509,-0.2819,-0.4082,0.0192,0.5236,-1.5084,-0.3502,-0.8523,0.3255,5,-1.0433,1,40.5000,0,-1,0,-1.0419
34,14,4,2,0,1973.8200,5.2393,2.0775,30.8251,22.6939,0,0.4994,-0.5178,0.5008,-0.4775,-1.7419,1.2549,0.5621,3.3108,0.0327,0.5180,0.6602,-0.6178,0.9552,0.3312,-0.2020,0.2439,0.0491,0.0414,0.1847,0.7378,-0.0758,0.3066,0.3398,3,0.5904,0.0663,3.0271,1.5785,4.3384,0.9406,2.8763,2.3400,6.2833,2.9595,1.5154,0.0000,0.0620,-0.0683,-0.3098,0.2731,-1.1853,0.2981,-0.4447,-0.3532,6,-1.0419,1,48.5000,0,-1,0,-1.0353
35,13,3,2,0,1979.4300,4.1286,1.6218,29.5935,18.0357,0,-0.3827,0.3917,0.3067,-1.0787,0.4994,-0.5178,0.5008,1.6800,-0.6166,1.0735,0.1883,-0.0750,0.2941,0.1463,0.4077,0.5709,0.8918,0.1171,0.1599,0.7925,0.1143,0.4168,0.6691,1,0.3869,0.0392,5.1955,0.5692,1.2886,0.9699,4.4156,4.3187,4.5149,2.2960,1.3414,1.0502,-0.2555,-0.6775,0.3399,0.6946,-1.2977,-0.6920,0.1569,-1.0006,7,-1.0353,1,143.0000,0,-1,0,-1.0448
36,15,2,2,1,2025.3700,4.1686,1.7750,29.6706,14.9132,1,1.7153,-0.3719,0.1082,-0.0719,-0.3827,0.3917,0.3067,2.3727,-0.0977,0.4728,0.6034,-0.0144,0.3016,0.4934,-0.0184,0.1835,0.0459,0.0417,0.1379,0.7770,0.0556,0.3568,0.7038,6,0.8379,0.4610,3.6080,0.5853,1.0483,0.6751,2.4133,2.3629,5.4119,1.0419,1.7666,1.0462,0.0752,0.4656,-0.0281,-0.8442,0.1617,-0.4821,0.6711,0.9964,8,-1.0448,0,142.2500,0,-1,0,-1.0444
37,21,2,4,1,2038.9600,5.9893,2.5100,29.8019,15.4927,1,1.1299,1.7153,-0.3719,0.1082,-0.0719,-0.3827,0.3917,2.7873,0.7401,1.1082,0.9804,0.5160,0.7434,0.8156,-0.0977,0.4728,0.6034,-0.0144,0.3016,0.4934,-0.0184,0.1835,0.0459,8,1.8551,0.5038,3.1823,0.4892,1.3975,0.9474,0.6562,2.4928,3.4762,0.5319,1.8746,1.0454,0.0996,0.5418,0.1848,-1.4173,0.7928,-0.3371,-0.8963,0.3863,9,-1.0444,1,2.2500,0,-1,0,-1.1203
38,14,4,2,0,2003.8600,5.5436,2.0892,31.0732,17.1177,0,0.5213,1.1299,1.7153,-0.3719,0.1082,-0.0719,-0.3827,1.4714,-1.4487,1.5845,0.0752,-0.4247,0.5267,0.0945,-0.0190,0.3680,0.4019,-0.0137,0.1244,0.5490,-0.0580,0.3179,0.7914,1,0.5016,-0.4800,6.7033,0.1028,0.9092,0.4266,1.1563,6.1116,5.9601,2.1235,1.6660,0.0000,-0.1624,0.0627,-0.2709,0.7223,-1.9269,0.0503,1.5300,-0.5382,10,-1.1203,0,1.2500,0,-1,0,-1.0334
39,15,1,2,0,1998.9900,4.2121,2.0004,28.5311,17.4127,0,0.2322,-0.1589,-0.7464,-0.2188,0.6447,0.2281,-1.6179,0.5828,0.0950,0.6816,0.7949,-0.2986,0.7465,0.5023,0.0273,0.1751,0.4079,-0.0010,0.1419,0.6573,-0.2104,0.3445,0.2284,5,0.3097,0.0866,3.2525,0.5081,1.3105,0.8424,1.6120,2.1699,4.8598,1.3870,2.1620,1.0462,-0.2021,-0.0800,-0.8044,0.3976,-1.6330,-1.0405,-0.0170,0.1578,11,-1.0334,1,263.2500,0,1,1,3.9004
40,15,3,2,1,1978.8300,4.4614,2.1658,25.6210,18.6481,0,0.1710,0.8085,-0.1808,0.3366,-0.8509,-0.8974,0.1633,-1.0055,0.6376,0.6754,0.9932,-0.4114,0.6339,0.2048,-0.0967,0.2757,0.3561,0.1493,0.2293,0.6978,-0.1481,0.3348,0.0152,1,0.5337,0.1431,4.2049,0.3205,0.7935,0.9322,1.4816,2.6808,3.8284,1.1399,2.3028,0.1886,0.4175,0.9219,0.2480,-0.7334,1.4572,1.1292,1.0213,1.8836,0,3.9004,0,338.0000,0,-1,0,-1.0415
41,15,3,2,0,1913.9600,4.2864,2.2059,23.9486,24.5421,1,-0.1865,-0.7624,-0.3617,0.0061,0.8662,-0.1302,-0.7164,-1.9976,-0.2013,0.3902,0.0040,-0.1270,0.3415,0.3748,-0.1278,0.2319,0.0000,-0.0036,0.1340,0.0000,-0.0667,0.3026,0.0462,13,0.9106,0.2948,3.7560,0.2030,1.2085,0.9344,0.5506,3.1658,3.9123,0.8746,1.9820,1.0769,-0.3367,0.0192,0.1820,0.5617,-1.4381,-0.5752,0.0939,-0.8235,1,-1.0415,0,482.5000,0,-1,0,-1.0432
42,15,2,2,1,1957.6100,4.4243,2.4729,20.8808,35.0294,0,0.3512,-0.0083,0.7600,-0.2256,-0.5485,0.2191,0.1272,-1.4831,0.4311,0.8595,0.5827,-0.2130,0.3332,0.1579,0.1669,0.2769,0.6157,0.1905,0.2262,0.8856,-0.0347,0.1061,0.5756,12,0.8266,0.2402,5.4088,0.0588,0.3074,0.8235,0.3503,5.2754,5.4675,1.0868,2.2852,0.6819,0.9742,1.1882,2.3475,-1.6481,4.1786,2.8383,0.8310,0.3867,2,-1.0432,0,458.5000,0,-1,0,-1.5262
43,14,1,2,1,1976.5000,5.0729,2.8654,19.6712,26.6016,1,-0.0230,-0.2571,0.1722,1.2973,0.3512,-0.0083,0.7600,-0.1492,0.3599,0.5817,0.6976,0.0832,0.3225,0.6155,0.2358,0.3074,0.8170,0.0414,0.1126,0.3818,0.0010,0.2036,0.5528,36,0.8704,0.2053,2.2492,0.8614,1.6125,0.6626,1.4114,2.6514,5.4663,1.9418,1.9393,0.0000,-0.1839,0.0454,2.2458,-0.3501,1.0196,-0.0478,0.5096,2.6291,3,-1.5262,1,25.2500,0,-1,0,-1.2477
44,13,3,2,0,1947.1200,4.2386,2.3145,18.7407,21.8522,0,0.3635,0.5183,-0.3874,-0.3672,-0.3547,-0.1087,1.2130,2.5449,-0.7956,1.0750,0.1055,-0.0405,0.4128,0.2255,0.2246,0.4934,0.4553,0.0370,0.1912,0.3767,0.0665,0.6390,0.4670,1,0.3268,-0.1104,5.6481,1.9016,2.7840,0.7932,4.0391,6.6650,6.0870,2.5357,1.6412,0.3399,-1.1859,-0.5161,-1.5676,0.2214,-1.7689,-1.1539,0.8967,0.8978,4,-1.2477,0,167.0000,0,-1,0,-1.0436
45,15,4,2,0,1854.8400,4.0529,2.7576,16.1566,16.1129,1,-0.5558,-1.3361,-0.8106,-0.4800,0.2745,-0.5393,-0.0497,-3.7444,0.1106,0.3483,0.9709,0.3528,0.5115,0.7526,-0.0172,0.2171,0.5136,-0.0005,0.1876,0.4514,0.0558,0.3386,0.5674,24,0.8564,0.5740,5.8132,0.3380,0.6983,0.9187,1.1276,3.3137,4.2982,1.0421,2.6800,1.1356,-0.1029,0.0681,-0.7121,0.1649,-0.9982,-0.7591,-0.0578,-0.8860,5,-1.0436,1,1523.2500,0,1,1,3.7807
46,12,4,2,1,1910.9800,4.2607,2.3117,18.3477,25.9559,0,-0.2940,0.7407,-0.0500,1.6022,0.6538,-0.0494,-0.0977,-2.3404,0.3976,0.4893,0.8791,0.2029,0.2905,0.9191,0.1883,0.1996,0.9866,-0.1480,0.2202,0.1820,-0.4077,0.4992,0.0842,27,1.0608,0.3112,6.0389,0.9998,3.3328,0.4338,3.8045,6.2806,6.3417,2.6546,1.5769,1.3282,-0.1535,-0.4168,0.3916,0.0602,2.0790,1.3936,-0.4153,3.4563,0,3.7807,0,253.5000,0,1,1,3.4536
47,17,3,3,1,1961.9400,4.3507,1.9914,22.6323,26.8609,1,1.2715,0.1573,-0.4661,3.2238,-0.2940,0.7407,-0.0500,0.7075,0.3653,0.6313,0.9919,0.2667,0.4770,0.7527,0.0796,0.4563,0.4668,-0.1026,0.3323,0.4568,0.1304,0.3153,0.4919,53,1.8837,0.7083,2.6432,0.1701,1.3492,0.9830,1.3423,1.6411,3.8568,1.2923,2.0624,1.1211,0.2213,0.4597,0.6085,-0.0093,-0.0742,-0.6968,-0.7110,-0.7019,0,3.4536,1,31.2500,0,1,1,3.9575
48,19,4,3,1,2008.8100,4.0979,1.6706,23.3351,32.2769,1,0.2501,0.4364,-0.0958,-0.3788,0.3029,1.3804,1.2715,4.4203,0.1651,0.4449,0.7696,-0.3297,0.5466,0.3076,-0.1287,0.2101,0.3421,0.3040,0.3393,0.9227,-0.0590,0.1965,0.1487,89,0.4078,0.2262,7.3038,0.0659,1.0347,0.8844,1.1250,6.6035,5.7762,0.9386,1.3557,1.7128,-0.1964,0.1307,-0.2049,-0.5552,1.4992,0.5239,-0.4508,-2.4850,0,3.9575,1,171.7500,0,-1,0,-1.3066
49,16,1,3,1,2036.1900,4.1686,2.3667,20.7666,22.3566,1,0.5618,0.4918,0.1548,-0.4259,1.0289,-0.1232,-0.0394,0.4004,0.2723,0.4866,0.9969,0.0382,0.2367,0.8176,-0.0114,0.1761,0.3014,0.0606,0.2582,0.4962,0.1916,0.2562,0.8388,36,0.9422,0.3261,5.6566,0.2327,1.0699,0.5135,2.6412,5.0185,5.4191,1.2960,2.1815,0.8933,0.4995,0.6319,0.7553,-0.9867,1.2202,0.1955,0.2112,0.6772,1,-1.3066,1,713.0000,0,1,1,3.5701
50,18,4,3,1,2071.9800,4.6364,2.2980,20.7871,26.9275,1,-0.3875,0.1529,1.3383,0.5618,0.4918,0.1548,-0.4259,2.6289,1.4556,1.5931,0.9889,-0.4261,0.6524,0.2869,0.2646,0.5169,0.6739,-0.0372,0.2018,0.5631,0.2317,0.3260,0.7500,55,1.7151,0.3409,7.5575,0.4227,1.3351,0.4653,1.8484,6.7897,6.9903,1.0761,2.3628,1.0475,0.4122,0.0000,-0.5335,-0.9858,1.1246,-0.3605,0.9647,0.6158,0,3.5701,1,0.2500,0,1,1,3.7290
51,15,1,2,0,2011.4800,4.6400,1.6293,28.9262,31.5499,0,-2.0449,1.7496,-0.3875,0.1529,1.3383,0.5618,0.4918,1.8450,0.0291,0.4559,0.8562,-0.1614,0.5433,0.0362,-0.1680,0.3896,0.2169,0.2877,0.6237,0.5592,0.1579,0.5005,0.6943,6,0.4869,0.2188,3.3082,0.8491,1.8427,0.9602,2.3944,2.6121,7.0582,1.7652,1.8742,1.0446,-0.1192,-0.0832,-1.5955,-0.0007,-1.1588,0.4684,0.6238,0.4319,0,3.7290,0,40.2500,0,-1,0,-1.0399
52,17,4,3,0,2002.2400,5.9436,1.9373,27.7360,36.9864,0,0.1555,0.2952,-0.4948,-2.0449,1.7496,-0.3875,0.1529,3.0134,-0.4935,0.8834,0.2321,-0.0640,0.2419,0.4358,-0.1112,0.2298,0.1478,0.1720,0.3056,0.8565,-0.0271,0.2134,0.1455,3,0.6105,0.0843,4.7143,0.0522,0.5620,0.6976,1.1172,4.2466,4.5511,0.7505,2.1337,1.1097,0.0847,-0.5336,-1.1552,1.0707,-2.9708,-1.7790,0.2147,-0.1072,1,-1.0399,1,68.7500,0,-1,0,-1.2285
53,22,2,4,1,2027.4800,6.1607,2.8552,30.0300,35.5204,1,2.4409,-0.1297,-1.0915,-1.2139,0.1555,0.2952,-0.4948,4.1940,2.2885,2.4196,0.9975,-0.1169,0.3860,0.4817,0.0984,0.3566,0.6775,0.1905,0.4857,0.9875,-0.0672,0.1384,0.4197,1,1.3663,-0.2242,7.7556,0.0097,0.2272,0.9143,0.5795,7.3677,7.7881,0.3247,1.7853,1.7321,0.8391,0.7485,1.0255,-1.9730,4.6084,2.1675,1.2585,3.3853,2,-1.2285,0,2.2500,0,0,0,-0.3604
54,15,2,2,0,2008.8200,4.0550,1.8362,23.9938,36.3160,0,-1.2907,0.3027,0.9850,0.2174,-0.2857,0.0981,-0.8284,0.4522,-0.0697,0.4981,0.3433,0.1584,0.4454,0.7000,-0.4733,0.6674,0.0959,0.1035,0.2539,0.9010,0.1412,0.2918,0.6684,8,0.7185,0.2895,4.5327,0.4390,0.8656,0.9088,3.1443,4.1430,8.0321,1.3743,1.7708,0.9560,-0.2712,-0.3371,-1.0778,1.1875,-1.6438,-0.3657,-0.8865,-0.6822,3,-0.3604,0,665.5000,0,-1,0,-1.0456
55,14,1,2,0,1997.5800,4.1114,2.6140,21.1656,17.2298,1,-0.2228,-0.4842,-0.0403,-0.0447,0.5517,-0.6414,-0.8307,-1.4030,-1.1018,1.4191,0.0476,0.2920,0.3113,0.9603,0.0173,0.2351,0.7937,0.0238,0.1431,0.6713,0.0203,0.1882,0.5211,15,1.0650,0.1821,7.6908,0.6081,1.3621,0.6536,3.3760,7.1776,5.9444,2.1716,1.8348,0.2359,-0.5050,-0.5050,-0.2104,0.8305,-2.3211,-1.5900,-1.5229,0.1228,4,-1.0456,1,626.0000,0,-1,0,-1.1591
56,16,4,3,1,2073.5200,4.1471,2.7734,18.6558,15.7568,1,0.4788,0.1990,-0.0433,-0.2377,0.5830,-0.0691,0.0731,0.3653,0.2541,0.5629,0.4948,0.0660,0.4792,0.7531,0.0342,0.1668,0.4751,0.0235,0.0900,0.8043,-0.0753,0.1960,0.2993,13,0.7247,0.2339,6.1151,0.6221,1.1960,0.8649,4.3090,4.6032,6.0620,1.2652,2.3182,0.9613,0.1665,0.2286,0.0342,0.2015,2.1552,1.1250,0.8866,0.4836,5,-1.1591,0,361.5000,0,1,1,3.6970
57,16,0,3,1,2115.6700,4.3450,2.7366,20.8432,18.0021,1,1.9261,0.4788,0.1990,-0.0433,-0.2377,0.5830,-0.0691,2.1650,0.3093,0.5755,0.8692,0.1739,0.3541,0.5794,0.0644,0.1740,0.4641,-0.1181,0.3270,0.1131,-0.0662,0.2916,0.2023,19,1.8660,0.7762,6.4810,1.4707,1.8826,0.9719,3.7998,7.6755,15.9448,1.4917,2.1167,0.3740,0.1725,0.2113,0.0673,0.2532,2.7352,1.5040,0.0893,0.9424,0,3.6970,1,0.2500,0,1,1,3.7108
58,17,4,3,1,2190.4600,6.0071,2.2983,23.0903,29.9673,1,0.5545,0.9389,0.6466,1.4812,1.9261,0.4788,0.1990,6.0909,0.0959,1.3167,0.5021,0.5265,0.6757,0.8642,-0.0037,0.2461,0.7006,-0.0820,0.2723,0.0221,0.0718,0.2210,0.7945,43,1.9367,0.7854,4.7543,0.8523,1.8445,0.8881,2.8999,4.2050,6.4673,1.3357,2.3329,0.0000,-0.1716,0.0210,0.9384,-0.7299,0.0534,-1.0815,-0.4029,0.1067,0,3.7108,1,46.7500,0,-1,0,-1.0308
59,23,2,4,1,2193.2400,6.3807,3.1039,24.0395,39.9775,1,1.3387,-0.1296,0.1512,-0.2368,-0.5570,0.7340,-1.1102,8.3364,1.3186,1.4896,0.9179,0.2076,0.6678,0.4993,-0.1368,0.3033,0.5474,-0.0352,0.2290,0.3198,-0.0153,0.1650,0.0674,1,1.1937,0.0449,5.2047,0.7021,1.0673,0.9457,1.5077,5.5558,5.4759,0.3841,2.0403,1.4579,0.1658,0.6139,-0.1525,0.0093,2.6878,1.3491,1.0829,1.1959,1,-1.0308,1,293.0000,0,-1,0,-1.0290
60,17,3,3,1,2219.0600,4.6679,1.7907,26.2185,44.4247,1,0.7325,0.3283,0.2868,-0.7230,-0.2255,1.3387,-0.1296,8.0536,0.9495,1.1136,0.9493,-0.0346,0.4464,0.4061,0.2974,0.4262,0.8639,-0.2311,0.3081,0.2500,0.1049,0.2801,0.9283,19,1.4965,0.3453,3.1663,0.4477,1.0840,0.9526,0.8419,1.6646,6.3284,0.8026,2.1789,0.9705,-0.0805,-0.2190,-0.5663,0.0099,1.0502,-0.1093,0.5643,-0.1016,2,-1.0290,1,170.0000,0,1,1,3.6160
61,3,0,0,1,2263.2000,4.2393,1.6102,27.8378,45.9167,1,1.7815,0.7325,0.3283,0.2868,-0.7230,-0.2255,1.3387,10.0263,0.4379,0.9508,0.7023,0.6080,0.8796,0.8771,0.2090,1.0471,0.7776,0.9495,1.1136,0.9493,-0.0346,0.4464,0.4061,22,2.5763,0.6434,5.6377,0.8681,1.3941,0.8206,1.5993,4.3120,16.3070,1.0564,1.3114,1.4428,-0.0259,-0.0185,-0.2146,0.0377,1.1420,0.0900,0.4908,0.7925,0,3.6160,1,2.5000,0,-1,0,-1.0436
62,14,1,2,1,2270.8600,4.6307,1.6347,28.5080,47.6693,1,0.7852,1.7815,0.7325,0.3283,0.2868,-0.7230,-0.2255,8.0613,-0.1548,0.5962,0.3175,0.2021,0.4675,0.8408,0.2791,0.5826,0.7590,-0.0560,0.3549,0.3129,0.5952,0.7520,0.9905,31,1.6603,0.7403,2.9110,0.8897,2.3538,0.6991,2.6670,3.1442,3.3386,2.0737,1.8034,0.0000,0.1917,0.1992,-0.6946,-0.0771,3.1524,2.3271,-1.0118,-0.8501,1,-1.0436,1,28.7500,0,-1,0,-1.0400
63,14,2,2,1,2279.3300,4.1550,1.3073,28.9246,49.4588,1,1.3063,0.7852,1.7815,0.7325,0.3283,0.2868,-0.7230,9.4729,0.0752,0.4263,0.9752,-0.4607,0.8044,0.3032,0.0215,0.4932,0.6234,0.1395,0.4627,0.5128,0.9070,0.9525,0.9898,37,1.5962,0.8347,3.2130,0.1276,2.3682,0.3974,1.0205,2.0722,5.0108,2.1563,1.6633,0.0000,0.4418,0.5323,0.0786,0.1352,4.3952,3.9560,0.7186,0.1524,2,-1.0400,1,23.2500,0,-1,0,-1.1735
64,14,4,2,1,2299.7400,5.3843,1.5352,29.1265,53.0699,1,-0.4087,0.8475,1.3063,0.7852,1.7815,0.7325,0.3283,7.6487,0.1198,0.7050,0.6479,0.4425,0.6664,0.7582,-0.2212,0.7153,0.6295,-0.3344,0.4553,0.0259,0.1732,1.1191,0.4213,49,1.0440,0.4230,3.5009,0.1003,1.7737,0.5948,1.6604,1.6251,2.1581,1.8065,1.5863,0.4794,-0.1458,-0.4509,0.2112,-0.0930,0.3100,-0.2211,-0.8886,-0.9018,3,-1.1735,1,12.5000,0,1,1,3.7666
65,17,0,3,1,2337.7400,4.2264,1.1015,31.5232,54.9113,1,1.6109,-0.4087,0.8475,1.3063,0.7852,1.7815,0.7325,8.3653,-0.0253,0.7273,0.5767,-0.3116,0.8895,0.3022,-0.2506,0.5051,0.3779,1.5593,2.2111,0.7694,-0.7258,1.0491,0.0858,56,1.6588,0.8399,4.0081,0.4969,1.6633,0.8009,2.5128,1.5143,2.9765,1.0400,1.4965,0.7892,0.0571,0.2012,1.0809,0.1214,1.3347,1.2974,0.1137,-0.4657,0,3.7666,1,15.0000,0,-1,0,-1.1705
66,16,3,3,1,2347.7600,4.7257,1.1610,33.1698,59.2149,1,-0.7982,0.5969,0.4799,1.6109,-0.4087,0.8475,1.3063,6.9442,0.5773,0.7036,0.8205,-0.6415,0.8075,0.1226,0.3289,0.5490,0.6911,0.0759,0.1680,0.4898,-0.1382,0.8292,0.4216,73,0.6709,0.2295,3.3180,0.0741,1.0856,0.8947,0.8422,1.7627,1.5024,0.5995,1.8602,0.9234,-0.2216,-0.1714,-1.3004,0.1949,0.0071,-0.3193,0.2099,-1.5867,1,-1.1705,1,28.0000,0,1,1,3.9609
67,13,4,2,1,2402.5300,4.4221,1.0824,34.5141,59.9770,1,1.6538,-0.7982,0.5969,0.4799,1.6109,-0.4087,0.8475,9.9334,-0.0392,0.4177,0.5435,0.5260,0.7223,0.7741,0.2262,0.6987,0.3261,0.2761,0.3495,0.9011,0.9682,1.2610,0.8292,79,2.1617,0.7889,2.2636,0.4885,2.4807,0.8341,1.4246,1.5807,14.2691,1.8784,1.5105,1.0441,-0.1689,-0.8599,-1.4693,-0.1293,4.7943,2.4695,0.1455,-0.1350,0,3.9609,1,12.5000,0,-1,0,-1.0418
68,17,0,3,1,2366.8400,8.6786,1.9254,39.0231,61.1400,1,-1.2539,1.6538,-0.7982,0.5969,0.4799,1.6109,-0.4087,7.7640,-0.0115,1.5585,0.8930,0.2441,0.6340,0.7378,-0.2117,0.7515,0.3902,0.1411,0.6901,0.5043,-0.1167,1.0798,0.2398,5,0.3766,0.1111,4.2334,0.6672,1.4438,0.9577,2.1017,1.4576,-2.4601,0.8795,1.7747,1.1336,-0.0771,-0.1175,-2.1100,0.6470,2.7671,2.1559,-0.8489,-2.5171,1,-1.0418,1,73.7500,0,-1,0,-1.3917
69,13,0,2,0,2336.8300,5.3221,1.2258,40.1558,63.1163,0,0.4687,0.7569,-0.9029,-0.0273,1.7167,-1.2539,1.6538,9.3206,-0.9612,1.2943,0.1234,-0.4292,0.8018,0.4237,-0.5247,0.9336,0.3444,-0.2537,0.3262,0.1425,-0.4055,0.6364,0.2141,3,1.5348,0.0434,4.9379,0.0921,1.6760,0.5774,0.9883,4.2614,7.9291,1.6980,1.0120,0.1230,-0.1690,-0.2158,-0.0338,0.0854,-4.2607,-2.0410,0.5105,-3.3915,2,-1.3917,0,1.7500,0,1,1,3.9652
70,14,1,2,0,2300.7700,4.7300,1.4301,38.8043,49.2637,0,-0.0612,0.2028,0.7138,-0.2528,-0.2248,-2.6374,0.4687,4.5554,-0.2949,0.5768,0.1049,-0.5829,0.7028,0.1346,-0.3248,0.4807,0.1310,-0.0702,0.1969,0.5000,-0.3065,0.5818,0.1922,5,1.1425,0.1597,3.2051,0.4334,2.5391,0.8301,1.1142,3.4715,6.7040,2.0931,1.5215,0.0000,-0.3458,-0.2026,-0.0682,0.4200,-3.5737,-2.4468,-0.2468,0.6630,0,3.9652,1,172.7500,0,-1,0,-1.0887
71,13,3,2,0,2294.4600,4.2264,1.2677,40.1945,43.0095,0,1.4708,-2.1305,-0.0612,0.2028,0.7138,-0.2528,-0.2248,3.0239,-0.4136,0.5143,0.0802,-0.6100,0.6906,0.0600,-0.2685,0.3876,0.0844,0.1469,0.3089,0.7782,0.6837,1.4056,0.7279,2,0.9171,0.1151,3.8425,0.1538,2.5814,0.9129,1.0695,2.2525,0.0237,1.6660,1.2247,0.9852,-0.1542,0.0496,-0.1299,-2.0280,-0.7586,-0.5928,0.2212,0.7771,1,-1.0887,1,22.7500,0,-1,0,-1.0438
72,14,3,2,1,2333.1700,5.5671,1.8288,37.4584,30.5961,1,-0.2373,-0.4209,0.9300,-0.0612,-0.6812,1.4708,-2.1305,-1.2998,0.7059,0.9773,0.8857,-0.1767,0.5280,0.2365,0.2265,0.3183,0.9020,-0.0113,0.1329,0.4691,-0.3768,0.4143,0.0458,1,0.5328,0.0092,4.0559,0.7005,2.1106,0.8400,3.3123,4.5373,3.6644,2.0215,1.6936,1.2152,0.3819,0.2484,0.8177,-0.0206,2.5393,1.9151,0.3120,3.2904,2,-1.0438,0,167.2500,0,1,1,3.9668
73,14,1,2,1,2353.8600,4.2907,1.5575,36.9942,28.5188,1,-1.0824,0.6487,1.6414,-0.2373,-0.4209,0.9300,-0.0612,-0.2937,0.1890,0.5786,0.8540,-0.0102,0.4172,0.7883,0.3304,0.3681,0.9058,-0.0171,0.2105,0.3211,-0.0334,0.1690,0.3772,3,0.4291,0.0681,3.7150,0.3123,1.6967,0.8407,1.3285,1.8692,1.5778,1.6318,1.5562,0.0000,0.2621,0.1925,0.4342,0.3040,0.3599,-0.0561,0.0777,0.6538,0,3.9668,1,99.2500,0,1,1,3.8320
74,17,2,3,1,2389.1400,5.7636,2.0018,36.1232,27.8374,1,0.9414,-1.0824,0.6487,1.6414,-0.2373,-0.4209,0.9300,0.6450,0.4662,1.4706,0.9109,-0.0299,0.8659,0.6939,0.6895,0.7862,0.9444,0.0480,0.2577,0.3410,-0.0895,0.1383,0.2945,10,1.4702,0.4038,6.3867,0.0868,0.5205,0.9333,0.7218,3.8639,6.9835,0.6639,2.1915,0.9683,0.4135,0.5620,1.2734,-1.1233,3.7398,2.4888,1.4661,2.2422,0,3.8320,1,0.2500,0,-1,0,-1.0321
75,14,4,2,1,2405.8200,4.5843,1.6204,35.5849,28.4155,1,-0.3902,1.1858,0.9414,-1.0824,0.6487,1.6414,-0.2373,-0.2439,0.3775,0.5134,0.9428,0.2295,0.3914,0.6165,0.0349,0.3049,0.6717,0.0383,0.1170,0.3849,-0.2238,0.2746,0.1131,21,1.0919,0.3226,5.0913,0.1701,1.4964,0.6939,1.0318,5.0171,5.8330,1.6134,1.5352,0.9479,0.3515,0.0580,1.0443,0.0663,4.2244,3.1095,-0.4312,1.6100,1,-1.0321,1,25.2500,0,1,1,3.7259
76,17,0,3,1,2434.2100,4.2786,1.3161,36.5259,29.3227,1,1.7290,-0.3902,1.1858,0.9414,-1.0824,0.6487,1.6414,2.4055,0.5453,0.7309,0.9155,-1.0770,1.6311,0.1628,0.1120,0.7439,0.4484,0.4906,0.6284,0.7808,0.3152,0.4161,0.8897,28,1.5642,0.7942,5.3639,0.9255,1.2644,0.9316,1.9142,3.6554,4.9549,0.7365,1.5592,1.0195,-0.0074,-0.0460,0.6718,0.3747,2.6730,2.3066,0.1340,1.7700,0,3.7259,1,11.7500,0,-1,0,-1.0432
77,15,1,2,1,2431.7800,4.4721,1.2924,36.9677,30.6745,1,0.3520,1.7290,-0.3902,1.1858,0.9414,-1.0824,0.6487,1.5181,0.3122,0.7331,0.7930,0.2645,0.5625,0.7502,-0.6773,1.1038,0.2301,0.0882,0.2534,0.7301,-0.0144,0.5774,0.2077,33,1.1573,0.5111,3.7432,0.0291,1.0018,0.5357,0.6104,2.8107,2.9449,1.2868,1.6592,0.9575,-0.1343,-0.0589,0.3300,-0.0090,-0.8129,-1.0816,-0.2002,1.6506,1,-1.0432,1,19.0000,0,-1,0,-1.0414
78,18,2,3,0,2379.3000,4.4721,1.2245,36.3050,31.8730,0,-0.2213,0.3520,1.7290,-0.3902,1.1858,0.9414,-1.0824,1.2934,-0.8494,1.2850,0.3123,-0.1899,0.6020,0.5278,0.1670,0.3262,0.7980,-0.3177,0.5924,0.0516,-0.0289,0.1132,0.0547,1,0.4910,-0.1634,6.7999,0.6529,1.7889,0.9000,2.2651,1.5474,9.5502,1.0402,1.3950,0.0000,-0.1126,-0.2829,-0.5258,0.2676,-3.3587,-2.0611,-0.3514,-0.1292,2,-1.0414,0,26.5000,0,1,1,3.9586
79,17,3,3,0,2336.0500,5.8271,1.5713,37.3882,31.5371,0,-1.7408,-0.2213,0.3520,1.7290,-0.3902,1.1858,0.9414,2.2262,-0.9243,1.2629,0.0322,0.0987,0.4504,0.3678,-0.5184,0.7675,0.3059,-0.3159,0.6377,0.4005,0.0374,0.2198,0.3633,7,2.1268,0.5366,5.1689,0.6298,1.4158,0.8327,1.3540,4.8240,9.5381,0.7467,1.7569,0.0000,-0.2049,-0.2289,-0.5400,0.2927,-3.5103,-1.3807,-0.6116,-0.6417,0,3.9586,1,2.7500,0,-1,0,-1.1525
80,17,4,3,0,2325.0600,5.5543,2.0241,34.8423,22.0752,0,0.2160,-0.9797,0.3541,0.7861,0.2383,-2.1012,-1.7408,2.4936,-0.9292,1.3560,0.1597,0.4946,0.6705,0.8771,-0.0354,0.3157,0.4784,-0.0925,0.4573,0.6692,0.0939,0.2308,0.7819,1,0.6646,0.0937,5.7487,0.4789,1.5700,0.8830,1.5267,5.2176,3.3920,0.8767,2.1383,1.2496,-0.2006,0.0738,-0.0461,0.2992,-3.2052,-2.5633,-0.7525,-1.6753,1,-1.1525,1,101.0000,0,-1,0,-1.1178
81,14,1,2,0,2324.4200,4.1507,1.4385,35.4875,19.4446,0,0.9188,-0.5822,0.2160,-0.9797,0.3541,0.7861,0.2383,2.1001,0.0763,0.4530,0.9243,-0.6802,0.8279,0.0535,-0.0515,0.3905,0.6808,-0.0221,0.1259,0.2703,0.0634,0.4231,0.5895,2,0.3358,-0.0218,3.0404,0.2192,1.6865,0.6786,2.5731,1.3130,2.3080,1.5492,1.4751,1.4161,0.1261,0.0929,0.0469,-0.8445,-3.0803,-2.6997,-0.0289,-0.7857,2,-1.1178,1,23.7500,0,-1,0,-1.0446
82,15,3,2,1,2370.2900,5.2300,1.7958,35.3129,17.1564,1,1.2119,-1.0100,0.9188,-0.5822,0.2160,-0.9797,0.3541,1.3513,-0.2256,0.4211,0.2302,-0.2764,0.4866,0.2654,0.5850,0.8202,0.7195,-0.0339,0.1265,0.3859,0.1012,0.2117,0.6807,7,0.4889,0.2771,2.5736,0.6501,1.3365,0.8941,1.8834,1.6080,6.5048,1.3081,1.6739,1.4835,0.1325,0.1574,0.4227,-0.1479,4.1754,3.5254,0.3814,1.9759,3,-1.0446,0,36.7500,0,-1,0,-1.0354
83,14,4,2,0,2309.4200,7.2679,2.3438,34.5784,17.0208,0,0.8875,1.2119,-1.0100,0.9188,-0.5822,0.2160,-0.9797,2.6830,-1.1916,1.4656,0.1640,-1.6492,1.8867,0.1037,0.3435,0.7589,0.9568,0.1111,0.1494,0.7831,0.1298,0.3017,0.9818,2,1.3731,-0.2162,4.7607,0.5751,1.7213,0.6451,1.3512,4.1113,6.6209,1.5655,1.7407,1.5952,-0.6998,-0.6021,-0.3961,0.5377,-3.1891,-1.0247,0.1502,2.7687,4,-1.0354,0,5.7500,0,-1,0,-1.1546
84,17,1,3,1,2330.2100,4.3357,1.5006,35.3030,13.8162,1,-0.5690,1.2284,-0.8939,0.3557,0.2436,0.8414,-3.5544,-4.0850,0.7023,0.7360,0.9718,0.1147,0.7602,0.4200,-0.4831,0.5584,0.0432,-0.0688,0.2758,0.5195,0.2143,0.2764,0.7754,1,0.4157,-0.0057,4.2853,0.1084,0.9710,0.8860,0.7796,3.7549,4.0755,0.5845,1.5362,0.3521,-0.1219,0.0876,-0.0652,0.0704,0.4805,-0.0931,0.1208,2.3762,5,-1.1546,0,148.2500,0,1,1,3.8338
85,17,4,3,0,2321.1300,5.7236,2.2129,33.3406,12.5939,0,1.3482,-0.0386,0.4437,-0.5690,1.2284,-0.8939,0.3557,-2.5248,-1.5183,1.7128,0.0336,-0.1966,0.3488,0.0230,0.1033,0.5485,0.7886,-0.0482,0.2969,0.8305,0.1563,0.2809,0.8899,1,0.5431,-0.3772,7.8151,0.3774,0.8911,0.7667,0.6028,7.4097,5.8198,0.7843,2.0003,1.6342,0.0983,-0.1298,-0.0458,0.4362,-3.8926,-2.5477,-0.2380,0.6991,0,3.8338,0,26.2500,0,-1,0,-1.1143
86,13,2,2,0,2296.7300,4.5179,1.7834,32.5634,11.2520,0,-0.6477,0.5643,-1.6235,1.3482,-0.0386,0.4437,-0.5690,-0.6375,-0.2392,0.6063,0.4138,-0.0509,0.3673,0.7039,-0.0656,0.4758,0.5703,-0.0379,0.2639,0.1111,0.0673,0.1614,0.6791,10,0.7289,0.2301,3.4707,1.3170,1.6822,0.9934,4.1524,4.5420,7.2933,1.8552,1.4592,1.2685,-0.1300,-0.2579,-0.6404,0.5432,-1.8302,-1.2279,0.1718,-0.5397,1,-1.1143,1,53.2500,0,-1,0,-1.0409
87,13,2,2,1,2357.4200,4.0029,1.6307,29.9303,8.8538,1,-0.1046,0.2321,-0.0558,1.2924,-0.9201,-0.6477,0.5643,0.0077,0.2495,0.5979,0.5991,0.4374,0.6665,0.8130,0.1815,0.3600,0.9070,0.0262,0.1163,0.2915,0.2798,0.3978,0.7890,5,0.9086,0.1531,3.5025,0.3173,2.0510,0.9488,1.1892,3.4375,7.9044,1.7069,1.9838,0.8826,0.3171,0.4422,1.0745,0.2138,1.9643,0.9739,0.8112,0.9751,2,-1.0409,0,149.0000,0,1,1,3.6861
88,12,3,2,1,2407.6600,4.0607,1.7342,29.6585,16.5662,1,0.3016,0.2047,-1.3491,1.4772,0.0289,1.1346,-0.1046,2.6056,-0.0252,0.2359,0.5214,0.3302,0.3968,0.9522,0.1185,0.1421,0.9347,-0.2893,0.3617,0.1221,0.0067,0.5362,0.3075,10,0.6225,0.2290,1.4948,5.6739,7.4420,0.9765,6.4890,6.2821,7.5381,10.5902,1.3350,1.2038,0.3678,0.5560,0.8345,-1.7504,2.1726,2.0691,0.7492,1.6701,0,3.6861,1,139.2500,0,-1,0,-1.0456
89,15,3,2,1,2417.7700,7.9214,3.2716,29.6585,16.5662,1,0.3016,0.2047,-1.3491,1.4772,0.0289,1.1346,-0.1046,2.6056,1.0435,1.3274,0.8899,-0.0252,0.2359,0.5214,0.3302,0.3968,0.9522,0.1185,0.1421,0.9347,-0.2893,0.3617,0.1221,11,1.5428,0.2918,4.3957,0.6060,1.0503,0.9760,1.4013,4.4815,4.3603,1.1606,3.4439,0.8834,0.1382,0.4380,0.5467,-1.9513,1.6768,-0.1275,-0.2213,0.9631,1,-1.0456,1,1.2500,0,-1,0,-1.0234
90,14,4,2,1,2409.1900,4.6964,1.7531,31.3672,19.0516,1,1.8819,0.3016,0.2047,-1.3491,1.4772,0.0289,1.1346,4.2825,-0.3959,0.7012,0.3845,-0.0465,0.4052,0.7316,-0.1430,0.3159,0.2546,-0.1432,0.2149,0.1850,0.1634,0.3595,0.6448,17,0.6615,0.5454,3.5942,0.1831,1.5310,0.7636,1.0710,1.5395,0.7687,1.8415,2.1700,0.8925,0.1754,0.2813,0.7862,-0.5279,-1.9491,-1.8286,0.4944,1.5759,2,-1.0234,1,6.7500,0,1,1,3.6184
91,15,1,2,1,2452.0700,5.4357,2.0412,31.5692,23.9231,1,0.4704,-0.1917,1.8819,0.3016,0.2047,-1.3491,1.4772,3.8655,-0.1658,0.5963,0.2147,0.3075,0.4602,0.7603,0.3304,0.4229,0.7832,-0.0483,0.1135,0.4327,-0.3271,0.4325,0.2398,29,1.1646,0.5104,3.6849,0.4728,1.4901,0.7531,1.7109,2.2076,6.0618,1.1068,2.3015,0.8173,0.0422,-0.1036,0.6662,0.0481,0.1885,-0.6521,0.2012,1.2779,0,3.6184,1,1.2500,0,-1,0,-1.2312
92,14,0,2,0,2386.6300,4.8100,1.4539,34.2958,31.0286,0,-1.8248,-0.5438,-0.4204,1.9250,0.4704,-0.1917,1.8819,3.1049,-0.2720,0.8164,0.2832,-0.1999,0.3492,0.2155,-0.0914,0.3717,0.2726,0.2448,0.4954,0.6588,0.0367,0.2146,0.9515,10,1.2280,0.4531,4.0748,0.4491,1.6736,0.9950,2.0541,3.8337,1.9813,1.4808,1.3990,0.8451,-0.0450,0.0322,-0.0900,-0.3943,-0.8049,-0.4783,0.9415,-1.2258,1,-1.2312,0,91.0000,0,-1,0,-1.0385
93,1,3,0,0,2377.7800,4.5143,1.4910,33.3035,29.1135,0,-0.4782,0.5329,-0.1708,-1.8248,-0.5438,-0.4204,1.9250,2.7098,-0.0138,0.3424,0.4982,-0.8813,0.9475,0.0467,-0.0999,0.7603,0.2949,0.4001,0.5050,0.9557,-0.2506,0.3511,0.1296,2,0.6589,0.0596,4.7804,1.7478,4.1646,0.6133,4.2244,4.3883,7.0930,4.0695,1.0585,1.1867,-0.0101,-0.0940,-0.8807,-1.5394,-2.9566,-2.4924,-1.7534,-2.9008,2,-1.0385,1,56.2500,0,-1,0,-1.0929
94,17,1,3,1,2399.8700,4.8036,1.4551,34.3428,24.3462,1,-0.1131,0.9589,-1.3984,-0.4782,0.5329,-0.1708,-1.8248,2.4828,0.5573,0.7077,0.9739,-0.1201,0.2775,0.1222,0.1282,0.2498,0.5638,0.1919,0.4946,0.8370,-0.0751,0.1955,0.3326,1,0.3639,-0.0525,2.9832,0.4413,1.6738,0.9453,3.0207,2.7688,4.7985,1.1090,1.6736,1.2049,0.1102,-0.0702,-0.3612,-0.4586,2.0836,1.1690,-1.3700,-3.0126,3,-1.0929,0,98.7500,0,1,1,3.8500
95,19,2,3,1,2447.4900,4.6657,1.3654,34.4769,23.5277,1,1.1081,-0.1131,0.9589,-1.3984,-0.4782,0.5329,-0.1708,3.6185,0.2690,0.4648,0.8169,-0.0405,0.2449,0.5245,0.0078,0.4171,0.5960,0.5102,0.7281,0.9886,-0.0539,0.1290,0.3441,7,1.1001,0.3833,5.3154,0.7437,1.9461,0.6267,3.2535,5.2768,8.9375,1.5005,1.2909,0.9405,0.0490,0.1443,-0.1107,-1.8381,1.9111,0.7102,2.1536,2.1509,0,3.8500,1,0.2500,0,-1,0,-1.0397
96,3,4,0,1,2455.5700,4.8500,1.5035,35.1374,24.2782,1,-0.0425,1.5191,1.1081,-0.1131,0.9589,-1.3984,-0.4782,5.0143,0.1087,0.3515,0.6209,0.0671,0.5134,0.8932,-0.2526,0.8230,0.1180,0.6935,1.0132,0.8313,-0.4239,0.6386,0.0410,15,1.2267,0.5331,4.0969,0.1443,1.0887,0.9811,1.7320,2.1402,0.8680,1.3242,1.0723,1.2583,0.0148,-0.3325,-0.6263,-0.1289,-0.1769,-0.7614,-2.7039,-0.3401,1,-1.0397,1,24.0000,0,-1,0,-1.0381
97,13,1,2,0,2391.3400,4.5500,1.0196,41.4823,22.3526,0,-1.3245,-0.1562,-0.0425,1.5191,1.1081,-0.1131,0.9589,0.7824,-0.7515,1.0149,0.0490,0.1275,0.8542,0.7929,-0.3253,0.4905,0.1806,0.2298,0.5779,0.8270,0.2913,0.5306,0.7624,8,1.1035,0.2618,5.3780,0.1099,2.3319,0.7653,4.2396,4.5868,-1.0571,2.2983,0.9943,0.8402,-0.2068,-0.7806,0.9554,1.6646,0.2362,-0.5445,1.7552,-4.8227,2,-1.0381,0,94.5000,0,-1,0,-1.0407
98,18,3,3,1,2426.0100,4.2743,0.9150,40.2069,19.5626,1,-0.3004,-0.8369,-1.3245,-0.1562,-0.0425,1.5191,1.1081,1.0013,0.4157,0.9161,0.7158,0.5625,0.9033,0.6574,0.0079,0.3446,0.2533,0.3701,0.4766,0.8206,0.1297,0.3547,0.6130,2,0.4877,-0.1572,5.2828,0.2644,0.9288,0.9194,1.0060,1.7874,7.1334,0.4331,0.8611,0.9200,0.1818,-0.0879,1.1222,0.2265,2.9970,1.5864,1.5682,-2.2706,3,-1.0407,0,52.0000,0,-1,0,-1.0433
99,15,0,2,1,2459.0100,4.1043,1.1262,39.2327,18.0307,1,0.1582,1.8668,-0.3004,-0.8369,-1.3245,-0.1562,-0.0425,2.5298,0.0991,0.2355,0.8243,0.3571,0.6037,0.8781,0.2018,0.3978,0.9865,-0.0535,0.2741,0.2568,-0.1450,0.4017,0.3793,13,1.0056,0.3320,4.3467,0.3557,1.5106,0.9774,2.4730,4.0811,7.0268,1.2365,1.1139,0.9373,0.0430,0.1466,-0.4390,0.8848,1.5521,0.6303,0.5460,3.6253,4,-1.0433,1,81.2500,0,-1,0,-1.1756
100,13,4,2,1,2491.6500,4.3121,1.4864,38.6020,17.9907,1,0.3489,-0.6970,-0.2985,1.6989,0.1582,1.8668,-0.3004,-0.5144,1.1883,1.2679,0.9744,0.3902,0.5443,0.8427,-0.2294,0.3775,0.2134,0.0745,0.2170,0.7392,0.0195,0.3302,0.3379,6,1.5726,0.2311,4.9187,3.4832,4.5639,0.9593,4.5082,6.7878,6.5211,3.2482,1.1504,0.7746,0.1147,0.3395,0.7506,-0.8566,1.6123,-0.4573,0.2859,4.0313,5,-1.1756,1,47.5000,0,-1,0,-1.0429
101,14,0,2,1,2502.6900,4.9257,1.5669,40.0583,18.5074,1,2.0926,0.3489,-0.6970,-0.2985,1.6989,0.1582,1.8668,1.9963,-0.4786,0.6975,0.2658,0.0976,0.3211,0.5019,-0.0572,0.4408,0.5150,-0.3008,0.3889,0.1752,0.4724,0.6651,0.8735,12,0.9269,0.6374,3.4269,0.0345,1.3419,0.6793,2.6636,2.3184,1.7561,1.5569,1.4683,0.7759,0.0852,0.1496,1.0910,-0.8063,0.3448,0.8569,0.0772,4.4155,6,-1.0429,1,72.2500,0,-1,0,-1.2551
102,17,4,3,0,2495.1300,5.3614,1.8491,34.7171,19.1804,0,0.6701,-0.8057,0.2701,0.2249,1.1137,-1.0971,-0.0613,4.5823,-0.8707,0.9255,0.0510,-0.1296,0.4681,0.3929,0.3800,0.5658,0.7335,-0.1740,0.3110,0.1481,-0.1436,0.1975,0.2028,1,0.5557,-0.0631,5.4463,0.0802,0.7927,0.7718,1.2590,3.7788,5.3885,0.6666,1.9643,0.9672,-0.1662,-0.2897,-1.1133,0.8441,-2.6708,-1.5791,-0.7333,-0.0680,7,-1.2551,0,196.0000,0,-1,0,-1.1220
103,13,1,2,0,2481.9600,5.9750,2.1479,33.3315,17.2585,0,-0.1470,-0.7001,0.6701,-0.8057,0.2701,0.2249,1.1137,2.3490,-0.4277,0.8071,0.4211,0.3209,0.5417,0.8291,0.0056,0.2913,0.8597,-0.1456,0.1952,0.1721,-0.0324,0.1000,0.3440,12,0.4817,0.1417,3.5967,0.4736,2.2828,0.8746,2.2042,3.5280,3.1732,2.4809,1.9211,0.7938,-0.0054,-0.1816,-0.9930,-0.7497,-0.8570,-0.5376,-0.5050,0.2231,8,-1.1220,1,28.7500,0,-1,0,-1.0310
104,15,1,2,1,2516.3000,4.4629,1.5546,32.6734,13.3341,1,0.3556,-0.7661,0.8585,0.0979,-0.2820,-0.1470,-0.7001,3.0918,0.4592,0.5543,0.9827,0.0220,0.3046,0.2900,-0.1457,0.2315,0.1224,-0.0303,0.1129,0.2014,0.0675,0.3083,0.8653,1,0.3998,0.0404,3.2513,0.2061,1.2660,0.6230,2.5746,2.4872,4.9273,1.1421,1.7536,0.7938,-0.1975,-0.2119,-0.2137,-0.0189,0.7612,0.2726,0.5908,-1.6173,9,-1.0310,0,164.2500,0,-1,0,-1.0415
105,13,3,2,1,2538.1300,5.0343,1.8527,31.3977,13.1521,1,-0.1939,0.4118,0.3556,-0.7661,0.8585,0.0979,-0.2820,1.5896,0.4445,0.8851,0.6970,0.0139,0.3103,0.3739,0.1923,0.2675,0.8943,0.0123,0.1099,0.4022,-0.1443,0.2823,0.2493,13,0.6891,0.1251,4.4257,0.5602,4.0641,0.7859,3.6192,3.9608,3.7483,3.2033,1.4790,0.7901,0.0871,0.0799,-0.6058,-0.1356,1.7543,0.9446,1.3032,0.8463,10,-1.0415,1,24.5000,0,1,1,3.8568
106,18,2,3,1,2588.7500,4.5050,1.5972,30.7898,18.6963,1,-0.5135,0.1396,0.7871,1.8729,-0.1939,0.4118,0.3556,2.4501,-0.0547,0.4079,0.6508,0.2522,0.4973,0.6487,0.0440,0.2429,0.6442,-0.1698,0.3296,0.0790,0.1370,0.2199,0.6832,38,0.4693,0.1803,2.5394,2.2619,5.4140,0.8872,3.6138,3.8313,5.7092,3.9629,1.5585,1.4025,-0.0790,0.0927,0.9793,0.0987,-1.3908,-1.2807,0.1074,2.3704,0,3.8568,1,124.7500,0,-1,0,-1.0411
107,16,3,3,1,2591.9900,4.6000,1.4415,32.4005,18.7611,1,-0.3931,-0.5135,0.1396,0.7871,1.8729,-0.1939,0.4118,2.2018,-0.3184,0.8406,0.1661,0.8124,0.8814,0.9274,0.2099,0.6108,0.8330,-0.0051,0.2251,0.5156,-0.6190,2.0715,0.2280,3,0.4675,0.1070,4.6739,0.1565,0.6913,0.9340,1.5326,2.7435,4.9348,0.5555,2.1194,0.9635,-0.1004,0.2789,0.9665,0.6707,2.2578,1.5055,1.5487,2.8145,1,-1.0411,1,22.0000,0,1,1,3.6104
108,14,1,2,1,2640.3500,4.7729,1.5284,32.8581,20.9761,1,0.2506,1.3694,1.0778,-0.3931,-0.5135,0.1396,0.7871,4.6335,0.1556,0.4907,0.7597,-0.3438,0.6626,0.3684,0.4910,0.5085,0.9895,-0.1373,0.1883,0.2707,0.0129,0.1309,0.8314,21,1.0936,0.4977,3.4047,0.1488,1.3661,0.5706,1.1503,1.1125,2.1098,1.3364,1.7309,0.7890,0.0287,0.0836,0.2313,0.0250,0.3395,0.2148,0.0958,1.1503,0,3.6104,1,35.2500,0,1,1,3.8490
109,13,0,2,0,2631.8900,4.6957,1.4853,32.3685,27.5031,0,-0.5258,0.5732,-0.0015,1.0835,0.2506,1.3694,1.0778,6.1459,-0.5461,0.7232,0.2376,-0.0900,0.3780,0.2869,-0.2142,0.6387,0.5053,0.1102,0.3073,0.4614,0.2376,0.6388,0.8896,1,0.3660,-0.0773,4.7107,0.5516,1.9933,0.9957,0.7603,4.0462,8.4843,1.9449,1.1609,1.0551,-0.1383,0.2536,0.6051,0.5522,-0.8193,-0.0996,-0.1134,0.1619,0,3.8490,0,98.5000,0,-1,0,-1.0394
110,14,4,2,1,2653.5600,4.1450,1.2666,31.7705,24.6641,1,0.8568,-0.5447,-0.7819,-0.4119,-0.0945,-0.1016,-0.1757,4.5032,0.1436,0.5286,0.4939,-0.2400,0.3459,0.1279,0.4480,0.4981,0.9680,0.1544,0.2974,0.7302,0.3990,0.5731,0.8814,5,0.4188,0.0750,4.1158,0.0072,0.7986,0.4773,0.8275,3.1604,8.7527,1.2307,1.5606,0.7292,-0.0082,0.0046,-0.3217,0.3621,1.3462,0.4698,0.3397,1.2625,1,-1.0394,0,261.5000,0,-1,0,-1.3031
111,14,3,2,1,2688.8000,4.0371,1.3991,30.9386,25.5406,1,0.4252,0.5115,-0.3097,1.0393,0.8568,-0.5447,-0.7819,3.5390,-0.0447,0.5832,0.4808,0.1030,0.2863,0.4915,0.0441,0.3857,0.4414,0.1522,0.1773,0.9852,-0.0168,0.1466,0.2526,29,0.7560,0.3309,3.8740,0.0074,1.0676,0.6868,2.0188,2.3086,1.7364,1.7009,1.8996,0.8335,-0.2367,-0.5243,-0.9545,0.3175,-0.4824,-0.9960,0.8487,1.4940,2,-1.3031,1,87.7500,0,1,1,3.8215
112,15,1,2,1,2765.8900,4.2607,1.4658,30.5977,34.7909,1,-0.1824,0.4086,0.7668,-1.2180,1.0756,-0.0658,1.0577,3.1612,-0.1942,0.3735,0.2915,-0.0040,0.3804,0.7968,0.3281,0.4432,0.7568,0.1233,0.2549,0.8412,-0.0208,0.1757,0.4170,13,0.5254,0.2489,4.1566,0.4389,1.3965,0.8504,2.4315,3.7459,6.6961,2.8993,1.3790,0.8723,-0.2745,-0.2985,-0.1777,0.6010,1.5140,0.7854,-0.2681,-0.2319,0,3.8215,1,259.2500,0,-1,0,-1.1692
113,18,4,3,0,2735.6100,5.0257,1.6368,32.0998,37.1931,0,-1.5621,0.4668,1.1724,-0.1824,0.4086,0.7668,-1.2180,3.0257,-0.3882,0.8171,0.1502,0.0145,0.5452,0.5929,0.0374,0.3830,0.5835,0.2630,0.2973,0.9081,0.0390,0.1512,0.3060,7,0.4533,0.1224,4.5804,0.7064,0.9014,0.9426,1.1103,4.5267,1.0327,0.5001,1.9234,0.9518,-0.3087,-0.0516,0.4378,0.2952,-0.0920,-0.1814,0.2920,-1.5761,1,-1.1692,0,27.7500,0,-1,0,-1.1302
114,12,2,2,0,2699.3500,6.6686,1.9753,30.4693,34.6535,0,0.2693,0.0172,-0.2846,-1.5621,0.4668,1.1724,-0.1824,3.4109,-0.5239,1.3844,0.6155,-0.2967,0.6472,0.4747,0.1444,0.6197,0.8518,0.0656,0.1995,0.8044,-0.1067,0.6168,0.5281,2,0.7366,0.0917,4.4777,0.6853,1.7965,0.7254,3.1341,3.9439,5.7823,1.2700,1.5563,0.8633,-0.2487,-1.7615,-1.1667,1.3552,-2.5990,-1.0393,2.9707,0.9769,2,-1.1302,1,46.0000,0,1,1,3.9723
115,17,4,3,0,2683.3000,5.7821,1.4371,37.5164,32.5849,0,1.7691,-3.0906,0.2693,0.0172,-0.2846,-1.5621,0.4668,3.2166,0.3049,0.7110,0.8133,-0.2178,0.5740,0.5844,-0.1719,0.2856,0.2503,-0.2324,0.4135,0.0661,0.2478,0.8461,0.8122,15,0.4215,0.2062,3.5662,0.0242,1.0135,0.9300,0.7298,1.5116,2.6876,0.5357,1.7203,0.7734,-0.5774,-0.7571,-1.2794,-0.3526,-1.5317,-1.0658,0.4346,4.1882,0,3.9723,1,39.5000,0,1,1,3.8869
116,14,0,2,0,2635.5000,5.4636,1.3728,36.9816,31.7776,0,-0.8145,1.7691,-3.0906,0.2693,0.0172,-0.2846,-1.5621,2.9366,-1.1752,1.5363,0.0293,-0.0910,0.3855,0.2945,-0.1351,0.3255,0.3207,-0.4703,0.5332,0.0761,-0.1477,0.2221,0.1943,21,2.2692,0.5027,7.1272,0.1519,1.2025,0.8174,3.9736,5.7380,10.3485,2.0677,1.1395,0.9979,-0.3164,-0.6216,-2.3613,0.7548,-2.0321,-0.2255,0.3126,4.9338,0,3.8869,1,0.2500,0,1,1,3.9661
117,17,1,3,0,2593.2400,5.5071,1.2771,39.7322,32.5469,1,-2.4225,-0.8145,1.7691,-3.0906,0.2693,0.0172,-0.2846,-1.4347,0.7095,1.0292,0.8239,-0.5194,0.7423,0.1271,-0.6596,0.7644,0.0703,0.1940,0.3074,0.6311,0.2442,0.5944,0.5357,27,2.1346,1.0353,3.5626,0.7572,1.4418,1.0000,1.2148,2.2462,3.9930,0.7986,1.5086,0.7690,-0.2081,-0.5079,-2.9505,0.5994,0.2390,0.7832,-0.5157,3.6192,0,3.9661,1,8.0000,0,-1,0,-1.0336
118,15,2,2,0,2601.7900,4.6286,1.1437,39.5692,33.5920,1,-0.8026,-2.4225,-0.8145,1.7691,-3.0906,0.2693,0.0172,-2.2257,0.1453,0.4991,0.5061,0.1094,0.4083,0.7115,-0.0913,0.3711,0.2262,0.3756,0.5215,0.7779,0.0169,0.2672,0.4049,33,1.3256,0.7637,2.8130,0.8685,1.9250,0.9147,2.2923,1.5642,2.1302,2.2712,1.4253,1.0816,-0.2779,-0.3005,-1.2169,0.2700,-0.0163,0.3097,-0.3144,1.8672,1,-1.0336,1,13.7500,0,1,1,3.9600
119,2,3,0,0,2559.2500,4.6557,1.2103,40.0579,34.8135,1,-0.9827,-0.8026,-2.4225,-0.8145,1.7691,-3.0906,0.2693,-2.8858,-0.3957,0.7735,0.0563,-0.4192,0.5060,0.0000,-1.1162,1.4829,0.1443,0.1453,0.4991,0.5061,0.1094,0.4083,0.7115,36,2.7636,0.8269,4.4741,0.2921,0.7604,0.9124,1.6603,3.4195,10.9070,1.6042,0.8468,1.0813,-0.0672,-0.6765,-1.5078,0.8137,-2.4215,-0.6785,0.1265,0.9175,0,3.9600,1,0.7500,0,-1,0,-1.0397
120,14,0,2,1,2608.4200,4.2907,1.1002,39.0461,37.8776,0,-0.0628,-0.3110,-0.9827,-0.8026,-2.4225,-0.8145,1.7691,-4.1485,0.3140,0.6006,0.9192,0.3933,0.6525,0.9069,-0.0572,0.3908,0.0485,0.8880,1.3064,0.6934,-0.0062,0.3363,0.3910,2,0.3138,-0.2089,4.3466,0.0513,1.4357,0.7062,1.3121,3.6544,9.3085,1.6272,2.7744,1.2222,0.0151,0.3018,-0.7495,0.4181,2.2151,0.6126,-0.0026,-2.3670,1,-1.0397,0,95.5000,0,1,1,3.7072
121,15,2,2,1,2647.0900,4.9121,1.3728,39.2063,36.6394,0,0.7726,1.9143,-0.0628,-0.3110,-0.9827,-0.8026,-2.4225,-3.2772,0.5412,0.7468,0.7748,-0.5654,0.6917,0.1694,-0.1038,0.2614,0.2855,0.2827,0.3617,0.8025,0.1514,0.3185,0.6906,14,0.8519,0.3556,5.1831,0.1405,1.3212,0.9599,1.6958,4.9591,3.4486,1.2146,1.9845,0.8061,-0.2285,-0.4549,-0.5744,1.0061,-0.0579,-0.8111,0.3802,-1.6554,0,3.7072,1,0.5000,0,1,1,3.8533
122,9,4,1,1,2704.9200,4.2614,1.2988,37.9974,33.2756,1,0.7161,0.7029,0.7726,1.9143,-0.0628,-0.3110,-0.9827,-2.8799,0.3282,0.5624,0.6189,0.3117,0.4259,0.8628,-0.0872,0.2122,0.2998,0.2390,0.4296,0.9162,-0.1281,0.4912,0.3822,24,1.7427,0.6427,4.0855,1.0513,3.0318,0.8034,1.4432,4.5736,8.4784,1.9983,1.8735,1.0584,-0.2969,-0.9212,-1.1968,0.0460,0.4839,-0.5839,0.8160,0.5454,0,3.8533,1,6.7500,0,-1,0,-1.0434
123,23,6,4,1,2717.8800,4.3086,1.2936,38.7269,31.3972,1,1.7426,0.7161,0.7029,0.7726,1.9143,-0.0628,-0.3110,0.0309,0.3410,0.4152,0.9778,0.5162,0.8470,0.9811,-0.3873,0.7694,0.1721,0.6201,0.8047,0.8076,0.3282,0.5624,0.6189,28,2.2432,0.8122,4.7417,0.3667,1.5759,0.9573,2.0030,1.8637,11.1916,0.8508,0.7382,1.1830,0.6443,0.6443,-0.4908,-0.2896,1.7965,0.0539,0.4298,1.6472,1,-1.0434,1,58.0000,0,-1,0,-1.0429
124,18,0,3,0,2623.1100,6.3443,1.6913,38.7269,31.3972,0,1.7426,0.7161,0.7029,0.7726,1.9143,-0.0628,-0.3110,0.0309,-1.8818,2.0255,0.0636,0.1638,0.7472,0.4755,0.3400,0.5066,0.9037,-1.3475,1.7122,0.1434,-0.4819,0.9745,0.2393,1,1.1685,-0.2903,10.0027,0.2128,0.8527,1.0000,1.0671,5.9802,13.0101,0.5893,1.5676,0.9103,-0.4027,0.6914,-0.9923,-0.2508,-3.7402,-0.4951,0.0921,1.3024,2,-1.0429,0,17.0000,0,-1,0,-1.0292
125,14,2,2,1,2656.3000,4.0164,0.9970,43.0346,28.6642,0,0.3059,-3.3530,1.7426,0.7161,0.7029,0.7726,1.9143,-4.1569,0.2975,0.5656,0.8718,0.2415,0.5640,0.6302,0.4017,0.5579,0.7432,-0.0520,0.2689,0.6158,0.3059,0.5341,0.9586,2,0.3648,-0.1126,2.9479,0.3038,1.5063,0.6826,1.2449,1.9669,6.2917,2.2621,1.2021,0.7702,0.5344,0.6579,0.1497,-1.3680,0.0983,-0.9033,0.2943,1.6209,3,-1.0292,0,24.7500,0,-1,0,-1.0461
126,14,0,2,1,2672.4800,4.0950,1.2180,36.9016,19.5394,0,0.0597,-0.6834,0.2425,0.1751,-0.4305,0.4773,0.0679,-0.9594,0.3705,0.4891,0.9376,0.6557,0.7327,0.9058,-0.3166,0.5248,0.2606,0.0764,0.8712,0.8333,-0.0531,0.2991,0.3008,2,0.8307,0.0672,4.1416,0.7790,1.5433,0.9684,2.6691,4.0171,8.9646,1.2707,1.5357,1.0335,0.0937,0.0766,0.6711,0.6081,3.5237,2.3086,-0.0099,0.8193,4,-1.0461,1,287.5000,0,-1,0,-1.0452
127,14,1,2,1,2680.3800,4.1871,1.2669,37.7586,18.1466,1,1.0249,0.0597,-0.6834,0.2425,0.1751,-0.4305,0.4773,-0.8763,0.5752,0.6604,0.9080,-0.1424,0.3642,0.3940,0.0521,0.3115,0.4055,0.2529,0.4040,0.8856,-0.1509,0.2995,0.4699,8,1.0747,0.3116,4.2941,0.2149,1.2276,0.6848,0.6257,3.6660,5.7629,1.6611,1.4616,0.8840,-0.0760,-0.5002,-0.0067,0.5296,-0.4524,-1.0114,-0.4743,0.1589,5,-1.0452,1,20.0000,0,1,1,3.8279
128,16,2,3,1,2716.1500,5.0400,1.4534,37.7494,17.4072,1,1.2569,1.0249,0.0597,-0.6834,0.2425,0.1751,-0.4305,0.3696,0.1925,0.4233,0.9053,0.2786,0.4315,0.8043,-0.4333,1.0678,0.4412,0.2171,0.3768,0.6355,-0.0160,0.1577,0.7012,14,1.2901,0.5487,5.0337,0.0278,0.5139,0.7066,0.8532,4.2063,5.5913,0.7707,1.8634,1.2189,-0.1219,-0.1247,-0.3675,0.2222,0.3852,-0.5730,0.2996,0.0535,0,3.8279,1,0.7500,0,-1,0,-1.0367
129,14,4,2,0,2657.6900,4.1207,1.1715,39.2262,17.4843,0,-1.3802,0.9072,1.2569,1.0249,0.0597,-0.6834,0.2425,3.1902,-0.2551,0.5021,0.1970,-0.7201,0.8559,0.0635,-0.0595,0.2584,0.5683,0.3293,0.5147,0.7935,-0.2055,0.2892,0.1943,2,0.6779,0.0316,3.5819,0.3106,1.2741,0.9295,1.3202,2.8005,11.7019,1.0640,1.9038,1.1106,0.2279,0.2451,-0.8864,0.8347,-3.5434,-2.2315,0.0662,-0.1629,1,-1.0367,0,37.0000,0,1,1,3.6705
130,20,2,3,0,2604.4700,5.8414,1.9225,37.4880,14.6362,1,-0.2371,0.1574,-1.2030,-1.3802,0.9072,1.2569,1.0249,3.2640,-0.3011,0.4486,0.2470,-0.1118,0.3151,0.3429,-0.0204,0.2856,0.6429,-0.1316,0.3142,0.5714,0.1727,0.2607,0.8899,21,0.7982,0.2249,4.3962,1.6794,2.5062,0.9672,5.6048,5.7760,7.3372,2.7803,1.5657,1.0289,-0.9252,-1.0621,-1.0895,0.8549,-2.3131,-0.7692,-1.1605,-1.9393,0,3.6705,1,0.7500,0,-1,0,-1.0317
131,14,3,2,0,2596.3500,4.6343,1.4256,39.6717,14.9652,1,-2.3118,-0.2371,0.1574,-1.2030,-1.3802,0.9072,1.2569,-1.0180,-0.9159,1.1880,0.0341,0.5101,0.7529,0.8752,-0.1780,0.2952,0.1284,1.0304,1.3716,0.8252,-1.9241,2.0967,0.0293,26,1.7653,0.6141,6.1887,0.2999,1.9162,0.8806,2.1341,5.1874,10.2885,1.1151,2.0916,0.8779,-0.1277,-0.8854,-0.8164,1.9890,-3.9869,-2.1855,-2.3850,-2.6561,1,-1.0317,1,12.0000,0,-1,0,-1.0399
132,14,0,2,0,2606.6900,4.2407,1.6997,35.4578,14.3099,1,-0.4617,0.6796,0.1240,-0.3942,1.1155,0.3504,-2.3118,-0.5394,-0.2338,0.6181,0.0173,-0.4170,0.5828,0.2237,-0.0213,0.2831,0.4226,0.1351,0.2633,0.6507,0.2217,0.3628,0.9568,3,0.5926,0.0942,3.1716,0.5707,1.9124,0.9655,3.5018,1.4384,4.6360,2.3163,1.8855,1.0412,-0.4390,-0.3176,-0.1077,-0.2136,-0.8824,-0.3061,-1.3498,-0.4838,2,-1.0399,1,246.7500,0,-1,0,-1.0436
133,15,3,2,1,2652.0300,4.3921,1.7375,34.4629,14.4075,0,0.6999,-0.6045,-0.4617,0.6796,0.1240,-0.3942,1.1155,-0.9889,0.2572,0.5497,0.7039,0.0801,0.3375,0.5669,0.0437,0.2104,0.5397,0.3170,0.4877,0.8781,-0.0034,0.1966,0.4109,6,0.7578,0.1925,3.4061,0.2277,1.2090,0.6874,0.6944,2.2472,8.5767,0.9954,2.1086,0.8856,-0.1037,-0.4501,-0.9257,-0.1088,1.7029,0.8043,0.6728,-1.5691,3,-1.0436,0,55.0000,0,-1,0,-1.0421
134,17,2,3,1,2669.5400,4.1671,1.4401,34.1512,11.8255,1,0.4734,-0.1273,-0.7009,1.2930,0.6999,-0.6045,-0.4617,0.5745,0.2487,0.5468,0.9890,0.1366,0.2309,0.7680,0.0430,0.2039,0.8685,0.0125,0.1661,0.3841,-0.1493,0.2126,0.2784,12,0.6667,0.1895,5.3682,0.3216,0.7487,0.8173,0.8783,4.1995,5.2410,0.3768,1.0403,0.8030,0.2898,-0.5382,-0.3883,0.3098,0.4856,-0.1834,-0.2085,0.5224,4,-1.0421,1,121.5000,0,-1,0,-1.0444
135,14,4,2,1,2689.1700,4.7300,1.6436,32.7149,11.2060,1,0.2908,0.5025,0.4734,-0.1273,-0.7009,1.2930,0.6999,-0.9002,0.1564,0.7430,0.9357,0.1316,0.3331,0.5612,0.1498,0.2010,0.8343,0.0026,0.1288,0.7267,0.1380,0.2843,0.6148,24,0.9404,0.3157,4.7273,0.5856,1.8161,0.8219,2.5497,1.6977,2.9937,1.2440,1.5214,0.9259,-0.4233,-0.5006,-0.3565,0.5658,0.0198,-0.3544,-0.7087,-0.3660,5,-1.0444,1,44.7500,0,-1,0,-1.2656
136,15,3,2,1,2718.3900,4.2500,1.4059,31.7356,12.8080,1,0.7096,0.5430,-1.0026,0.7615,0.2908,0.5025,0.4734,1.6485,0.3633,0.6683,0.8352,0.3941,0.6041,0.9539,-0.0482,0.1680,0.2274,-0.0326,0.3415,0.3431,0.1374,0.2321,0.8656,12,1.2746,0.3729,4.2541,0.0212,0.7812,0.7470,0.7224,2.5318,5.8424,1.1673,2.0612,0.8074,-0.0574,-0.4648,-0.2746,-0.0992,1.5255,0.1690,0.0434,0.6566,6,-1.2656,1,85.5000,0,-1,0,-1.0435
137,2,1,0,1,2725.3200,4.0993,1.4506,30.5125,16.4635,1,0.2179,-0.4402,0.6716,0.7096,0.5430,-1.0026,0.7615,3.2497,0.3863,0.6142,0.9206,0.0454,0.2275,0.5536,0.0758,0.3323,0.4472,-0.0318,0.3969,0.3203,-0.0406,0.4063,0.2973,27,0.7248,0.1971,4.8350,0.6855,1.1465,0.9191,2.2467,4.4447,8.0526,1.7491,1.4303,1.1089,-0.4426,0.7725,1.1806,-0.2443,0.9177,0.0216,0.1753,2.5957,7,-1.0435,1,90.7500,0,-1,0,-1.0451
138,17,3,3,1,2758.6900,4.3800,1.4949,30.7108,19.8549,1,0.4219,1.3361,0.2179,-0.4402,0.6716,0.7096,0.5430,5.4865,-0.1668,0.6763,0.2951,-0.2209,0.5331,0.3408,-0.0254,0.2013,0.4603,-0.1266,0.2141,0.3390,-0.0105,0.1643,0.3157,42,0.4347,0.3758,4.9338,0.2808,0.8493,0.9677,0.9886,4.7626,0.0228,0.4996,1.3089,0.9201,0.1538,0.0000,1.1396,-0.3895,-1.4498,-1.2946,-0.0767,2.3137,8,-1.0451,1,54.2500,0,-1,0,-1.4092
139,10,0,1,1,2767.4900,4.3486,1.4696,30.3164,23.0843,1,0.5928,-0.0573,0.4219,1.3361,0.2179,-0.4402,0.6716,5.9197,0.3687,0.6432,0.9080,-0.3529,0.3902,0.0343,-0.2927,0.3493,0.0062,-0.0786,0.1742,0.1139,-0.3289,0.5783,0.2094,53,0.5362,0.3279,4.2336,0.4093,1.2234,0.8797,1.1889,3.3942,-2.1363,0.9640,1.3839,1.0103,0.2466,-0.0010,1.7737,-0.8466,-0.4251,-0.1483,-1.9852,-0.4175,9,-1.4092,1,3.0000,0,-1,0,-1.0425
140,16,3,3,1,2795.4500,4.0450,1.4279,30.3913,24.7475,1,-0.1404,0.8308,-1.0949,0.5928,-0.0573,0.4219,1.3361,5.8961,0.4163,0.4383,0.9794,0.4952,0.5894,0.8636,0.0181,0.1696,0.4167,0.0257,0.1569,0.4411,0.2452,0.5460,0.9820,13,1.0438,0.1807,4.0321,0.7169,1.4215,0.7565,1.9184,4.4104,8.9098,1.2119,1.5631,0.8474,0.3801,0.1142,0.3251,-0.5638,2.3292,0.8304,-0.2177,-0.9023,10,-1.0425,1,74.7500,0,-1,0,-1.4431
141,15,0,2,1,2830.3600,4.0071,1.3258,30.7426,27.5568,1,0.1192,1.2752,-0.1404,0.8308,-1.0949,0.5928,-0.0573,6.6279,0.5207,0.6759,0.9519,0.4772,0.6432,0.7525,0.0298,0.4672,0.8423,-0.7342,0.9248,0.1520,-0.3696,0.5142,0.2618,25,1.1433,0.3168,6.5758,2.7526,3.0121,0.9776,4.8389,8.0556,5.9668,1.1183,1.4600,0.8453,0.0713,-1.0607,-2.4588,-0.4163,0.5335,-0.6187,-1.5960,-1.0962,11,-1.4431,1,15.2500,0,-1,0,-1.0462
142,14,1,2,1,2837.3000,4.1957,1.3600,32.7232,28.0539,1,0.5965,0.1192,1.2752,-0.1404,0.8308,-1.0949,0.5928,6.6422,0.3992,0.8623,0.7780,0.1637,0.5189,0.9001,-0.2695,0.3988,0.2114,0.3234,0.4300,0.9198,-0.0792,0.3731,0.2236,31,1.3741,0.5001,5.7964,0.0620,1.4586,0.9003,0.5363,5.0409,6.4089,1.1391,1.4694,0.8444,0.0164,0.7443,-0.8115,0.3957,1.8343,1.0989,0.9001,-0.4492,12,-1.0462,1,23.0000,0,1,1,3.9559
143,15,2,2,1,2877.5500,4.5514,1.3500,33.1172,28.8417,1,0.9702,0.5965,0.1192,1.2752,-0.1404,0.8308,-1.0949,7.6769,-0.2934,0.6421,0.1763,0.3879,0.6065,0.8881,0.5104,0.5832,0.9132,0.1091,0.3237,0.5685,-0.0661,0.1424,0.2963,37,1.7003,0.7327,4.1591,0.0044,0.9030,0.9221,2.4959,1.6984,8.2480,1.0379,2.1704,0.9572,-0.0077,0.6158,0.2192,-1.4391,0.9521,-0.1740,0.1776,-0.5541,0,3.9559,1,6.0000,0,-1,0,-1.0406
144,14,4,2,1,2873.2900,5.0086,1.3935,34.1765,31.3059,1,-0.3812,0.8779,0.9702,0.5965,0.1192,1.2752,-0.1404,7.8354,-0.2234,0.6319,0.5571,0.2376,0.4077,0.8603,-0.1399,0.2959,0.0094,0.3427,0.4362,0.8427,0.1325,0.2643,0.8382,49,0.7620,0.3664,3.6198,0.5271,2.1483,0.8169,2.0764,1.3856,2.3041,1.9634,0.3991,1.2785,-0.2637,0.0299,-0.1782,-0.0829,0.6995,0.5014,0.1740,-0.2122,1,-1.0406,1,46.2500,0,-1,0,-1.0369
145,1,1,0,1,2930.1800,4.0636,1.1639,35.8686,34.0502,1,1.6644,0.1513,-0.3812,0.8779,0.9702,0.5965,0.1192,8.1071,0.1674,0.2590,0.9641,0.0762,0.5333,0.4350,-0.0706,0.4423,0.2235,0.8266,0.8475,0.9885,0.2528,0.3033,0.9024,57,1.6338,0.6091,5.5395,1.2920,2.8719,0.9015,2.8940,6.3786,15.4273,2.6878,0.2415,1.3798,-0.0213,-0.0543,-0.1289,-0.0454,0.8682,-1.0325,0.1708,0.5673,2,-1.0369,1,80.5000,0,-1,0,-1.0455
146,16,1,3,1,2906.8800,6.2793,1.6407,35.8686,34.0502,1,1.6644,0.1513,-0.3812,0.8779,0.9702,0.5965,0.1192,8.1071,-0.2242,0.8752,0.5899,-0.6733,0.9056,0.0091,-0.3702,1.2554,0.4662,0.8921,0.9729,0.9169,0.1674,0.2590,0.9641,61,0.8236,0.6568,3.9845,0.0207,0.4746,0.4228,1.3903,1.1610,-0.4794,0.7516,0.9110,1.0627,0.1744,0.2395,-0.3882,0.5857,-0.8047,-0.6535,-0.0361,0.7038,3,-1.0455,1,13.7500,0,-1,0,-1.0295
147,18,4,3,0,2884.4900,7.2207,1.7628,37.5369,37.8913,0,0.8361,0.2185,-0.3600,1.6644,0.1513,-0.3812,0.8779,9.3644,-1.1430,1.4710,0.0365,-0.5039,0.7645,0.1239,0.1426,0.3057,0.5826,0.0341,0.3133,0.8312,0.0772,0.2172,0.4025,1,0.4773,-0.3372,6.6323,0.1302,0.4972,0.7994,1.2935,5.2114,4.0869,0.4893,2.0787,0.9808,0.1812,0.7856,1.7982,-0.5700,0.7806,1.8752,0.5928,1.2397,4,-1.0295,0,69.5000,0,-1,0,-1.0906
148,16,1,3,1,2931.1500,4.0507,1.0725,38.5138,37.9575,1,0.5748,-1.5607,0.8361,0.2185,-0.3600,1.6644,0.1513,7.2684,0.2043,0.4879,0.8128,0.0708,0.2426,0.6360,0.5163,0.7031,0.7539,-0.0956,0.2867,0.4597,0.0183,0.0800,0.9612,3,0.5812,0.0864,4.6214,0.3530,1.1159,0.8518,0.9579,3.6586,7.9467,0.9527,1.3506,0.9421,0.0354,-0.1260,1.2254,0.1936,1.1237,0.1548,-0.0123,0.9218,5,-1.0906,0,38.0000,0,-1,0,-1.1779
149,8,3,1,0,2885.3300,5.0071,1.3185,39.2220,38.6915,0,0.0405,-1.2748,0.5719,-0.1170,0.2069,-0.0634,1.2407,6.4013,-0.7474,0.9030,0.0875,-0.1419,0.3374,0.1677,0.0796,0.2317,0.6148,0.2746,0.8923,0.8905,-0.2451,0.3876,0.0337,10,1.0985,0.2414,4.2280,0.5252,1.5957,0.8561,1.7575,3.9264,5.2625,1.5958,1.2396,0.8561,0.0927,-0.1763,0.4180,-0.1799,-0.0409,0.7607,0.0393,-2.3328,6,-1.1779,0,182.5000,0,1,1,3.9162
150,14,4,2,0,2838.6700,5.4093,1.3648,40.2133,36.8224,0,-1.3336,0.0405,-1.2748,0.5719,-0.1170,0.2069,-0.0634,4.1173,-0.4853,0.5827,0.0114,-0.0597,0.5422,0.7341,-0.3715,0.7263,0.3410,-0.0869,0.3938,0.0900,-0.2033,0.5657,0.3642,18,1.8581,0.5788,4.2076,0.6563,1.7747,0.8875,3.2056,4.6975,8.8126,2.7766,1.1888,0.9384,0.1116,-0.1593,-0.6520,0.6232,-2.4048,-1.0015,-1.6467,-4.0596,0,3.9162,1,0.5000,0,-1,0,-1.0342
151,10,3,1,0,2894.2000,5.0807,1.2243,40.9249,29.5663,0,0.0305,0.8721,1.2463,-0.6937,-1.3336,0.0405,-1.2748,3.7026,-0.8819,1.0887,0.0950,-0.1645,0.4082,0.4405,0.1740,0.3360,0.8970,0.1060,0.4036,0.6636,0.5507,1.1110,0.5664,1,0.3255,-0.1450,5.3870,0.2756,1.5746,0.6225,2.0824,5.0544,5.0702,1.2497,1.2787,0.8601,-0.0971,0.8225,3.0102,-0.9962,0.0000,0.8482,-0.7856,-3.4694,1,-1.0342,1,138.0000,0,-1,0,-1.0364
152,18,0,3,0,2895.9800,5.2979,1.2966,40.0418,27.3671,0,-0.0306,-0.2806,0.0305,0.8721,1.2463,-0.6937,-1.3336,1.4956,-0.3688,0.5057,0.0075,0.3040,0.6884,0.5569,-0.4456,0.6129,0.0174,-0.1050,0.3470,0.2641,0.0900,0.2841,0.5103,3,0.3588,0.0182,2.6067,0.1472,0.9929,0.9791,1.6271,2.0216,3.4089,0.7354,1.8876,1.0568,-0.1300,-0.0175,3.2353,-0.4973,-1.1963,-0.7163,-2.1768,-4.9717,2,-1.0364,1,103.2500,0,-1,0,-1.0349
153,14,3,2,1,2951.9500,4.2007,1.1395,39.6400,23.8315,1,0.6119,0.9078,-0.7100,-0.0306,-0.2806,0.0305,0.8721,0.8696,0.0326,0.2777,0.1799,-0.1063,0.4150,0.7095,0.2035,0.3655,0.7682,0.1500,0.2110,0.8740,-0.0943,0.3290,0.2567,14,0.7979,0.3527,2.3877,0.6594,1.7711,0.9583,1.3902,0.9594,7.8510,2.0632,1.3442,0.9399,-0.3522,-0.3971,0.0813,-0.6176,-0.2807,-1.1431,-0.8497,-3.1575,3,-1.0349,0,53.2500,0,1,1,3.9560
154,9,1,1,1,3019.7500,4.0771,1.2353,38.3647,26.2473,1,0.5407,-0.1388,1.8937,0.6119,0.9078,-0.7100,-0.0306,4.1072,0.4285,0.5960,0.8396,0.0190,0.1373,0.5024,0.2137,0.2465,0.8726,0.2440,0.4877,0.5779,-0.0455,0.5521,0.1400,30,1.5471,0.5178,3.1762,0.2011,0.8658,0.9773,0.3655,1.9131,7.6034,2.1022,0.7668,0.8585,0.2448,0.5406,0.4077,0.6685,0.5279,-0.5054,1.0650,0.6749,0,3.9560,1,107.5000,0,1,1,3.8232
155,15,4,2,1,3083.3500,4.9071,1.5002,36.1751,32.7110,1,1.2407,-0.0205,0.2580,-0.3859,-0.6897,-0.0807,0.4341,4.8604,0.1477,0.4764,0.6913,-0.0319,0.6542,0.3461,0.3945,0.5203,0.7690,0.1734,0.3053,0.8135,0.2706,0.3251,0.8900,10,1.2923,0.4658,2.9834,0.2771,1.9523,0.9071,1.1983,2.1295,6.7758,1.7617,1.4636,0.9440,0.3444,0.2839,-0.1957,-0.2863,1.7995,0.3959,-0.7939,0.7305,0,3.8232,1,205.7500,0,-1,0,-1.0377
156,2,0,0,1,3098.8100,4.6300,1.4081,35.9197,34.0057,1,0.9340,1.2407,-0.0205,0.2580,-0.3859,-0.6897,-0.0807,5.7970,-0.2346,0.6626,0.0802,0.0409,0.4144,0.9131,0.2096,0.6317,0.8508,0.1477,0.4764,0.6913,-0.0319,0.6542,0.3461,13,1.0773,0.5403,4.5616,0.2138,1.2376,0.8464,3.8121,1.7797,7.0562,1.7417,0.8331,1.0938,0.1535,0.0684,0.0610,-0.4445,0.1672,-0.1459,-0.3394,-2.8536,1,-1.0377,1,59.5000,0,1,1,3.9600
157,2,1,0,1,3142.3900,4.2079,1.1713,37.0162,35.8024,1,1.2560,0.9340,1.2407,-0.0205,0.2580,-0.3859,-0.6897,9.3322,0.1393,0.2511,0.9145,0.2021,0.2835,0.9208,-0.2205,0.8782,0.6542,0.0724,0.4791,0.8456,0.2875,0.6578,0.7202,19,1.7995,0.8229,4.7435,0.5751,1.3356,0.7883,2.1270,4.5581,12.0869,1.5654,0.8134,1.0943,0.0111,-0.1108,0.1694,0.4478,-0.4744,-1.7856,0.8573,-3.0155,0,3.9600,1,0.7500,0,-1,0,-1.0440
158,8,2,1,1,3133.1100,4.9307,1.2254,37.8150,37.7190,1,-0.3083,1.2560,0.9340,1.2407,-0.0205,0.2580,-0.3859,8.9952,-0.2232,0.6471,0.0252,0.2980,0.5049,0.9580,0.2450,0.4767,0.5753,-0.8524,1.1582,0.1629,0.0738,0.3561,0.5139,26,0.8230,0.4777,4.1231,0.5882,1.1804,0.8866,2.7501,2.7643,1.4014,1.7641,0.9715,0.9009,-0.0380,-0.0935,0.0519,0.0341,-0.3273,-0.2518,0.3439,-2.7277,1,-1.0440,1,26.7500,0,-1,0,-1.0375
159,16,2,3,1,3132.2100,5.4107,1.2909,37.8150,37.7190,1,-0.3083,1.2560,0.9340,1.2407,-0.0205,0.2580,-0.3859,8.9952,-0.2836,0.6825,0.5746,0.4904,0.7709,0.8918,-0.2232,0.6471,0.0252,0.2980,0.5049,0.9580,0.2450,0.4767,0.5753,28,0.8816,0.3946,2.8610,0.0277,0.9666,0.6042,1.4157,1.1237,1.0257,1.0792,1.5112,0.9825,0.6008,0.6297,0.8033,0.3915,0.5082,0.1174,0.1318,-1.4715,2,-1.0375,1,5.7500,0,-1,0,-1.0342
160,20,2,3,1,3136.2500,7.3400,1.7351,37.8150,37.7190,1,-0.3083,1.2560,0.9340,1.2407,-0.0205,0.2580,-0.3859,8.9952,0.2902,0.5669,0.8412,-0.2836,0.6825,0.5746,0.4904,0.7709,0.8918,-0.2232,0.6471,0.0252,0.2980,0.5049,0.9580,29,1.0924,0.4207,3.9455,0.2684,5.1144,0.7885,1.4428,0.5504,2.6226,3.4278,1.0329,1.0989,-0.1601,0.5561,0.9180,0.2780,0.3981,0.1569,0.6377,-0.7410,3,-1.0342,1,2.7500,0,-1,0,-1.0252
161,13,3,2,0,3059.3000,12.6429,2.5672,37.8904,39.4988,0,0.5911,-0.3083,1.2560,0.9340,1.2407,-0.0205,0.2580,8.2899,-1.6833,2.1646,0.2142,-0.3630,0.7782,0.5123,-0.3585,0.7596,0.0530,0.2839,1.2907,0.5989,0.0402,1.2413,0.7052,1,0.9268,-0.3221,5.5597,0.2017,1.7425,0.7726,2.4718,5.4750,4.7829,1.5370,2.3906,0.9446,0.6558,2.4244,2.7273,-2.2034,-5.0822,-3.6067,-2.2864,-4.3744,4,-1.0252,0,6.7500,0,-1,0,-1.0146
162,14,4,2,0,3048.7900,17.5186,3.0103,43.2782,38.9052,0,-0.5950,0.5911,-0.3083,1.2560,0.9340,1.2407,-0.0205,6.7149,-0.4196,2.1705,0.0220,-0.5097,1.0164,0.1828,-0.3398,0.9252,0.4545,-0.1470,0.3451,0.4298,0.2114,0.6426,0.7016,3,1.0057,0.0906,4.3868,0.6279,0.8368,0.8997,1.9191,2.6509,0.5999,1.1796,2.6190,0.9435,0.1985,-0.6822,1.8093,0.0487,-4.7649,-3.9804,-3.9961,-7.2643,5,-1.0146,1,24.5000,0,-1,0,-1.0775
163,17,2,3,1,3092.3700,9.5371,1.0921,52.0961,33.0028,1,0.0040,-1.8262,-2.4630,-0.5950,0.5911,-0.3083,1.2560,2.4774,1.4754,1.5577,0.9482,0.1084,1.2220,0.3075,1.0577,1.5557,0.8244,1.0714,1.3975,0.9561,-0.1032,0.6985,0.5010,3,1.6849,-0.1531,5.0319,0.1762,0.7224,0.6430,0.6323,4.7132,9.5385,0.5250,1.4178,0.9807,-0.4984,0.8299,1.5481,-1.0926,1.9938,-1.5653,-1.1734,-11.4256,6,-1.0775,0,2.5000,0,-1,0,-1.0194
164,2,3,0,1,3105.4400,8.7450,0.9552,57.6321,31.7715,1,3.3833,0.0040,-1.8262,-2.4630,-0.5950,0.5911,-0.3083,6.7020,0.4316,0.9734,0.8598,-0.3072,1.6472,0.6745,1.4754,1.5577,0.9482,0.1084,1.2220,0.3075,1.0577,1.5557,0.8244,5,1.6377,0.3145,3.4328,0.4563,2.1532,0.6113,2.1818,3.3836,14.4963,2.5308,0.8632,1.0915,0.1954,-0.4392,0.5360,0.9418,3.5897,0.7452,9.9007,-1.2663,7,-1.0194,1,8.7500,0,1,1,3.9788
165,22,3,4,1,3179.8300,5.8693,0.6515,61.0098,31.7657,1,3.0004,3.3833,0.0040,-1.8262,-2.4630,-0.5950,0.5911,8.9147,0.5376,0.7849,0.9629,1.1361,1.8834,0.7198,0.5807,0.9878,0.6394,-0.6515,0.8946,0.0122,0.9073,1.7270,0.8772,10,3.2290,0.9818,4.2237,0.5929,0.7650,0.9532,0.9149,3.7620,14.9899,0.3386,0.5441,1.0956,-0.1847,2.1817,1.2460,-1.9671,0.5932,-2.4072,-3.8562,-2.1558,0,3.9788,1,3.2500,0,1,1,3.9685
166,10,4,1,1,3227.8000,9.7864,1.0568,61.0098,31.7657,1,3.0004,3.3833,0.0040,-1.8262,-2.4630,-0.5950,0.5911,8.9147,0.2300,1.2463,0.7184,0.0914,0.6005,0.3964,0.9440,1.3408,0.7083,0.5376,0.7849,0.9629,1.1361,1.8834,0.7198,13,3.6746,1.3999,4.0863,0.0562,0.8563,0.7076,1.2068,3.2586,12.5521,0.6836,1.0867,0.8617,0.8888,2.9496,3.6497,-2.3882,1.7095,-1.8595,-0.6634,-0.8165,0,3.9685,1,1.5000,0,-1,0,-1.1831
167,17,0,3,1,3216.1300,5.1164,0.6230,61.6477,32.5147,1,1.9673,3.0004,3.3833,0.0040,-1.8262,-2.4630,-0.5950,10.3820,0.0253,0.6814,0.6330,-0.6294,0.9681,0.1933,-0.0121,0.6662,0.4842,0.2009,0.9426,0.3946,-0.2521,0.5897,0.5683,21,1.8248,1.1226,4.2706,0.0997,1.2313,0.9476,1.9037,1.6320,-2.9845,0.6513,0.9343,0.9790,-0.0697,-0.1867,3.6461,-0.1659,-0.7099,0.2259,0.2601,8.0279,1,-1.1831,1,7.2500,0,-1,0,-1.0362
168,4,1,0,1,3228.3400,4.5493,0.5932,60.9557,33.2138,1,-0.8434,1.9673,3.0004,3.3833,0.0040,-1.8262,-2.4630,7.5661,0.0237,0.1479,0.3116,0.0926,0.4729,0.6131,0.0253,0.6814,0.6330,-0.6294,0.9681,0.1933,-0.0121,0.6662,0.4842,23,1.7158,0.9069,3.9523,0.0769,1.2947,0.8778,0.8617,3.4599,-0.8089,1.2544,0.4561,1.0898,0.0997,-0.2119,3.5025,0.0727,1.2804,1.4054,-0.0209,5.1757,2,-1.0362,1,9.2500,0,-1,0,-1.0407
169,17,1,3,1,3228.7900,4.3250,0.5742,60.9557,33.2138,1,-0.8434,1.9673,3.0004,3.3833,0.0040,-1.8262,-2.4630,7.5661,-0.0034,0.4740,0.6431,-0.1871,0.4880,0.4584,-0.1296,0.4595,0.6929,0.6205,0.7021,0.9685,0.0237,0.1479,0.3116,27,1.5085,0.7560,3.5306,0.4324,1.3780,0.8758,1.6139,3.1676,5.1792,0.6411,0.6741,0.9789,-0.3403,-0.4978,3.1557,-0.0873,0.6650,0.2326,0.6531,6.2641,3,-1.0407,1,10.0000,0,1,1,3.9572
170,1,2,0,1,3269.6300,6.0300,0.8245,58.2846,33.8630,1,0.5868,-0.8434,1.9673,3.0004,3.3833,0.0040,-1.8262,8.1973,1.0540,1.1813,0.9057,0.2468,0.4082,0.6852,-0.0034,0.4740,0.6431,-0.1871,0.4880,0.4584,-0.1296,0.4595,0.6929,29,2.5200,0.8033,6.9469,0.2604,1.7877,0.4954,2.2886,6.3864,9.2172,3.8540,0.5568,1.0913,0.3253,-0.1033,2.7426,-0.4306,0.7640,-0.8708,-1.0348,9.0690,0,3.9572,1,0.5000,0,-1,0,-1.0307
171,3,2,0,1,3275.8100,7.0907,0.9681,58.2846,33.8630,1,0.5868,-0.8434,1.9673,3.0004,3.3833,0.0040,-1.8262,8.1973,1.0540,1.1813,0.9057,0.2468,0.4082,0.6852,-0.0034,0.4740,0.6431,-0.1871,0.4880,0.4584,-0.1296,0.4595,0.6929,29,2.5200,0.8033,6.1997,0.0606,1.3102,0.9419,0.5712,4.6723,7.7256,0.8104,0.8773,1.0895,0.2824,-0.1938,2.7932,-0.2788,0.1954,-1.1478,-0.8066,8.5092,1,-1.0307,1,1.7500,0,1,1,3.9739
172,18,2,3,1,3338.3500,6.6779,0.9202,58.2846,33.8630,1,0.5868,-0.8434,1.9673,3.0004,3.3833,0.0040,-1.8262,8.1973,0.6068,1.0930,0.8440,0.0085,0.6259,0.6923,0.7080,1.0388,0.6831,0.5900,0.9778,0.8712,1.0540,1.1813,0.9057,33,3.4814,1.2180,5.4149,0.7997,1.0857,0.9393,1.2399,3.7752,17.1702,0.6983,1.0665,0.9784,0.0730,0.9120,3.6248,-0.5359,1.4670,-1.6220,-2.6370,-2.0282,0,3.9739,1,2.0000,0,-1,0,-1.0277
173,12,3,2,1,3336.5700,5.7657,0.8632,62.2435,35.4321,1,3.5170,0.5868,-0.8434,1.9673,3.0004,3.3833,0.0040,11.4002,-0.5171,0.9819,0.3532,-0.1136,1.0615,0.5866,0.0652,0.4720,0.2136,0.4685,0.5617,0.9930,0.6068,1.0930,0.8440,37,2.5006,1.4005,3.6977,0.4457,1.9390,0.8220,1.1950,2.4715,6.7364,1.3051,0.6954,0.9426,-0.1776,-0.0590,2.5853,-0.0421,-1.7365,-2.3589,-1.0085,-1.2783,1,-1.0277,1,10.2500,0,-1,0,-1.0321
174,20,3,3,1,3324.8400,4.4593,0.6648,62.2435,35.4321,1,3.5170,0.5868,-0.8434,1.9673,3.0004,3.3833,0.0040,11.4002,-0.3603,1.4474,0.6676,0.1185,0.6522,0.3455,-0.5171,0.9819,0.3532,-0.1136,1.0615,0.5866,0.0652,0.4720,0.2136,39,1.9579,1.2366,6.5436,0.4844,1.0271,0.9389,2.7157,3.3256,-3.2808,0.3205,0.5772,1.0518,0.0889,-0.1168,1.4812,0.1991,-0.8069,-0.3253,0.1502,0.3145,2,-1.0321,1,7.7500,0,1,1,3.5981
175,1,0,0,1,3373.7200,7.7943,1.1834,63.0647,36.9918,1,-0.4822,3.5170,0.5868,-0.8434,1.9673,3.0004,3.3833,9.6536,1.0832,1.2564,0.9520,0.3211,0.5434,0.8862,-0.3603,1.4474,0.6676,0.1185,0.6522,0.3455,-0.5171,0.9819,0.3532,41,3.1281,1.0933,7.6787,0.3785,1.0636,0.6478,2.5031,6.6523,3.6411,3.3303,0.8228,1.1247,0.6531,0.6531,0.8869,-0.6795,0.2491,-1.0094,-0.7679,-2.5069,0,3.5981,1,0.5000,0,1,1,3.9763
176,1,1,0,1,3450.5200,9.8000,1.5819,65.9594,38.8940,1,2.9241,-0.4822,3.5170,0.5868,-0.8434,1.9673,3.0004,13.2440,0.0456,0.9387,0.4098,0.2811,0.7160,0.7419,-0.0126,0.7335,0.3737,0.6549,0.8651,0.9751,0.4825,0.6030,0.8374,47,3.3220,1.4811,3.2796,0.6163,1.5776,0.8351,2.6276,2.6837,8.2347,2.3022,1.0495,1.1075,-0.1894,0.2119,1.4282,-0.2387,0.1595,-1.5251,-1.5326,-4.1388,0,3.9763,1,2.2500,0,-1,0,-1.0189
177,1,2,0,1,3385.7900,13.8650,1.9120,70.7687,41.0052,1,-1.2572,2.9241,-0.4822,3.5170,0.5868,-0.8434,1.9673,11.8202,0.5025,1.7394,0.9425,-0.3534,1.2835,0.3302,-1.1208,2.2587,0.2695,-0.3589,1.2744,0.1650,-1.1657,1.6321,0.0134,53,0.6823,1.0045,5.0335,0.2149,1.9877,0.9764,2.0656,0.4154,-2.8114,1.8089,1.3172,1.0589,-0.2005,-0.8094,0.7113,0.8775,0.1103,1.7903,3.7042,0.4515,1,-1.0189,1,12.7500,0,-1,0,-1.0133
178,13,2,2,0,3299.7200,10.4357,1.3036,70.7687,41.0052,0,-1.2572,2.9241,-0.4822,3.5170,0.5868,-0.8434,1.9673,11.8202,-0.3227,0.9008,0.0080,-0.7527,1.7264,0.5185,-0.6283,1.7076,0.3067,0.5025,1.7394,0.9425,-0.3534,1.2835,0.3302,2,0.9260,-0.1283,3.4334,0.4734,0.9755,0.9745,2.8565,3.4190,14.8318,1.4598,1.1168,0.9849,-0.0640,-0.5615,0.4739,0.9343,0.8097,4.3294,4.1304,1.5700,2,-1.0133,0,10.7500,0,-1,0,-1.0177
179,21,3,4,1,3348.4300,4.0200,0.4599,75.0794,40.6148,1,1.8298,-2.7464,-1.2572,2.9241,-0.4822,3.5170,0.5868,10.8821,0.5052,0.6006,0.9225,-0.1331,0.8882,0.8387,-0.0027,0.5782,0.5495,0.2964,0.8126,0.7943,-0.1639,1.4098,0.1184,1,0.3909,0.0031,6.5274,0.3557,1.1891,0.6757,1.5473,4.2015,13.5522,0.4390,0.4405,1.1538,0.0870,0.6655,0.2270,-0.5703,0.0060,-1.8239,1.9318,3.6590,3,-1.0177,0,20.7500,0,-1,0,-1.0460
180,5,4,0,0,3309.4600,7.8107,0.8817,75.0794,40.6148,0,1.8298,-2.7464,-1.2572,2.9241,-0.4822,3.5170,0.5868,10.8821,-0.9831,1.3914,0.1811,0.2194,0.7124,0.4596,0.5052,0.6006,0.9225,-0.1331,0.8882,0.8387,-0.0027,0.5782,0.5495,1,0.3377,-0.0474,6.0225,0.8386,1.6401,0.7869,1.7502,5.0892,2.3250,2.0612,0.8410,1.0742,-0.1084,-0.0362,-0.3034,0.6038,0.2456,0.2880,2.5809,3.9072,4,-1.0460,0,1.7500,0,-1,0,-1.0838
181,1,0,0,0,3285.9200,9.1657,1.0266,77.2566,40.0093,0,-0.8718,1.8298,-2.7464,-1.2572,2.9241,-0.4822,3.5170,9.9381,-0.3248,1.1444,0.4060,1.0325,1.1497,0.9902,-0.2226,0.8452,0.7258,-0.3402,0.6374,0.2293,-0.6328,1.2040,0.4164,6,0.3869,0.2982,5.0776,0.4539,1.3223,0.4332,2.4701,3.1181,7.1626,2.5630,0.7356,1.0333,0.0246,0.0246,-0.8931,-0.0961,-0.3264,-0.1691,-0.5590,4.5279,5,-1.0838,1,3.5000,0,-1,0,-1.0202
182,18,0,3,1,3348.2400,6.9093,0.7523,77.2566,40.0093,1,-0.8718,1.8298,-2.7464,-1.2572,2.9241,-0.4822,3.5170,9.9381,1.2321,1.5874,0.9507,0.4094,0.8911,0.7836,-0.4989,0.7072,0.2109,-0.4520,1.4228,0.6585,-0.3248,1.1444,0.4060,1,0.4492,-0.2003,7.7157,1.1637,1.8338,0.8611,1.6138,5.3522,8.8461,0.8328,0.9564,1.0028,0.3176,0.3521,-0.9806,-0.8780,-0.1360,-0.6214,-0.5785,7.6109,6,-1.0202,0,4.0000,0,-1,0,-1.0268
183,8,2,1,0,3285.0600,6.1536,0.7943,75.7473,38.9248,0,-0.8083,0.7502,-0.8718,1.8298,-2.7464,-1.2572,2.9241,7.5169,-0.1597,0.6495,0.3095,-0.0630,0.5146,0.1266,-0.3527,0.4900,0.2275,0.4839,0.9177,0.9563,0.0305,0.4701,0.7945,3,0.3686,0.0747,2.1808,2.6359,3.6678,0.9996,3.7767,3.3379,5.0410,2.6467,0.6835,0.8945,0.0809,-0.2262,-0.0711,0.2922,-1.6674,-1.1967,0.0914,3.0579,7,-1.0268,0,33.7500,0,-1,0,-1.0301
184,22,2,4,0,3276.5100,6.1764,0.8420,74.7039,37.7702,0,-0.8640,-0.8083,0.7502,-0.8718,1.8298,-2.7464,-1.2572,5.2658,-0.6760,0.9215,0.1760,0.3683,0.8146,0.6665,0.4323,1.1542,0.8351,-0.7113,1.0396,0.1201,-0.1597,0.6495,0.3095,7,0.7900,0.2131,5.0498,1.0637,2.5468,0.8640,2.9078,4.9365,7.3376,0.8400,0.6125,1.0444,-0.1842,-0.5200,0.0424,0.4730,-0.9569,-0.0929,0.6211,3.8562,8,-1.0301,1,9.2500,0,1,1,3.9700
185,10,3,1,0,3218.5600,5.5857,0.7784,74.7039,37.7702,0,-0.8640,-0.8083,0.7502,-0.8718,1.8298,-2.7464,-1.2572,5.2658,0.2656,0.6158,0.5944,-0.6133,0.9385,0.1756,-1.2997,1.4800,0.1048,-0.6760,0.9215,0.1760,0.3683,0.8146,0.6665,10,2.0093,0.5319,4.2161,0.2023,1.5486,0.6647,2.9754,3.2386,11.7944,1.3157,0.8612,0.8978,0.1257,-0.4224,-0.6166,0.8958,-0.4065,1.3450,1.5293,5.3841,0,3.9700,1,5.7500,0,-1,0,-1.0331
186,13,4,2,0,3243.6400,6.2250,0.9068,75.6715,35.5396,0,-1.5390,-0.8640,-0.8083,0.7502,-0.8718,1.8298,-2.7464,3.9662,-0.2158,0.5764,0.0341,0.1999,0.5219,0.6924,0.6375,0.8467,0.7529,-0.2463,0.5180,0.2324,0.5647,0.9228,0.9418,17,0.8315,0.5254,3.0169,1.0972,1.8024,0.6301,3.0651,2.9526,-5.9084,2.0807,1.2374,1.0116,-0.1033,0.0380,-0.2880,-0.0304,0.3961,-0.3539,0.9109,3.6346,1,-1.0331,1,24.2500,0,-1,0,-1.0297
187,15,4,2,0,3237.1500,10.9000,1.5847,75.6715,35.5396,0,-1.5390,-0.8640,-0.8083,0.7502,-0.8718,1.8298,-2.7464,3.9662,-0.2158,0.5764,0.0341,0.1999,0.5219,0.6924,0.6375,0.8467,0.7529,-0.2463,0.5180,0.2324,0.5647,0.9228,0.9418,17,0.8315,0.5254,2.7303,0.2147,1.5459,0.8469,1.5174,2.5954,-0.6422,1.3264,1.9489,1.0098,0.3283,0.7703,0.0009,-0.9219,0.0867,-1.2740,0.4151,3.5621,2,-1.0297,1,2.2500,0,-1,0,-1.0600
188,9,0,1,1,3282.6700,5.8393,0.8739,73.5807,33.4684,1,0.0954,-1.5390,-0.8640,-0.8083,0.7502,-0.8718,1.8298,3.4539,0.8036,0.8878,0.9893,0.3025,0.7986,0.3872,0.2065,0.4543,0.6168,0.4930,0.5569,0.9699,-0.7683,1.2825,0.0501,1,0.3627,-0.2818,4.2899,0.6867,1.0977,0.9516,3.0740,4.4714,4.0519,1.8524,0.8197,0.8971,-0.1014,0.2292,-0.1552,-0.6106,1.3037,0.0158,-0.8704,2.2399,3,-1.0600,0,7.7500,0,1,1,3.9683
189,1,1,0,1,3362.2500,7.1521,1.0950,75.4635,32.4694,1,2.8628,0.0954,-1.5390,-0.8640,-0.8083,0.7502,-0.8718,9.7557,-0.1760,0.4356,0.4350,0.7215,0.8584,0.8641,-0.2946,0.6977,0.1818,1.1268,1.2283,0.9271,0.8036,0.8878,0.9893,5,1.3980,0.3757,2.1113,3.4032,4.9006,0.9284,4.0827,4.4085,16.2511,5.4146,0.7116,1.1571,-0.2492,-0.3197,-0.9965,-0.4432,2.0341,-0.5220,-0.2562,2.0107,0,3.9683,1,5.7500,0,1,1,3.9741
190,20,1,3,1,3427.8800,4.5407,0.6755,75.4635,32.4694,1,2.8628,0.0954,-1.5390,-0.8640,-0.8083,0.7502,-0.8718,9.7557,0.5181,0.9849,0.9156,0.4134,0.6209,0.9375,0.4178,0.9801,0.8180,1.0016,1.7176,0.5831,-0.1760,0.4356,0.4350,9,2.9790,0.9483,6.9130,0.7554,1.5438,0.6377,2.1076,4.3870,20.5717,0.8929,0.8610,1.1580,0.2574,0.4975,-0.0852,-0.9419,2.5278,-0.2818,-0.8577,0.8225,0,3.9741,1,0.7500,0,-1,0,-1.0407
191,7,2,1,1,3395.9300,6.1614,0.8604,78.0404,32.5496,1,2.9037,2.8628,0.0954,-1.5390,-0.8640,-0.8083,0.7502,12.9427,0.0787,0.9966,0.6547,-1.6903,2.2654,0.2478,0.6372,0.8020,0.8387,0.5181,0.9849,0.9156,0.4134,0.6209,0.9375,12,1.7348,1.0689,4.2084,0.0114,1.4088,0.9574,0.4918,1.1799,5.4841,1.1240,0.7313,0.8950,0.2892,0.4203,-0.1457,-0.5755,0.2212,-0.6038,-0.1153,1.5449,1,-1.0407,1,9.0000,0,-1,0,-1.0300
192,14,2,2,1,3394.3200,6.5793,0.9097,78.0404,32.5496,1,2.9037,2.8628,0.0954,-1.5390,-0.8640,-0.8083,0.7502,12.9427,0.2397,0.7260,0.8803,0.0198,0.5689,0.2422,0.0787,0.9966,0.6547,-1.6903,2.2654,0.2478,0.6372,0.8020,0.8387,14,1.7552,0.9422,3.7329,0.0714,0.8208,0.2926,0.5183,3.7496,0.4955,1.7770,1.0617,0.9739,0.0951,0.1224,-0.0185,0.5243,-0.9296,-1.0036,0.7264,3.6091,2,-1.0300,1,5.7500,0,-1,0,-1.0281
193,1,3,0,1,3392.2200,5.9271,0.8397,78.0532,32.6550,1,-1.9262,2.9037,2.8628,0.0954,-1.5390,-0.8640,-0.8083,12.8276,0.4433,0.6706,0.7156,-0.6629,1.0107,0.0204,-0.1188,0.6603,0.4967,0.2397,0.7260,0.8803,0.0198,0.5689,0.2422,17,1.2065,0.6108,3.9074,0.8993,3.0942,0.7148,2.3013,3.5177,-0.0152,2.7445,0.5626,1.0810,0.1062,-0.2716,-0.1033,0.6324,-1.7429,-1.7651,-0.1857,0.5056,3,-1.0281,1,10.7500,0,-1,0,-1.0312
194,13,3,2,1,3362.5200,6.6521,0.9344,78.0532,32.6550,1,-1.9262,2.9037,2.8628,0.0954,-1.5390,-0.8640,-0.8083,12.8276,0.5028,0.8442,0.9106,-1.2655,1.8929,0.2980,0.0464,1.0525,0.0843,0.4433,0.6706,0.7156,-0.6629,1.0107,0.0204,1,0.3871,0.3520,4.2377,0.5848,1.2988,0.9063,2.2925,3.1208,-4.6196,1.3841,1.2545,0.9739,0.1045,-0.5247,-0.1405,0.9256,-1.4211,-0.3948,0.8666,1.0400,4,-1.0312,1,8.0000,0,-1,0,-1.0278
195,17,3,3,0,3303.3700,11.7114,1.6189,78.0532,32.6550,0,-1.9262,2.9037,2.8628,0.0954,-1.5390,-0.8640,-0.8083,12.8276,-1.3641,1.9415,0.0918,0.5028,0.8442,0.9106,-1.2655,1.8929,0.2980,0.0464,1.0525,0.0843,0.4433,0.6706,0.7156,1,0.9260,-0.1809,5.5638,0.0854,1.1083,0.6025,0.6814,5.0506,6.8232,0.9236,1.6801,1.0465,-0.6505,-1.0829,-0.5713,1.6121,-0.4258,1.8335,1.5771,1.8552,5,-1.0278,0,1.7500,0,-1,0,-1.0158
196,22,6,4,0,3281.8300,6.7121,0.9134,80.8660,30.2408,0,0.5759,-1.7370,-1.9262,2.9037,2.8628,0.0954,-1.5390,7.8529,-0.3560,0.5475,0.0197,0.0945,0.8171,0.6050,0.1526,0.4930,0.7118,0.1185,0.5820,0.8093,0.0734,1.5914,0.9451,1,0.3135,0.0986,3.4102,6.3825,1.8057,0.8746,7.0886,8.2358,3.7455,1.2243,0.4517,1.0449,-0.3370,-0.3370,-0.7737,0.5360,0.8291,0.2531,-0.0699,-0.4111,6,-1.0158,1,65.2500,0,1,1,3.9724
197,10,0,1,0,3214.6700,12.1521,1.5987,80.8660,30.2408,0,0.5759,-1.7370,-1.9262,2.9037,2.8628,0.0954,-1.5390,7.8529,-1.4468,1.9976,0.2347,-0.0119,0.7877,0.7727,-0.2743,0.8120,0.5007,-0.3560,0.5475,0.0197,0.0945,0.8171,0.6050,4,2.8060,0.4243,5.3900,0.1177,0.9151,0.8525,1.3825,5.0534,9.3712,0.8042,1.7825,0.8973,-0.9214,-1.1390,-1.9627,1.8741,-1.7882,1.5309,2.7650,3.1496,0,3.9724,1,2.5000,0,-1,0,-1.0152
198,1,1,0,0,3217.2700,6.0829,0.7892,83.4684,28.0816,0,-2.7107,0.5759,-1.7370,-1.9262,2.9037,2.8628,0.0954,-0.0927,0.1041,0.4134,0.7466,0.3213,0.5731,0.7884,-0.2925,0.7879,0.0396,0.0675,0.8250,0.9752,-1.4468,1.9976,0.2347,8,1.8966,0.9136,2.2013,2.0829,2.2358,0.9537,2.9706,2.9937,9.4528,3.0100,0.5809,1.0429,0.1840,-1.1932,-1.6090,1.3063,-0.2848,0.9097,1.6974,3.2823,1,-1.0152,1,12.5000,0,-1,0,-1.0304
199,12,1,2,0,3249.1500,4.4143,0.5825,83.4684,28.0816,0,-2.7107,0.5759,-1.7370,-1.9262,2.9037,2.8628,0.0954,-0.0927,0.0941,0.5626,0.4508,0.3923,1.1612,0.9758,0.1041,0.4134,0.7466,0.3213,0.5731,0.7884,-0.2925,0.7879,0.0396,10,1.2252,0.8027,3.4592,0.2764,1.5722,0.9352,0.8291,2.2291,-9.3175,1.2803,0.5879,0.9737,-0.0801,-0.0396,-1.9449,0.1657,1.6553,0.9042,0.1596,4.1465,2,-1.0304,1,9.2500,0,1,1,3.9049
200,12,2,2,0,3200.8600,6.7750,0.9605,81.0621,26.0766,0,0.4705,-2.7107,0.5759,-1.7370,-1.9262,2.9037,2.8628,0.3774,0.2727,0.6924,0.4951,-0.6141,0.9051,0.0446,-0.1846,0.5127,0.1951,-0.0255,0.3873,0.6378,0.2909,1.0010,0.7901,16,1.3774,0.5575,5.2000,1.1454,2.4679,0.9456,4.4768,4.4871,7.9970,2.1078,1.0812,0.9739,0.0214,0.9949,-1.2344,-1.3084,0.0152,0.9078,1.0311,4.5580,0,3.9049,1,0.5000,0,1,1,3.9727
201,4,3,0,0,3144.3100,7.2536,1.0338,81.6419,24.8618,0,-2.2365,0.4705,-2.7107,0.5759,-1.7370,-1.9262,2.9037,-1.0328,0.3188,0.3424,0.9899,-0.3478,0.7063,0.4187,0.1165,0.7683,0.5999,-1.4756,1.7012,0.0113,0.2727,0.6924,0.4951,20,2.1239,0.8713,6.4024,0.2661,0.8327,0.7997,1.2463,5.2746,11.7611,0.8990,1.0019,1.0440,0.1368,0.0134,-1.1538,-0.6765,-2.3233,0.0869,-0.1444,3.5371,0,3.9727,1,0.5000,0,-1,0,-1.0255
202,8,4,1,0,3197.5300,8.0250,1.1873,84.3789,24.3054,0,1.9683,-2.2365,0.4705,-2.7107,0.5759,-1.7370,-1.9262,0.3264,-0.7258,1.1717,0.3463,0.0839,0.6206,0.5480,0.5421,0.7513,0.9732,1.0521,1.1788,0.9933,0.8354,0.9688,0.9690,1,0.5441,0.3314,3.2436,0.9520,1.4592,0.9419,2.0984,2.1769,-5.8953,1.2997,0.8890,0.8966,0.0741,0.1027,-0.3760,-0.4456,1.6043,-0.4747,1.1222,4.5032,1,-1.0255,1,23.5000,0,-1,0,-1.0815
203,9,0,1,1,3244.4400,5.9214,0.8690,85.3469,23.5999,1,-1.1259,1.9683,-2.2365,0.4705,-2.7107,0.5759,-1.7370,-4.1735,0.8649,0.9327,0.9837,-0.9441,1.2395,0.2299,0.9101,1.3518,0.9246,0.4437,0.6848,0.9180,0.3729,0.7484,0.9828,1,0.4861,-0.2023,5.4581,0.9255,1.1551,0.9284,2.0299,4.8215,6.2147,1.0139,0.7231,0.8973,0.6572,0.8574,1.0765,-0.5191,1.0165,-0.2617,-0.8651,1.1647,2,-1.0815,0,10.7500,0,-1,0,-1.0312
204,14,1,2,1,3261.2600,6.7657,1.0569,82.5571,22.9447,1,0.8197,-1.1259,1.9683,-2.2365,0.4705,-2.7107,0.5759,-2.9198,0.2157,0.6314,0.6025,0.5809,0.8728,0.9929,-0.1722,0.8741,0.4459,-0.2371,0.5281,0.5053,-0.0634,0.3298,0.4315,2,0.4169,0.0176,3.4335,1.5283,3.0300,0.9688,2.7285,3.6818,4.7209,2.2590,1.1223,0.9744,-0.0853,-0.0462,0.9905,-0.0972,0.9003,-0.0675,0.2555,1.2359,3,-1.0312,1,25.0000,0,1,1,3.9727
205,18,2,3,1,3316.4200,5.6793,0.8629,83.1687,21.5644,1,1.8652,0.8197,-1.1259,1.9683,-2.2365,0.4705,-2.7107,-1.1091,0.0127,0.6056,0.3920,-0.1747,0.8388,0.4364,0.1950,0.6750,0.4518,-0.0403,0.8876,0.5709,0.4027,0.4808,0.9362,9,1.4439,0.7091,3.5691,0.1585,0.7466,0.9953,2.3471,2.2397,6.6170,0.6966,1.1165,1.0093,0.0988,0.6590,1.4201,-0.7971,1.0962,0.1849,-1.1633,-0.2625,0,3.9727,1,12.0000,0,-1,0,-1.0326
206,4,4,0,1,3311.9600,5.9886,0.9416,79.0789,19.2652,1,-0.6021,0.7632,1.8652,0.8197,-1.1259,1.9683,-2.2365,-2.5429,0.1842,0.6665,0.6416,-0.1942,0.3877,0.4773,-0.0790,1.1152,0.6149,-0.2120,0.9586,0.6632,-0.8147,0.8788,0.0378,17,0.7011,0.4437,3.6670,0.5093,1.2691,0.7750,2.2660,1.4594,-4.7123,0.9997,0.9428,1.1543,0.2615,-0.1915,0.9901,0.0823,-1.3104,-0.3123,-0.0043,-1.1071,1,-1.0326,1,19.0000,0,1,1,3.9691
207,17,4,3,1,3365.6600,6.4421,1.0258,79.0789,19.2652,1,-0.6021,0.7632,1.8652,0.8197,-1.1259,1.9683,-2.2365,-2.5429,0.0539,0.8406,0.7977,0.9208,1.1132,0.9090,0.3866,0.6615,0.6341,0.3805,0.7655,0.8979,0.1842,0.6665,0.6416,21,1.9791,0.5353,4.3805,0.1459,1.4917,0.9677,0.8289,2.2803,10.2326,0.6488,1.7135,1.0068,0.2179,0.7889,1.9139,-0.9554,0.9585,-0.7791,-0.7097,-2.2677,0,3.9691,1,4.7500,0,-1,0,-1.1950
208,11,1,1,0,3290.1300,6.8571,1.1991,75.8650,18.1469,0,-0.4545,1.8986,-0.6021,0.7632,1.8652,0.8197,-1.1259,0.6990,-0.9688,1.2036,0.1484,-0.4275,0.4989,0.0114,0.0598,0.2264,0.3580,0.0066,0.0787,0.7262,0.2285,0.3728,0.8777,1,0.4548,-0.2604,5.3229,0.0598,0.8837,0.6320,0.6723,2.1642,6.8877,0.8490,1.1518,0.9708,-0.1883,-0.3558,0.8831,0.8988,-1.3972,-0.2500,0.2563,-1.1082,1,-1.1950,0,37.2500,0,-1,0,-1.0270
209,10,2,1,1,3324.1200,4.6593,0.8394,75.0932,16.9343,1,-1.2491,-0.4545,1.8986,-0.6021,0.7632,1.8652,0.8197,-0.5589,0.7660,0.8449,0.9221,-0.3642,0.6644,0.2157,0.2263,0.5601,0.6090,0.0885,0.3372,0.3471,0.1236,0.6045,0.6444,1,0.3389,-0.0954,6.0889,0.0708,0.6203,0.5398,0.5366,3.6164,5.4944,0.6295,0.8916,0.8943,0.1653,-0.1313,-0.0124,0.2168,1.2145,0.3733,0.3420,0.2501,2,-1.0270,0,20.2500,0,-1,0,-1.0397
210,21,2,4,0,3287.6000,4.8757,0.8960,73.1966,15.7832,0,-0.3966,-1.2491,-0.4545,1.8986,-0.6021,0.7632,1.8652,-1.6907,-0.1785,0.7897,0.4110,-0.5673,0.8423,0.1778,-0.2830,0.6033,0.3403,0.7660,0.8449,0.9221,-0.3642,0.6644,0.2157,2,0.6200,0.0799,2.9432,0.1989,3.5544,0.3832,1.9238,1.2162,3.4333,1.1710,0.6747,1.1552,-0.0310,-0.3310,-0.3231,0.3707,-0.8274,-0.4308,-0.2649,1.1844,3,-1.0397,0,10.0000,0,1,1,3.9621
211,13,3,2,1,3316.5500,5.9436,1.0673,73.1966,15.7832,1,-0.3966,-1.2491,-0.4545,1.8986,-0.6021,0.7632,1.8652,-1.6907,1.0610,1.2576,0.9775,0.3879,0.7115,0.6750,0.1259,1.0625,0.6783,-0.6763,1.3550,0.3312,-0.1785,0.7897,0.4110,1,0.4242,-0.2417,6.5398,0.2473,1.2770,0.8775,2.8299,5.8517,0.8900,1.7126,1.1949,0.9720,0.6876,0.3395,0.4807,-0.0560,0.3882,0.2578,0.1510,1.5652,0,3.9621,0,11.5000,0,-1,0,-1.0311
212,5,0,0,1,3318.7700,4.0157,0.7548,72.4495,14.7684,1,-0.8482,0.9086,-0.3966,-1.2491,-0.4545,1.8986,-0.6021,0.0268,0.0791,0.5089,0.7484,0.3737,0.6375,0.7432,-0.1181,0.2120,0.0716,-0.3226,1.1123,0.5924,0.2528,0.7304,0.8841,2,0.3088,-0.0267,4.1960,0.1494,1.4568,0.8410,1.8154,1.6062,6.1882,0.9007,0.9616,1.0418,-0.0290,0.1692,-0.3856,-0.3174,0.3639,-0.3840,-0.4659,0.1876,1,-1.0311,1,75.0000,0,1,1,3.9539
213,7,0,1,1,3353.4500,5.8021,1.0918,72.4495,14.7684,1,-0.8482,0.9086,-0.3966,-1.2491,-0.4545,1.8986,-0.6021,0.0268,0.0791,0.5089,0.7484,0.3737,0.6375,0.7432,-0.1181,0.2120,0.0716,-0.3226,1.1123,0.5924,0.2528,0.7304,0.8841,2,0.3088,-0.0267,8.5417,0.1224,1.3254,0.2978,2.7455,8.2590,10.7495,2.1088,1.1647,0.9307,0.3229,0.4856,-0.0675,-0.5354,0.6853,-0.9889,-0.5379,0.0341,0,3.9539,1,0.2500,0,-1,0,-1.1242
214,1,2,0,1,3363.8600,4.8207,0.9107,72.8883,13.9021,1,-0.8413,2.8054,-0.8482,0.9086,-0.3966,-1.2491,-0.4545,3.4629,-0.1166,0.3581,0.0408,0.1383,0.2440,0.7197,-0.3265,0.8894,0.5127,-0.0538,0.4204,0.7396,-0.0419,0.4945,0.6079,13,0.5126,0.3307,3.1717,0.4481,1.4998,0.9516,1.3359,2.0578,-3.2983,2.5396,0.6506,1.0434,0.0985,-0.5313,0.4253,0.9019,-0.1764,0.5834,0.8356,0.8535,1,-1.1242,1,11.5000,0,-1,0,-1.0384
215,14,2,2,1,3366.8400,7.0000,1.3066,72.8883,13.9021,1,-0.8413,2.8054,-0.8482,0.9086,-0.3966,-1.2491,-0.4545,3.4629,-0.1142,0.6352,0.7111,0.2373,0.5139,0.8579,0.1376,0.7812,0.3187,-0.1166,0.3581,0.0408,0.1383,0.2440,0.7197,16,0.6320,0.2584,3.0514,0.2486,2.3514,0.9599,1.1743,1.0200,0.9743,1.9609,1.6150,1.0106,0.1256,0.0852,0.7826,0.1268,0.3792,0.1664,0.8703,1.1299,2,-1.0384,1,9.2500,0,-1,0,-1.1030
216,18,4,3,0,3315.3500,5.8636,1.1181,70.1471,13.6395,0,-0.5747,0.5657,-0.8413,2.8054,-0.8482,0.9086,-0.3966,-2.2667,-0.9093,1.3280,0.1424,-0.3578,0.6484,0.4482,-0.2448,0.6776,0.5547,0.4227,0.5501,0.9470,0.1589,0.3259,0.5590,2,0.8648,-0.0289,7.5943,0.1859,1.7685,0.8370,1.7447,3.1568,5.9145,0.5404,1.2550,1.0451,0.0255,-0.4361,0.3161,0.8247,1.0206,1.9234,0.5136,2.2005,3,-1.1030,0,26.5000,0,-1,0,-1.1116
217,1,1,0,0,3313.4700,4.1907,0.8456,68.2204,12.0468,0,0.4837,-1.2828,-0.5747,0.5657,-0.8413,2.8054,-0.8482,0.0217,-0.2748,0.4044,0.1613,-0.3649,0.3988,0.0639,0.5386,0.8175,0.9941,0.0081,0.3446,0.6967,0.2413,0.5758,0.5354,10,0.6505,0.2345,5.0039,0.2291,1.8947,0.8186,2.3958,3.2047,-0.3961,3.3206,0.5300,1.0434,0.0385,0.2677,-0.1669,-0.2870,1.7555,1.4176,0.3672,1.5167,4,-1.1116,1,17.7500,0,-1,0,-1.0441
218,22,2,4,1,3361.1300,5.5700,1.1070,65.1891,11.0963,1,0.9675,-0.0836,0.4837,-1.2828,-0.5747,0.5657,-0.8413,3.7163,0.7450,1.0897,0.9884,-0.1996,0.4978,0.1385,-0.2335,1.0378,0.3091,0.0820,0.4839,0.7489,0.2845,0.4780,0.9284,1,0.5626,0.0636,6.5153,1.0036,0.9677,0.8998,2.3214,6.0952,5.9623,0.8561,0.9698,1.0443,-0.0870,0.5559,0.6360,-0.2230,-0.7748,-1.7423,-0.1987,0.9358,5,-1.0441,0,39.7500,0,-1,0,-1.0332
219,10,3,1,1,3379.4800,8.1664,1.5817,65.1891,11.0963,1,0.9675,-0.0836,0.4837,-1.2828,-0.5747,0.5657,-0.8413,3.7163,-0.4041,1.1031,0.4866,0.1402,0.4555,0.5238,0.2744,0.5151,0.5471,0.7450,1.0897,0.9884,-0.1996,0.4978,0.1385,4,0.4603,0.1840,4.5528,0.4457,1.6543,0.9652,2.2470,1.2000,4.9850,1.2686,1.1902,0.8977,0.3834,1.1998,1.3416,-0.9546,-0.9313,-1.8825,-0.4729,0.3933,6,-1.0332,1,2.7500,0,1,1,3.9117
220,22,6,4,1,3449.8900,4.9921,0.9259,65.0072,12.7229,1,1.3832,0.9275,0.9675,-0.0836,0.4837,-1.2828,-0.5747,8.0458,0.0848,0.3536,0.4683,-0.1897,0.8031,0.3957,0.3665,0.7771,0.9504,-0.0333,0.6093,0.7810,0.2561,0.8968,0.3750,13,1.6802,0.7763,4.0744,2.0753,3.6377,0.9301,3.4033,3.6618,12.2272,2.1944,0.8200,1.0459,-0.1446,-0.1446,1.2009,0.2173,-0.1293,-1.5126,-1.0311,-0.4563,0,3.9117,1,56.5000,0,-1,0,-1.0371
221,6,3,0,0,3355.6500,4.5914,0.8296,61.4009,15.0032,0,-0.5546,0.0877,-1.3990,1.3832,0.9275,0.9675,-0.0836,4.3186,-0.1432,0.5424,0.2646,0.2992,0.4226,0.7303,-0.6414,0.9764,0.2008,0.1276,0.6821,0.7459,0.0904,0.4262,0.7767,3,0.3150,0.0714,6.0613,0.9888,2.9729,0.6703,3.7004,4.8416,8.2458,2.8644,0.5874,1.0431,0.0297,-0.4164,-0.6168,0.0696,-1.7837,-1.1338,-0.4716,-0.7863,1,-1.0371,0,79.5000,0,-1,0,-1.0403
222,1,4,0,0,3359.2100,4.0100,0.7505,59.9094,15.0263,0,0.0418,-0.5546,0.0877,-1.3990,1.3832,0.9275,0.9675,2.4514,-0.0644,0.2519,0.7020,-0.0101,0.2824,0.4947,0.0906,0.3406,0.8335,-0.0184,0.4690,0.2759,-0.1731,0.8223,0.7625,8,0.3757,0.1548,3.3416,0.7082,2.3616,0.9567,2.2843,1.7781,1.9327,2.4837,0.4631,1.0808,0.2593,0.3632,-0.3123,0.2512,-0.9876,-0.6496,-0.0963,0.1424,2,-1.0403,1,17.5000,0,-1,0,-1.0461
223,5,1,0,0,3338.5800,4.1100,0.8118,57.3503,15.1181,0,0.0045,-0.0715,0.0418,-0.5546,0.0877,-1.3990,1.3832,0.3181,-0.0770,0.4706,0.4084,-0.5124,1.0890,0.4888,-0.6339,0.7186,0.0472,0.8767,1.0008,0.8933,-0.0384,0.7782,0.1747,3,0.6252,0.0994,4.0292,0.6691,1.4209,0.8613,2.5353,2.7372,5.1849,1.1200,0.7658,1.0410,0.0603,1.0078,0.3910,-1.0674,0.3329,0.6286,1.8291,0.8605,3,-1.0461,1,87.5000,0,1,1,3.9550
224,13,1,2,0,3298.8800,6.8979,1.3552,57.3503,15.1181,0,0.0045,-0.0715,0.0418,-0.5546,0.0877,-1.3990,1.3832,0.3181,-0.3781,0.7363,0.4204,-0.6307,0.9775,0.3459,-0.0770,0.4706,0.4084,-0.5124,1.0890,0.4888,-0.6339,0.7186,0.0472,5,1.4678,0.2362,3.5518,0.8104,2.6081,0.8082,1.6295,3.3895,8.8593,3.0450,1.4688,1.0111,0.0690,1.1607,0.4355,-1.6470,-0.5963,0.7636,1.5244,1.0871,0,3.9550,1,1.0000,0,-1,0,-1.0268
225,9,2,1,0,3322.2300,4.1964,0.8523,58.5753,14.0624,0,-1.3365,0.0045,-0.0715,0.0418,-0.5546,0.0877,-1.3990,-1.0227,-0.0108,0.3210,0.0684,0.0159,0.2843,0.1797,0.0836,0.2789,0.6634,0.1480,0.2908,0.8062,0.1095,0.7548,0.9201,10,0.7612,0.4236,2.7023,0.8507,1.2892,0.9261,1.4226,1.7062,2.0946,1.8319,0.6910,1.0809,-0.0327,0.1492,0.9381,0.2626,-0.7498,-0.7444,0.3540,1.6086,1,-1.0268,1,17.7500,0,-1,0,-1.0441
226,13,3,2,0,3322.0300,5.5893,1.1960,56.1921,13.0820,0,0.2612,-1.3365,0.0045,-0.0715,0.0418,-0.5546,0.0877,-0.3111,-0.7804,0.8100,0.0159,0.4271,0.5822,0.8882,-0.0021,0.4208,0.3378,0.0315,0.2646,0.2959,-0.0828,0.3395,0.6449,1,0.6929,0.1616,3.5675,1.4993,2.4744,0.9689,1.9466,4.6786,0.1091,2.5411,1.0403,1.0450,-0.1782,0.9816,1.9961,-1.0640,1.6451,1.6045,0.1720,2.9619,2,-1.0441,1,20.2500,0,-1,0,-1.0331
227,2,4,0,0,3311.7800,4.4586,0.9670,55.0655,12.4486,0,-0.1203,0.2612,-1.3365,0.0045,-0.0715,0.0418,-0.5546,0.8283,-0.2570,0.4445,0.3827,-0.1000,0.2645,0.0443,0.2787,0.7038,0.9162,-0.7804,0.8100,0.0159,0.4271,0.5822,0.8882,4,0.6839,0.1745,3.9901,0.3185,0.7087,0.7247,1.1057,1.8549,4.4162,1.8676,0.6789,1.0387,0.0624,0.1309,1.6364,-0.3033,1.0265,1.4391,0.8573,3.1576,3,-1.0331,1,9.7500,0,1,1,3.9585
228,12,4,2,0,3271.1000,6.2543,1.3348,55.0655,12.4486,0,-0.1203,0.2612,-1.3365,0.0045,-0.0715,0.0418,-0.5546,0.8283,-0.1387,0.5792,0.3978,-0.7443,0.9344,0.0938,-0.2570,0.4445,0.3827,-0.1000,0.2645,0.0443,0.2787,0.7038,0.9162,6,1.3945,0.3380,2.9820,0.2127,1.6021,0.9731,1.6373,2.6542,10.0251,2.3949,1.0933,1.0445,-0.0051,0.1642,1.6752,0.0713,-1.6139,-0.0687,0.8050,3.0753,0,3.9585,1,0.5000,0,-1,0,-1.1046
229,11,0,1,0,3275.9900,4.5879,0.9588,56.2715,12.4946,1,-1.6163,-0.1203,0.2612,-1.3365,0.0045,-0.0715,0.0418,-0.4064,0.1105,0.3689,0.3705,0.6470,0.8240,0.9717,-0.2615,0.9975,0.4735,-0.1034,0.4421,0.4051,0.2284,0.6883,0.9565,12,0.8237,0.5717,4.2046,0.3291,1.4669,0.8158,2.1993,4.1915,2.4848,1.3889,0.6437,1.0058,-0.1584,0.0794,2.2866,-0.2987,0.1306,-0.1507,0.4863,3.8109,1,-1.1046,1,6.5000,0,-1,0,-1.0403
230,9,1,1,1,3342.9500,4.2500,0.9532,56.5600,12.6769,1,0.8698,-1.6163,-0.1203,0.2612,-1.3365,0.0045,-0.0715,0.4071,0.5017,0.5880,0.8531,0.2513,0.2770,0.9815,0.3415,0.3793,0.9888,0.1653,0.5280,0.6129,0.4631,0.5975,0.9873,3,0.7401,-0.0426,5.0047,0.1224,1.2918,0.6393,0.7600,3.1671,11.7318,1.2893,0.9402,0.8539,0.1570,0.6420,1.8305,-0.7459,0.4703,-1.0620,-0.0161,1.9798,2,-1.0403,0,21.0000,0,-1,0,-1.0435
231,8,0,1,0,3302.2100,4.6486,1.1964,52.3714,10.0788,0,0.3328,-0.9397,0.5733,1.0797,0.8698,-1.6163,-0.1203,-1.0406,-0.5652,0.6746,0.1119,-0.2429,0.6334,0.2273,0.0000,0.0000,0.3158,0.0939,0.2166,0.8629,-0.2650,0.3482,0.2148,2,0.7123,0.0234,2.1598,0.6518,1.3058,0.7430,1.6607,1.8758,5.8319,1.3372,1.0963,0.8863,-0.2005,-0.2412,0.1774,0.5095,-1.1490,-0.1052,0.2325,0.8959,3,-1.0435,0,126.5000,0,-1,0,-1.0398
232,10,0,1,0,3298.5000,4.1864,1.0921,52.3714,10.0788,0,0.3328,-0.9397,0.5733,1.0797,0.8698,-1.6163,-0.1203,-1.0406,0.0701,0.4402,0.6552,-0.5652,0.6746,0.1119,-0.2429,0.6334,0.2273,0.0000,0.0000,0.3093,0.0939,0.2166,0.8629,3,0.5969,0.0850,3.4779,0.5136,2.6992,0.9097,2.5033,3.2104,9.7959,1.9306,1.0501,0.8530,-0.3169,-0.3372,0.1229,0.6708,-0.7804,0.0613,0.3769,1.0290,4,-1.0398,1,2.0000,0,-1,0,-1.0442
233,2,2,0,0,3294.3800,4.3079,1.1276,52.4352,10.5622,0,-1.0480,-0.0108,0.3328,-0.9397,0.5733,1.0797,0.8698,-0.2426,0.1511,0.3234,0.9120,0.0397,0.3339,0.2151,-0.8347,1.2481,0.3195,0.1381,0.2973,0.8289,-0.1808,0.4877,0.0246,5,0.5232,0.1530,2.4792,0.6732,2.0474,0.9739,2.1078,1.7271,9.3364,1.6019,0.7439,1.0723,0.0239,-0.1508,-0.6190,0.4233,-0.4650,0.5234,-0.0602,0.4066,5,-1.0442,1,39.5000,0,-1,0,-1.0429
234,11,4,1,1,3348.7900,4.1507,1.0876,48.9227,10.9377,1,0.3127,0.3574,-1.0480,-0.0108,0.3328,-0.9397,0.5733,0.0271,0.0369,0.3830,0.1622,0.0423,0.3264,0.6274,0.1856,0.4295,0.6141,0.2676,0.3379,0.8161,-0.2608,0.5837,0.2634,4,0.3520,0.0827,4.1655,0.0964,1.0384,0.9142,0.3831,2.5128,5.3244,0.9279,1.2687,1.0037,0.1516,-0.3061,-0.7234,0.4777,2.0748,1.4829,-0.3149,0.0561,6,-1.0429,0,45.7500,0,-1,0,-1.5609
235,12,3,2,0,3313.0400,4.6936,1.1983,48.3386,9.1517,0,0.6958,-0.5764,-0.3597,0.9516,0.3127,0.3574,-1.0480,-1.1155,-0.4126,0.5304,0.2053,0.0548,0.2523,0.7556,-0.2168,0.3731,0.0881,-0.0561,0.3389,0.1101,0.4345,1.7381,0.5086,1,0.3098,-0.0158,2.1860,1.9537,3.1106,0.9699,2.5737,3.7115,5.3627,11.9310,1.1609,0.8726,-0.1389,-0.2439,-1.1698,0.0020,-0.3895,0.0597,0.2595,-0.0679,7,-1.5609,0,47.2500,0,-1,0,-1.0394
236,14,0,2,1,3397.6300,5.0443,1.3983,46.5947,8.1568,1,0.3315,-0.2501,0.6958,-0.5764,-0.3597,0.9516,0.3127,-0.5711,0.6295,0.7685,0.9490,0.2454,0.3901,0.6374,0.1659,0.2398,0.8856,0.0776,0.2833,0.7629,-0.1106,0.1834,0.3886,8,1.1822,0.2239,6.4588,0.4599,0.9496,0.8184,2.1192,6.3716,7.8386,2.3368,1.9030,0.8421,0.1718,0.3648,-0.1489,-0.8642,1.6799,0.5237,0.4884,1.2645,8,-1.0394,0,96.2500,0,-1,0,-1.0367
237,13,1,2,1,3415.7000,4.2364,1.1901,47.3015,8.8344,1,1.3928,0.3315,-0.2501,0.6958,-0.5764,-0.3597,0.9516,0.8438,0.5491,0.6890,0.9884,-0.0613,0.2533,0.6589,-0.0996,0.3170,0.5520,-0.0883,0.3582,0.3172,0.0303,0.2435,0.6288,14,1.3010,0.4798,7.0083,0.3446,1.9191,0.8745,3.6021,7.1050,8.0280,2.3376,1.1354,0.8655,-0.0658,0.2195,0.1088,-0.4705,1.4490,0.8482,0.1110,0.2828,9,-1.0367,1,11.7500,0,-1,0,-1.0437
238,14,1,2,1,3421.8300,6.0586,1.6963,47.3015,8.8344,1,1.3928,0.3315,-0.2501,0.6958,-0.5764,-0.3597,0.9516,0.8438,0.5491,0.6890,0.9884,-0.0613,0.2533,0.6589,-0.0996,0.3170,0.5520,-0.0883,0.3582,0.3172,0.0303,0.2435,0.6288,14,1.3010,0.4798,5.8809,0.2723,1.3039,0.8127,1.0118,5.6564,5.7588,1.8738,1.8968,0.8661,-0.0085,0.3395,0.5256,-0.6466,0.0103,-0.6876,-0.5849,0.1960,10,-1.0437,1,0.2500,0,-1,0,-1.0305
239,9,3,1,0,3363.1200,4.7650,1.3404,48.2077,11.4601,0,-1.2866,1.0257,1.3928,0.3315,-0.2501,0.6958,-0.5764,0.5629,-0.3802,0.5049,0.2301,-0.2612,0.5517,0.4265,0.0936,0.1974,0.7384,-0.0032,0.3017,0.1585,-0.9518,1.1433,0.1517,2,0.4220,-0.0632,3.9664,0.5708,0.8478,0.8391,1.9769,3.7419,12.8437,0.9014,1.2451,0.7312,-0.1384,0.2122,1.3481,-0.1696,-0.7264,0.9871,0.4752,1.5752,11,-1.0305,0,20.0000,0,-1,0,-1.0388
240,15,4,2,0,3331.9600,5.1721,1.4410,47.7600,11.6792,0,-0.5553,-1.2866,1.0257,1.3928,0.3315,-0.2501,0.6958,1.3592,-0.1411,0.3775,0.3523,-0.4612,0.5320,0.0537,-0.3351,0.4418,0.2074,0.1090,0.2476,0.8441,0.0457,0.2127,0.3087,9,0.9972,0.2348,3.0413,0.0619,1.1813,0.7692,2.2989,2.1094,6.7361,1.9709,1.6299,0.9093,0.0111,-0.3128,0.7006,0.6472,-1.6327,-0.3963,0.0400,1.3776,12,-1.0388,1,24.5000,0,-1,0,-1.1265
241,14,0,2,0,3302.2400,5.1057,1.3628,47.8114,11.1148,0,-0.9333,-0.5553,-1.2866,1.0257,1.3928,0.3315,-0.2501,0.1516,-0.2314,0.4577,0.1886,-0.1042,0.3896,0.2905,0.1866,0.4245,0.6883,0.4193,0.5522,0.7791,0.2207,0.3177,0.6985,15,0.9748,0.3915,3.6978,3.8565,4.0641,0.9807,5.1276,6.9765,7.5445,4.0461,1.2111,0.9540,-0.2828,-0.8885,-0.2632,0.4375,-0.6109,0.4335,0.0512,1.0831,13,-1.1265,1,10.0000,0,-1,0,-1.0362
242,13,2,2,0,3313.1000,4.7893,1.2536,45.9796,10.2281,0,0.3599,-0.6721,-0.9333,-0.5553,-1.2866,1.0257,1.3928,1.5988,-0.5687,0.7023,0.1056,0.1536,0.3120,0.8834,-0.0907,0.3447,0.4652,0.0908,0.2305,0.5541,0.1020,0.2489,0.4837,27,0.8006,0.2123,2.3699,2.0003,2.9211,0.8234,3.7062,3.9964,0.4489,2.7017,1.1152,0.9548,-0.7242,-0.4486,-2.1492,0.0975,-0.5996,-0.2912,-0.3281,0.7385,14,-1.0362,1,46.5000,0,1,1,3.9614
243,16,3,3,0,3291.0800,4.9179,1.2561,47.4061,10.7845,1,-1.5340,0.3599,-0.6721,-0.9333,-0.5553,-1.2866,1.0257,-0.8224,-0.0680,0.5855,0.7152,0.3566,0.6097,0.7548,0.3569,0.4123,0.9638,0.3138,0.4478,0.8575,-0.6858,1.1158,0.2033,33,0.5410,0.4222,4.0404,0.0468,1.2282,0.7699,1.1062,3.3104,1.9480,1.0711,2.3337,0.9077,-0.1677,-0.3383,-2.8441,1.0230,-2.6427,-2.7998,0.2256,0.3296,0,3.9614,1,20.7500,0,-1,0,-1.0376
244,13,4,2,1,3341.3300,6.5550,1.6608,46.9542,11.3012,0,0.4366,-1.5340,0.3599,-0.6721,-0.9333,-0.5553,-1.2866,-1.4534,1.4270,1.5924,0.9255,0.0665,0.4623,0.5953,0.0568,0.4705,0.6770,-0.0085,0.2702,0.4398,-0.1566,0.2622,0.0023,1,0.7061,-0.2341,8.4958,0.0625,1.4859,0.5986,6.2487,7.1762,5.3593,3.8538,1.7672,0.9111,1.2204,1.0237,-1.4738,-1.0354,0.9521,-0.0667,-2.3028,-1.4868,1,-1.0376,0,2.0000,0,1,1,3.5631
245,13,3,2,1,3390.5800,5.5371,1.4654,46.7002,10.4613,1,-0.3319,0.1974,0.3262,2.2186,0.4366,-1.5340,0.3599,0.9764,0.0645,0.5316,0.5039,0.0252,0.7609,0.2704,0.1578,0.4137,0.5369,0.0730,0.2831,0.7338,-0.2035,0.3125,0.2038,25,0.5722,0.2147,3.2436,0.1571,0.9409,0.9021,1.0005,2.1690,4.7497,1.8349,2.1280,0.9105,-0.2696,0.2374,1.9469,-0.1051,1.4290,1.0343,1.0622,-0.6634,0,3.5631,1,6.2500,0,-1,0,-1.0334
246,8,4,1,1,3402.0000,5.0957,1.2842,45.9866,10.8727,1,0.8076,-0.3319,0.1974,0.3262,2.2186,0.4366,-1.5340,2.8700,0.1206,0.5436,0.7222,-0.3964,0.6120,0.1191,0.2240,0.5188,0.6871,0.2378,0.5519,0.7331,0.0645,0.5316,0.5039,29,0.7535,0.2940,3.3263,0.2983,1.2324,0.6306,1.6720,1.2010,2.7925,2.2087,1.7572,0.8129,-0.0051,-0.2601,2.1035,0.3515,0.4574,0.2872,-0.2541,0.9489,1,-1.0334,1,17.7500,0,-1,0,-1.0363
247,9,0,1,0,3356.0400,5.1571,1.2363,44.6883,11.4107,0,0.0542,0.8076,-0.3319,0.1974,0.3262,2.2186,0.4366,2.5592,-0.4106,0.6825,0.2131,-0.1712,0.4823,0.4979,-0.4779,0.6966,0.0084,0.0262,0.6843,0.7553,0.1725,0.6062,0.7947,1,0.3761,-0.1250,4.4676,0.1939,1.0994,0.9947,0.5643,4.3803,8.6909,0.9454,1.0034,0.8145,-0.1422,0.1332,0.8410,-0.1144,-0.9996,0.0704,-0.1648,1.7639,2,-1.0363,0,70.7500,0,-1,0,-1.1268
248,10,4,1,0,3338.1900,4.0407,0.9243,43.7010,9.0936,0,-0.6147,0.2384,0.1762,-1.6567,0.0542,0.8076,-0.3319,0.3336,-0.1249,0.3094,0.2783,0.2499,0.4012,0.9096,0.0243,0.1933,0.7504,0.0255,0.2759,0.3674,-0.4838,0.7858,0.1758,8,0.3724,0.1914,2.4525,0.0495,0.9454,0.7827,1.5072,0.8192,4.4670,1.0481,0.5599,0.7314,0.1431,0.0505,0.3951,0.1780,-1.2520,-0.8405,0.0753,1.7442,3,-1.1268,1,48.5000,0,-1,0,-1.1619
249,15,1,2,0,3325.3600,5.0850,1.4255,41.2626,8.1448,1,-0.0917,0.0117,-0.6147,0.2384,0.1762,-1.6567,0.0542,-0.5197,-0.0995,0.3316,0.0434,0.0084,0.2205,0.4837,0.0747,0.3631,0.6780,0.0519,0.3945,0.6935,-0.0519,0.1407,0.5011,8,0.3202,0.1450,3.8997,0.0256,1.1898,0.2727,1.7129,3.5910,2.2537,2.3326,1.5223,0.9095,-0.1429,0.0677,0.1201,-0.1440,-1.5185,-1.2501,-0.3218,0.1538,4,-1.1619,1,37.0000,0,-1,0,-1.0364
250,0,1,0,1,3377.5400,4.3121,1.5176,38.9575,7.6863,1,-0.1797,0.9953,-0.2897,0.9832,-0.5050,-0.0917,0.0117,0.8609,-0.2392,0.3154,0.1494,0.2779,0.4194,0.8278,0.0178,0.2824,0.2600,-0.0603,0.2011,0.1285,0.0339,0.2464,0.7587,8,0.4766,0.2487,5.0880,0.9925,2.7225,0.7547,5.0485,2.1358,2.3492,5.2688,1.0022,1.2039,0.0422,-0.8011,-0.4594,0.3708,-1.2979,-0.8762,-0.3467,-0.1003,5,-1.0364,0,132.0000,0,-1,0,-1.0429
251,15,1,2,1,3381.4900,4.2364,1.4048,38.9575,7.6863,1,-0.1797,0.9953,-0.2897,0.9832,-0.5050,-0.0917,0.0117,0.8609,-0.1374,0.3894,0.3635,-0.0216,0.3734,0.7478,-0.1735,0.4457,0.5020,0.5143,1.0467,0.9052,-0.2392,0.3154,0.1494,12,0.4712,0.2757,3.1040,0.2526,0.8262,0.8171,2.3510,1.2038,1.8010,1.1119,1.8182,0.9089,0.0842,-0.3028,-0.1491,0.0102,-0.7026,-0.8496,-0.2761,0.1914,6,-1.0429,1,7.7500,0,1,1,3.7034
252,14,4,2,1,3428.5900,4.0214,1.3563,38.2163,11.3453,1,0.5696,0.1132,0.8215,-0.1797,0.9953,-0.2897,0.9832,2.7076,0.1809,0.3689,0.9730,0.0434,0.2444,0.4610,-0.1362,0.1890,0.2047,-0.1132,0.1586,0.0886,0.0343,0.2492,0.2444,30,0.8374,0.3724,5.4583,0.5794,1.4870,0.8980,2.9940,5.2593,7.8206,1.8790,1.6947,0.9097,-0.0403,-0.0326,0.5853,0.0048,0.0821,-0.5413,-0.0912,1.0762,0,3.7034,1,21.5000,0,1,1,3.6875
253,2,0,0,1,3475.4700,6.7057,2.2585,39.0251,13.5712,1,0.9155,0.5696,0.1132,0.8215,-0.1797,0.9953,-0.2897,5.2626,-0.0824,0.2988,0.1534,-0.0357,0.3705,0.5376,0.9545,1.0490,0.9922,0.1809,0.3689,0.9730,0.0434,0.2444,0.4610,33,1.3175,0.4744,5.2164,0.5070,1.6613,0.9057,4.2352,3.8355,9.6932,3.3025,1.7727,1.1951,0.0642,0.1010,-0.0137,0.1905,1.2100,0.9391,0.1746,0.2250,0,3.6875,1,0.5000,0,1,1,3.8925
254,19,1,3,1,3535.8000,4.7193,1.2816,40.0098,16.2714,1,0.8240,0.9155,0.5696,0.1132,0.8215,-0.1797,0.9953,3.3751,1.3127,1.4520,0.9792,0.1236,0.5705,0.3856,-0.5411,0.7896,0.2745,0.5041,0.9157,0.6218,0.0466,0.3014,0.4342,43,2.4549,0.7231,9.1794,0.7946,1.6252,0.9726,1.4176,5.1067,13.1376,0.6687,1.7146,0.9080,-0.2469,-0.6312,-0.0859,0.8504,0.4522,-1.0439,-1.2364,-0.9589,0,3.8925,1,1.5000,0,-1,0,-1.0392
255,8,2,1,1,3541.0600,4.2379,1.1074,42.1412,19.4303,1,1.6397,0.8240,0.9155,0.5696,0.1132,0.8215,-0.1797,5.0701,0.0189,0.4697,0.4539,0.0812,0.5785,0.4819,0.1576,0.5148,0.6316,1.3127,1.4520,0.9792,0.1236,0.5705,0.3856,46,2.2223,0.8597,3.0888,0.2548,1.2247,0.9595,2.1473,1.6093,13.4856,1.1315,0.9644,0.7257,0.1050,-0.0867,0.2775,0.0531,0.7339,-0.9061,0.2174,-0.5564,1,-1.0392,1,8.7500,0,-1,0,-1.0437
256,11,2,1,1,3546.2500,4.3021,1.1138,42.1412,19.4303,1,1.6397,0.8240,0.9155,0.5696,0.1132,0.8215,-0.1797,5.0701,0.0919,0.4066,0.9193,0.0189,0.4697,0.4539,0.0812,0.5785,0.4819,0.1576,0.5148,0.6316,1.3127,1.4520,0.9792,47,2.1626,0.9207,2.9334,1.0204,1.8502,0.8003,2.9660,2.6452,15.1250,1.2922,0.9481,0.9060,0.0894,0.1023,0.5544,0.0606,0.8988,-0.6630,0.5060,-0.3594,2,-1.0437,1,0.7500,0,-1,0,-1.0430
257,8,3,1,1,3544.2700,5.1757,1.1975,42.8511,22.7415,1,0.7390,1.6397,0.8240,0.9155,0.5696,0.1132,0.8215,5.5024,-0.8011,1.4595,0.4184,-0.0079,0.3456,0.7855,-0.3650,0.5475,0.0312,0.6160,0.6531,0.9953,0.2949,0.5415,0.9499,52,1.2347,0.9006,5.8697,0.5023,0.8791,0.7011,1.3737,2.5368,1.8162,0.9061,0.8367,0.7258,-0.0223,0.1289,0.0601,-0.2494,0.3483,0.1449,0.3709,-0.5386,3,-1.0430,1,5.5000,0,1,1,3.8607
258,14,4,2,1,3594.4100,8.5371,1.8024,43.5689,25.1825,1,-0.3846,0.7390,1.6397,0.8240,0.9155,0.5696,0.1132,4.8895,0.9664,1.1520,0.8406,-0.3507,0.4581,0.0718,0.1782,0.3713,0.9538,0.1556,0.4655,0.7341,-0.1908,0.3645,0.2494,60,1.7885,0.5695,4.9150,0.8902,1.2908,0.9147,1.6528,4.9197,5.3941,1.9281,2.2289,0.9136,0.5210,0.8533,0.6908,-0.9150,1.6663,0.3314,0.9075,0.8104,0,3.8607,1,1.2500,0,-1,0,-1.0217
259,16,4,3,1,3599.6100,9.0236,1.8401,43.5689,25.1825,1,-0.3846,0.7390,1.6397,0.8240,0.9155,0.5696,0.1132,4.8895,0.9664,1.1520,0.8406,-0.3507,0.4581,0.0718,0.1782,0.3713,0.9538,0.1556,0.4655,0.7341,-0.1908,0.3645,0.2494,60,1.7885,0.5695,5.6629,0.0643,0.3879,0.8943,1.1481,4.9626,6.1517,0.4627,3.2398,0.9113,0.6118,0.9530,0.5498,-1.2037,0.6529,-0.4476,-0.1252,0.2323,1,-1.0217,1,1.7500,0,-1,0,-1.1392
260,7,0,1,1,3608.9800,4.2329,0.8374,44.7511,27.8221,1,1.1521,-0.3846,0.7390,1.6397,0.8240,0.9155,0.5696,6.4513,-0.3536,0.4899,0.1175,0.4011,0.5363,0.8687,-0.2395,0.3118,0.0303,0.4164,0.7513,0.8167,0.9664,1.1520,0.8406,64,1.3472,0.6794,6.0030,0.9568,1.3490,0.7758,3.4516,5.6581,13.6102,1.5500,0.6285,0.7662,0.1007,0.0965,0.0145,0.2992,0.0561,-0.2609,0.1783,0.4544,2,-1.1392,1,9.2500,0,1,1,3.9563
261,2,1,0,1,3650.5700,4.2686,0.8547,46.4632,30.6614,1,1.3865,1.1521,-0.3846,0.7390,1.6397,0.8240,0.9155,7.0047,0.0657,0.3449,0.8142,-0.1192,0.2530,0.4810,0.4533,0.7215,0.7801,0.3619,0.4804,0.9014,0.8270,1.0065,0.8347,69,2.1286,0.8794,4.4980,0.7216,2.0288,0.6686,2.5301,3.8210,14.3069,2.8362,0.6778,1.1982,0.1250,0.5319,0.6092,-0.6096,1.4817,-0.1027,0.1235,0.6777,0,3.9563,1,11.0000,0,-1,0,-1.0433
262,13,1,2,1,3660.5000,5.1043,1.0061,46.4632,30.6614,1,1.3865,1.1521,-0.3846,0.7390,1.6397,0.8240,0.9155,7.0047,-0.0173,0.3530,0.2943,-0.1874,0.6241,0.5103,0.4543,0.5807,0.8997,0.0657,0.3449,0.8142,-0.1192,0.2530,0.4810,72,1.9301,0.9394,2.8231,0.7464,1.8592,0.8725,2.1766,1.3303,8.3322,1.8395,0.9646,0.9113,-0.1879,-0.0026,1.0338,-0.5227,-0.6173,-1.2602,0.1255,1.8847,1,-1.0433,1,7.2500,0,-1,0,-1.0362
263,4,2,0,1,3641.1900,4.8057,0.9379,46.6272,33.4993,1,-0.2714,1.3865,1.1521,-0.3846,0.7390,1.6397,0.8240,6.7142,0.0945,0.5853,0.2043,-0.5108,0.5599,0.0171,-0.0658,1.3154,0.3789,-0.0173,0.3530,0.2943,-0.1874,0.6241,0.5103,75,1.0195,0.7293,4.2720,0.0749,1.0155,0.9467,1.4462,2.2244,-1.4899,0.6542,0.8216,1.1950,0.0487,-0.4743,0.7278,0.0204,-0.6418,-0.3864,0.3558,1.7373,2,-1.0362,1,14.0000,0,-1,0,-1.0385
264,12,3,2,1,3637.1400,5.9957,1.2350,46.0060,35.8803,1,0.3905,-0.2714,1.3865,1.1521,-0.3846,0.7390,1.6397,8.9356,-0.1223,0.4184,0.2232,-0.3609,0.5253,0.0350,0.0486,0.2523,0.6442,-0.0587,0.3978,0.3761,-0.0340,0.4613,0.2487,83,0.4909,0.3960,2.9588,0.8773,5.2571,0.7820,3.5659,1.7312,-1.9948,13.5459,1.2944,0.9496,-0.0761,-0.1794,0.3504,0.3071,-0.1874,0.7016,0.1516,1.4147,3,-1.0385,1,9.0000,0,-1,0,-1.0309
265,13,0,2,1,3650.3300,4.3143,0.9731,43.9645,39.6589,1,0.2551,-0.1807,0.3905,-0.2714,1.3865,1.1521,-0.3846,8.5656,0.1336,0.4222,0.9552,-0.0063,0.3415,0.9422,0.3355,0.5573,0.9393,-0.2975,0.3951,0.0896,-0.1609,0.2546,0.2121,96,0.6014,0.2223,2.5775,0.8298,1.6619,0.9038,1.7940,1.1172,0.7510,1.9187,1.0254,0.9075,0.2760,0.3025,0.2718,-0.2580,0.0522,-0.1399,0.3680,1.6964,4,-1.0309,1,95.5000,0,1,1,3.9571
266,8,1,1,1,3695.8800,4.0371,0.9345,45.0342,41.6398,1,0.9895,0.2551,-0.1807,0.3905,-0.2714,1.3865,1.1521,10.3051,-0.0578,0.4028,0.6418,0.1720,0.2913,0.9646,0.0030,0.1884,0.5195,0.7906,1.0596,0.8363,0.1336,0.4222,0.9552,100,1.1732,0.4270,4.2431,0.4335,2.4572,0.9819,0.7902,3.3340,14.8025,1.4405,0.7724,0.7250,0.1214,0.5182,0.3540,-0.3926,1.1983,0.0284,0.4842,1.8418,0,3.9571,1,15.5000,0,-1,0,-1.0458
267,14,1,2,1,3699.5000,4.7186,1.1145,45.0342,41.6398,1,0.9895,0.2551,-0.1807,0.3905,-0.2714,1.3865,1.1521,10.3051,-0.1386,0.3497,0.2074,0.2728,0.4587,0.8296,-0.0578,0.4028,0.6418,0.1720,0.2913,0.9646,0.0030,0.1884,0.5195,102,1.1344,0.5237,3.0391,0.0064,1.2377,0.9880,2.4563,0.6231,10.5604,1.8631,1.6255,0.9058,0.0838,0.5536,0.6983,-0.3997,1.4551,0.4013,-0.0715,1.7260,1,-1.0458,1,1.5000,0,-1,0,-1.0392
268,13,2,2,1,3678.7200,4.6079,1.1706,43.8496,43.6221,1,0.2903,0.9895,0.2551,-0.1807,0.3905,-0.2714,1.3865,10.6252,0.3787,0.5283,0.9623,-0.4306,0.6303,0.0970,-0.2845,0.4839,0.3707,0.0409,0.1610,0.3232,0.0079,0.2035,0.4967,108,0.5435,0.3111,3.2987,0.7444,1.0808,0.8534,2.7605,3.0036,-3.9975,1.3673,1.2176,0.9084,-0.0397,0.3312,1.2239,-0.4915,-2.1695,-1.8846,-0.2329,0.9058,2,-1.0392,1,22.2500,0,-1,0,-1.0401
269,6,0,0,1,3716.9800,4.1186,0.9517,45.6955,44.3641,1,1.1207,-0.4107,-0.8330,0.2903,0.9895,0.2551,-0.1807,10.0581,0.0358,0.3200,0.5529,0.0884,0.2270,0.8315,0.4602,0.4817,0.9649,0.5240,0.8846,0.7630,-0.1753,0.4002,0.3226,4,0.7755,0.1592,5.0576,2.5616,3.0083,0.9734,4.5234,7.2889,14.8280,2.2008,0.7734,1.1949,0.0511,-0.0315,0.0870,0.2034,1.3006,0.9774,-0.0503,0.9782,3,-1.0401,1,108.5000,0,-1,0,-1.0449
270,8,0,1,1,3722.0200,5.2729,1.2170,45.6955,44.3641,1,1.1207,-0.4107,-0.8330,0.2903,0.9895,0.2551,-0.1807,10.0581,0.0358,0.3200,0.5529,0.0884,0.2270,0.8315,0.4602,0.4817,0.9649,0.5240,0.8846,0.7630,-0.1753,0.4002,0.3226,4,0.7755,0.1592,5.6630,0.3888,0.8800,0.9397,1.5115,5.8204,13.1674,0.7900,0.9695,0.7297,0.1364,0.0545,0.1270,0.1102,1.2123,0.4495,-0.2410,0.7363,4,-1.0449,1,1.2500,0,1,1,3.8633
271,9,1,1,1,3774.3300,5.1964,1.1623,47.0736,45.2252,1,1.6575,1.1207,-0.4107,-0.8330,0.2903,0.9895,0.2551,11.1015,0.7929,0.8500,0.9755,-0.0688,0.5999,0.3572,0.0339,0.3289,0.7265,0.2424,0.3117,0.7777,0.4159,0.6930,0.9050,11,2.1432,0.7164,5.1959,0.7929,1.1181,0.8657,4.0335,5.7001,11.7562,1.6573,1.1594,0.9020,0.0424,0.3435,0.0661,-0.1948,0.9430,-0.5080,0.7174,0.9115,0,3.8633,1,0.2500,0,-1,0,-1.0356
272,5,2,0,1,3774.7200,4.0157,0.8357,47.5977,46.4050,1,0.4797,1.6575,1.1207,-0.4107,-0.8330,0.2903,0.9895,11.6345,0.0781,0.5575,0.8304,-0.0042,0.2996,0.5541,-0.3998,0.8914,0.3612,-0.1308,0.6221,0.6015,0.2626,0.4472,0.5960,16,1.3943,0.7523,5.6528,0.3262,1.3646,0.5949,1.7207,3.6457,6.9004,1.3601,0.7330,1.1910,-0.0068,0.0449,-0.4294,0.0697,0.4963,-0.1294,-0.3917,0.8873,1,-1.0356,1,10.7500,0,-1,0,-1.0461
273,22,2,4,1,3744.8500,4.6150,0.9393,48.6121,46.8504,1,-0.7436,0.4797,1.6575,1.1207,-0.4107,-0.8330,0.2903,11.0039,0.0107,0.5699,0.8774,-0.8548,1.0801,0.0875,-0.0536,0.3199,0.6907,0.0533,0.3256,0.2526,0.0781,0.5575,0.8304,20,0.3265,0.4228,5.5840,0.3402,1.1376,0.9200,2.8039,2.1777,-4.3965,0.4589,0.6941,1.2031,0.0009,-0.6324,-0.6383,0.8201,-0.2795,0.4641,-0.2732,0.5568,2,-1.0461,1,12.7500,0,-1,0,-1.0401
274,7,3,1,1,3751.3300,4.9536,1.0544,48.6121,46.8504,1,-0.7436,0.4797,1.6575,1.1207,-0.4107,-0.8330,0.2903,11.0039,-0.2884,0.5559,0.4064,0.3482,0.4125,0.8443,0.0107,0.5699,0.8774,-0.8548,1.0801,0.0875,-0.0536,0.3199,0.6907,22,0.3127,0.2909,3.2784,0.6379,1.8371,0.9165,1.8694,2.4831,-4.1808,1.7758,0.6578,0.8089,-0.0340,-0.3521,-0.4121,0.4883,-0.2541,0.5446,-0.4978,0.0780,3,-1.0401,1,5.7500,0,-1,0,-1.0373
275,13,4,2,1,3764.4200,5.0864,1.0326,47.9577,47.2640,1,0.3536,-0.7436,0.4797,1.6575,1.1207,-0.4107,-0.8330,10.4887,-0.0179,0.3875,0.6307,0.1417,0.4264,0.8605,-0.0504,0.5019,0.7003,-0.0253,0.3613,0.8480,0.4191,0.6918,0.6581,30,0.4463,0.1687,2.8586,1.3742,2.6502,0.9733,2.5067,2.6305,2.3789,2.5113,1.0366,1.0345,0.0223,-0.1282,-0.4524,0.2533,1.5693,1.2144,0.3534,-0.2442,4,-1.0373,1,26.0000,0,-1,0,-1.0364
276,14,4,2,1,3772.2300,6.6914,1.3549,47.9577,47.2640,1,0.3536,-0.7436,0.4797,1.6575,1.1207,-0.4107,-0.8330,10.4887,-0.0179,0.3875,0.6307,0.1417,0.4264,0.8605,-0.0504,0.5019,0.7003,-0.0253,0.3613,0.8480,0.4191,0.6918,0.6581,30,0.4463,0.1687,3.5105,0.8743,1.9443,0.8086,1.1672,2.9246,5.2963,2.0214,1.4728,0.9039,0.0454,-0.0171,-0.6336,0.2088,2.5612,1.8002,0.9288,-0.0627,5,-1.0364,1,0.5000,0,-1,0,-1.1878
277,0,0,0,1,3782.8800,5.2993,1.0463,48.0529,47.8862,1,0.2691,0.3536,-0.7436,0.4797,1.6575,1.1207,-0.4107,10.6608,-0.3900,0.6290,0.0000,0.5887,0.8656,0.7050,-0.0179,0.3875,0.6307,0.1417,0.4264,0.8605,-0.0504,0.5019,0.7003,32,0.5391,0.2305,4.5516,0.4284,1.2549,0.8797,2.4154,2.6739,7.8011,1.6090,0.5894,1.1931,0.0444,0.0444,-0.2692,-0.0615,0.4845,0.2874,0.1576,-0.0430,6,-1.1878,1,2.5000,0,-1,0,-1.0349
278,2,0,0,1,3793.1800,7.5529,1.4758,48.0529,47.8862,1,0.2691,0.3536,-0.7436,0.4797,1.6575,1.1207,-0.4107,10.6608,0.8065,0.8241,0.9877,-0.3900,0.6290,0.0000,0.5887,0.8656,0.7050,-0.0179,0.3875,0.6307,0.1417,0.4264,0.8605,33,1.1819,0.2804,4.2646,0.5932,1.7503,0.5825,2.6983,3.3775,6.9020,1.7645,1.0640,1.1878,0.1829,0.2000,-0.0810,-0.2776,0.6626,0.1506,0.2416,0.0473,7,-1.0349,1,1.0000,0,1,1,3.9046
279,3,1,0,1,3858.2500,5.9364,1.0906,50.1626,48.9242,1,1.9681,0.2691,0.3536,-0.7436,0.4797,1.6575,1.1207,11.1817,0.1591,0.3900,0.8943,0.0804,0.3013,0.9480,0.4387,0.6354,0.8692,-0.1356,0.6505,0.2870,0.3608,0.4838,0.9500,39,1.8116,0.7258,4.8885,0.6031,1.1943,0.8279,2.1292,4.8598,10.9611,1.2784,0.9532,1.1860,-0.0435,-0.0307,-0.6955,-0.1504,1.0410,-0.4109,0.0060,-0.4592,0,3.9046,1,0.2500,0,-1,0,-1.0312
280,13,1,2,1,3824.9800,7.3807,1.2951,50.1626,48.9242,1,1.9681,0.2691,0.3536,-0.7436,0.4797,1.6575,1.1207,11.1817,0.0815,0.7463,0.9182,-1.3106,1.6527,0.1339,0.7283,0.7572,0.9969,0.1591,0.3900,0.8943,0.0804,0.3013,0.9480,42,1.0033,0.6909,4.1432,0.1639,1.7478,0.9744,1.9158,3.1298,1.0744,1.5709,1.3308,0.9027,-0.1565,-0.1081,-0.5069,-0.4367,-0.8926,-1.0424,-0.3753,-0.5752,1,-1.0312,1,6.0000,0,1,1,3.9749
281,8,2,1,1,3891.8700,6.4893,1.1424,52.1832,50.1708,1,0.6639,1.9681,0.2691,0.3536,-0.7436,0.4797,1.6575,11.9199,0.1075,0.5139,0.4667,0.0383,0.2767,0.5890,0.3357,0.5489,0.9133,0.6978,1.1209,0.8014,0.0815,0.7463,0.9182,46,1.7015,0.6176,5.4875,0.4330,1.1188,0.5386,3.2654,4.7540,5.9991,1.7128,1.0223,0.7253,0.1022,0.0707,-0.3291,-0.6248,1.1360,0.2114,-0.2211,-0.5122,0,3.9749,1,0.2500,0,-1,0,-1.0285
282,8,3,1,1,3875.3300,5.4264,0.9304,51.4394,51.4879,1,0.1734,0.6639,1.9681,0.2691,0.3536,-0.7436,0.4797,11.1977,0.2111,0.4481,0.6644,-0.3301,0.3887,0.0020,-0.1359,0.4369,0.6268,0.0137,0.5754,0.6484,-0.5821,0.7845,0.1896,52,1.0888,0.6069,2.3902,0.1050,1.2126,0.9544,1.7488,1.9239,1.1647,1.2456,0.7507,0.7269,0.1312,0.0017,0.1432,-0.0292,0.3279,0.6022,1.2555,1.2329,1,-1.0285,1,21.0000,0,-1,0,-1.0341
283,12,4,2,1,3870.8700,4.7007,0.8105,53.2923,51.5840,1,-0.2383,0.1734,0.6639,1.9681,0.2691,0.3536,-0.7436,9.1432,0.5401,0.5666,0.9605,-0.3339,0.6396,0.2436,0.0319,0.2988,0.4132,0.3001,0.4864,0.8433,-1.0202,1.9920,0.3285,59,0.7396,0.2807,2.7379,0.6722,1.6849,1.0000,2.3039,1.6678,-2.9868,2.2336,0.7836,0.9102,0.0136,-0.1404,0.5674,0.3277,0.0400,0.6650,-0.0490,1.7230,2,-1.0341,1,22.2500,0,1,1,3.7327
284,2,0,0,1,3923.7100,7.9514,1.3469,53.3178,51.6733,1,0.7803,-0.2383,0.1734,0.6639,1.9681,0.2691,0.3536,9.1879,0.3016,0.9430,0.4464,0.0680,0.3167,0.7756,0.2532,0.6523,0.6905,0.2406,0.5227,0.9475,0.5401,0.5666,0.9605,63,1.3446,0.3782,4.7639,0.3584,0.8866,0.8723,2.2009,4.1904,8.4312,1.4167,1.1851,1.1960,0.0009,-0.1422,0.0094,1.5596,0.7524,-0.0570,0.2631,1.0967,0,3.7327,1,3.0000,0,1,1,3.9094
285,22,1,4,1,3988.5900,4.1557,0.6907,55.2573,53.2813,1,0.6057,1.9151,0.7803,-0.2383,0.1734,0.6639,1.9681,11.1052,0.2072,0.3417,0.7932,-0.0726,0.7322,0.5055,0.7139,0.7347,0.9793,-0.6220,0.9029,0.2908,0.3374,0.5279,0.9618,74,1.9317,0.8216,5.9220,0.2069,1.3764,0.9038,1.6074,1.6243,6.8628,0.3726,0.8198,1.2093,-0.1260,-0.4477,-0.6886,1.0789,-1.4268,-2.0325,-0.3524,0.6901,0,3.9094,1,7.0000,0,1,1,3.9555
286,5,2,0,1,4029.5700,5.1829,0.8684,55.2573,53.2813,1,0.6057,1.9151,0.7803,-0.2383,0.1734,0.6639,1.9681,11.1052,0.8634,1.0710,0.9899,0.1975,0.4000,0.5665,0.2072,0.3417,0.7932,-0.0726,0.7322,0.5055,0.7139,0.7347,0.9793,76,2.6352,0.8473,8.2503,0.4457,1.0033,0.9635,1.9082,7.9319,10.7393,0.8515,0.8923,1.1957,-0.2413,-0.6762,-1.1822,1.2971,-0.1647,-1.4405,-0.2115,1.0126,0,3.9555,1,0.2500,0,-1,0,-1.0357
287,4,3,0,1,4038.3200,9.1621,1.4477,56.7239,54.4787,1,1.4153,0.6057,1.9151,0.7803,-0.2383,0.1734,0.6639,11.1367,-0.4553,1.0009,0.5357,-0.3772,0.6397,0.3576,0.4106,0.8134,0.9206,0.0904,0.4665,0.4923,0.2406,0.4746,0.7823,81,1.7071,1.0446,3.8343,0.2085,0.7138,0.9633,1.5182,1.2191,2.9502,0.6013,1.2561,1.1945,0.1324,0.1781,-0.7678,0.0636,1.1026,0.8029,0.3785,0.4729,1,-1.0357,1,6.2500,0,-1,0,-1.0202
288,9,4,1,1,3992.0400,8.5393,1.2136,60.7543,54.5071,1,-1.6005,1.4153,0.6057,1.9151,0.7803,-0.2383,0.1734,9.6556,0.6492,1.0630,0.9369,-0.6176,1.1371,0.4255,0.3654,0.8970,0.9033,0.2087,0.9407,0.8551,-2.1007,2.3188,0.0471,1,0.4764,0.2073,5.1035,0.1675,0.5328,0.4154,2.3527,3.0096,-4.6269,0.9379,1.1175,1.1874,0.0458,-0.2876,-1.3748,-0.0995,3.2833,4.4259,-0.1059,0.1136,2,-1.0202,1,19.0000,0,-1,0,-1.0217
289,22,6,4,1,4022.2200,11.1957,1.4870,61.8340,54.5334,1,1.0250,-1.6005,1.4153,0.6057,1.9151,0.7803,-0.2383,10.3487,0.8535,1.1628,0.9147,-0.0549,1.3105,0.2435,-0.1618,0.6628,0.2041,0.6492,1.0630,0.9369,-0.6176,1.1371,0.4255,4,1.0001,0.1622,4.1373,0.0777,2.4152,0.7086,1.4648,3.5746,3.8970,0.5501,1.1295,1.1825,-0.0482,-0.0482,-0.9562,0.4168,1.7464,0.7214,-3.3400,-3.0989,3,-1.0217,1,56.0000,0,1,1,3.9835
290,23,0,4,1,4128.4900,5.6036,0.7136,65.5602,55.2060,1,2.3042,1.0250,-1.6005,1.4153,0.6057,1.9151,0.7803,12.8081,0.1028,0.6023,0.7816,0.6385,0.9518,0.7072,0.0459,0.3804,0.6003,0.5318,0.6008,0.9450,0.3079,0.5841,0.8700,10,2.3930,0.8649,4.6738,2.0808,2.9089,0.8141,3.6173,4.7666,16.3539,1.9520,0.4541,1.1606,-0.0069,-0.3034,-1.2118,0.2685,4.2810,2.4855,0.6110,-1.1383,0,3.9835,1,7.5000,0,1,1,3.9670
291,5,1,0,1,4179.3100,7.3536,0.9250,65.5602,55.2060,1,2.3042,1.0250,-1.6005,1.4153,0.6057,1.9151,0.7803,12.8081,1.0574,1.1301,0.9610,0.3413,0.6141,0.6981,0.1028,0.6023,0.7816,0.6385,0.9518,0.7072,0.0459,0.3804,0.6003,12,3.3481,1.0581,7.8764,0.2665,0.7003,0.9184,2.0969,4.4142,16.6858,0.9879,1.0056,1.1517,0.2681,-0.2435,-0.9087,-0.0362,3.3959,0.6392,-0.1140,-1.5911,0,3.9670,1,0.2500,0,-1,0,-1.0252
292,16,1,3,1,4142.7700,12.1736,1.4146,65.5602,55.2060,1,2.3042,1.0250,-1.6005,1.4153,0.6057,1.9151,0.7803,12.8081,-0.9008,0.9850,0.0772,-0.5777,2.1415,0.6000,1.0574,1.1301,0.9610,0.3413,0.6141,0.6981,0.1028,0.6023,0.7816,14,1.6103,1.0668,3.6702,0.0058,1.2355,0.9295,0.3039,2.7198,3.5257,0.7995,1.4518,0.8617,0.4787,0.2886,-0.5620,-0.3152,0.5273,-0.2807,-0.1154,-0.8916,1,-1.0252,1,11.0000,0,1,1,3.9408
293,10,3,1,1,4239.5400,6.8700,0.7527,67.9878,57.2091,1,1.5632,0.7995,2.3042,1.0250,-1.6005,1.4153,0.6057,14.3560,-0.0172,0.7665,0.9023,0.5436,0.7493,0.7284,0.0440,0.6536,0.3980,0.2027,0.7352,0.8060,0.1978,0.7746,0.5887,25,2.6137,1.1095,4.7234,0.5138,2.1266,0.8460,0.9753,5.0480,4.5546,0.8184,0.6705,1.1168,-0.0146,0.2020,0.2830,-0.0344,0.5644,-0.5568,0.0960,-0.8678,0,3.9408,1,6.7500,0,1,1,3.9731
294,20,3,3,1,4307.3900,12.1843,1.2899,67.9878,57.2091,1,1.5632,0.7995,2.3042,1.0250,-1.6005,1.4153,0.6057,14.3560,1.1027,1.3494,0.8366,0.0732,0.6830,0.4787,-0.0172,0.7665,0.9023,0.5436,0.7493,0.7284,0.0440,0.6536,0.3980,27,3.3452,1.1662,3.6654,0.7083,1.5142,0.6986,1.3394,2.7765,8.7473,1.1635,1.2771,0.8322,0.2083,0.3813,1.1186,-0.5679,1.8002,-0.5016,-0.7243,-1.5832,0,3.9731,1,2.5000,0,-1,0,-1.0152
295,22,6,4,1,4259.2200,14.0550,1.2770,81.1483,60.0181,1,-1.7739,2.8396,1.5632,0.7995,2.3042,1.0250,-1.6005,16.1503,1.0807,1.5874,0.9640,-2.5451,2.7154,0.0347,-0.7631,1.4909,0.4789,-0.6446,1.5259,0.5466,0.4213,2.2519,0.9903,34,1.1512,1.2008,4.7492,0.4632,2.4632,0.5737,1.9289,3.7303,-4.0953,0.9774,1.0075,1.1009,0.0412,0.0412,0.3703,-0.1195,-4.6877,-2.9138,0.7921,2.5426,1,-1.0152,1,68.5000,0,-1,0,-1.0132
296,12,0,2,1,4279.1700,8.2107,0.7454,81.1483,60.0181,1,-1.7739,2.8396,1.5632,0.7995,2.3042,1.0250,-1.6005,16.1503,-0.1770,1.0628,0.8222,0.3909,0.9817,0.8830,-0.0846,1.2952,0.5585,1.0807,1.5874,0.9640,-2.5451,2.7154,0.0347,37,1.1035,0.5313,4.3382,1.5857,1.9401,0.9824,2.9754,2.9291,-5.9203,0.8922,0.7520,1.0898,-0.0523,0.0549,0.7607,0.0711,0.7768,0.0978,0.2175,0.8951,2,-1.0132,1,11.7500,0,1,1,3.9775
297,18,0,3,1,4357.6500,7.9393,0.7009,81.1483,60.0181,1,-1.7739,2.8396,1.5632,0.7995,2.3042,1.0250,-1.6005,16.1503,0.5646,1.4562,0.8766,1.5195,1.9168,0.9536,-0.1770,1.0628,0.8222,0.3909,0.9817,0.8830,-0.0846,1.2952,0.5585,39,2.7744,0.6966,7.9302,0.2519,1.5606,0.9661,1.9700,3.9273,19.7071,0.5185,1.0770,0.8981,-0.0489,-0.0584,0.6057,0.1228,1.1274,-1.1600,1.0407,1.2620,0,3.9775,1,3.2500,0,-1,0,-1.0233
298,13,1,2,0,4211.3700,15.1629,1.2904,86.9563,61.3462,0,2.4937,-1.7739,2.8396,1.5632,0.7995,2.3042,1.0250,18.2129,-1.4647,1.6851,0.0761,-1.5641,2.2970,0.2944,-0.6128,0.9041,0.2337,0.3077,0.5104,0.7072,0.1930,1.0120,0.4307,1,0.9024,-0.7215,6.1050,0.2170,1.0862,0.6673,2.7640,4.1239,4.4715,1.2328,1.2609,1.0803,-0.0869,-0.3630,0.4794,0.9013,-5.7446,-3.1522,0.5948,2.2158,1,-1.0233,0,11.2500,0,1,1,3.9878
299,0,2,0,0,4093.1600,11.7700,0.9515,101.7315,59.8544,0,-5.3091,2.4937,-1.7739,2.8396,1.5632,0.7995,2.3042,11.9369,0.2786,0.9007,0.8399,-2.3235,3.4189,0.2223,-1.4647,1.6851,0.0761,-1.5641,2.2970,0.2944,-0.6128,0.9041,0.2337,3,2.6213,0.0573,2.7060,0.6236,2.9142,0.9157,2.5523,1.8471,23.2974,1.3231,0.6105,1.0786,-0.0095,-0.3839,-0.0327,0.6995,-8.2449,-2.1155,-0.1021,1.2608,0,3.9878,1,9.0000,0,-1,0,-1.0157
300,8,2,1,0,4088.0400,15.3821,1.1704,101.7315,59.8544,0,-5.3091,2.4937,-1.7739,2.8396,1.5632,0.7995,2.3042,11.9369,1.3080,1.9365,0.8102,-1.2189,3.0995,0.5505,0.2786,0.9007,0.8399,-2.3235,3.4189,0.2223,-1.4647,1.6851,0.0761,5,2.1452,0.7917,3.5132,1.2489,3.2304,0.9616,3.2226,2.3105,15.8053,1.7405,0.9602,1.0728,-0.0543,-0.2125,-0.3025,0.4459,-3.9170,-0.0686,0.2405,1.0511,1,-1.0157,1,7.0000,0,-1,0,-1.0120
301,19,3,3,0,4119.6900,9.3007,0.6222,105.6650,57.3234,0,-0.6516,-5.3091,2.4937,-1.7739,2.8396,1.5632,0.7995,9.3943,0.1439,0.7066,0.2555,0.2689,0.7086,0.9338,0.6509,1.3236,0.5971,0.1881,0.7082,0.6147,-0.3411,1.2235,0.3177,14,0.6948,0.6126,2.8912,0.5591,1.2225,0.7986,2.1643,2.4966,-4.6674,1.0984,0.5963,0.8711,0.0379,0.0732,-0.6134,0.4286,1.8195,0.3668,0.9226,1.8565,2,-1.0120,1,13.5000,0,-1,0,-1.0199
302,6,4,0,0,4083.6100,8.8714,0.6063,104.4639,54.9733,0,0.6954,-0.6516,-5.3091,2.4937,-1.7739,2.8396,1.5632,9.6292,-0.5089,1.0042,0.2099,0.1223,0.6667,0.9644,-0.1522,0.8749,0.5348,0.1439,0.7066,0.2555,0.2689,0.7086,0.9338,17,1.0486,0.3574,4.6779,2.1778,2.5678,0.9337,3.5406,3.4741,0.8522,1.9658,0.4704,1.0482,-0.0345,0.0345,-1.0048,0.3826,-0.6708,-0.5345,0.6737,2.5342,3,-1.0199,1,5.0000,0,-1,0,-1.0209
303,20,4,3,0,4100.2600,8.1071,0.5797,104.4639,54.9733,0,0.6954,-0.6516,-5.3091,2.4937,-1.7739,2.8396,1.5632,9.6292,1.1555,1.4588,0.8423,0.4199,1.2295,0.7635,-1.1316,1.7175,0.2518,-0.5089,1.0042,0.2099,0.1223,0.6667,0.9644,20,0.3480,0.4338,4.5565,0.1838,0.9781,0.5170,1.7676,4.0507,4.2950,0.4533,0.7436,0.9020,0.0533,0.1300,-0.3342,0.1750,-0.5825,-0.2406,0.7887,1.9126,4,-1.0209,1,7.0000,0,1,1,3.9193
304,12,0,2,0,4020.5500,13.6800,1.0181,104.1822,52.4675,0,-0.3349,0.6954,-0.6516,-5.3091,2.4937,-1.7739,2.8396,10.0806,-0.6284,1.4788,0.3100,-0.3073,1.0756,0.3431,0.1994,1.2523,0.4527,-0.4046,0.9202,0.4313,1.1555,1.4588,0.8423,24,2.0842,0.5171,4.5329,0.0738,1.1477,0.6707,1.5300,3.6550,2.7668,1.3464,0.9021,1.0420,0.1316,0.1428,-0.1021,-0.0517,-2.0421,-0.2059,0.9407,2.6787,0,3.9193,1,2.7500,0,-1,0,-1.0135
305,15,0,2,0,4004.8800,13.3371,0.9911,104.1822,52.4675,0,-0.3349,0.6954,-0.6516,-5.3091,2.4937,-1.7739,2.8396,10.0806,0.0606,0.8558,0.8757,-0.6284,1.4788,0.3100,-0.3073,1.0756,0.3431,0.1994,1.2523,0.4527,-0.4046,0.9202,0.4313,25,1.8924,0.5409,2.7720,0.6418,1.7545,0.7940,2.6123,2.8979,8.0302,2.0539,1.0755,1.0420,-0.0189,0.0920,-0.1142,0.1708,-3.3398,-1.1364,0.9414,2.1488,1,-1.0135,1,1.0000,0,1,1,3.9861
306,23,1,4,0,3936.8400,10.5914,0.8122,108.7091,46.1664,0,-0.7637,-3.1874,-0.3349,0.6954,-0.6516,-5.3091,2.4937,5.1026,-0.1824,0.6374,0.2430,1.1695,1.4619,0.8086,0.3957,1.1380,0.5896,-1.9281,2.1019,0.0144,-0.8316,1.3929,0.1724,33,2.5965,1.2625,2.3821,0.7884,4.3630,0.5237,1.6476,3.1016,5.2826,1.5585,0.6663,1.0438,-0.1037,0.0541,0.4180,-0.5209,0.2324,0.9961,0.1875,2.3672,0,3.9861,1,13.2500,0,-1,0,-1.0175
307,17,2,3,0,3993.0200,9.5707,0.8190,108.7091,46.1664,0,-0.7637,-3.1874,-0.3349,0.6954,-0.6516,-5.3091,2.4937,5.1026,0.2201,0.4245,0.7173,1.6373,1.7077,0.9760,-0.5871,0.8900,0.2207,0.6313,1.7108,0.8992,-0.1824,0.6374,0.2430,37,0.3555,0.6908,2.9914,0.9216,1.5213,0.7562,1.6091,2.4585,-4.5075,1.3585,1.3631,0.8524,0.2071,0.0403,0.4513,-0.1512,2.2189,1.5092,0.3665,2.8430,1,-1.0175,1,16.2500,0,1,1,3.9807
308,2,1,0,0,3977.2600,9.6814,0.9309,104.1169,35.3560,0,-0.0447,-0.5384,2.4283,-0.5608,-0.7637,-3.1874,-0.3349,2.9489,-0.3768,0.6819,0.3199,-0.1263,0.4890,0.2940,-0.2478,0.8797,0.3065,0.3895,0.6507,0.8317,-0.3343,0.8652,0.2105,3,0.5346,0.0636,3.7629,0.1291,1.1961,0.8618,1.3531,2.8642,0.9554,1.9638,0.6817,1.0539,-0.0764,-0.1475,-1.2492,0.1382,-0.8945,-0.6758,-0.3629,-0.5716,0,3.9807,1,123.0000,0,-1,0,-1.0191
309,6,1,0,0,3973.1500,7.4079,0.7132,104.1169,35.3560,0,-0.0447,-0.5384,2.4283,-0.5608,-0.7637,-3.1874,-0.3349,2.9489,-0.3524,0.6671,0.0195,-0.3768,0.6819,0.3199,-0.1263,0.4890,0.2940,-0.2478,0.8797,0.3065,0.3895,0.6507,0.8317,4,0.8336,0.1251,3.1939,0.3267,1.1920,0.9411,1.6806,1.9020,4.1402,1.3605,0.7485,1.0513,0.0226,-0.1942,-1.3175,-0.2505,-2.8039,-1.7875,-0.7847,-1.0348,1,-1.0191,1,2.2500,0,-1,0,-1.0250
310,13,1,2,0,3980.1200,7.1771,0.7083,104.1169,35.3560,0,-0.0447,-0.5384,2.4283,-0.5608,-0.7637,-3.1874,-0.3349,2.9489,0.4530,0.8603,0.7180,-0.3524,0.6671,0.0195,-0.3768,0.6819,0.3199,-0.1263,0.4890,0.2940,-0.2478,0.8797,0.3065,5,0.3559,0.1323,2.4439,0.3943,1.7667,0.6333,1.4658,2.3895,3.9264,1.8374,0.6435,1.0140,-0.2128,-0.2422,-1.4564,-0.4235,-2.3568,-1.6480,-1.1085,-1.3654,2,-1.0250,1,6.7500,0,-1,0,-1.0585
311,12,3,2,1,4018.2200,4.5600,0.5345,99.2579,31.8327,1,1.2292,-1.7295,-0.0447,-0.5384,2.4283,-0.5608,-0.7637,0.4875,0.5838,0.8674,0.8286,0.2766,0.4179,0.8093,-0.1349,0.5274,0.5781,-0.0462,0.3076,0.1837,0.1564,0.6658,0.6838,2,0.5648,-0.0201,7.6075,0.2697,1.1535,0.7643,2.1425,2.7127,11.8026,1.1461,0.6055,1.0616,0.1043,0.2794,-0.7444,0.0182,2.2105,0.9178,0.6298,-1.2446,3,-1.0585,0,4.7500,0,-1,0,-1.0406
312,4,0,0,1,4056.1800,8.2243,1.1176,93.0231,27.7654,1,0.5662,-0.0766,1.2292,-1.7295,-0.0447,-0.5384,2.4283,-1.0296,1.1366,1.3874,0.8354,-0.1450,0.3645,0.3610,0.1929,1.0851,0.4924,-0.2241,0.5037,0.2944,0.2899,0.5494,0.6528,7,1.1881,0.1639,6.7459,0.3429,0.8195,0.9065,1.2585,4.9123,7.3818,0.8752,0.9153,1.0825,0.0970,-0.0735,0.1812,0.3448,1.6566,0.3937,0.5748,-1.1921,4,-1.0406,1,87.5000,0,1,1,3.9775
313,0,1,0,1,4124.9600,4.2586,0.6147,94.8600,26.9285,1,2.8952,0.5662,-0.0766,1.2292,-1.7295,-0.0447,-0.5384,2.4421,0.3147,0.3664,0.9261,0.2669,0.6931,0.9968,0.3734,0.7416,0.5296,0.1762,0.4826,0.5005,0.6201,0.7925,0.9819,12,2.2342,0.7687,4.2338,0.5190,1.5287,0.8310,1.1342,2.4656,27.3636,0.9254,0.6241,1.0879,-0.0363,0.1152,0.3308,0.2113,3.9336,1.2406,1.1576,-0.1198,0,3.9775,1,0.5000,0,-1,0,-1.0434
314,20,1,3,1,4127.2200,4.9979,0.7427,94.8600,26.9285,1,2.8952,0.5662,-0.0766,1.2292,-1.7295,-0.0447,-0.5384,2.4421,-0.6822,1.1143,0.3750,0.0169,0.3264,0.6990,0.2612,0.5066,0.8055,-0.1255,0.5853,0.2635,0.4951,0.6497,0.8220,17,1.4537,0.9290,5.8345,0.2041,0.9864,0.9675,1.9548,2.7552,2.7472,0.6245,1.0078,0.8200,-0.0923,0.2024,0.9147,0.0454,0.9439,0.7064,0.2869,1.1808,1,-1.0434,1,4.7500,0,-1,0,-1.0370
315,8,2,1,1,4128.0000,7.3993,1.1572,91.7907,26.5297,1,0.2768,2.8952,0.5662,-0.0766,1.2292,-1.7295,-0.0447,2.7256,-0.6506,0.8885,0.1572,0.0991,0.4620,0.2706,0.3053,0.6115,0.8025,-0.6822,1.1143,0.3750,0.0169,0.3264,0.6990,20,0.9290,0.7232,3.5733,0.3635,1.7786,0.8161,0.5501,2.2299,-0.4419,1.3499,0.9365,1.0828,0.0518,0.2024,0.8401,0.2789,1.9313,2.2357,0.6728,1.6342,2,-1.0370,1,5.2500,0,1,1,3.9750
316,16,2,3,1,4193.3400,10.7486,1.6729,91.7907,26.5297,1,0.2768,2.8952,0.5662,-0.0766,1.2292,-1.7295,-0.0447,2.7256,0.0609,0.5200,0.4247,0.4877,0.7404,0.7078,-0.6506,0.8885,0.1572,0.0991,0.4620,0.2706,0.3053,0.6115,0.8025,22,1.2895,0.5805,6.2045,0.3582,0.9099,0.7096,1.3518,5.4854,7.9527,1.4198,2.0350,0.8547,0.1382,-0.0086,1.0009,0.5001,4.8835,3.0640,0.4625,0.6502,0,3.9750,1,0.5000,0,-1,0,-1.0671
317,2,4,0,1,4190.0300,8.2850,1.1377,93.7425,27.3887,1,-0.5595,1.6538,0.2768,2.8952,0.5662,-0.0766,1.2292,0.6964,0.4298,0.5652,0.8444,-0.7166,1.3770,0.4540,-0.7139,1.1361,0.3613,-0.0276,0.6048,0.4883,0.4995,0.8583,0.8207,31,1.3873,0.8771,3.5631,0.0229,1.6343,0.7290,0.7423,3.1454,-1.9083,1.7282,0.8899,1.0886,0.0052,0.3788,0.8260,-0.1461,-0.6564,-0.6016,-1.6962,0.2710,1,-1.0671,1,7.2500,0,-1,0,-1.0223
318,5,0,0,0,4064.4700,7.5671,0.9054,99.8652,26.1274,0,-2.0725,-0.5595,1.6538,0.2768,2.8952,0.5662,-0.0766,-2.9083,0.1979,0.8596,0.5627,-0.3585,0.6900,0.3436,1.0828,1.9512,0.8578,-2.7154,3.1138,0.1128,-0.4933,0.8205,0.2970,4,0.8268,0.1627,4.1984,0.7295,1.8118,0.6156,2.4937,4.1654,17.6156,1.3740,1.5423,1.0800,-0.0310,-0.1454,0.3598,0.0751,0.5859,0.7479,0.3568,-0.1660,2,-1.0223,0,70.5000,0,-1,0,-1.0244
319,19,0,3,0,4019.5000,9.8171,1.1327,99.8652,26.1274,0,-2.0725,-0.5595,1.6538,0.2768,2.8952,0.5662,-0.0766,-2.9083,0.1864,0.7354,0.7010,-0.4088,0.7667,0.1498,0.5889,1.0186,0.6674,-0.8063,1.0813,0.1976,0.1979,0.8596,0.5627,8,0.9602,0.4396,3.0457,3.3309,4.3200,0.9196,5.0045,5.5464,7.9005,1.9027,1.6025,0.8972,0.0449,-0.2461,0.2820,0.4064,0.1366,0.6910,-0.8820,-1.9968,3,-1.0244,1,12.2500,0,-1,0,-1.0188
320,3,1,0,0,4017.7000,11.0907,1.2535,99.8684,24.6206,0,-0.9711,-2.0725,-0.5595,1.6538,0.2768,2.8952,0.5662,-4.8175,-0.5898,0.8099,0.0796,-0.6783,1.7006,0.5595,0.1864,0.7354,0.7010,-0.4088,0.7667,0.1498,0.5889,1.0186,0.6674,10,1.9309,0.5472,3.2324,0.1371,1.3931,0.8382,0.6483,2.5111,6.6407,1.5377,1.1027,1.0826,0.0293,-0.0793,0.3410,0.3187,-2.2955,-0.7266,-1.3722,-2.4817,4,-1.0188,1,6.0000,0,-1,0,-1.0167
321,1,2,0,0,4064.5400,5.4707,0.5841,98.7592,23.1035,0,0.5448,-0.9711,-2.0725,-0.5595,1.6538,0.2768,2.8952,-4.2990,-0.0924,0.4750,0.2353,0.1508,1.0189,0.7460,0.6150,1.0167,0.8773,0.5315,1.2254,0.8605,-0.1448,0.7707,0.4632,15,0.5249,0.4632,3.2080,0.0530,1.5866,0.6417,1.5647,1.6488,-5.1803,2.4252,0.7872,1.0836,0.0138,-0.0406,0.0259,0.1385,1.3498,0.6188,-0.8049,-3.4585,5,-1.0167,1,16.5000,0,-1,0,-1.0338
322,10,2,1,1,4113.0600,8.5329,0.8991,98.7592,23.1035,1,0.5448,-0.9711,-2.0725,-0.5595,1.6538,0.2768,2.8952,-4.2990,0.4258,0.9242,0.9157,0.8970,1.0345,0.9548,-0.2330,0.5483,0.1268,-0.0924,0.4750,0.2353,0.1508,1.0189,0.7460,2,0.5798,-0.1060,3.0037,1.6595,2.1118,0.8230,3.4619,2.0509,8.9712,2.1455,0.8725,1.0784,-0.1346,-0.1372,0.0277,0.4664,3.5056,1.7077,-0.3299,-3.4270,6,-1.0338,0,7.2500,0,-1,0,-1.0217
323,8,3,1,0,4047.1300,10.1436,1.0303,97.2386,22.3096,0,0.2554,0.5448,-0.9711,-2.0725,-0.5595,1.6538,0.2768,-6.3889,-0.3648,1.1018,0.5788,0.0439,0.7848,0.1040,-0.0174,0.6321,0.4825,-0.7782,1.8787,0.2982,-0.0583,0.4670,0.5185,4,0.5060,0.0098,3.0818,0.7039,2.0072,0.7868,2.6026,3.0344,3.9779,1.9251,0.8360,1.0865,0.0495,-0.5310,-0.7880,1.2481,-0.7589,-0.0995,1.4903,-1.9808,7,-1.0217,0,16.2500,0,-1,0,-1.0182
324,3,4,0,0,4057.1100,9.3607,0.9382,95.3858,21.3294,0,-0.0150,0.2554,0.5448,-0.9711,-2.0725,-0.5595,1.6538,-1.1551,-0.1749,0.6919,0.2872,0.2823,0.7585,0.6845,-0.3505,1.5528,0.3513,0.3966,1.1094,0.6496,-0.0602,0.9551,0.6480,9,0.3491,0.1447,3.0126,0.3483,1.7883,0.9659,1.2136,2.1644,2.6130,1.7610,0.7918,1.0834,0.0720,0.1354,-0.8577,0.0222,-2.5177,-2.2785,-2.4404,-2.7655,8,-1.0182,1,18.0000,0,-1,0,-1.0198
325,2,0,0,0,4044.4000,8.6643,0.8957,94.2061,20.1724,0,-0.2946,-0.0150,0.2554,0.5448,-0.9711,-2.0725,-0.5595,-0.7999,-0.6053,0.8599,0.0454,-0.4969,0.9259,0.2850,0.1439,1.1285,0.6612,0.7214,1.2428,0.9702,-0.1961,1.0388,0.6665,2,0.7928,0.1521,4.5532,0.6613,1.3388,0.8629,2.6569,2.6673,3.3852,1.2019,0.6682,1.0893,-0.0200,-0.0200,-0.8289,0.2482,-0.4223,0.0932,0.3064,-1.7592,9,-1.0198,1,60.0000,0,-1,0,-1.0214
326,18,0,3,1,4112.6800,6.6600,0.7076,94.2061,20.1724,1,-0.2946,-0.0150,0.2554,0.5448,-0.9711,-2.0725,-0.5595,-0.7999,0.3818,0.7896,0.7770,0.1478,0.5597,0.6446,0.6267,0.7115,0.9132,0.0492,0.5202,0.2952,-0.6053,0.8599,0.0454,2,0.4303,-0.0933,4.8348,1.8168,2.8754,0.8883,2.6381,5.8979,4.4009,1.3318,1.1312,0.8216,-0.1768,0.0478,-0.6529,0.3544,1.2910,0.6013,1.4401,-0.0331,10,-1.0214,0,11.0000,0,1,1,3.8918
327,11,2,1,1,4171.2300,5.8429,0.6605,91.3998,19.3105,1,-0.0965,1.7091,-0.2946,-0.0150,0.2554,0.5448,-0.9711,0.4384,0.0118,0.5257,0.7281,0.3302,0.5325,0.6718,0.3359,0.5558,0.8077,-0.3678,0.5596,0.1345,-0.0381,1.1633,0.7260,12,1.2639,0.4864,3.7447,0.4484,1.3487,0.8249,2.2112,2.7555,6.6885,1.3623,0.6165,1.0754,-0.1079,0.2999,0.0380,0.0851,2.5815,1.8882,1.3628,2.1590,0,3.8918,1,9.0000,0,-1,0,-1.0317
328,18,2,3,1,4171.0700,6.2393,0.7038,91.3998,19.3105,1,-0.0965,1.7091,-0.2946,-0.0150,0.2554,0.5448,-0.9711,0.4384,0.3335,0.7933,0.9165,-0.2246,0.5963,0.1878,0.0118,0.5257,0.7281,0.3302,0.5325,0.6718,0.3359,0.5558,0.8077,14,1.2197,0.4662,5.2811,0.1843,0.7405,0.8723,0.8254,3.7504,3.3754,0.8347,1.0825,0.8147,0.3523,0.0915,0.5194,0.3252,3.6241,3.1163,1.1562,2.9519,1,-1.0317,1,5.5000,0,-1,0,-1.0297
329,7,3,1,1,4160.6700,4.9686,0.5972,87.9820,19.2167,1,0.7991,-0.0965,1.7091,-0.2946,-0.0150,0.2554,0.5448,4.5741,-0.1716,0.3267,0.3088,-0.2186,0.4852,0.2787,-0.0799,0.3297,0.4323,0.3335,0.7933,0.9165,-0.2246,0.5963,0.1878,17,0.5718,0.4107,3.3088,0.2858,1.0768,0.9888,1.4531,2.4735,0.6682,1.1431,0.7343,1.0722,-0.0974,0.0544,0.6302,-0.0474,2.8141,2.6387,0.3177,1.2175,2,-1.0297,1,12.5000,0,-1,0,-1.0372
330,1,4,0,1,4186.5500,4.2821,0.5755,83.5483,19.1296,1,-0.1496,0.7991,-0.0965,1.7091,-0.2946,-0.0150,0.2554,5.2213,-0.0048,0.1157,0.4075,0.0681,0.2505,0.6138,-0.0875,0.3205,0.4396,0.2807,0.4919,0.5770,-0.1716,0.3267,0.3088,21,0.6345,0.2874,6.6299,0.8290,2.5898,0.5428,4.3740,6.7023,5.2450,4.4459,0.4700,1.0808,-0.0078,-0.0698,0.5097,0.2621,0.3599,-0.0262,0.0635,4.0285,3,-1.0372,1,15.7500,0,-1,0,-1.0432
331,14,4,2,1,4182.3100,6.9186,0.9668,83.5483,19.1296,1,-0.1496,0.7991,-0.0965,1.7091,-0.2946,-0.0150,0.2554,5.2213,0.3691,0.5304,0.9751,-0.3761,0.8760,0.3977,-0.2050,0.5314,0.5716,0.7854,0.8412,0.9408,-0.0048,0.1157,0.4075,25,0.9457,0.3704,3.4068,0.3295,1.5596,0.9490,0.8051,2.2230,4.1020,1.1504,0.4403,1.0704,0.0596,-0.1751,0.4696,-0.1581,2.1179,1.4613,0.1365,3.8257,4,-1.0432,1,8.7500,0,1,1,3.8184
332,1,0,0,1,4241.3600,8.8264,1.2683,82.8912,19.7648,1,1.4807,-0.1496,0.7991,-0.0965,1.7091,-0.2946,-0.0150,7.3815,0.0484,0.3735,0.5225,0.8292,0.8311,0.9977,0.3691,0.5304,0.9751,-0.3761,0.8760,0.3977,-0.2050,0.5314,0.5716,27,1.5884,0.5065,3.7886,0.2323,1.0287,0.7225,1.0808,2.2353,9.5327,1.2749,0.8962,1.0591,0.0664,0.0664,0.8360,-0.2030,1.7589,1.4816,-0.3822,2.7924,0,3.8184,1,0.2500,0,-1,0,-1.0210
333,8,0,1,1,4250.9500,8.4621,1.2283,82.8912,19.7648,1,1.4807,-0.1496,0.7991,-0.0965,1.7091,-0.2946,-0.0150,7.3815,-0.6117,0.9660,0.3449,0.7502,1.1948,0.9865,0.0484,0.3735,0.5225,0.8292,0.8311,0.9977,0.3691,0.5304,0.9751,29,1.5642,0.6098,3.7284,0.4739,0.9631,0.7656,1.6343,1.4287,8.0417,0.9584,0.8123,1.0463,0.0871,0.1009,0.8270,-0.4887,0.9149,0.2937,-0.5715,2.3999,1,-1.0210,1,2.7500,0,-1,0,-1.0219
334,14,1,2,1,4223.2300,7.5736,1.0915,81.1590,20.7609,1,0.3121,1.4807,-0.1496,0.7991,-0.0965,1.7091,-0.2946,5.7323,0.4886,0.7865,0.9117,-0.7775,1.0677,0.2381,0.1292,0.2970,0.8723,-0.3027,0.8683,0.5469,-0.0005,0.3709,0.2134,37,0.5698,0.3451,4.5012,1.0391,1.5382,0.9356,2.4216,4.7798,-4.0681,2.1539,0.9037,0.7852,0.0637,-0.2344,0.5122,0.7324,0.2490,1.0679,0.4652,2.0199,2,-1.0219,1,23.5000,0,-1,0,-1.0244
335,2,2,0,1,4223.9700,6.3043,0.9088,80.4884,20.8679,1,-0.6285,0.3121,1.4807,-0.1496,0.7991,-0.0965,1.7091,5.0678,0.1442,0.4320,0.6513,0.2845,0.6955,0.7717,-0.4397,1.5794,0.4452,0.4886,0.7865,0.9117,-0.7775,1.0677,0.2381,40,0.5475,0.1841,4.1226,0.4870,1.5815,0.9679,1.2959,2.3270,2.9916,2.3317,1.0143,1.0643,0.1429,0.2386,0.5157,0.0161,2.1663,2.2808,0.3353,0.8258,3,-1.0244,1,11.0000,0,-1,0,-1.0293
336,14,2,2,1,4236.8600,6.4093,0.9510,80.4884,20.8679,1,-0.6285,0.3121,1.4807,-0.1496,0.7991,-0.0965,1.7091,5.0678,0.8255,1.0421,0.9648,-0.1324,0.3562,0.3556,-0.1602,0.6039,0.1733,0.1442,0.4320,0.6513,0.2845,0.6955,0.7717,43,0.9649,0.1798,4.8570,1.7350,2.4995,0.9039,3.6603,5.4109,4.4077,1.5371,1.3778,0.7997,0.1777,0.4201,0.9877,-0.3116,2.3412,1.7617,0.1087,0.8181,4,-1.0293,1,8.2500,0,-1,0,-1.0289
337,6,4,0,1,4225.6000,4.6636,0.6588,75.6662,20.7986,1,0.1337,-0.0587,-0.6285,0.3121,1.4807,-0.1496,0.7991,7.0449,0.4037,0.5827,0.9567,-0.1328,0.3685,0.5332,-0.1814,0.4229,0.5205,0.4325,0.6669,0.8986,-0.0345,0.5003,0.6092,6,0.4592,0.0897,5.6373,0.9371,2.1250,0.7084,2.0113,5.1205,6.7416,1.2191,0.7014,1.0600,0.0489,-0.0043,0.6075,-0.4007,0.8378,-0.0997,0.2776,0.7427,5,-1.0289,1,40.0000,0,-1,0,-1.0397
338,15,4,2,1,4242.1200,6.8386,0.9689,75.6662,20.7986,1,0.1337,-0.0587,-0.6285,0.3121,1.4807,-0.1496,0.7991,7.0449,0.2652,0.4414,0.7822,0.0746,0.3550,0.5000,0.4037,0.5827,0.9567,-0.1328,0.3685,0.5332,-0.1814,0.4229,0.5205,8,0.7130,0.1678,2.8339,0.4094,1.5281,0.6746,1.1113,2.8076,6.3946,2.1776,0.9155,0.8720,-0.0069,-0.1688,0.5680,0.2998,3.1130,2.1423,0.5247,0.7992,6,-1.0397,1,5.5000,0,-1,0,-1.0271
339,6,1,0,0,4179.7200,4.2943,0.6653,72.7742,21.0537,0,-0.2005,-0.2333,0.1337,-0.0587,-0.6285,0.3121,1.4807,4.7743,-0.3920,0.4904,0.0763,0.1375,0.2016,0.8698,-0.1001,0.2753,0.5654,-0.1645,0.8454,0.5270,-0.1478,0.4145,0.2156,5,0.5264,0.0868,4.2661,0.1607,1.1411,0.6796,1.6650,3.8400,6.7345,1.4166,0.7451,1.0683,0.0120,-0.0643,0.3333,0.5213,-1.0208,-0.1353,-0.4506,0.5971,7,-1.0271,0,85.7500,0,-1,0,-1.0431
340,0,3,0,1,4242.9400,9.6214,1.6012,70.2296,20.9724,1,0.4779,0.4231,-0.2005,-0.2333,0.1337,-0.0587,-0.6285,2.7457,0.6879,1.3532,0.8186,-0.0274,0.4266,0.6032,0.1528,0.4072,0.7559,-0.4022,0.4535,0.0953,-0.0560,0.4004,0.5673,1,0.5728,0.0480,5.9066,0.4282,1.2659,0.9532,1.8053,3.1814,3.5837,0.4137,1.0175,1.0639,0.1995,0.6321,0.3009,-0.6703,1.7521,1.2411,0.5472,0.3469,8,-1.0431,0,40.0000,0,-1,0,-1.0192
341,14,3,2,1,4227.1900,6.3550,1.0668,70.2296,20.9724,1,0.4779,0.4231,-0.2005,-0.2333,0.1337,-0.0587,-0.6285,2.7457,0.0619,0.4921,0.7630,0.2610,0.4124,0.8133,-0.7298,0.8234,0.0436,0.2199,0.5512,0.6092,0.6879,1.3532,0.8186,5,0.3045,0.1281,3.2667,0.1904,1.7939,0.7956,2.4138,1.0291,4.9017,1.6739,0.8736,0.8698,0.2453,0.7809,0.5675,-0.8093,2.7674,2.2849,0.2735,0.0664,9,-1.0192,1,11.5000,0,1,1,3.9709
342,18,3,3,1,4283.7700,10.0300,1.6465,70.2296,20.9724,1,0.4779,0.4231,-0.2005,-0.2333,0.1337,-0.0587,-0.6285,2.7457,1.3674,1.5053,0.9548,0.0619,0.4921,0.7630,0.2610,0.4124,0.8133,-0.7298,0.8234,0.0436,0.2199,0.5512,0.6092,6,1.5432,0.2413,7.6211,0.2104,0.8654,0.7615,0.6201,5.6411,8.3440,0.7254,1.7614,0.8753,0.2063,0.8268,0.8493,-0.6814,5.5041,3.6194,0.5055,0.4124,0,3.9709,1,1.2500,0,-1,0,-1.0184
343,8,4,1,1,4293.3200,4.7457,0.7799,71.0346,21.6848,1,1.2113,0.4779,0.4231,-0.2005,-0.2333,0.1337,-0.0587,3.7033,0.1868,0.3400,0.8967,-0.2324,0.4408,0.3434,0.0224,0.5319,0.7315,1.3674,1.5053,0.9548,0.0619,0.4921,0.7630,9,1.2788,0.4229,5.1562,0.5921,1.7932,0.7509,1.5762,5.0888,17.0280,1.3310,0.8074,1.0591,0.0298,0.3797,0.6439,-0.2461,2.7164,1.0283,0.9478,0.4258,1,-1.0184,1,13.0000,0,1,1,3.9610
344,13,4,2,1,4340.0000,7.7279,1.2522,71.0346,21.6848,1,1.2113,0.4779,0.4231,-0.2005,-0.2333,0.1337,-0.0587,3.7033,0.9186,1.0212,0.9565,0.1868,0.3400,0.8967,-0.2324,0.4408,0.3434,0.0224,0.5319,0.7315,1.3674,1.5053,0.9548,10,2.0380,0.5488,5.8580,0.0686,1.3134,0.3921,1.4842,3.6284,15.6551,1.4882,1.1457,0.8700,-0.0281,0.0708,0.6300,0.2899,2.8225,0.3230,0.3463,0.3375,0,3.9610,1,2.5000,0,-1,0,-1.0239
345,1,0,0,1,4313.1900,5.9679,0.9114,72.8343,23.0805,1,0.4774,1.2113,0.4779,0.4231,-0.2005,-0.2333,0.1337,2.5031,0.1372,0.3665,0.7408,-1.0795,2.2167,0.3837,0.5247,0.7287,0.8379,0.9186,1.0212,0.9565,0.1868,0.3400,0.8967,13,1.2825,0.6623,3.3680,0.7691,1.3858,0.8996,1.5064,2.2202,6.1295,2.2636,0.4114,1.0649,-0.0537,-0.0537,0.7055,0.0513,0.2326,0.0614,0.1487,-0.4781,1,-1.0239,1,57.7500,0,-1,0,-1.0310
346,1,1,0,1,4314.7700,5.1586,0.7879,72.2619,24.3766,1,0.1139,0.4774,1.2113,0.4779,0.4231,-0.2005,-0.2333,5.3814,0.0118,0.4209,0.3102,-0.6476,1.1891,0.3738,-0.2268,0.4030,0.1006,-0.0249,0.3785,0.5371,0.4895,0.5777,0.9704,19,0.7904,0.6130,2.9524,0.0446,1.3085,0.5437,0.5680,1.7350,1.7815,1.9594,0.6407,1.0677,-0.0119,0.1406,0.9537,-0.5715,2.6250,2.6148,-0.4968,-0.7896,2,-1.0310,1,9.5000,0,-1,0,-1.0359
347,14,1,2,1,4313.2700,6.4993,0.9593,72.2619,24.3766,1,0.1139,0.4774,1.2113,0.4779,0.4231,-0.2005,-0.2333,5.3814,0.7663,0.9268,0.9937,-0.0871,0.3907,0.2957,-0.5774,0.9485,0.3073,0.0460,0.4305,0.5162,0.0118,0.4209,0.3102,23,0.8398,0.2541,6.0007,0.0646,2.1556,0.9822,2.8834,5.0652,-4.9913,1.7847,0.9480,0.8766,0.1650,0.2401,1.2136,-0.2862,-0.3137,0.1334,-0.8415,-0.5287,3,-1.0359,1,11.0000,0,-1,0,-1.0285
348,1,2,0,1,4317.8300,4.1021,0.5990,71.6574,25.2352,1,-0.0632,0.1139,0.4774,1.2113,0.4779,0.4231,-0.2005,5.3148,-0.0267,0.4324,0.2730,-0.2242,1.0136,0.2765,0.7663,0.9268,0.9937,-0.0871,0.3907,0.2957,-0.5774,0.9485,0.3073,25,0.5127,0.2166,4.5367,0.4778,2.1355,0.7283,1.2798,1.3895,2.5304,2.2056,0.4020,1.0710,0.0221,0.0060,1.0691,-0.2735,0.1602,0.0385,-0.2900,-0.7488,4,-1.0285,1,8.5000,0,-1,0,-1.0451
349,13,2,2,1,4323.3700,5.5821,0.7951,71.6574,25.2352,1,-0.0632,0.1139,0.4774,1.2113,0.4779,0.4231,-0.2005,5.3148,-0.3932,0.6754,0.2897,0.1676,0.7206,0.7293,0.5340,0.5900,0.9968,-0.0267,0.4324,0.2730,-0.2242,1.0136,0.2765,28,0.6580,0.3264,2.9684,0.0197,2.3289,0.6477,1.2164,0.4031,6.3936,2.7010,0.6255,1.0672,0.0666,-0.4373,0.7492,0.5666,4.4486,3.9146,0.1069,-0.2261,5,-1.0451,1,5.0000,0,-1,0,-1.1291
350,13,4,2,1,4334.6800,4.5843,0.6516,69.6293,27.3683,1,-0.1284,0.8354,-0.0632,0.1139,0.4774,1.2113,0.4779,6.5179,0.0793,0.2873,0.6629,0.0636,0.3786,0.8186,-0.2167,0.6356,0.5033,-0.0138,0.4246,0.5397,-0.0775,1.5164,0.3721,40,0.3961,0.2007,3.0386,0.0305,1.6709,0.9217,1.9741,1.6949,3.2808,1.7432,0.7953,1.0680,-0.0222,-0.0324,-0.1279,0.9113,-0.3983,-0.5330,0.3797,-1.6780,6,-1.1291,1,22.7500,0,-1,0,-1.0404
351,15,4,2,1,4341.4000,7.4043,1.0529,69.6293,27.3683,1,-0.1284,0.8354,-0.0632,0.1139,0.4774,1.2113,0.4779,6.5179,-0.0249,0.3453,0.5184,0.0793,0.2873,0.6629,0.0636,0.3786,0.8186,-0.2167,0.6356,0.5033,-0.0138,0.4246,0.5397,41,0.3469,0.1752,2.4310,0.4903,1.8435,0.6989,1.8098,2.0137,0.6645,1.8452,1.2641,0.8794,0.0871,-0.0682,-0.1303,1.2380,1.1910,1.1053,0.5385,-0.8357,7,-1.0404,1,0.7500,0,1,1,3.8303
352,5,0,0,1,4401.4100,5.1143,0.7832,68.0193,28.4621,1,0.1362,-0.1284,0.8354,-0.0632,0.1139,0.4774,1.2113,6.3912,0.9573,1.0828,0.9583,-0.3400,0.4560,0.1003,0.5778,0.8366,0.9301,-0.0249,0.3453,0.5184,0.0793,0.2873,0.6629,44,1.4015,0.2675,8.9397,0.0880,1.3355,0.6720,0.9346,7.1936,16.0941,0.9064,0.6653,1.0679,0.0367,0.1247,-0.1040,-0.2555,3.2546,1.8758,0.1565,0.0457,0,3.8303,1,0.2500,0,1,1,3.9638
353,21,0,4,1,4447.7600,4.9693,0.7549,68.0193,28.4621,1,0.1362,-0.1284,0.8354,-0.0632,0.1139,0.4774,1.2113,6.3912,0.3339,0.6793,0.8789,0.2897,0.4888,0.8247,0.2443,0.4941,0.5612,0.3876,0.7089,0.6933,0.9573,1.0828,0.9583,48,2.1170,0.6623,2.9622,0.8673,1.3060,0.8213,3.0789,2.7086,20.6146,0.9483,0.6363,1.0771,0.0485,0.4254,0.0366,-0.4591,2.5415,0.2389,0.5283,0.8705,0,3.9638,1,0.2500,0,1,1,3.9628
354,2,1,0,1,4495.7200,7.8593,1.2160,71.0872,30.3638,1,2.4261,0.1362,-0.1284,0.8354,-0.0632,0.1139,0.4774,9.3106,0.9197,1.0115,0.9097,0.1217,0.4562,0.7477,0.3339,0.6793,0.8789,0.2897,0.4888,0.8247,0.2443,0.4941,0.5612,50,2.8315,0.8806,7.5058,0.6273,1.3831,0.8206,1.3843,6.4573,14.5077,1.6966,0.7992,1.0696,0.1020,0.4762,0.1804,-0.5308,1.3146,-1.0506,0.3690,1.3558,0,3.9628,1,0.7500,0,-1,0,-1.0235
355,8,1,1,1,4491.7400,5.7243,0.8813,71.0872,30.3638,1,2.4261,0.1362,-0.1284,0.8354,-0.0632,0.1139,0.4774,9.3106,-0.2539,0.5102,0.0232,0.9197,1.0115,0.9097,0.1217,0.4562,0.7477,0.3339,0.6793,0.8789,0.2897,0.4888,0.8247,51,2.4169,0.9350,3.7123,0.1904,1.3189,0.9232,1.3486,1.2788,13.1824,0.8152,1.3186,1.0681,0.0187,0.4246,0.2255,-0.9010,0.8148,-0.8201,0.2346,1.3416,1,-1.0235,1,3.7500,0,-1,0,-1.0323
356,12,1,2,1,4493.5000,5.3321,0.8289,71.0872,30.3638,1,2.4261,0.1362,-0.1284,0.8354,-0.0632,0.1139,0.4774,9.3106,0.1155,0.5314,0.4651,-0.2539,0.5102,0.0232,0.9197,1.0115,0.9097,0.1217,0.4562,0.7477,0.3339,0.6793,0.8789,52,2.3659,0.9771,3.2932,0.0600,1.3447,0.8815,1.7254,1.2940,15.8979,1.3807,0.9552,1.0681,0.1443,0.5310,0.2763,-0.9141,0.9322,-0.9511,0.3013,0.9411,2,-1.0323,1,2.5000,0,-1,0,-1.0347
357,19,1,3,1,4493.8100,8.1021,1.2194,71.0872,30.3638,1,2.4261,0.1362,-0.1284,0.8354,-0.0632,0.1139,0.4774,9.3106,-0.1424,1.1020,0.8564,-0.0304,0.5370,0.2398,0.1155,0.5314,0.4651,-0.2539,0.5102,0.0232,0.9197,1.0115,0.9097,54,1.9150,0.9806,6.7278,1.0861,1.4762,0.8052,2.0093,5.5590,7.0352,0.5969,1.6529,0.8824,0.1130,0.2536,0.2518,-0.4568,4.0810,2.9742,0.4443,1.7357,3,-1.0347,1,5.2500,0,-1,0,-1.0228
358,0,4,0,1,4503.0700,8.6250,1.2413,71.4301,34.6390,1,-0.1275,0.9210,2.4261,0.1362,-0.1284,0.8354,-0.0632,8.3254,-0.0346,0.1125,0.3413,-0.1620,0.9194,0.7862,-0.1493,0.5607,0.5286,0.1384,0.4451,0.8193,-0.6701,1.1313,0.3983,61,1.1990,0.7274,6.1751,0.1843,1.5768,0.7860,1.6000,4.2597,1.0736,0.5050,0.9321,1.1754,0.0654,0.0654,0.5066,0.1321,1.8127,1.4531,0.0947,2.3343,4,-1.0228,1,45.2500,0,-1,0,-1.2078
359,14,0,2,0,4421.7100,12.6400,1.6341,71.8308,36.7804,0,1.1636,-0.1275,0.9210,2.4261,0.1362,-0.1284,0.8354,8.8221,-1.1285,1.5062,0.2159,-0.7574,1.4433,0.4085,0.1954,0.5321,0.4070,-0.9289,1.6968,0.3208,0.2631,0.4598,0.7878,1,0.8601,-0.3088,4.0483,0.2777,1.7832,0.3549,3.3679,3.9921,6.9059,1.9392,1.5429,1.0284,-0.0552,0.0119,0.1634,-0.1987,-6.8209,-4.4046,-0.3372,0.5690,5,-1.2078,0,13.5000,0,1,1,3.9854
360,8,1,1,0,4353.4500,9.6243,1.1057,84.3264,35.2831,0,-4.3949,1.1636,-0.1275,0.9210,2.4261,0.1362,-0.1284,2.6752,0.4046,0.7156,0.9179,0.5758,0.8477,0.9984,0.0901,0.5007,0.4305,-2.1148,2.6840,0.2121,-1.1285,1.5062,0.2159,5,1.2938,0.6146,2.8283,0.2909,1.9981,0.9334,1.5638,0.9996,12.2586,0.8697,1.3834,1.0144,-0.0170,-0.0569,-0.0705,-0.0647,-1.5397,0.7376,-0.3274,0.3814,0,3.9854,1,17.0000,0,-1,0,-1.0192
361,20,1,3,0,4348.6300,8.7864,0.9675,84.3264,35.2831,0,-4.3949,1.1636,-0.1275,0.9210,2.4261,0.1362,-0.1284,2.6752,-0.4125,0.8481,0.4162,0.3751,0.8374,0.5624,-0.1288,0.7577,0.6533,0.4046,0.7156,0.9179,0.5758,0.8477,0.9984,8,1.2252,0.6156,3.0661,0.7045,2.9124,0.5658,1.8301,1.8540,-2.0031,1.0503,0.9566,1.1187,-0.1114,-0.1742,-0.3673,0.2954,5.4134,5.1381,-0.1321,-0.0724,1,-1.0192,1,10.7500,0,-1,0,-1.0211
362,5,2,0,0,4324.7800,11.9121,1.2722,84.0953,33.8927,0,0.1489,-4.3949,1.1636,-0.1275,0.9210,2.4261,0.1362,2.8280,0.6297,1.0268,0.8310,-0.7279,0.9970,0.0799,-0.4125,0.8481,0.4162,0.3751,0.8374,0.5624,-0.1288,0.7577,0.6533,10,1.1208,0.5227,3.7105,0.3853,1.9661,0.7711,1.5648,3.7038,3.5166,1.4935,1.3215,1.1003,-0.1098,-0.3634,-0.4843,0.3396,-3.6976,-2.9936,-0.2954,-0.2072,2,-1.0211,1,4.0000,0,-1,0,-1.0155
363,19,2,3,0,4310.8300,7.7871,0.7760,84.0953,33.8927,0,0.1489,-4.3949,1.1636,-0.1275,0.9210,2.4261,0.1362,2.8280,-0.5500,0.8380,0.1332,0.4654,1.0509,0.9435,0.9246,1.4776,0.8159,-1.8325,2.1793,0.1030,0.6297,1.0268,0.8310,14,1.6429,0.6987,4.8452,0.6357,1.2790,0.7179,1.4575,2.6159,7.0886,1.1615,0.6724,1.0245,0.0469,-0.1226,-0.3651,0.3075,-7.6058,-6.5739,-0.2921,-0.6384,3,-1.0155,1,4.7500,0,-1,0,-1.0539
364,14,4,2,0,4366.2200,9.1943,0.9425,85.1992,31.8517,0,-0.4485,0.1489,-4.3949,1.1636,-0.1275,0.9210,2.4261,2.0483,-0.4383,0.9174,0.1017,0.1103,0.5848,0.5269,0.7491,0.8443,0.9689,0.3608,0.7282,0.7480,-0.0657,0.6317,0.5403,1,0.4084,0.3136,3.9253,0.0054,1.7185,0.7411,3.0704,2.0926,-5.7025,1.4790,0.7509,0.9384,0.0017,-0.1992,-0.5920,0.1877,3.2468,2.1547,0.5307,-0.7240,4,-1.0539,1,14.7500,0,-1,0,-1.0711
365,6,0,0,1,4424.1000,7.8057,0.7773,85.7207,30.3213,1,0.3195,-0.4485,0.1489,-4.3949,1.1636,-0.1275,0.9210,3.0823,0.2474,0.5791,0.9329,1.0918,1.7344,0.7480,0.2232,0.5431,0.9791,-0.9844,1.3476,0.1372,-0.4383,0.9174,0.1017,2,0.7204,-0.1006,4.0112,0.5022,1.3426,0.7948,1.4617,2.8441,5.8521,1.0703,1.1048,0.9773,-0.1273,-0.2859,-0.6005,0.2225,3.5954,1.7537,0.2109,-0.8080,5,-1.0711,0,6.0000,0,-1,0,-1.0237
366,15,0,2,1,4449.2600,10.9943,1.0959,85.7207,30.3213,1,0.3195,-0.4485,0.1489,-4.3949,1.1636,-0.1275,0.9210,3.0823,-0.4043,0.9847,0.4731,0.5022,0.6042,0.8788,0.2474,0.5791,0.9329,1.0918,1.7344,0.7480,0.2232,0.5431,0.9791,4,0.6894,0.0545,4.2458,0.5776,1.7018,0.6569,2.0820,1.4480,7.1655,1.5899,1.3771,0.9432,-0.0351,-0.2824,-0.8249,-0.0663,5.5347,3.1333,0.6061,-0.1193,6,-1.0237,1,2.5000,0,-1,0,-1.1143
367,16,2,3,1,4467.8000,12.4186,1.3994,87.0284,29.2167,1,1.0297,2.6809,0.3195,-0.4485,0.1489,-4.3949,1.1636,7.0427,-0.2330,0.9013,0.6294,0.2018,0.7592,0.6526,-0.2510,0.8272,0.2981,-0.6770,0.8763,0.1178,0.1192,0.4502,0.8709,16,0.5595,0.4520,3.0309,0.5274,0.9043,0.9671,2.0663,1.4366,-0.6160,0.9687,1.4877,0.8259,0.0103,-0.0436,-0.4581,0.0664,-3.8719,-3.1478,0.4935,1.1894,7,-1.1143,1,1.5000,0,-1,0,-1.0149
368,20,3,3,1,4469.9500,6.6321,0.8089,86.2992,28.8599,1,-0.8514,1.0297,2.6809,0.3195,-0.4485,0.1489,-4.3949,6.3446,0.8976,1.0520,0.9564,-0.1992,0.6321,0.5710,0.1607,0.5380,0.7010,-0.5177,0.7667,0.2961,-0.2536,0.5460,0.2739,1,0.6699,0.0901,3.3383,0.6680,2.4246,0.7774,3.3368,2.4743,2.9146,0.9971,0.8502,0.7803,-0.1397,-0.2782,-0.8089,0.1410,-3.2905,-3.1832,-0.4003,1.0022,8,-1.0149,1,18.5000,0,-1,0,-1.0279
369,13,4,2,1,4486.4400,8.2857,1.0515,85.2585,28.2453,1,0.4679,-0.8514,1.0297,2.6809,0.3195,-0.4485,0.1489,6.3920,0.0685,0.3008,0.5283,-0.0179,0.4088,0.5441,-0.2469,0.6960,0.5138,0.3123,0.7806,0.9386,0.8976,1.0520,0.9564,5,0.6449,0.2335,2.3595,0.6976,3.9478,0.8352,2.4524,1.7947,6.9481,7.1417,0.7279,0.8238,-0.0644,-0.2724,-0.7011,0.5902,2.9155,2.0526,0.3330,0.6734,9,-1.0279,1,12.5000,0,1,1,3.8484
370,0,0,0,1,4564.7400,8.5914,1.0850,83.7594,28.1053,1,0.7158,0.4679,-0.8514,1.0297,2.6809,0.3195,-0.4485,6.6439,0.5532,0.6315,0.9311,0.0415,0.8472,0.1448,0.2576,0.7316,0.7215,0.0685,0.3008,0.5283,-0.0179,0.4088,0.5441,8,1.2838,0.3414,7.5226,1.2024,1.7331,0.9268,3.1380,7.6728,10.1846,1.6639,0.5909,1.0632,-0.0748,-0.0748,-0.6963,0.1387,2.2015,1.5205,-0.0833,1.3991,0,3.8484,1,0.2500,0,1,1,3.9161
371,0,2,0,1,4605.1600,7.4186,0.9140,84.8498,29.8850,1,-0.2358,1.9543,0.7158,0.4679,-0.8514,1.0297,2.6809,6.6644,-0.0810,0.6997,0.5271,-0.4565,1.0320,0.0761,0.5552,0.9333,0.7850,-0.1311,0.5063,0.5329,0.3102,0.5498,0.6114,20,1.2451,0.6730,4.3297,0.4354,1.4531,0.7542,1.2401,1.2914,3.4993,0.6925,0.6844,1.0854,-0.0601,-0.2177,-0.3850,0.7729,4.0883,4.1383,-0.1065,0.2312,0,3.9161,1,9.2500,0,-1,0,-1.0972
372,10,3,1,1,4617.9200,6.0579,0.7275,82.8062,30.7671,1,0.8701,-0.2358,1.9543,0.7158,0.4679,-0.8514,1.0297,7.4700,0.3730,0.4265,0.9577,-0.1024,0.7280,0.4243,-0.6503,1.0643,0.3354,0.2720,0.6532,0.4582,-0.4634,0.8536,0.3755,29,0.9553,0.4818,5.6472,0.3764,1.4345,0.8366,1.3949,2.0337,-1.6111,0.7950,1.0103,1.0796,0.0060,-0.1365,-0.3503,-0.2268,-0.0188,0.3674,-0.0237,0.6201,1,-1.0972,1,9.0000,0,-1,0,-1.0305
373,6,4,0,1,4611.5800,5.6021,0.6892,80.5815,31.4264,1,-0.2317,0.8701,-0.2358,1.9543,0.7158,0.4679,-0.8514,7.2888,0.2369,0.5401,0.8149,-0.4046,0.5836,0.2489,-0.0136,0.4534,0.7243,0.6225,0.9048,0.7988,-0.5329,0.8900,0.1440,34,0.6972,0.3051,3.0845,0.5302,1.7297,0.5253,1.8582,1.9475,3.4594,1.1871,0.9204,1.0697,-0.0017,-0.2441,-0.3811,-0.0341,3.9225,3.5702,0.5606,0.6202,2,-1.0305,1,16.5000,0,-1,0,-1.0330
374,11,4,1,1,4615.3500,5.6821,0.6965,80.5815,31.4264,1,-0.2317,0.8701,-0.2358,1.9543,0.7158,0.4679,-0.8514,7.2888,-0.2283,0.3973,0.3772,0.2369,0.5401,0.8149,-0.4046,0.5836,0.2489,-0.0136,0.4534,0.7243,0.6225,0.9048,0.7988,35,0.4388,0.2688,3.1537,0.5860,1.1105,0.9334,1.4202,2.1418,-0.4523,0.7968,0.5091,1.0697,0.0301,-0.1951,-0.2902,-0.2146,-0.6574,-0.2321,0.1863,0.5726,3,-1.0330,1,5.0000,0,-1,0,-1.0326
375,7,0,1,1,4678.1900,5.5707,0.6472,80.8492,31.1282,1,-0.4341,-0.2317,0.8701,-0.2358,1.9543,0.7158,0.4679,5.9381,0.2697,0.4554,0.8020,0.6601,1.3841,0.4806,0.3200,0.4027,0.8623,-0.4470,1.8170,0.5359,0.0204,0.7233,0.5793,3,1.6466,0.2991,4.2113,0.3088,1.1955,0.8754,1.4666,2.8165,11.9572,1.3263,0.2514,1.0959,0.0904,0.2604,-0.3582,-0.1531,4.1495,2.3587,-0.8835,-0.6394,4,-1.0326,1,66.2500,0,-1,0,-1.0332
376,16,0,3,1,4674.4000,5.1221,0.6094,80.8492,31.1282,1,-0.4341,-0.2317,0.8701,-0.2358,1.9543,0.7158,0.4679,5.9381,-0.0480,0.3033,0.4527,-0.0330,0.3711,0.3883,0.2697,0.4554,0.8020,0.6601,1.3841,0.4806,0.3200,0.4027,0.8623,5,1.3669,0.4408,2.7645,0.0957,1.2553,0.7325,1.5345,2.6747,12.9536,0.9761,0.6181,1.0555,0.1032,0.3621,-0.3553,0.0019,4.1572,2.4490,-1.0835,-1.4021,5,-1.0332,1,8.5000,0,-1,0,-1.0361
377,4,1,0,1,4680.2000,6.4257,0.7974,81.8464,31.5426,1,1.6256,-0.4341,-0.2317,0.8701,-0.2358,1.9543,0.7158,7.6520,-0.0347,0.3733,0.5831,-0.1195,0.2827,0.2693,0.2162,0.3680,0.8486,-0.0480,0.3033,0.4527,-0.0330,0.3711,0.3883,8,1.1733,0.5928,2.9973,0.2023,0.7237,0.7097,1.7726,2.3032,0.3688,0.8421,0.7506,1.0779,0.1504,0.2753,-0.0189,0.0589,0.3043,-0.1631,-0.1003,-1.3505,6,-1.0361,1,3.5000,0,1,1,3.9712
378,9,1,1,1,4734.7200,7.6686,0.9602,81.8464,31.5426,1,1.6256,-0.4341,-0.2317,0.8701,-0.2358,1.9543,0.7158,7.6520,0.9574,1.0951,0.9570,-0.0347,0.3733,0.5831,-0.1195,0.2827,0.2693,0.2162,0.3680,0.8486,-0.0480,0.3033,0.4527,9,1.9740,0.6164,6.4367,0.1200,0.4681,0.4986,1.5557,3.8703,8.4670,0.7961,0.9505,1.0354,0.4346,0.7854,0.4028,-0.1335,2.9708,1.5629,-0.8186,-2.0311,0,3.9712,1,0.2500,0,-1,0,-1.0241
379,14,1,2,1,4741.0000,7.3507,0.9230,81.8464,31.5426,1,1.6256,-0.4341,-0.2317,0.8701,-0.2358,1.9543,0.7158,7.6520,0.1006,0.4822,0.9522,0.3803,0.6760,0.8450,0.9574,1.0951,0.9570,-0.0347,0.3733,0.5831,-0.1195,0.2827,0.2693,11,2.1454,0.7220,3.1045,0.3632,2.1930,0.5310,2.3535,1.3155,10.5146,2.0223,1.0963,0.9249,0.0597,0.8717,0.5562,-0.0462,2.0458,0.5225,-0.5108,-2.1481,1,-1.0241,1,0.7500,0,-1,0,-1.0252
380,17,1,3,1,4753.5800,12.8200,1.5937,81.8464,31.5426,1,1.6256,-0.4341,-0.2317,0.8701,-0.2358,1.9543,0.7158,7.6520,0.1006,0.4822,0.9522,0.3803,0.6760,0.8450,0.9574,1.0951,0.9570,-0.0347,0.3733,0.5831,-0.1195,0.2827,0.2693,11,2.1454,0.7220,2.7707,0.1989,0.9665,0.6610,1.2527,2.0078,6.6435,0.8255,1.8506,0.9273,0.1117,0.8332,0.7994,-0.1145,-0.3377,-2.0798,-0.2328,-1.6621,2,-1.0252,1,1.5000,0,1,1,3.9856
381,5,2,0,1,4865.9200,14.0443,1.7376,83.6181,32.5325,1,1.9903,1.6256,-0.4341,-0.2317,0.8701,-0.2358,1.9543,9.7946,1.4598,1.8134,0.8945,0.0918,0.3971,0.8556,0.4631,0.8435,0.9167,0.1006,0.4822,0.9522,0.3803,0.6760,0.8450,14,3.5581,1.0438,6.7565,0.0164,0.6237,0.4372,1.4995,5.7895,13.2239,0.7203,1.2981,1.0289,-0.0495,0.4483,0.6338,0.0038,0.1242,-3.5145,-0.7694,-1.9886,0,3.9856,1,0.2500,0,-1,0,-1.0132
382,13,2,2,1,4877.3000,8.0307,0.9566,83.6181,32.5325,1,1.9903,1.6256,-0.4341,-0.2317,0.8701,-0.2358,1.9543,9.7946,-0.1908,1.1477,0.4979,0.7133,1.2636,0.8609,1.4598,1.8134,0.8945,0.0918,0.3971,0.8556,0.4631,0.8435,0.9167,16,3.5404,1.2916,3.1579,0.0336,1.5030,0.8476,1.4681,1.3685,18.7630,1.5089,0.7885,0.9539,0.2101,0.0768,0.6441,-0.0450,-1.5709,-4.4731,-0.7900,-2.1232,1,-1.0132,1,6.5000,0,-1,0,-1.0230
383,6,3,0,1,4821.3300,8.0407,0.8514,87.1254,34.1910,1,1.4187,1.9903,1.6256,-0.4341,-0.2317,0.8701,-0.2358,8.7147,0.4871,0.9765,0.9934,-0.7494,1.2763,0.4128,0.1015,2.0322,0.7681,-1.0832,1.6074,0.3033,0.3864,0.5146,0.9572,21,1.9285,1.1085,4.6066,1.4638,2.5918,0.9851,2.9537,2.9027,-5.5455,0.9931,0.9301,1.0205,-0.0026,-0.2458,0.4572,0.3224,-0.8249,0.1692,1.0096,-0.5581,2,-1.0230,1,15.7500,0,1,1,3.9770
384,17,3,3,1,4898.9000,12.9336,1.3779,87.1254,34.1910,1,1.4187,1.9903,1.6256,-0.4341,-0.2317,0.8701,-0.2358,8.7147,-0.0149,0.5297,0.4521,0.0359,0.5109,0.3504,0.4871,0.9765,0.9934,-0.7494,1.2763,0.4128,0.1015,2.0322,0.7681,23,1.7046,0.8389,6.4336,0.3796,0.7987,0.9332,1.4026,6.5775,4.9484,0.8288,1.5414,0.9494,0.3008,0.3033,1.1556,0.1220,2.5608,1.6351,1.4410,-0.7878,0,3.9770,1,0.2500,0,1,1,3.8614
385,0,0,0,1,5039.8700,11.8300,1.1480,92.7260,37.8692,1,1.0491,2.1788,1.4187,1.9903,1.6256,-0.4341,-0.2317,11.3664,0.4521,0.6376,0.9425,0.5418,1.1187,0.5949,0.4133,0.7264,0.7529,-0.8497,1.2796,0.2971,0.1429,0.5923,0.7716,31,3.2452,1.3354,6.2308,0.6602,1.2460,0.9871,4.3686,6.1986,8.7464,0.5418,0.6682,1.0554,0.2968,0.2968,2.0285,-0.3532,1.6950,0.6589,-0.2678,-0.2085,0,3.8614,1,0.7500,0,-1,0,-1.0156
386,1,1,0,1,5071.2700,21.9464,1.9144,94.8841,40.0663,1,0.4675,1.0491,2.1788,1.4187,1.9903,1.6256,-0.4341,10.6001,-1.7551,2.2305,0.1951,0.6355,0.9243,0.9063,-0.3031,0.8332,0.3317,0.1921,0.8994,0.4064,0.0584,0.8037,0.5368,37,2.1114,1.6448,3.6589,0.0756,2.3776,1.0000,0.8598,0.9669,1.4599,1.3440,0.5569,1.3105,-0.0446,0.1357,2.0343,-0.3578,-0.2264,-0.0463,0.9398,1.2334,1,-1.0156,1,5.2500,0,1,1,3.9672
387,5,2,0,1,5253.8500,13.2286,1.0217,100.8802,42.3415,1,3.3621,0.4675,1.0491,2.1788,1.4187,1.9903,1.6256,14.3185,0.4759,1.3112,0.7005,1.9356,2.2471,0.9094,0.0750,1.1169,0.6128,-0.4168,0.6206,0.3284,0.3104,0.5440,0.9186,44,4.2234,1.4092,6.9335,0.3734,1.1778,0.7792,1.3970,4.7843,13.9395,0.9407,0.5817,1.2366,-0.1223,1.0671,2.4091,-1.3144,6.8652,3.3603,0.3798,2.6688,0,3.9672,1,2.0000,0,1,1,3.9860
388,22,2,4,1,5414.9200,24.7500,1.8294,112.3867,44.9476,1,4.5351,3.3621,0.4675,1.0491,2.1788,1.4187,1.9903,24.9964,2.1978,2.8474,0.9719,0.5802,1.3588,0.8738,-0.2196,0.9666,0.5470,0.3203,1.1328,0.4362,1.0857,1.2423,0.9211,49,6.2477,2.1494,5.1778,0.7467,1.4533,0.8821,1.5354,4.7281,9.6073,0.6786,0.7565,1.2006,0.1030,-0.7118,2.3092,0.8176,4.1417,-0.3935,0.1307,1.5708,0,3.9860,1,1.2500,0,-1,0,-1.0075
389,21,3,4,1,5394.5900,37.9079,2.1107,112.3867,44.9476,1,4.5351,3.3621,0.4675,1.0491,2.1788,1.4187,1.9903,24.9964,-3.1789,8.0703,0.5183,-0.0707,1.3096,0.5444,-0.8717,2.1726,0.3276,0.3064,1.0785,0.9657,2.3053,3.2912,0.7061,54,2.6648,2.7645,6.8205,0.5049,1.4034,0.7667,2.3354,3.4423,1.8247,0.9760,0.9719,1.1526,0.1834,0.1582,1.8359,-0.1741,0.0395,-0.2891,-0.2182,0.6964,1,-1.0075,1,5.5000,0,-1,0,-1.0049
390,8,4,1,0,5096.1900,41.6750,2.0038,139.5940,47.6269,0,-0.6820,4.5351,3.3621,0.4675,1.0491,2.1788,1.4187,23.9594,-2.2003,3.7852,0.3623,-1.5411,2.9660,0.0638,0.8032,2.6800,0.6658,-3.1789,8.0703,0.5183,-0.0707,1.3096,0.5444,1,0.4756,-1.4249,2.9600,0.5253,2.3379,0.6020,1.2211,2.5884,10.8698,1.1058,0.9647,0.9712,0.1485,-0.3040,1.7186,0.3229,-9.2979,-2.6685,-1.3752,-0.3122,2,-1.0049,0,7.5000,0,1,1,3.9956
391,1,0,0,0,4650.2300,74.2379,2.7684,184.1423,46.1909,0,-9.0751,-0.6820,4.5351,3.3621,0.4675,1.0491,2.1788,13.2177,0.8254,5.3611,0.7780,-3.3773,6.2151,0.1549,0.1017,3.0660,0.1733,-3.2993,5.1380,0.2810,-2.2003,3.7852,0.3623,5,5.2370,1.1316,3.3712,0.6350,2.6780,0.6762,2.6276,3.3579,10.7055,1.3407,1.0096,1.0951,0.1359,0.1359,0.0464,0.3082,0.6778,3.1921,-0.0267,0.6378,0,3.9956,1,54.7500,0,-1,0,-1.0025
392,16,0,3,0,4619.5200,56.3164,1.7476,184.1423,46.1909,0,-9.0751,-0.6820,4.5351,3.3621,0.4675,1.0491,2.1788,13.2177,-0.2905,3.2875,0.3149,3.7681,7.2327,0.9653,-3.9806,5.8050,0.1834,-0.9012,6.2575,0.5052,0.8254,5.3611,0.7780,9,7.0233,2.8688,2.9111,0.5128,1.0773,0.9621,1.7988,2.6209,7.3382,1.1419,1.3259,0.9306,-0.6094,-0.4911,-0.8667,0.5900,-10.9795,-5.4496,0.4979,0.2333,1,-1.0025,1,3.0000,0,-1,0,-1.0033
393,2,2,0,1,5058.7900,30.2771,0.8203,214.9861,40.9037,1,6.1730,-4.7058,-9.0751,-0.6820,4.5351,3.3621,0.4675,14.1851,2.0698,2.9280,0.9519,0.4008,1.6984,0.8008,-0.1107,2.0259,0.3378,0.3382,1.3784,0.7360,1.8993,2.7486,0.7528,1,1.5769,-0.2737,5.0001,0.1691,0.6388,0.6448,0.2464,3.3322,7.5701,1.0223,0.8644,1.6242,0.0753,0.1033,-1.3900,0.4277,3.5143,-0.7435,-1.0221,-1.0486,2,-1.0033,0,26.7500,0,-1,0,-1.0061
394,3,3,0,0,4811.5000,34.8821,0.9046,216.5864,39.1703,0,0.3458,6.1730,-4.7058,-9.0751,-0.6820,4.5351,3.3621,11.5884,-0.2822,1.7666,0.2794,1.3517,2.0017,0.9337,-3.0816,4.0426,0.2131,-0.1042,1.0100,0.8012,-0.3788,0.9725,0.3379,3,0.3326,-0.1985,3.6916,2.3952,2.7369,0.9366,4.2712,4.3885,6.7430,1.5621,0.8800,1.4195,-0.1542,-0.3045,-1.5643,0.3942,-14.7541,-10.1734,-0.6488,-1.4528,3,-1.0061,0,12.2500,0,-1,0,-1.0053
395,12,3,2,0,4840.6500,27.5250,0.7115,216.5864,39.1703,0,0.3458,6.1730,-4.7058,-9.0751,-0.6820,4.5351,3.3621,11.5884,-0.7943,1.9336,0.0712,-1.3136,3.4782,0.6092,-0.2822,1.7666,0.2794,1.3517,2.0017,0.9337,-3.0816,4.0426,0.2131,5,2.2341,0.3139,3.4881,0.2525,1.5895,0.8562,1.7184,3.6189,7.3609,1.2281,0.8154,1.1214,-0.0432,-0.1473,-1.2823,0.2168,-13.5042,-9.9410,-0.6580,-1.4262,4,-1.0053,1,8.7500,0,-1,0,-1.0067
396,21,3,4,0,4766.0400,23.9886,0.6190,216.5864,39.1703,0,0.3458,6.1730,-4.7058,-9.0751,-0.6820,4.5351,3.3621,11.5884,0.7718,2.2012,0.6433,-0.5045,1.9071,0.3169,-0.7943,1.9336,0.0712,-1.3136,3.4782,0.6092,-0.2822,1.7666,0.2794,7,1.6679,0.5831,4.7602,1.1055,1.8776,0.8557,1.8959,4.3533,7.3718,0.7902,0.8070,2.2972,-0.1788,-0.1881,-1.5370,0.0733,-15.8540,-13.2585,-1.2301,-2.3482,5,-1.0067,1,4.7500,0,-1,0,-1.0077
397,23,6,4,1,4978.9300,11.8029,0.3489,226.8493,34.5398,1,3.9158,-3.7248,0.3458,6.1730,-4.7058,-9.0751,-0.6820,11.4499,0.1218,0.7001,0.8719,0.6734,1.5131,0.8912,1.2620,1.7876,0.8758,-0.6474,1.5862,0.5226,2.6056,2.8708,0.9991,3,0.7824,-0.2242,2.9425,0.6490,2.4409,0.5116,2.4418,1.2539,14.2889,1.1787,0.5546,1.1590,-0.0025,-0.0025,-0.3055,0.1126,9.7603,5.8445,2.3319,-0.1703,6,-1.0077,0,68.7500,0,1,1,3.9843
398,8,1,1,1,5048.6500,12.7550,0.5402,219.3694,32.7372,1,1.8577,3.9158,-3.7248,0.3458,6.1730,-4.7058,-9.0751,12.1886,0.1861,0.8982,0.6270,-0.5435,1.7625,0.4800,0.2433,0.8298,0.3498,0.7870,1.5653,0.5672,-0.0152,0.8544,0.5927,11,1.3873,0.6332,2.7221,0.2156,1.1525,0.9830,1.5508,1.7185,2.7911,0.9720,0.7415,0.8855,-0.0285,0.4377,0.7820,-0.6641,1.1415,0.5731,0.4585,-0.4752,0,3.9843,1,16.2500,0,-1,0,-1.0145
399,14,1,2,1,5070.0300,13.4264,0.5859,219.3694,32.7372,1,1.8577,3.9158,-3.7248,0.3458,6.1730,-4.7058,-9.0751,12.1886,0.0666,0.7691,0.7676,0.1331,0.8921,0.6177,0.1861,0.8982,0.6270,-0.5435,1.7625,0.4800,0.2433,0.8298,0.3498,13,1.3915,0.6546,2.8906,0.8461,1.4710,0.7499,2.4005,1.6907,4.9008,1.2792,0.9016,0.8276,-0.0865,0.0000,0.9139,-0.7433,2.7169,1.8739,0.6737,-0.3632,1,-1.0145,1,1.5000,0,-1,0,-1.0138
400,23,1,4,1,5046.8400,9.7171,0.4351,210.2115,31.0634,1,-0.6647,1.8577,3.9158,-3.7248,0.3458,6.1730,-4.7058,11.4429,-0.0187,0.8061,0.5091,-0.4628,1.5926,0.3510,0.0666,0.7691,0.7676,0.1331,0.8921,0.6177,0.1861,0.8982,0.6270,15,0.8012,0.5026,4.1700,0.1533,2.1045,0.6235,2.1797,3.9837,-0.7646,1.0565,0.6904,0.9915,-0.0151,-0.1788,0.6246,-0.9261,-3.0758,-2.4110,-0.1903,0.5746,2,-1.0138,1,8.5000,0,-1,0,-1.0190
401,5,3,0,1,5075.0200,10.5814,0.5463,202.3393,29.7015,1,1.1641,-0.6647,1.8577,3.9158,-3.7248,0.3458,6.1730,10.5790,-0.4232,1.0868,0.3295,-0.1446,0.5484,0.6257,0.4502,1.2546,0.8827,0.1231,1.9752,0.4984,0.2138,0.5251,0.6427,22,0.9266,0.5393,2.7917,0.0321,1.1936,0.7514,1.8778,2.3995,1.7805,0.9722,0.7298,0.8590,-0.1263,-0.3871,0.6320,-0.2994,1.2291,0.7693,0.0204,1.1921,3,-1.0190,1,15.5000,0,-1,0,-1.0175
402,19,4,3,1,5039.4500,16.6371,1.0812,203.7558,27.6376,1,-3.1877,1.1641,-0.6647,1.8577,3.9158,-3.7248,0.3458,7.3072,0.6995,1.3969,0.8181,0.3358,1.3414,0.8104,0.4929,0.8813,0.5593,-0.7031,1.0562,0.0203,1.1658,2.0887,0.9242,1,0.3017,-0.3103,4.3114,0.2212,0.9413,0.5773,0.6245,2.1638,6.4386,0.8154,1.1200,1.7667,0.1214,0.0860,0.4628,-0.0634,2.0596,0.1250,-0.0612,-0.6789,4,-1.0175,1,36.5000,0,-1,0,-1.0755
403,5,1,0,0,4900.6100,12.3743,0.9069,192.3238,23.9617,0,-0.9860,2.4564,-3.1877,1.1641,-0.6647,1.8577,3.9158,8.6423,-0.7438,1.5607,0.4402,0.0288,0.1811,0.5055,-0.1085,0.6094,0.7389,-0.3313,0.5519,0.2685,0.4647,0.6436,0.8901,4,0.9148,0.1341,4.7203,1.8264,3.2511,0.6943,4.7647,4.5441,9.8260,2.2216,0.7549,0.8121,-0.0203,-0.1787,-0.5576,-0.0979,-0.0718,0.4112,-0.5738,-2.2760,5,-1.0755,0,29.2500,0,-1,0,-1.0150
404,14,1,2,0,4870.6700,14.3836,1.0709,192.3238,23.9617,0,-0.9860,2.4564,-3.1877,1.1641,-0.6647,1.8577,3.9158,8.6423,-1.1238,1.5420,0.0274,0.7578,0.9407,0.8578,-1.3891,2.2762,0.2681,-0.7438,1.5607,0.4402,0.0288,0.1811,0.5055,7,2.3119,0.4926,2.6217,2.5147,3.8843,0.9628,4.2708,3.8481,9.5762,1.7778,0.9184,0.8286,-0.2051,-0.2725,-0.6847,-0.0417,-5.1550,-2.6263,-0.7016,-2.2318,6,-1.0150,1,5.7500,0,-1,0,-1.0129
405,9,2,1,0,4917.2600,7.1186,0.5278,189.9821,22.8835,0,-2.2982,-0.9860,2.4564,-3.1877,1.1641,-0.6647,1.8577,6.1455,0.8906,1.0949,0.8749,0.6185,0.8138,0.9158,0.2717,0.9897,0.3275,-0.1142,1.3505,0.3569,-1.1238,1.5420,0.0274,11,0.5842,0.6660,3.4754,0.0450,0.8288,0.9254,1.8122,2.3923,-0.0112,1.2603,0.6314,0.8214,-0.0904,-0.0811,-0.7275,0.6567,1.1352,1.2051,0.9198,-1.0858,7,-1.0129,1,18.7500,0,-1,0,-1.0260
406,6,3,0,1,4996.9200,6.0986,0.4837,187.6683,21.8157,1,2.0113,-2.2982,-0.9860,2.4564,-3.1877,1.1641,-0.6647,6.5484,0.4761,0.6642,0.9410,-0.0179,0.6659,0.5245,-0.4497,0.6103,0.1186,0.8996,1.1897,0.7910,0.7535,1.2720,0.7679,4,0.6304,0.0638,5.8965,0.0803,0.5591,0.4282,2.0743,3.8944,10.2696,0.9945,0.5885,0.8151,-0.0237,-0.4542,-0.6161,1.1990,3.0892,1.8022,0.4161,-1.1216,8,-1.0260,0,17.0000,0,-1,0,-1.0303
407,15,3,2,1,5006.1200,13.5964,1.0987,187.6683,21.8157,1,2.0113,-2.2982,-0.9860,2.4564,-3.1877,1.1641,-0.6647,6.5484,0.0320,0.5246,0.9573,-0.0230,0.5710,0.0817,0.4761,0.6642,0.9410,-0.0179,0.6659,0.5245,-0.4497,0.6103,0.1186,6,0.5606,0.2072,3.0979,0.0677,1.7027,0.7970,0.6472,0.9436,3.8076,1.8617,1.0961,0.8289,-0.3045,-0.5290,-1.0999,0.5273,0.4613,0.1744,-0.1941,-1.1720,9,-1.0303,1,4.7500,0,-1,0,-1.0136
408,1,4,0,1,5013.4900,9.1714,0.7445,179.0185,20.7465,1,0.3995,2.0113,-2.2982,-0.9860,2.4564,-3.1877,1.1641,4.8865,0.2387,0.5776,0.7259,-0.2569,1.1864,0.3604,0.0320,0.5246,0.9573,-0.0230,0.5710,0.0817,0.4761,0.6642,0.9410,8,0.4877,0.1895,3.2241,0.6062,0.9813,0.8389,2.1643,2.4478,4.9523,1.4905,0.6623,1.0646,0.0178,-0.1662,-0.8583,0.2184,2.8323,1.9299,-0.0519,0.6778,10,-1.0136,1,6.7500,0,-1,0,-1.0202
409,6,4,0,1,5016.5400,7.9664,0.6927,179.0185,20.7465,1,0.3995,2.0113,-2.2982,-0.9860,2.4564,-3.1877,1.1641,4.8865,0.2916,0.6034,0.9937,0.0196,0.5909,0.3940,0.2387,0.5776,0.7259,-0.2569,1.1864,0.3604,0.0320,0.5246,0.9573,10,0.7104,0.2139,4.1750,0.2008,1.0544,0.5845,1.9180,2.4930,3.2762,1.3680,0.6328,0.8325,-0.0315,-0.3095,-0.8803,0.0064,0.9189,0.6243,-0.0417,0.9406,11,-1.0202,1,4.0000,0,-1,0,-1.0232
410,20,4,3,1,5079.7000,9.6643,0.8663,179.0185,20.7465,1,0.3995,2.0113,-2.2982,-0.9860,2.4564,-3.1877,1.1641,4.8865,0.5813,1.7316,0.9642,0.3194,0.8302,0.8869,0.3250,0.7459,0.6100,0.2916,0.6034,0.9937,0.0196,0.5909,0.3940,13,1.6548,0.3834,9.0374,0.3394,0.8040,0.9691,0.8557,3.8585,10.1425,0.5547,1.3582,1.7846,-0.0560,0.1479,-0.7239,0.0310,7.0434,5.2031,0.8047,0.8374,12,-1.0232,1,4.7500,0,1,1,3.8700
411,0,0,0,1,5165.3000,11.6907,1.0635,175.2500,19.3637,1,2.2110,0.3995,2.0113,-2.2982,-0.9860,2.4564,-3.1877,5.7059,0.6601,1.0581,0.9788,0.5813,1.7316,0.9642,0.3194,0.8302,0.8869,0.3250,0.7459,0.6100,0.2916,0.6034,0.9937,14,2.1517,0.5019,8.9678,0.5303,1.5320,0.6471,5.0040,8.0294,14.4534,1.1816,0.9545,0.9894,0.4499,0.4499,-0.2815,-0.4573,2.9185,1.7730,-0.2487,0.7288,0,3.8700,1,0.2500,0,-1,0,-1.0158
412,2,0,0,1,5174.4300,16.0557,1.4736,175.2500,19.3637,1,2.2110,0.3995,2.0113,-2.2982,-0.9860,2.4564,-3.1877,5.7059,0.9987,1.4350,0.8098,0.6601,1.0581,0.9788,0.5813,1.7316,0.9642,0.3194,0.8302,0.8869,0.3250,0.7459,0.6100,15,2.9159,0.6777,5.5799,0.1750,0.9654,0.8613,0.5169,4.6806,10.9830,0.9497,1.2616,0.9848,0.3888,0.3888,-0.3287,-0.5417,2.7008,1.7045,-0.6930,0.1425,1,-1.0158,1,2.5000,0,-1,0,-1.0115
413,11,0,1,1,5162.9100,9.2993,0.8627,175.2500,19.3637,1,2.2110,0.3995,2.0113,-2.2982,-0.9860,2.4564,-3.1877,5.7059,-0.1698,0.7597,0.6953,0.0173,0.4683,0.2435,0.9987,1.4350,0.8098,0.6601,1.0581,0.9788,0.5813,1.7316,0.9642,17,2.4073,0.9278,4.2143,0.1527,1.2915,0.9284,1.4367,1.8421,14.5162,0.9253,1.0092,0.8434,-0.2190,0.1562,-0.5755,-0.1709,2.8830,1.7843,-0.2430,0.4666,2,-1.0115,1,3.7500,0,-1,0,-1.0199
414,16,0,3,1,5214.4300,15.1921,1.4081,175.2500,19.3637,1,2.2110,0.3995,2.0113,-2.2982,-0.9860,2.4564,-3.1877,5.7059,-0.0623,0.4239,0.1214,-0.1698,0.7597,0.6953,0.0173,0.4683,0.2435,0.9987,1.4350,0.8098,0.6601,1.0581,0.9788,18,2.1949,0.9998,4.1732,0.6233,1.1611,0.7409,1.1032,4.2331,12.4492,1.3809,1.5030,0.8305,0.0755,0.1231,-0.4986,-0.4044,2.5305,0.7736,-1.0310,0.1699,3,-1.0199,1,3.0000,0,-1,0,-1.0122
415,18,1,3,1,5163.7300,13.3407,1.1907,172.6943,18.8675,1,2.3635,2.2110,0.3995,2.0113,-2.2982,-0.9860,2.4564,4.7975,0.9474,1.3935,0.9992,-1.0871,1.3571,0.0573,-0.2165,0.5569,0.5367,0.1066,0.5982,0.7010,-0.9364,1.9969,0.3044,25,1.5045,0.8208,5.3251,0.0135,0.4617,0.9903,1.6528,3.6332,-3.4706,0.5664,1.5499,0.8453,0.1130,-0.1119,-0.4553,0.8854,1.2337,2.0829,0.7855,0.9209,4,-1.0122,1,16.7500,0,-1,0,-1.0139
416,1,2,0,1,5174.5000,13.7279,1.2778,171.5997,18.4761,1,-1.6511,2.3635,2.2110,0.3995,2.0113,-2.2982,-0.9860,3.0672,-0.4369,0.6315,0.0187,0.9474,1.3935,0.9992,-1.0871,1.3571,0.0573,-0.2165,0.5569,0.5367,0.1066,0.5982,0.7010,26,1.0035,0.6559,3.7289,0.0954,2.3478,0.9327,2.4716,1.8335,-4.0421,1.7990,0.8156,0.9723,0.0246,-0.0857,-0.5849,0.5217,-0.3343,1.0335,0.6974,0.8714,5,-1.0139,1,2.0000,0,-1,0,-1.0135
417,5,3,0,1,5200.5400,7.6493,0.7013,166.1826,18.1126,1,0.4596,-1.6511,2.3635,2.2110,0.3995,2.0113,-2.2982,3.0592,0.5795,0.8305,0.8397,-0.8095,1.2091,0.3056,0.4179,1.1506,0.8181,-0.1523,0.7812,0.7565,-0.1661,0.5041,0.6686,33,1.2539,0.6132,4.2239,0.0954,1.1949,0.4344,0.8249,2.6055,2.3100,0.8213,0.9750,0.8085,-0.0059,0.1984,0.2443,0.1059,-0.1041,-0.2976,0.6238,0.8610,6,-1.0135,1,8.5000,0,-1,0,-1.0242
418,20,3,3,1,5196.9100,9.6764,0.8666,166.1826,18.1126,1,0.4596,-1.6511,2.3635,2.2110,0.3995,2.0113,-2.2982,3.0592,0.0168,1.2161,0.5926,-0.3850,0.6228,0.2669,-0.2301,0.6100,0.5837,0.1302,0.6068,0.7654,0.5795,0.8305,0.8397,37,0.5536,0.3842,6.6181,0.2894,1.1719,0.8959,1.0624,2.0855,-1.0531,0.7332,1.1878,1.7863,-0.0203,-0.0737,0.2839,-0.1994,-3.1072,-2.7614,-0.5816,0.9456,7,-1.0242,1,13.0000,0,-1,0,-1.0191
419,13,4,2,1,5212.9600,7.7536,0.7139,159.7152,17.7751,1,0.3828,0.4596,-1.6511,2.3635,2.2110,0.3995,2.0113,0.0886,-0.4209,0.5196,0.1392,0.0805,0.5094,0.9104,0.1881,0.5420,0.9601,0.3292,0.7814,0.5948,0.0168,1.2161,0.5926,41,0.4982,0.3028,2.8193,2.8632,3.6164,0.9290,3.5300,4.4405,5.7561,2.0441,0.8488,0.8160,-0.0627,-0.0567,0.3102,-0.1160,2.9728,2.8997,-1.2144,0.1606,8,-1.0191,1,14.0000,0,1,1,3.9761
420,22,4,4,1,5278.5300,8.4986,0.7760,159.7152,17.7751,1,1.8119,0.3828,0.4596,-1.6511,2.3635,2.2110,0.3995,-2.5188,0.8369,1.1173,0.9579,0.2227,0.8395,0.4748,0.9102,1.3829,0.7573,-0.4209,0.5196,0.1392,0.0805,0.5094,0.9104,44,2.0993,0.5069,6.5199,0.2436,1.0355,0.7205,1.7944,5.1550,9.6510,0.7279,0.9648,1.7321,-0.0042,0.1619,0.3030,-0.0570,6.1708,4.3589,-0.4292,-0.6749,0,3.9761,1,0.2500,0,1,1,3.8522
421,23,6,4,1,5382.3800,17.2757,1.5810,156.4563,17.9529,1,1.8119,0.3828,0.4596,-1.6511,2.3635,2.2110,0.3995,-2.5188,0.8369,1.1173,0.9579,0.2227,0.8395,0.4748,0.9102,1.3829,0.7573,-0.4209,0.5196,0.1392,0.0805,0.5094,0.9104,44,2.0993,0.5069,9.1649,0.1737,2.3119,0.7271,6.2411,8.2573,11.1283,1.2076,0.9243,0.9761,-0.3639,-0.3639,-0.1671,0.0500,6.1708,4.3589,-0.4292,-0.6749,0,3.8522,1,0.5000,0,-1,0,-1.0107
422,6,0,0,1,5375.4100,11.5157,1.0132,156.4563,17.9529,1,1.8119,0.3828,0.4596,-1.6511,2.3635,2.2110,0.3995,-2.5188,0.7743,0.9422,0.9815,-1.0025,1.6788,0.2423,0.8369,1.1173,0.9579,0.2227,0.8395,0.4748,0.9102,1.3829,0.7573,46,3.2812,0.8071,5.5342,0.7303,1.4354,0.7090,2.1927,4.1647,16.3333,0.9766,1.0029,1.2207,-0.2163,-0.4198,-0.4518,0.5172,0.4387,-1.2197,-0.8327,-0.7948,1,-1.0107,1,5.2500,0,-1,0,-1.0161
423,0,1,0,1,5348.3400,12.6836,1.0346,156.5580,18.8901,1,0.8296,1.8119,0.3828,0.4596,-1.6511,2.3635,2.2110,8.8425,0.2913,1.0731,0.5759,-1.6155,2.4831,0.3409,0.0382,0.7623,0.4509,0.4823,1.0320,0.5094,0.7743,0.9422,0.9815,50,1.7765,1.1621,4.5500,0.0875,1.0029,0.9088,0.7600,1.3947,0.0205,0.3339,1.9796,1.1947,-0.1409,-0.5502,-0.8352,0.4041,-5.9736,-5.2101,0.9035,0.3614,2,-1.0161,1,9.7500,0,-1,0,-1.0146
424,14,1,2,0,5071.8500,47.0393,3.4301,156.5580,18.8901,0,0.8296,1.8119,0.3828,0.4596,-1.6511,2.3635,2.2110,8.8425,-2.2442,4.0452,0.3863,-0.8277,2.0532,0.4488,-0.3638,1.3095,0.1975,0.3221,1.0983,0.2965,0.2913,1.0731,0.5759,1,1.5544,-0.4173,4.5366,0.0565,1.7857,0.8812,1.8049,4.0126,6.8409,2.0456,4.3553,0.4159,-0.1267,-0.9223,-1.5426,0.1803,-12.4024,-8.0080,-0.5461,-1.2993,3,-1.0146,0,8.7500,0,-1,0,-1.0039
425,15,2,2,0,5147.9800,18.4936,1.1845,172.7788,17.7117,0,-4.3753,0.8296,1.8119,0.3828,0.4596,-1.6511,2.3635,4.0802,-0.2779,0.9571,0.2236,0.4384,1.2541,0.9603,-0.2910,0.9575,0.3721,1.4683,1.8587,0.9646,0.1988,1.3706,0.1475,7,0.7582,0.5734,2.6820,0.4775,2.2029,0.7813,1.0771,2.2862,0.4850,2.5841,1.5793,0.4105,-0.0791,0.4988,-1.3677,-0.2898,5.0810,2.9105,1.3271,-1.4643,4,-1.0039,1,13.0000,0,-1,0,-1.0100
426,6,3,0,0,5148.9400,11.0671,0.6883,169.2296,16.6175,0,0.9934,-4.3753,0.8296,1.8119,0.3828,0.4596,-1.6511,10.3049,-0.4568,0.8957,0.0082,0.5355,0.8107,0.6744,-0.0276,0.7428,0.8178,-0.5124,1.2541,0.3226,-0.2779,0.9571,0.2236,11,0.8751,0.3393,2.9755,1.1765,1.9183,0.9821,2.0466,2.1388,0.7048,1.3766,0.5655,1.1711,-0.2898,-0.0052,-1.9053,-0.2393,-2.3618,-2.1539,0.9864,-1.2653,5,-1.0100,1,4.7500,0,-1,0,-1.0167
427,13,3,2,0,5122.4100,13.7121,0.8422,169.2296,16.6175,0,0.9934,-4.3753,0.8296,1.8119,0.3828,0.4596,-1.6511,10.3049,0.2301,1.1554,0.6667,-0.4568,0.8957,0.0082,0.5355,0.8107,0.6744,-0.0276,0.7428,0.8178,-0.5124,1.2541,0.3226,12,0.6023,0.3442,3.1082,1.1355,5.6753,0.4798,2.9025,3.4488,4.1124,4.5332,0.8342,1.1107,0.1871,-0.0860,-1.5962,0.0839,-1.6579,-1.4909,0.5338,-1.3572,6,-1.0167,1,6.2500,0,-1,0,-1.0306
428,14,0,2,0,5076.4100,13.6836,0.7476,163.6851,14.4249,0,1.7511,-1.0986,0.9934,-4.3753,0.8296,1.8119,0.3828,4.1893,-0.0200,1.0306,0.2852,0.1234,1.1693,0.2631,0.7951,1.7263,0.8620,-2.4853,3.3772,0.1376,0.6176,0.7516,0.8771,4,0.8815,0.3299,3.8382,0.2594,2.6894,0.9478,2.2304,1.9315,3.2945,2.6808,0.5726,1.0754,0.1613,-0.5458,-1.2412,0.5185,-0.8237,0.6769,-1.0713,-1.9540,7,-1.0306,1,71.5000,0,-1,0,-1.0135
429,9,1,1,1,5189.8600,8.9107,0.5070,165.2733,13.7890,1,-0.6662,1.7511,-1.0986,0.9934,-4.3753,0.8296,1.8119,3.4485,0.6479,1.2124,0.6293,-0.1646,0.7499,0.3526,0.6533,1.1579,0.8317,0.1910,1.0905,0.7970,-0.0200,1.0306,0.2852,1,0.4814,-0.1408,3.4621,0.5117,1.2255,0.6227,1.5352,3.1378,9.9599,1.4631,0.3798,0.9858,0.4384,0.8423,0.3244,-0.7345,6.6907,5.0799,2.6577,0.6468,8,-1.0135,0,18.0000,0,-1,0,-1.0208
430,14,1,2,1,5200.6800,11.4071,0.6594,165.2733,13.7890,1,-0.6662,1.7511,-1.0986,0.9934,-4.3753,0.8296,1.8119,3.4485,0.0669,0.6824,0.8606,0.3827,0.7080,0.6835,0.6479,1.2124,0.6293,-0.1646,0.7499,0.3526,0.6533,1.1579,0.8317,3,0.8151,0.0943,3.3803,0.4892,1.4587,0.8864,2.5835,1.1247,9.1609,1.8902,0.5093,0.9896,-0.0979,0.7020,0.3779,-0.4843,5.8904,4.0839,1.7236,0.2836,9,-1.0208,1,2.5000,0,-1,0,-1.0162
431,19,3,3,0,5098.7800,11.2679,0.8316,155.8569,12.0672,0,-0.2572,1.0189,-0.6662,1.7511,-1.0986,0.9934,-4.3753,2.3326,-1.1153,1.4791,0.1842,0.0614,0.5413,0.6333,0.6919,1.0217,0.7800,-0.2024,0.6701,0.0602,-0.4936,1.1266,0.4709,1,0.7381,0.0281,6.2283,0.2068,0.5502,0.9839,1.0410,4.4321,5.7171,0.6852,1.4031,1.1400,-0.0364,-0.4269,-0.5515,0.2927,-0.5441,0.7037,-1.0240,-1.3028,10,-1.0162,0,48.2500,0,-1,0,-1.0164
432,6,4,0,0,5100.6300,6.7979,0.5294,154.5050,12.0295,0,-1.8742,-0.2572,1.0189,-0.6662,1.7511,-1.0986,0.9934,1.0867,-0.1846,0.5020,0.0651,0.6796,0.8421,0.9635,-0.8475,1.4617,0.3380,-1.1153,1.4791,0.1842,0.0614,0.5413,0.6333,4,0.9003,0.2228,3.7762,0.2927,1.6535,0.9511,0.5649,1.6976,6.3652,1.7794,0.4676,1.0298,-0.1744,-0.2584,-0.8892,0.2394,-0.0889,0.6559,-0.2707,-2.2447,11,-1.0164,1,4.0000,0,-1,0,-1.0272
433,15,4,2,0,5079.3700,12.0714,0.9458,154.5050,12.0295,0,-1.8742,-0.2572,1.0189,-0.6662,1.7511,-1.0986,0.9934,1.0867,0.6074,0.8212,0.9162,-0.3311,0.9792,0.5210,-0.1846,0.5020,0.0651,0.6796,0.8421,0.9635,-0.8475,1.4617,0.3380,6,0.5094,0.3798,3.4611,0.0555,1.4489,0.7198,2.7238,0.6818,6.6131,2.0511,1.2791,0.9163,0.2218,-0.4104,-0.8062,0.0642,-2.7660,-1.8058,0.2305,-0.0857,12,-1.0272,1,2.5000,0,1,1,3.9458
434,8,0,1,0,4992.7700,9.6029,0.7994,151.9489,12.3158,0,-1.1998,-1.8742,-0.2572,1.0189,-0.6662,1.7511,-1.0986,-1.2754,-0.2577,0.8743,0.6891,0.4196,1.2712,0.9178,-0.5319,1.0779,0.1756,-1.4139,1.9993,0.2632,0.6074,0.8212,0.9162,10,2.0685,0.6559,3.9676,0.5415,1.6193,0.9312,3.0928,2.7148,10.3011,1.3688,0.7012,0.9187,-0.1433,0.1358,-0.9805,-0.2698,-0.5526,-0.4143,0.8052,0.7263,0,3.9458,1,8.2500,0,-1,0,-1.0193
435,17,0,3,0,4979.7800,14.2279,1.2119,151.9489,12.3158,0,-1.1998,-1.8742,-0.2572,1.0189,-0.6662,1.7511,-1.0986,-1.2754,0.5786,1.1046,0.9028,-0.4319,1.0202,0.1206,-0.2577,0.8743,0.6891,0.4196,1.2712,0.9178,-0.5319,1.0779,0.1756,12,1.6482,0.8110,3.8024,0.2889,1.4113,0.9153,0.8448,3.0258,5.8596,0.8920,1.6293,0.9226,0.0671,0.6202,-0.9032,-0.2692,-0.3030,0.3378,1.0896,-0.1931,1,-1.0193,1,5.0000,0,-1,0,-1.0130
436,11,1,1,0,5004.0700,8.8243,0.7973,146.1461,12.8743,0,-0.2668,-1.1998,-1.8742,-0.2572,1.0189,-0.6662,1.7511,-0.7351,-0.2618,0.7821,0.4987,0.7016,0.9435,0.9153,-0.0561,0.3612,0.2638,0.2921,0.7541,0.5768,-0.5853,1.2755,0.2593,17,1.0492,0.6056,4.4650,0.1133,1.7497,0.8031,1.1162,0.9802,-2.1384,1.1714,0.7247,0.9657,0.3232,0.5808,-1.1553,-0.1205,3.8727,3.1626,0.6216,-1.7579,2,-1.0130,1,15.5000,0,-1,0,-1.0210
437,16,1,3,0,4984.5300,13.8400,1.2425,146.1461,12.8743,0,-0.2668,-1.1998,-1.8742,-0.2572,1.0189,-0.6662,1.7511,-0.7351,-0.2579,0.6743,0.5835,-0.2618,0.7821,0.4987,0.7016,0.9435,0.9153,-0.0561,0.3612,0.2638,0.2921,0.7541,0.5768,18,1.2258,0.5774,2.8504,0.5397,1.9494,0.5934,2.0860,1.7955,1.1879,1.9386,1.5010,0.9683,0.2364,0.3873,-0.9873,-0.1313,-0.6583,-0.9021,0.4802,-1.2278,3,-1.0210,1,3.0000,0,-1,0,-1.0134
438,5,2,0,0,4984.4800,6.8771,0.6450,140.7721,13.3243,0,0.0106,-0.2668,-1.1998,-1.8742,-0.2572,1.0189,-0.6662,-0.7246,-0.0120,0.3828,0.5736,0.0856,0.2537,0.7849,-0.1957,1.1551,0.4902,-0.2579,0.6743,0.5835,-0.2618,0.7821,0.4987,21,1.1275,0.4594,4.3579,0.2414,1.3319,0.7085,1.4934,2.8966,6.4416,1.0248,0.6630,0.9786,-0.0217,0.3846,-0.8100,-0.2629,-3.3064,-2.5832,0.9455,-1.0857,4,-1.0134,1,4.5000,0,-1,0,-1.0269
439,12,2,2,0,4948.6800,12.6329,1.1932,140.7721,13.3243,0,0.0106,-0.2668,-1.1998,-1.8742,-0.2572,1.0189,-0.6662,-0.7246,0.0112,0.7804,0.2605,-0.3449,0.6854,0.1513,-0.0120,0.3828,0.5736,0.0856,0.2537,0.7849,-0.1957,1.1551,0.4902,23,1.2829,0.5104,5.2181,0.1362,2.1729,0.9188,2.6716,4.7812,4.3521,1.9803,0.7954,0.9279,-0.0208,0.2938,-0.5781,-0.0660,-1.4326,-0.7866,0.8315,-0.6807,5,-1.0269,1,5.7500,0,1,1,3.9854
440,20,2,3,0,4852.9400,12.5836,1.1354,140.7721,13.3243,0,0.0106,-0.2668,-1.1998,-1.8742,-0.2572,1.0189,-0.6662,-0.7246,0.1153,1.2365,0.8774,-2.1231,2.5058,0.0884,0.0112,0.7804,0.2605,-0.3449,0.6854,0.1513,-0.0120,0.3828,0.5736,25,2.9353,0.7484,3.3925,0.2805,2.0900,0.9776,2.9912,1.3216,11.8798,1.0166,1.8017,1.1423,-0.3412,-0.5347,-0.8141,0.4301,-4.3451,-1.3313,-1.1536,-1.7965,0,3.9854,1,5.5000,0,1,1,3.9853
441,8,3,1,0,4739.5600,18.2057,1.6180,145.6920,14.7888,1,-3.7467,0.0106,-0.2668,-1.1998,-1.8742,-0.2572,1.0189,-3.4926,0.1785,0.7073,0.4939,0.3749,0.9272,0.8316,-1.3974,1.8926,0.1300,0.1153,1.2365,0.8774,-2.1231,2.5058,0.0884,28,3.0059,1.1934,6.5013,0.4444,1.9725,0.8928,2.5514,6.4057,14.9233,1.2945,1.1359,0.9274,-0.1454,-0.6671,-0.7136,0.5915,-9.4470,-4.5444,-1.9918,-1.5949,0,3.9853,1,0.7500,0,1,1,3.9898
442,12,4,2,0,4645.2800,18.5293,1.2831,161.3304,17.3890,1,-3.5022,-3.7467,0.0106,-0.2668,-1.1998,-1.8742,-0.2572,-4.6819,-0.5972,1.5534,0.4398,1.5817,2.0787,0.8535,-0.0834,0.9277,0.3367,1.4195,1.9488,0.8505,0.2311,3.2051,0.5613,35,3.7490,2.1607,4.7854,0.0399,1.1846,0.6779,1.1997,1.2958,2.8889,1.1751,0.6995,0.9142,0.0078,0.7495,0.8858,-0.2545,1.2253,1.9487,-0.6501,-1.7657,0,3.9898,1,22.2500,0,-1,0,-1.0100
443,15,4,2,0,4616.5300,21.8507,1.4871,161.3304,17.3890,1,-3.5022,-3.7467,0.0106,-0.2668,-1.1998,-1.8742,-0.2572,-4.6819,-0.3262,1.3506,0.6515,-0.5972,1.5534,0.4398,1.5817,2.0787,0.8535,-0.0834,0.9277,0.3367,1.4195,1.9488,0.8505,36,3.8246,1.8963,3.2846,0.9158,2.4059,0.9292,2.8269,2.3331,-1.9363,2.0091,1.0002,0.9682,-0.0649,0.2040,0.5436,0.5024,0.8375,0.9176,-0.5931,-2.3809,1,-1.0100,1,1.7500,0,1,1,3.9701
444,1,0,0,0,4436.4300,26.4407,1.6924,168.2732,19.8835,1,-3.4235,-3.5022,-3.7467,0.0106,-0.2668,-1.1998,-1.8742,-9.7602,-2.0214,2.6917,0.1091,-2.0302,2.9667,0.3070,-0.3262,1.3506,0.6515,-0.5972,1.5534,0.4398,1.5817,2.0787,0.8535,38,7.2663,1.8846,4.9307,0.4334,1.8112,0.7661,2.0427,2.4114,7.6431,1.4727,1.7540,1.0268,-0.0709,-0.0709,1.1062,-0.0377,0.3228,0.9009,-0.7262,-2.3683,0,3.9701,1,0.0009,1,1,1,4.1332
445,7,0,1,0,4224.7500,27.4807,1.6410,168.2732,19.8835,1,-3.4235,-3.5022,-3.7467,0.0106,-0.2668,-1.1998,-1.8742,-9.7602,0.3061,2.8538,0.3043,-2.1092,4.8671,0.1584,-2.0214,2.6917,0.1091,-2.0302,2.9667,0.3070,-0.3262,1.3506,0.6515,40,8.9878,2.4905,6.6818,0.9767,2.5887,0.9380,4.1018,5.6625,17.3238,1.5167,1.8345,0.9679,-0.1757,-0.3120,0.8693,0.2204,-5.8152,-1.7971,-0.8716,-2.9295,0,4.1332,1,0.0008,1,-1,0,-1.4449
446,1,1,0,0,4345.7600,26.8821,1.2792,187.5366,23.1204,1,-1.8520,-3.4235,-3.5022,-3.7467,0.0106,-0.2668,-1.1998,-13.6921,0.7355,2.1941,0.3814,-2.3052,3.6239,0.1528,5.3468,6.3258,0.9481,-2.6624,6.4478,0.5425,0.3061,2.8538,0.3043,44,5.9854,3.0240,3.9744,0.5885,2.0754,0.7707,3.2155,2.6854,5.3653,1.3372,1.2258,1.0283,-0.0422,0.4004,0.9558,-0.4228,2.4420,2.9713,1.6308,-1.5646,1,-1.4449,1,15.3912,1,-1,0,-1.0330
447,13,1,2,0,4369.4800,25.2507,1.1078,187.5366,23.1204,1,-1.8520,-3.4235,-3.5022,-3.7467,0.0106,-0.2668,-1.1998,-13.6921,1.8150,2.6183,0.8131,-0.7205,1.6921,0.3780,-1.2388,2.6430,0.2856,0.7355,2.1941,0.3814,-2.3052,3.6239,0.1528,47,4.6436,2.3341,2.6538,0.2178,1.7500,0.8346,2.0756,1.2233,1.6871,1.6135,1.0728,0.9178,-0.1680,0.2830,0.7100,-0.1038,4.1502,3.4879,-0.1738,-1.6976,2,-1.0330,1,5.8114,1,-1,0,-0.9903
448,20,2,3,0,4508.1900,16.7771,0.6733,186.9032,26.1261,1,1.5594,-1.8520,-3.4235,-3.5022,-3.7467,0.0106,-0.2668,-12.3463,0.2471,1.1934,0.5598,-0.2640,1.4071,0.3492,-0.3582,0.8805,0.5718,0.1972,1.1003,0.3991,2.0666,2.5960,0.9261,55,0.4435,0.3138,3.2324,0.9447,3.1418,0.5773,2.5177,2.4295,-7.1198,1.8541,0.8858,1.1466,-0.1674,-0.1356,0.7772,0.2787,3.7941,0.4038,0.2557,-0.7787,3,-0.9903,1,28.5349,1,-1,0,-1.3638
449,6,3,0,0,4490.3400,11.0850,0.4449,184.0294,27.8639,1,0.6592,1.5594,-1.8520,-3.4235,-3.5022,-3.7467,0.0106,-13.8056,-0.3347,0.9807,0.4607,0.2143,1.1103,0.9270,-1.0875,1.8025,0.2307,0.2471,1.1934,0.5598,-0.2640,1.4071,0.3492,58,0.9994,0.3308,4.0126,0.5855,1.9928,0.8017,2.4601,3.6951,7.2801,0.9691,0.4522,1.0377,0.0952,-0.2457,0.8763,0.3468,-2.4271,-1.2907,-0.4623,-0.6840,4,-1.3638,1,9.4592,1,1,1,3.3425
450,17,3,3,0,4392.6700,22.2186,0.8878,184.0294,27.8639,1,0.6592,1.5594,-1.8520,-3.4235,-3.5022,-3.7467,0.0106,-13.8056,0.0533,0.9485,0.3714,-2.0489,2.4267,0.1395,-0.3347,0.9807,0.4607,0.2143,1.1103,0.9270,-1.0875,1.8025,0.2307,60,2.6726,0.6194,2.8364,0.9006,2.3885,0.8157,2.6019,1.8867,7.3857,1.2935,1.2513,1.0256,0.1501,-0.2455,0.2362,0.2820,-5.6118,-2.9627,-0.8370,-0.7104,0,3.3425,1,0.1377,1,-1,0,-0.9518
451,10,4,1,0,4425.0100,13.9543,0.5886,184.7009,29.7552,1,-2.7540,0.6592,1.5594,-1.8520,-3.4235,-3.5022,-3.7467,-14.7723,-0.4977,1.1578,0.0089,1.5441,1.6514,0.9553,-0.1924,1.0027,0.1653,-0.1720,1.5941,0.4383,-0.9225,2.5502,0.2007,65,1.8997,1.0679,3.3051,0.3511,1.0792,0.9695,1.6891,1.5888,2.0510,1.1943,0.4901,0.9425,-0.1889,-0.3365,-0.4046,0.2301,0.8050,0.8906,-1.1655,-2.0085,1,-0.9518,1,6.2031,1,-1,0,-1.0614
452,11,0,1,1,4566.5700,11.7564,0.5382,184.6573,31.4149,0,2.5606,-2.7540,0.6592,1.5594,-1.8520,-3.4235,-3.5022,-12.9898,0.9180,1.1955,0.7690,1.4613,1.9372,0.7588,-1.3280,2.1463,0.1430,-0.4920,0.9327,0.1733,1.7655,3.1939,0.7228,1,0.8097,-0.1468,2.9635,1.2359,2.2566,0.9977,2.7058,3.7375,12.6986,1.9085,0.4832,0.9799,-0.2041,-0.1339,0.0313,-0.3969,1.4476,0.5909,0.7046,-0.8423,2,-1.0614,0,69.6953,1,-1,0,-1.0093
453,1,1,0,1,4549.3400,15.6879,0.8562,183.0717,32.7223,0,0.3821,2.5606,-2.7540,0.6592,1.5594,-1.8520,-3.4235,-14.5389,0.7772,1.4504,0.9919,-0.6348,1.0846,0.3674,-0.6443,1.4468,0.4143,0.6853,1.2628,0.7992,0.9180,1.1955,0.7690,5,0.8098,0.2602,3.4772,0.6610,0.8255,0.9591,2.1686,2.1698,6.3387,1.5669,0.5894,0.9433,0.0942,-0.2807,-0.9812,0.0013,3.3392,0.7346,0.6229,-2.9416,3,-1.0093,1,11.2502,1,1,1,4.8402
454,19,1,3,1,4674.0300,15.7443,0.9374,183.0717,32.7223,0,0.3821,2.5606,-2.7540,0.6592,1.5594,-1.8520,-3.4235,-14.5389,1.3856,1.8316,0.8388,0.1342,1.4906,0.6651,0.0872,0.8401,0.6597,0.3743,1.9210,0.3729,0.7772,1.4504,0.9919,9,2.3544,0.4643,4.8379,0.0095,0.9216,0.6561,0.3468,3.0690,9.7083,1.2755,1.2805,1.1381,0.2109,0.7286,-0.3238,-0.4674,7.2508,3.5044,2.6641,-0.9632,0,4.8402,1,0.2470,1,1,1,4.8152
455,23,2,4,1,4798.1600,11.6971,0.7333,180.7930,32.4119,0,1.9270,3.4983,0.3821,2.5606,-2.7540,0.6592,1.5594,-10.5865,-0.5907,1.0614,0.3316,1.3220,1.5834,0.9508,-0.0823,1.0551,0.2325,1.1188,1.5564,0.7385,-0.7338,1.2127,0.1621,16,3.2808,1.4260,4.2318,0.2872,0.8771,0.6121,1.8859,3.5009,10.2863,0.4778,0.8944,1.1933,0.1036,0.2795,0.2673,-0.0750,0.1489,-1.8976,0.6375,-0.1354,0,4.8152,1,0.1741,1,-1,0,-1.0602
456,13,3,2,0,4588.3100,18.4679,1.1303,180.7930,32.4119,1,1.9270,3.4983,0.3821,2.5606,-2.7540,0.6592,1.5594,-10.5865,-0.4146,0.9169,0.2096,-1.1090,2.7118,0.5291,-2.3413,2.8640,0.1672,0.5768,1.0201,0.6746,-0.5907,1.0614,0.3316,1,0.3411,-0.8474,3.0312,0.2827,1.8107,0.7943,1.3580,1.9683,8.4574,2.4870,0.8471,0.8092,-0.0078,-0.6902,-0.0910,0.6951,-6.1475,-3.5418,-1.1806,-0.9394,1,-1.0602,0,12.2369,1,-1,0,-0.7085
457,5,0,0,1,4674.3500,13.9371,0.8626,185.4978,32.3338,0,-1.7365,1.9270,3.4983,0.3821,2.5606,-2.7540,0.6592,-8.1191,0.7944,1.1127,0.7498,-0.5745,1.4132,0.3266,0.3640,0.7757,0.8417,1.2528,2.5967,0.6584,-0.4146,0.9169,0.2096,1,0.7117,0.1650,5.0986,0.1234,1.3625,0.8220,2.1640,2.2802,0.3501,0.7231,0.5471,1.0365,0.1086,0.0990,0.0947,0.0125,-0.7674,-0.3989,0.2874,3.3251,2,-0.7085,0,87.4465,1,-1,0,-1.1236
458,8,0,1,1,4683.6000,14.0629,0.8755,185.4978,32.3338,0,-1.7365,1.9270,3.4983,0.3821,2.5606,-2.7540,0.6592,-8.1191,0.7944,1.1127,0.7498,-0.5745,1.4132,0.3266,0.3640,0.7757,0.8417,1.2528,2.5967,0.6584,-0.4146,0.9169,0.2096,1,0.7117,0.1650,3.7873,0.4288,1.8389,0.8538,1.3283,3.1452,6.0784,1.6763,0.4718,0.8611,0.3924,0.4465,0.5792,-0.1003,-0.6728,-0.8538,0.4982,3.1563,3,-1.1236,1,2.0000,1,-1,0,-1.0614
459,8,1,1,1,4678.1200,14.9614,0.9870,179.8058,32.2613,0,-0.5857,-1.7365,1.9270,3.4983,0.3821,2.5606,-2.7540,-10.1250,0.1018,1.0370,0.9001,0.0716,0.4381,0.3538,-0.2470,0.4515,0.1602,-0.3319,0.9778,0.1835,-0.4268,0.9990,0.3445,7,0.4515,0.2761,2.8319,0.8662,2.2551,0.6280,2.5940,1.8875,1.8454,2.5259,0.7248,0.8424,0.0728,-0.1859,0.6145,0.2974,-0.3201,0.5041,-0.1024,2.7606,4,-1.0614,1,17.2385,1,-1,0,-1.1705
460,19,1,3,1,4687.3700,14.5329,0.9417,179.8058,32.2613,0,-0.5857,-1.7365,1.9270,3.4983,0.3821,2.5606,-2.7540,-10.1250,0.1189,1.3123,0.8119,-0.6684,1.4017,0.3470,0.4987,1.4568,0.8821,0.1018,1.0370,0.9001,0.0716,0.4381,0.3538,10,0.3003,0.1735,5.2729,0.0908,2.5074,0.5837,0.4968,2.3815,1.8916,2.8752,1.0568,1.2124,0.0216,0.2512,0.2599,0.0964,-2.4939,-2.5740,-0.6545,0.8103,5,-1.1705,1,8.4604,1,1,1,4.5593
461,22,1,4,1,4807.9100,21.2529,1.3800,174.9097,32.0894,0,1.2420,-0.5857,-1.7365,1.9270,3.4983,0.3821,2.5606,-9.0087,1.0625,1.3929,0.8121,0.1189,1.3123,0.8119,-0.6684,1.4017,0.3470,0.4987,1.4568,0.8821,0.1018,1.0370,0.9001,11,1.2620,0.2426,4.6187,0.8451,3.1398,0.8555,2.9111,4.5951,5.4967,2.2113,1.5098,1.2763,0.1641,0.4661,0.3713,-0.0583,0.2502,-0.9918,0.2018,1.5025,0,4.5593,1,0.0008,1,-1,0,-1.5748
462,10,3,1,1,4739.3800,11.4807,0.7558,173.7097,30.8116,0,0.2745,1.2420,-0.5857,-1.7365,1.9270,3.4983,0.3821,-8.1470,0.1154,0.6245,0.7714,0.2949,0.7102,0.6380,-0.2849,0.7586,0.2209,-0.8617,1.3673,0.3102,-0.8155,1.5520,0.3806,20,0.6473,0.4271,2.6052,0.4085,1.4093,0.8980,0.7395,1.7299,-5.2540,0.9151,0.6353,0.8186,0.1175,-0.0437,1.2866,0.3136,-3.4340,-2.3054,-0.4454,4.0217,1,-1.5748,1,16.4925,1,-1,0,-1.6658
463,23,0,4,1,4759.4600,7.0221,0.5620,157.7946,28.0747,0,-0.1112,-0.3902,0.9891,0.2745,1.2420,-0.5857,-1.7365,-5.5153,0.1950,0.5647,0.7082,0.2011,0.9791,0.7116,0.0028,0.5420,0.7816,0.0066,0.5003,0.2967,0.5837,0.7290,0.8536,5,0.3684,0.0011,4.7151,0.2165,1.5067,0.8374,2.2358,3.9831,1.4839,0.9889,0.8878,1.3740,-0.0272,0.7625,1.8956,-0.2741,3.1576,1.0347,2.2212,4.3305,2,-1.6658,1,24.9992,1,1,1,4.2757
464,14,1,2,1,4815.4100,11.0657,0.9094,157.7946,28.0747,0,-0.1112,-0.3902,0.9891,0.2745,1.2420,-0.5857,-1.7365,-5.5153,-0.3196,0.7928,0.5257,0.2562,0.8104,0.7358,0.0910,0.3285,0.7837,0.5307,0.6877,0.8192,0.1950,0.5647,0.7082,9,0.7254,0.2908,4.7317,0.5133,1.4324,0.9129,2.3912,2.3053,6.8663,1.5890,1.1115,0.8718,0.0891,0.8031,2.0374,-0.4343,5.4253,4.0707,1.4444,5.4146,0,4.2757,1,0.0008,1,-1,0,-1.1059
465,13,2,2,1,4821.3200,7.9364,0.7390,153.9492,26.8465,1,2.0830,-0.1112,-0.3902,0.9891,0.2745,1.2420,-0.5857,-3.5472,-0.1411,0.6878,0.7634,-0.1347,0.5484,0.5404,-0.2153,1.1306,0.1441,-0.0824,0.4906,0.3492,0.6401,0.7621,0.8587,15,0.9640,0.6019,4.4680,0.0050,1.4843,0.9830,1.1378,2.9900,6.6277,1.2316,0.9973,0.8715,-0.0102,-0.1398,0.6317,0.2476,1.4313,0.5871,0.9903,2.6354,1,-1.1059,1,3.7130,1,-1,0,-0.9107
466,23,2,4,1,4813.8100,6.2786,0.6128,149.0521,25.5027,1,-1.0496,2.0830,-0.1112,-0.3902,0.9891,0.2745,1.2420,-4.3043,-0.2860,0.4415,0.1306,-0.1580,0.9115,0.3919,-0.1411,0.6878,0.7634,-0.1347,0.5484,0.5404,-0.2153,1.1306,0.1441,17,0.4404,0.4485,3.8926,0.1051,0.8999,0.9062,3.2507,2.4910,-5.1556,0.3168,0.9797,1.3787,0.0161,0.0619,1.2022,0.0208,0.0378,0.6064,0.8713,3.7238,2,-0.9107,1,8.1454,1,-1,0,-1.0915
467,5,4,0,1,4804.0000,6.7779,0.7227,143.1084,24.3518,1,-0.0273,-1.0496,2.0830,-0.1112,-0.3902,0.9891,0.2745,-4.3406,0.1731,0.7681,0.9639,0.0639,0.3189,0.5884,-0.0639,0.3621,0.4427,-0.5023,1.0691,0.3785,0.0503,0.3723,0.6144,25,0.3783,0.1636,4.9794,0.2582,0.8970,0.7813,1.4547,1.2261,-3.0954,0.6615,0.6649,0.9448,0.0314,-0.2269,0.7766,0.4763,-1.8961,-1.2764,0.1280,3.2026,3,-1.0915,1,15.1225,1,-1,0,-1.1439
468,13,4,2,1,4846.2800,9.3493,1.0081,143.1084,24.3518,1,-0.0273,-1.0496,2.0830,-0.1112,-0.3902,0.9891,0.2745,-4.3406,1.0523,1.3639,0.9804,-0.1495,0.5707,0.6250,0.1731,0.7681,0.9639,0.0639,0.3189,0.5884,-0.0639,0.3621,0.4427,27,1.1724,0.1613,4.9512,2.2793,2.7778,0.9507,5.0528,5.3983,2.5959,4.5189,0.9323,0.9022,0.3510,0.4550,0.9752,-0.4399,2.9120,2.2841,0.9606,3.8980,4,-1.1439,1,6.8237,1,-1,0,-1.0956
469,22,0,4,1,4830.2800,5.6271,0.6091,138.2519,21.6578,1,-0.1756,0.8540,-0.0273,-1.0496,2.0830,-0.1112,-0.3902,7.3627,0.3288,0.3769,0.9696,0.0441,0.7318,0.3747,0.1501,0.8098,0.5144,0.1526,0.5532,0.6384,0.3426,0.9098,0.4134,4,0.4890,0.0195,5.1749,1.2582,2.2303,0.7347,2.7972,3.5897,-3.0086,2.6816,0.8838,1.3852,0.0127,0.4766,0.2654,-0.0932,-1.2187,-1.0431,-0.1542,3.2826,5,-1.0956,1,73.2612,1,-1,0,-1.2333
470,13,1,2,0,4765.9600,9.3421,1.0331,138.2519,21.6578,0,-0.1756,0.8540,-0.0273,-1.0496,2.0830,-0.1112,-0.3902,7.3627,-0.1502,0.6651,0.3911,-0.0637,0.5078,0.5502,-0.7249,0.7452,0.0081,0.0564,0.3397,0.4377,0.3288,0.3769,0.9696,3,0.3760,-0.0254,3.4071,0.1156,2.0402,0.9727,2.7735,2.0317,4.9036,2.5544,0.8815,0.9200,-0.0501,-0.0493,-0.3846,0.1895,-1.0455,-0.5321,0.3951,3.2614,6,-1.2333,0,12.7058,1,-1,0,-1.0592
471,14,1,2,0,4743.9000,14.1693,1.5620,138.2519,21.6578,0,-0.1756,0.8540,-0.0273,-1.0496,2.0830,-0.1112,-0.3902,7.3627,-0.1502,0.6651,0.3911,-0.0637,0.5078,0.5502,-0.7249,0.7452,0.0081,0.0564,0.3397,0.4377,0.3288,0.3769,0.9696,3,0.3760,-0.0254,2.6529,1.1116,2.2118,0.9633,3.1286,2.9239,5.4816,2.3454,1.4157,0.8731,0.0519,-0.0798,-0.2848,0.2900,-1.8830,-1.0776,0.1375,3.0510,7,-1.0592,1,1.0894,1,1,1,4.3958
472,5,1,0,0,4625.6100,7.6821,0.8688,122.9439,20.3456,1,-0.5646,0.3738,-0.9881,0.4161,-2.1127,-0.1756,0.8540,4.2137,-0.4884,0.5353,0.0550,0.1794,0.4088,0.4394,0.1411,0.3828,0.8385,-0.4797,0.7720,0.2630,-0.1600,0.3319,0.1428,31,1.0883,0.3354,6.1090,3.0616,4.4506,0.9871,5.8525,8.1253,13.1994,3.1237,0.6852,1.0445,-0.0555,-0.1211,-0.5359,-0.0961,-2.6094,-1.3954,0.1301,0.7711,0,4.3958,1,0.0825,1,-1,0,-0.8614
473,8,1,1,0,4620.5600,13.4471,1.5071,122.9439,20.3456,1,-0.5646,0.3738,-0.9881,0.4161,-2.1127,-0.1756,0.8540,4.2137,-0.4884,0.5353,0.0550,0.1794,0.4088,0.4394,0.1411,0.3828,0.8385,-0.4797,0.7720,0.2630,-0.1600,0.3319,0.1428,31,1.0883,0.3354,4.0990,0.0238,1.4003,0.7042,1.0374,3.6781,7.2000,2.0167,1.0684,0.8895,-0.1417,-0.4011,-0.5729,0.1959,-3.1178,-1.4164,0.1367,0.6256,1,-0.8614,1,2.1363,1,1,1,4.2167
474,13,2,2,0,4512.2700,10.5300,1.1888,124.6358,21.1351,1,-1.8718,-0.5646,0.3738,-0.9881,0.4161,-2.1127,-0.1756,2.2631,-0.6180,0.8602,0.0862,-0.6862,1.0930,0.3153,0.0980,0.6489,0.9732,0.0748,0.4943,0.5449,0.0723,0.3112,0.5892,39,2.6410,0.8524,4.4036,1.8737,2.4672,0.9519,4.0807,4.1909,6.8490,2.0464,1.1660,0.8622,-0.0085,0.0188,-0.2447,0.3242,-1.9711,-0.9077,0.0003,0.4793,0,4.2167,1,0.0008,1,-1,0,-0.9244
475,4,3,0,0,4546.9600,8.2814,0.8991,122.9003,22.1537,1,-1.1217,-1.8718,-0.5646,0.3738,-0.9881,0.4161,-2.1127,0.7311,0.5348,0.7662,0.8808,-0.0299,0.7984,0.7115,0.0110,1.2040,0.6429,-0.6180,0.8602,0.0862,-0.6862,1.0930,0.3153,42,1.6368,0.8654,3.9655,0.2814,1.3488,0.8729,1.9260,1.9586,6.2067,0.9807,0.7201,0.9508,-0.1592,-0.3400,-0.2539,0.5056,-2.1781,-1.3244,-0.1372,0.6821,1,-0.9244,1,14.1594,1,-1,0,-1.0046
476,5,4,0,0,4609.4800,6.5814,0.7501,121.8132,22.6272,1,1.7253,-1.1217,-1.8718,-0.5646,0.3738,-0.9881,0.4161,-0.9945,-0.2284,0.5806,0.0000,-0.1271,0.3729,0.0713,0.3227,0.4306,0.7495,-0.6901,0.8716,0.0546,0.5034,0.7092,0.7749,4,0.4892,0.1383,3.6254,0.4498,0.8220,1.0000,2.6590,1.6015,-8.0606,0.8108,0.3918,0.9537,-0.0068,0.5695,0.4084,-2.0519,3.1563,1.6804,1.5958,1.6369,2,-1.0046,1,23.4166,1,-1,0,-1.0171
477,6,0,0,0,4585.2700,8.6864,0.9773,120.2665,22.8918,1,-0.1852,1.7253,-1.1217,-1.8718,-0.5646,0.3738,-0.9881,-3.0461,-0.1526,0.5953,0.5415,-0.4278,0.7969,0.3082,-0.5368,0.7713,0.1951,1.0383,1.6103,0.7089,0.4914,1.0410,0.6503,3,0.3797,0.1805,3.5250,0.2878,1.2882,0.9106,1.5541,2.0687,2.8216,1.6124,0.6820,0.9380,0.0469,0.1101,0.0725,-0.1452,-0.0651,0.2579,0.3539,1.1686,3,-1.0171,1,64.8291,1,1,1,4.0685
478,16,0,3,0,4508.8300,17.5486,1.8999,120.2665,22.8918,1,-0.1852,1.7253,-1.1217,-1.8718,-0.5646,0.3738,-0.9881,-3.0461,-0.1813,1.2779,0.7306,-0.6285,0.8554,0.0840,-0.1526,0.5953,0.5415,-0.4278,0.7969,0.3082,-0.5368,0.7713,0.1951,5,1.0585,0.1783,3.9758,0.2211,1.4081,0.6390,2.2178,3.0817,7.2143,1.4837,1.9400,0.9106,0.0368,-0.1741,-0.2839,0.1159,-3.2087,-1.2043,-0.2683,0.5632,0,4.0685,1,0.8839,1,-1,0,-0.7034
479,22,1,4,0,4550.4700,5.1386,0.5651,118.0615,24.2115,1,0.7623,-1.9944,-0.1852,1.7253,-1.1217,-1.8718,-0.5646,-2.5634,-0.1076,0.3124,0.3411,-0.0734,0.7214,0.2299,0.1382,0.7652,0.7101,0.5450,0.6242,0.9541,0.0779,0.4715,0.3872,13,0.6757,0.3766,3.4017,0.1966,2.2594,0.8794,1.2669,1.1034,-6.9513,1.7017,0.8318,1.3960,-0.0564,0.0231,-0.1639,0.4774,0.1582,-0.6040,0.9829,1.8055,1,-0.7034,1,19.5344,1,-1,0,-1.0230
480,1,2,0,1,4621.8300,10.8886,1.2040,118.0615,24.2115,0,0.7623,-1.9944,-0.1852,1.7253,-1.1217,-1.8718,-0.5646,-2.5634,1.2830,1.6115,0.9858,-0.1076,0.3124,0.3411,-0.0734,0.7214,0.2299,0.1382,0.7652,0.7101,0.5450,0.6242,0.9541,1,0.6399,-0.2283,5.9255,0.7283,0.9414,0.8985,2.2730,5.8465,9.1674,0.7538,0.9121,0.9398,0.2352,0.2901,0.0393,0.2423,2.3273,0.3701,1.0014,1.7394,2,-1.0230,0,2.0840,1,1,1,3.2841
481,9,2,1,1,4706.8000,10.1529,1.1056,118.0615,24.2115,0,0.7623,-1.9944,-0.1852,1.7253,-1.1217,-1.8718,-0.5646,-2.5634,1.1015,1.2534,0.9538,0.6560,0.9546,0.8961,1.2830,1.6115,0.9858,-0.1076,0.3124,0.3411,-0.0734,0.7214,0.2299,3,2.1328,0.1509,3.8856,1.7562,2.5116,0.8945,1.8330,5.0390,15.2351,2.9151,0.8748,0.8620,0.2198,0.6357,0.5368,-0.8284,4.3502,1.2379,1.1179,2.3370,0,3.2841,1,0.0008,1,-1,0,-1.5844
482,1,3,0,1,4710.1200,8.0207,0.8742,122.2521,23.0861,0,2.9488,0.7623,-1.9944,-0.1852,1.7253,-1.1217,-1.8718,0.9009,-0.2028,0.3350,0.1995,0.1616,0.4548,0.5531,-0.0030,1.0392,0.2950,-0.3591,1.3327,0.3661,1.1015,1.2534,0.9538,7,1.4570,0.6770,2.0223,1.0647,3.2429,0.9427,1.2181,1.3303,14.7132,1.3632,0.7964,0.9869,0.0077,0.2423,0.5951,-0.8090,3.6177,2.1058,1.1255,2.6563,1,-1.5844,1,13.0774,1,-1,0,-0.9776
483,6,3,0,1,4746.6500,8.1714,0.8961,122.2521,23.0861,0,2.9488,0.7623,-1.9944,-0.1852,1.7253,-1.1217,-1.8718,0.9009,0.1657,0.7691,0.3106,-0.2028,0.3350,0.1995,0.1616,0.4548,0.5531,-0.0030,1.0392,0.2950,-0.3591,1.3327,0.3661,8,1.5165,0.6993,3.5453,3.0362,4.1743,0.8792,5.2023,5.1313,11.7495,2.8219,0.5990,0.9393,-0.0604,0.1611,0.7959,0.0339,2.3955,1.5802,1.1379,3.5817,2,-0.9776,1,2.1790,1,-1,0,-1.0258
484,15,3,2,1,4763.9000,12.4336,1.3491,122.2521,23.0861,0,2.9488,0.7623,-1.9944,-0.1852,1.7253,-1.1217,-1.8718,0.9009,0.4010,0.6544,0.9144,0.7380,1.2522,0.6179,0.1657,0.7691,0.3106,-0.2028,0.3350,0.1995,0.1616,0.4548,0.5531,10,2.3259,0.7443,2.7088,0.2606,0.9796,0.9507,1.3182,2.1820,4.8779,1.0706,1.3674,0.8651,0.0756,0.1761,0.4101,-0.0205,5.8653,4.5952,0.5379,3.1144,3,-1.0258,1,5.9985,1,-1,0,-1.0195
485,2,4,0,1,4723.8900,9.7457,1.0353,119.2791,21.6040,0,-0.1173,2.9488,0.7623,-1.9944,-0.1852,1.7253,-1.1217,-0.4538,0.4893,0.6833,0.7482,-0.6320,0.7502,0.0300,-0.7381,1.2726,0.1772,0.4010,0.6544,0.9144,0.7380,1.2522,0.6179,13,1.0802,0.6571,4.2942,0.3612,1.5084,0.8231,2.2010,3.8612,3.5174,0.8222,1.0503,0.9300,0.0588,-0.2254,0.0119,0.4398,2.3974,2.2249,-0.1792,1.6321,4,-1.0195,1,10.5539,1,-1,0,-1.2112
486,13,4,2,1,4739.5200,10.9357,1.1266,119.2791,21.6040,0,-0.1173,2.9488,0.7623,-1.9944,-0.1852,1.7253,-1.1217,-0.4538,0.1834,0.6194,0.7378,0.1006,0.7985,0.4973,0.2046,0.6904,0.3306,0.4893,0.6833,0.7482,-0.6320,0.7502,0.0300,16,1.3060,0.4979,2.6711,0.5523,1.6039,0.6420,1.3040,2.2596,-1.1997,2.5289,1.0232,0.8670,0.0859,0.0076,0.1395,0.2239,-0.4382,0.1024,-0.0343,2.0000,5,-1.2112,1,6.3307,1,-1,0,-0.9178
487,13,0,2,1,4700.1000,9.4107,0.9780,115.8970,20.2949,0,0.6190,-0.1173,2.9488,0.7623,-1.9944,-0.1852,1.7253,-0.1119,0.6929,1.0847,0.9751,-0.0955,0.6976,0.5965,-0.2432,0.7909,0.0956,0.0143,0.6804,0.4222,0.0378,0.3563,0.1239,1,0.5965,0.1964,5.0910,0.1551,1.5737,0.9149,2.7001,3.4386,-1.8936,1.7680,0.6909,0.8691,0.0255,-0.0849,0.5585,0.3084,4.1208,4.4243,-0.1427,2.2678,6,-0.9178,1,70.4884,1,-1,0,-1.1214
488,0,4,0,0,4630.0600,9.2321,1.0142,109.3667,16.4877,1,-0.8135,-0.5625,-0.4369,0.4484,0.6190,-0.1173,2.9488,-3.9468,-0.6100,0.8280,0.1474,-0.5613,0.8740,0.2882,0.2480,0.4600,0.7624,-0.1950,0.6967,0.2225,-0.0536,0.9354,0.7687,2,0.8538,0.0267,3.6676,1.3518,3.1499,0.9746,3.6817,3.6091,7.2854,1.4180,1.1522,0.9324,-0.0754,-0.4609,-0.5856,0.3307,-4.8126,-3.8649,0.5494,2.1864,7,-1.1214,0,59.2221,1,1,1,4.3317
489,9,4,1,0,4547.9300,12.9871,1.4119,109.3667,16.4877,1,-0.8135,-0.5625,-0.4369,0.4484,0.6190,-0.1173,2.9488,-3.9468,-1.1210,1.2261,0.0731,-0.5237,0.5903,0.0571,-0.4778,1.1110,0.3190,-0.6100,0.8280,0.1474,-0.5613,0.8740,0.2882,5,2.5984,0.4276,5.5085,0.2156,1.3898,0.9147,1.3844,3.4565,11.6415,1.1457,1.5579,0.8706,-0.1254,-0.6686,-1.1144,0.4211,-10.1392,-7.1754,-0.5098,0.7862,0,4.3317,1,0.9593,1,-1,0,-0.9960
490,3,1,0,0,4546.4700,11.2700,1.1247,111.9189,18.0025,1,0.5946,-2.3873,-0.8135,-0.5625,-0.4369,0.4484,0.6190,-5.4633,-0.1051,0.6164,0.0714,0.3470,0.7121,0.9787,-0.4642,1.1465,0.3515,0.4708,0.9875,0.9245,0.2059,0.6651,0.6705,15,1.0925,0.5883,3.4064,0.3540,1.0967,0.8948,1.4951,2.3753,-1.9255,0.8348,0.6108,0.9395,-0.1235,0.2376,-1.0142,0.0315,1.8265,1.5276,0.3938,-0.2119,1,-0.9960,1,14.2333,1,1,1,3.5002
491,1,2,0,0,4456.4200,10.3979,1.0293,112.8382,18.9267,1,-1.8414,0.5946,-2.3873,-0.8135,-0.5625,-0.4369,0.4484,-7.2041,0.3953,0.7046,0.7439,-0.5721,0.6693,0.0345,-0.6500,1.6016,0.5923,-0.1213,0.4951,0.5260,0.0022,0.6254,0.4153,21,1.7856,0.6910,3.0381,0.3645,2.3005,0.9649,2.7313,1.2166,9.6106,1.0257,0.7941,0.9336,-0.0276,-0.3701,-1.1646,-0.0088,-3.7611,-2.3939,-0.6413,-0.5639,0,3.5002,1,0.0008,1,-1,0,-1.4925
492,3,3,0,0,4532.6600,10.0679,0.9533,111.8584,19.8776,1,1.3831,-1.8414,0.5946,-2.3873,-0.8135,-0.5625,-0.4369,-5.7552,0.1203,0.4130,0.5717,0.2084,0.4678,0.6964,0.8500,1.9018,0.7874,0.2698,0.7292,0.7180,0.4951,0.6432,0.7895,27,0.3080,0.4810,3.6502,0.0755,0.5751,0.7012,2.7682,0.6565,-5.1580,0.8581,0.6328,0.9383,-0.0705,0.1724,-0.8077,0.0315,2.6156,1.0934,1.0122,-0.4836,1,-1.4925,1,16.4048,1,-1,0,-1.2229
493,1,4,0,0,4527.8500,5.4479,0.5132,109.7242,20.4602,1,-0.0273,1.3831,-1.8414,0.5946,-2.3873,-0.8135,-0.5625,-3.7474,-0.3344,0.4707,0.0571,0.5118,0.9986,0.6317,0.3410,0.7127,0.9564,-0.6257,0.9258,0.0691,-0.1307,0.6271,0.7207,33,0.4870,0.2313,3.5757,0.1248,2.4725,0.9094,1.6190,2.9645,3.6546,0.7028,0.5797,0.7926,-0.0198,-0.1213,-0.3509,0.1429,0.1564,0.5654,0.8490,-0.4082,2,-1.2229,1,7.1731,1,-1,0,-0.9594
494,9,1,1,0,4514.8100,8.5579,1.0043,103.4615,20.9221,1,1.3956,-0.7522,-0.0273,1.3831,-1.8414,0.5946,-2.3873,-2.9398,-0.0367,0.4198,0.1916,-0.5304,0.5913,0.0706,-0.4403,0.8906,0.2462,-0.0448,0.3173,0.5569,0.1294,0.3183,0.9278,2,0.4974,-0.0376,2.4434,0.5819,1.5541,0.9068,1.4209,1.9316,4.8377,1.2876,0.7632,0.7928,0.0611,-0.0618,0.1136,0.1875,-2.4123,-1.7020,-0.3547,1.6835,3,-0.9594,1,35.7503,1,-1,0,-0.9178
495,11,1,1,0,4509.9800,9.2443,1.0830,103.4615,20.9221,1,1.3956,-0.7522,-0.0273,1.3831,-1.8414,0.5946,-2.3873,-2.9398,-0.0367,0.4198,0.1916,-0.5304,0.5913,0.0706,-0.4403,0.8906,0.2462,-0.0448,0.3173,0.5569,0.1294,0.3183,0.9278,2,0.4974,-0.0376,3.0851,0.2001,2.0878,0.7088,2.4924,1.7849,6.4981,2.2306,0.8112,0.7623,0.0541,-0.0112,0.1669,0.1258,-2.2570,-1.5106,-0.2525,1.9923,4,-0.9178,1,1.5428,1,-1,0,-1.1044
496,17,1,3,0,4498.5400,6.7586,0.7922,103.4615,20.9221,1,1.3956,-0.7522,-0.0273,1.3831,-1.8414,0.5946,-2.3873,-2.9398,-0.3424,0.7002,0.1608,-0.0749,0.8818,0.4956,-0.0367,0.4198,0.1916,-0.5304,0.5913,0.0706,-0.4403,0.8906,0.2462,4,0.8242,0.1273,4.6829,0.1820,0.7620,0.6175,1.1866,4.2509,10.8810,0.8293,1.0516,0.7691,-0.0688,-0.1478,0.1456,0.2605,-2.4648,-0.9634,-0.5361,1.7359,5,-1.1044,1,4.1226,1,-1,0,-1.0985
497,4,2,0,0,4496.9700,6.7957,0.8238,103.0528,21.3827,1,-1.4197,1.3956,-0.7522,-0.0273,1.3831,-1.8414,0.5946,-4.3177,0.3133,0.8940,0.4262,0.0351,0.6271,0.8485,-0.3424,0.7002,0.1608,-0.0749,0.8818,0.4956,-0.0367,0.4198,0.1916,6,0.5109,0.2464,4.4101,0.1516,1.3082,0.9550,1.2802,3.3094,5.1724,0.8877,0.4283,0.8583,0.0198,0.0249,0.3155,0.1674,-0.4136,0.5812,-0.0040,2.4175,6,-1.0985,1,6.0006,1,-1,0,-1.0844
498,5,2,0,0,4493.4100,7.6779,0.9299,103.0528,21.3827,1,-1.4197,1.3956,-0.7522,-0.0273,1.3831,-1.8414,0.5946,-4.3177,-0.1085,0.5572,0.5668,0.3133,0.8940,0.4262,0.0351,0.6271,0.8485,-0.3424,0.7002,0.1608,-0.0749,0.8818,0.4956,7,0.5809,0.2522,3.4202,0.3321,2.2194,0.9055,1.9810,2.1608,4.2746,3.5063,0.4812,0.8642,0.0275,0.1015,0.3794,0.1535,0.5563,0.8942,0.0525,2.4706,7,-1.0844,1,0.9819,1,1,1,3.6038
499,12,2,2,0,4429.4800,10.8093,1.3368,103.0528,21.3827,1,-1.4197,1.3956,-0.7522,-0.0273,1.3831,-1.8414,0.5946,-4.3177,-0.2716,0.8419,0.5794,-0.1085,0.5572,0.5668,0.3133,0.8940,0.4262,0.0351,0.6271,0.8485,-0.3424,0.7002,0.1608,8,0.8009,0.2729,6.1318,0.3377,1.8234,0.8133,1.5727,4.9402,9.7833,1.4892,0.9247,0.7877,-0.0266,0.0249,0.3172,0.1520,-2.8611,-1.1205,0.1638,2.1297,0,3.6038,1,0.0655,1,-1,0,-0.8247
500,13,2,2,0,4416.2200,15.4214,1.8986,103.0528,21.3827,1,-1.4197,1.3956,-0.7522,-0.0273,1.3831,-1.8414,0.5946,-4.3177,-1.3111,1.6181,0.1897,-0.2716,0.8419,0.5794,-0.1085,0.5572,0.5668,0.3133,0.8940,0.4262,0.0351,0.6271,0.8485,9,2.0018,0.3711,4.7732,0.5434,1.8040,0.8012,0.8877,4.8673,6.0747,2.3012,1.3177,0.7893,-0.0086,0.1032,0.4191,0.1193,-2.4478,-0.6444,0.1386,2.1016,1,-0.8247,1,0.9311,1,-1,0,-1.2284
501,0,3,0,0,4445.8700,5.9321,0.7345,105.4562,22.5348,1,-1.1248,-1.4197,1.3956,-0.7522,-0.0273,1.3831,-1.8414,-4.8569,0.1121,0.3932,0.8251,0.2697,1.2170,0.9132,-1.3111,1.6181,0.1897,-0.2716,0.8419,0.5794,-0.1085,0.5572,0.5668,11,1.4059,0.4690,3.3091,0.0995,1.1750,0.5151,1.7312,1.2289,10.7668,0.6662,0.8275,0.8679,-0.0955,-0.1616,-0.0619,0.2009,-3.6997,-2.0953,-0.1354,1.5821,2,-1.2284,1,9.8740,1,-1,0,-1.0336
502,3,3,0,0,4393.5100,11.3457,1.3957,105.4562,22.5348,1,-1.1248,-1.4197,1.3956,-0.7522,-0.0273,1.3831,-1.8414,-4.8569,0.1164,0.5362,0.5714,0.1121,0.3932,0.8251,0.2697,1.2170,0.9132,-1.3111,1.6181,0.1897,-0.2716,0.8419,0.5794,12,1.2881,0.5214,6.2420,0.1824,0.8514,0.8147,1.3767,5.5475,10.0011,1.0416,0.8772,0.8796,-0.1135,-0.2208,-0.0439,0.2085,-4.8875,-2.4154,-0.1448,1.3345,3,-1.0336,1,2.0003,1,-1,0,-0.9268
503,17,3,3,1,4511.9100,15.0300,1.7679,105.4562,22.5348,0,-1.1248,-1.4197,1.3956,-0.7522,-0.0273,1.3831,-1.8414,-4.8569,1.7788,2.0974,0.9986,1.0294,1.3337,0.9723,0.3204,0.6606,0.6840,-1.8860,2.0686,0.0706,0.1164,0.5362,0.5714,1,0.3629,-0.6223,8.4278,0.3061,0.4538,0.9809,1.9128,5.2448,4.9541,0.6234,1.8932,0.8130,0.1753,0.2115,0.5312,-0.2082,1.4593,0.1069,0.6537,2.1280,4,-0.9268,0,4.1396,1,-1,0,-1.2198
504,5,1,0,1,4517.9700,9.1164,1.0129,107.7636,24.1440,0,-1.1832,0.9502,0.8959,-1.1248,-1.4197,1.3956,-0.7522,-2.7991,0.8006,1.2337,0.9844,-0.1295,0.4566,0.2426,0.1049,0.5353,0.5546,-0.4918,1.2483,0.5762,0.0927,0.5287,0.5500,1,0.3030,-0.1020,5.2729,0.6976,0.9236,0.8979,1.9777,3.9116,0.1119,0.5897,0.7459,0.9202,0.0550,-0.0884,0.0705,0.1681,0.2634,0.1976,-0.3419,0.7597,5,-1.2198,1,15.7924,1,-1,0,-1.1214
505,23,1,4,0,4476.9700,5.2521,0.5976,105.6797,24.4428,1,0.0988,-1.1832,0.9502,0.8959,-1.1248,-1.4197,1.3956,-2.7031,-0.0612,0.3201,0.7295,-0.4966,0.8535,0.1469,-0.2772,0.4922,0.0328,0.2083,0.5829,0.4394,0.8006,1.2337,0.9844,2,0.3261,0.0073,2.7665,0.3199,2.7208,0.8195,2.3933,1.5460,1.4356,0.6824,0.9492,1.6362,-0.0172,-0.0636,-0.0593,0.1873,-0.0053,0.0156,0.3508,1.2290,6,-1.1214,0,9.2503,1,-1,0,-1.0504
506,5,2,0,0,4461.2300,6.6486,0.7535,105.6797,24.4428,1,0.0988,-1.1832,0.9502,0.8959,-1.1248,-1.4197,1.3956,-2.7031,-0.3731,0.5446,0.2345,-0.1120,0.7686,0.6929,-0.0612,0.3201,0.7295,-0.4966,0.8535,0.1469,-0.2772,0.4922,0.0328,4,0.6960,0.0690,4.9770,0.2557,1.5026,0.7047,1.7177,1.2785,7.2572,1.5378,0.4546,0.9243,-0.0275,-0.1031,-0.1340,0.1014,-1.4284,-0.3680,0.4302,1.1400,7,-1.0504,1,5.1523,1,-1,0,-1.1126
507,13,3,2,1,4515.4100,11.3750,1.3119,103.1590,25.0527,0,-1.2272,0.0988,-1.1832,0.9502,0.8959,-1.1248,-1.4197,-1.9414,0.9143,1.2038,0.8050,-0.3974,0.5329,0.2010,0.7326,0.9212,0.9275,0.1416,0.9347,0.5939,-0.1752,0.4980,0.1790,1,0.4323,-0.2200,4.8378,0.0035,1.1314,0.9744,1.1024,4.0985,4.8756,1.9735,1.1468,0.8353,0.2049,0.3155,0.0043,-0.0313,0.4705,-0.5090,-0.7546,0.2194,8,-1.1126,0,10.8803,1,-1,0,-0.9225
508,1,4,0,0,4445.8100,9.5186,1.1400,102.3370,25.2915,1,0.9091,-1.2272,0.0988,-1.1832,0.9502,0.8959,-1.1248,-1.7986,-0.5320,0.7331,0.2699,-0.1867,0.2382,0.1554,-0.4747,1.2908,0.4386,0.9143,1.2038,0.8050,-0.3974,0.5329,0.2010,3,0.5100,0.0587,3.5951,0.3488,1.5128,0.9500,1.8059,3.0341,0.2301,0.8577,0.8691,0.9082,0.0233,0.0517,-0.3082,0.0325,0.0164,-0.2336,0.1703,-0.1930,9,-0.9225,0,11.6082,1,-1,0,-1.1361
509,12,4,2,0,4446.2500,8.0671,0.9499,102.3370,25.2915,1,0.9091,-1.2272,0.0988,-1.1832,0.9502,0.8959,-1.1248,-1.7986,0.4007,0.8918,0.8630,-0.3234,0.7786,0.2802,-0.5320,0.7331,0.2699,-0.1867,0.2382,0.1554,-0.4747,1.2908,0.4386,5,0.3584,0.1006,2.1631,1.5346,3.2552,0.7582,2.3466,1.9623,5.6302,6.4746,0.9116,0.8360,0.0825,-0.0017,-0.0532,0.0476,-2.2261,-1.3065,0.2624,-0.3437,10,-1.1361,1,5.3562,1,1,1,3.7948
510,13,4,2,0,4380.1800,13.9036,1.6311,102.3370,25.2915,1,0.9091,-1.2272,0.0988,-1.1832,0.9502,0.8959,-1.1248,-1.7986,-1.2650,1.5924,0.0183,0.4007,0.8918,0.8630,-0.3234,0.7786,0.2802,-0.5320,0.7331,0.2699,-0.1867,0.2382,0.1554,6,1.5432,0.2351,5.4619,0.7538,1.6967,0.8538,4.0702,5.4979,8.1022,3.4304,1.5318,0.8360,-0.4314,-0.4348,-0.5365,0.2177,-4.1355,-1.9595,-0.0062,-0.4995,0,3.7948,1,0.0009,1,1,1,3.9856
511,5,0,0,0,4287.4500,11.3229,1.2720,107.3043,26.4470,1,-3.2503,0.9091,-1.2272,0.0988,-1.1832,0.9502,0.8959,-7.7118,-0.6865,1.0533,0.2709,0.3274,1.0027,0.7475,-0.3586,0.8222,0.4840,-1.3976,2.2201,0.2183,-1.2650,1.5924,0.0183,10,2.9697,0.8749,4.6084,1.0828,3.9548,0.5657,1.7425,3.3817,13.4992,1.9264,1.1089,0.9640,-0.0165,0.1007,-1.0002,0.0299,-0.0634,0.3140,0.4692,-2.8238,0,3.9856,1,0.1292,1,-1,0,-0.9154
512,23,0,4,0,4319.8200,5.2664,0.5807,105.7026,27.8141,1,0.0083,-3.2503,0.9091,-1.2272,0.0988,-1.1832,0.9502,-8.1642,-0.2612,0.5218,0.2680,0.1756,0.7355,0.8130,1.0306,1.5533,0.9020,-0.5530,1.1204,0.4201,-0.6865,1.0533,0.2709,14,1.9415,0.9769,4.4034,0.4063,1.4944,0.9936,0.8735,4.1641,-0.7386,0.1825,1.0584,1.6376,0.0442,0.1781,-0.8630,-0.0985,1.2181,0.9705,0.6138,-2.4016,1,-0.9154,1,17.1241,1,-1,0,-1.1169
513,14,1,2,0,4321.6300,9.8850,1.0894,105.7026,27.8141,1,0.0083,-3.2503,0.9091,-1.2272,0.0988,-1.1832,0.9502,-8.1642,0.3411,0.4629,0.8567,-0.1334,0.6980,0.1792,0.2894,0.5440,0.5838,-0.2745,0.4716,0.3392,-0.2612,0.5218,0.2680,18,1.2122,0.6918,3.9919,0.2994,1.6510,0.9118,2.0010,1.4183,0.2701,3.2885,0.8976,0.8383,0.0432,0.2157,-0.6639,0.1031,0.0957,0.0471,0.4632,-1.8050,2,-1.1169,1,12.8784,1,1,1,4.6587
514,16,1,3,0,4246.2300,20.1971,2.1785,105.7026,27.8141,1,0.0083,-3.2503,0.9091,-1.2272,0.0988,-1.1832,0.9502,-8.1642,0.3411,0.4629,0.8567,-0.1334,0.6980,0.1792,0.2894,0.5440,0.5838,-0.2745,0.4716,0.3392,-0.2612,0.5218,0.2680,18,1.2122,0.6918,5.4711,0.4085,1.5284,0.7363,1.7255,4.7492,4.6729,2.0328,2.4685,0.8383,-0.1495,0.0953,-0.7328,0.0681,-4.9693,-3.3709,-1.8278,-4.0751,0,4.6587,1,0.0966,1,1,1,3.1848
515,19,2,3,0,4082.9600,11.9814,1.1539,107.2160,29.2890,1,-1.5864,0.0083,-3.2503,0.9091,-1.2272,0.0988,-1.1832,-9.6211,-0.6072,1.9190,0.1890,-0.5198,1.1764,0.3350,-0.1504,1.4527,0.1182,-1.0291,1.1111,0.0544,-0.8264,1.3942,0.3256,25,4.7172,1.5645,7.0225,0.6752,1.2453,0.8840,2.2543,2.8903,14.7228,1.5036,1.6711,1.3001,-0.0355,-0.0139,-0.4320,0.0861,-1.5841,2.3579,-1.2702,-3.7678,0,3.1848,1,0.0009,1,-1,0,-1.1740
516,12,3,2,0,4076.2300,8.7321,0.7929,113.3941,31.5171,1,-4.4425,-1.5864,0.0083,-3.2503,0.9091,-1.2272,0.0988,-14.0217,0.0419,0.9770,0.2933,0.1661,1.6141,0.4627,0.0803,1.3315,0.9613,-1.2261,1.6500,0.0651,-0.6072,1.9190,0.1890,29,4.3156,1.8782,4.0254,0.1283,1.6502,0.7516,1.1578,3.4138,10.5908,1.0422,0.6664,0.8380,-0.0589,0.0147,-0.8890,0.0243,-0.0376,1.5833,0.1390,-2.7518,1,-1.1740,1,10.6730,1,-1,0,-1.0369
517,1,4,0,0,4182.3300,16.5414,1.4111,119.3131,33.7552,1,3.4630,-4.4425,-1.5864,0.0083,-3.2503,0.9091,-1.2272,-10.6540,0.0628,1.0886,0.1608,3.2385,3.6319,0.9478,-0.0461,1.3405,0.4973,-0.0600,0.9529,0.6298,0.0419,0.9770,0.2933,33,0.6308,1.1946,3.8552,0.1058,0.8869,0.8657,2.3716,1.9950,-6.8561,0.8112,0.9672,0.9278,-0.0751,0.2357,-0.3720,-0.2156,5.9285,2.6839,1.9282,-1.8212,2,-1.0369,1,9.6470,1,-1,0,-1.2581
518,1,0,0,1,4317.7000,10.5171,0.8610,116.2450,35.3889,0,0.1510,3.4630,-4.4425,-1.5864,0.0083,-3.2503,0.9091,-10.0129,0.4660,1.1052,0.6516,0.0648,0.7967,0.5034,0.5773,1.3956,0.6653,-0.6598,0.9401,0.0827,0.7091,1.3306,0.8852,1,1.4258,-0.0800,10.1938,0.8339,1.7476,0.8993,1.9150,9.9162,10.8290,0.7802,0.8809,0.9104,0.2793,0.2793,0.5688,-0.0618,3.0050,1.2545,0.9542,1.3291,3,-1.2581,0,65.4444,1,-1,0,-0.8344
519,9,3,1,0,4266.8900,10.0429,0.9860,117.2927,35.1925,1,-1.7177,0.5187,2.1395,0.1510,3.4630,-4.4425,-1.5864,-6.7685,-1.1432,1.3709,0.0186,0.1748,0.5324,0.3928,1.2198,1.4274,0.8884,-2.3535,3.7513,0.2323,0.5965,0.9770,0.8354,1,0.7075,-0.0885,4.3444,1.4378,1.6061,0.9318,2.1886,4.9119,5.8260,1.3800,0.8241,0.8365,-0.3515,-1.0291,-0.4292,0.3520,-2.3498,-1.0062,-0.6211,2.0622,4,-0.8344,0,14.8580,1,1,1,4.7217
520,0,4,0,0,4185.4000,6.9757,0.7097,118.0890,35.6059,1,-1.1377,-1.7177,0.5187,2.1395,0.1510,3.4630,-4.4425,-6.1001,-0.2609,0.7491,0.2211,-0.6403,1.4781,0.0862,-0.4706,0.7842,0.2014,-1.1432,1.3709,0.0186,0.1748,0.5324,0.3928,4,1.7860,0.3115,5.6396,0.7741,1.0938,0.7995,2.7166,4.2806,11.2304,0.6135,1.0214,0.9252,0.0087,-0.4232,-1.0108,0.4277,-4.5685,-2.4750,0.3038,1.1380,0,4.7217,1,0.0009,1,1,1,4.1269
521,4,4,0,0,4131.0600,8.7957,0.9338,118.0890,35.6059,1,-1.1377,-1.7177,0.5187,2.1395,0.1510,3.4630,-4.4425,-6.1001,-0.4977,0.6920,0.2028,-0.2609,0.7491,0.2211,-0.6403,1.4781,0.0862,-0.4706,0.7842,0.2014,-1.1432,1.3709,0.0186,5,2.0850,0.4687,6.5555,0.6935,1.5837,0.8622,3.0560,6.0473,20.8727,1.2161,0.6471,0.9627,-0.1388,-0.7029,-1.1208,0.4733,-7.4553,-3.6062,-0.2491,0.8880,0,4.1269,1,0.0008,1,-1,0,-1.2904
522,13,0,2,0,4185.2600,7.2736,0.8394,116.2069,36.4431,1,-1.2567,-1.1377,-1.7177,0.5187,2.1395,0.1510,3.4630,-8.5451,-0.0967,0.5453,0.0494,0.3730,0.6686,0.6431,-0.4528,1.1948,0.2212,1.4282,1.5552,0.9981,0.0000,0.0000,0.0371,14,0.9171,0.5717,3.6200,0.2585,1.5742,0.8690,2.9724,2.3537,-2.4678,1.5522,0.8246,0.8475,0.0358,-0.0933,-1.3818,0.3094,2.1259,1.2175,0.1646,-0.3590,1,-1.2904,1,78.4437,1,-1,0,-1.2738
523,15,0,2,0,4180.7500,11.2907,1.2956,116.2069,36.4431,1,-1.2567,-1.1377,-1.7177,0.5187,2.1395,0.1510,3.4630,-8.5451,-0.0967,0.5453,0.0494,0.3730,0.6686,0.6431,-0.4528,1.1948,0.2212,1.4282,1.5552,0.9981,0.0000,0.0000,0.0371,14,0.9171,0.5717,2.8484,0.1798,0.8866,0.9391,1.0619,2.2744,-2.7624,1.0325,1.4748,0.8490,-0.1013,-0.1823,-1.4051,0.0335,1.8760,0.8494,-0.1444,-1.0332,2,-1.2738,1,1.9349,1,1,1,3.5235
524,23,1,4,0,4087.1300,7.0514,0.7689,113.4763,37.9832,1,-1.9148,0.8511,-1.2567,-1.1377,-1.7177,0.5187,2.1395,-8.8222,-0.5682,0.7825,0.1032,0.5105,0.9630,0.7278,0.1956,0.7135,0.3158,-0.3123,1.1306,0.3093,-1.7910,1.9889,0.0371,22,2.0227,0.7753,5.4046,1.2466,2.4534,0.6884,2.5513,4.2233,14.7077,0.8583,1.3220,1.6550,0.0220,-0.4017,-1.9901,-0.0118,-5.4468,-3.4057,-1.3123,-2.0806,0,3.5235,1,0.1133,1,-1,0,-1.0398
525,23,1,4,0,4099.7500,7.0514,0.7689,113.4763,37.9832,1,-1.9148,0.8511,-1.2567,-1.1377,-1.7177,0.5187,2.1395,-8.8222,-0.5682,0.7825,0.1032,0.5105,0.9630,0.7278,0.1956,0.7135,0.3158,-0.3123,1.1306,0.3093,-1.7910,1.9889,0.0371,22,2.0227,0.7753,5.4046,1.2466,2.4534,0.6884,2.5513,4.2233,14.7077,0.8583,1.3220,1.6550,0.0220,-0.4017,-1.9901,-0.0118,-5.4468,-3.4057,-1.3123,-2.0806,1,-1.0398,1,0.0008,1,-1,0,-0.0563
526,23,1,4,0,4099.4800,7.0514,0.7689,113.4763,37.9832,1,-1.9148,0.8511,-1.2567,-1.1377,-1.7177,0.5187,2.1395,-8.8222,-0.5682,0.7825,0.1032,0.5105,0.9630,0.7278,0.1956,0.7135,0.3158,-0.3123,1.1306,0.3093,-1.7910,1.9889,0.0371,22,2.0227,0.7753,5.4046,1.2466,2.4534,0.6884,2.5513,4.2233,14.7077,0.8583,1.3220,1.6550,0.0220,-0.4017,-1.9901,-0.0118,-5.4468,-3.4057,-1.3123,-2.0806,2,-0.0563,1,0.0009,1,-1,0,-0.0775
527,2,2,0,0,4057.2800,14.2107,1.5418,113.4763,37.9832,1,-1.9148,0.8511,-1.2567,-1.1377,-1.7177,0.5187,2.1395,-8.8222,-0.5201,0.9437,0.4247,-0.5682,0.7825,0.1032,0.5105,0.9630,0.7278,0.1956,0.7135,0.3158,-0.3123,1.1306,0.3093,23,2.2039,0.8721,3.6022,0.7910,1.7304,0.7930,2.4981,3.3031,6.8315,1.2299,1.2990,0.9158,-0.0527,-0.4402,-2.0323,-0.0124,-3.7053,-1.9695,-0.9689,-1.9840,3,-0.0775,1,2.8064,1,-1,0,-1.1153
528,11,2,1,0,4046.1700,8.7307,0.9127,113.4763,37.9832,1,-1.9148,0.8511,-1.2567,-1.1377,-1.7177,0.5187,2.1395,-8.8222,0.2908,0.9057,0.4216,-0.8022,1.2635,0.2706,-0.5201,0.9437,0.4247,-0.5682,0.7825,0.1032,0.5105,0.9630,0.7278,25,2.3738,0.8872,4.9332,0.9862,1.5692,0.9204,1.7387,4.6136,9.6487,1.2624,0.7467,0.8454,-0.1743,-0.5333,-2.2187,0.1474,-2.6431,-1.0853,0.1476,-1.8245,4,-1.1153,1,5.6896,1,1,1,4.1110
529,13,2,2,0,3974.6500,13.5143,1.4042,113.4763,37.9832,1,-1.9148,0.8511,-1.2567,-1.1377,-1.7177,0.5187,2.1395,-8.8222,-2.1704,2.2417,0.0013,0.2908,0.9057,0.4216,-0.8022,1.2635,0.2706,-0.5201,0.9437,0.4247,-0.5682,0.7825,0.1032,26,4.3450,1.0238,6.0144,1.3652,2.2177,0.9960,4.3524,6.5457,10.0264,1.9146,1.1039,0.8466,-0.2079,-0.5242,-2.3539,0.1207,-6.0517,-3.0014,0.2315,-1.8527,0,4.1110,1,0.0008,1,-1,0,-1.5754
530,2,3,0,0,3976.9200,13.8614,1.3293,116.8373,39.4103,1,-2.7192,-1.9148,0.8511,-1.2567,-1.1377,-1.7177,0.5187,-12.5224,-0.3259,0.9991,0.3234,-0.1932,1.3011,0.7629,0.4745,1.9434,0.5440,-2.1704,2.2417,0.0013,0.2908,0.9057,0.4216,29,3.5104,1.3376,2.9918,0.0296,1.1615,0.7379,1.0684,1.6045,8.7033,1.0836,1.1490,0.9169,0.0070,-0.1609,-1.3746,0.0916,-7.8465,-5.0999,0.1230,-1.2511,1,-1.5754,1,12.2946,1,-1,0,-1.0809
531,0,4,0,0,4014.2400,8.0629,0.7910,114.3203,40.7354,1,0.6887,-2.7192,-1.9148,0.8511,-1.2567,-1.1377,-1.7177,-10.6515,-0.0558,0.5543,0.2078,0.4080,1.1193,0.6589,0.5806,1.1436,0.8474,-0.1714,0.7650,0.5803,0.1170,1.0858,0.7725,34,1.7682,1.0532,3.0163,0.6648,1.4536,0.8336,1.4635,2.5152,-2.2535,0.6082,1.0902,0.9176,-0.0976,0.0652,-0.8465,0.0216,-0.1110,-0.1640,-0.6143,-1.8438,2,-1.0809,1,11.4937,1,-1,0,-1.0064
532,10,0,1,0,4031.6900,8.8057,0.8578,114.2246,41.1528,1,1.5346,0.6887,-2.7192,-1.9148,0.8511,-1.2567,-1.1377,-8.2483,-0.1288,0.7194,0.2604,-0.4251,0.6379,0.1002,-0.3897,0.9336,0.5574,0.0776,0.6237,0.9337,0.6410,1.2971,0.7920,3,0.7630,0.1452,3.3104,0.8915,2.2167,0.6373,1.7534,2.5983,-0.0647,1.4381,0.6488,0.8344,0.0781,0.1986,-0.4765,0.1026,-2.3740,-0.9864,0.7559,-1.2697,3,-1.0064,1,75.0485,1,-1,0,-1.0334
533,14,0,2,0,4008.5000,10.5686,1.0218,114.2246,41.1528,1,1.5346,0.6887,-2.7192,-1.9148,0.8511,-1.2567,-1.1377,-8.2483,-0.0840,0.7598,0.6215,-0.1288,0.7194,0.2604,-0.4251,0.6379,0.1002,-0.3897,0.9336,0.5574,0.0776,0.6237,0.9337,4,0.7933,0.1603,2.9096,1.4761,2.5926,0.9693,3.6258,2.7951,3.9485,2.6511,0.7982,0.8359,0.0588,0.2575,-0.1636,0.1447,-1.5595,-0.1873,0.8071,-1.7649,4,-1.0334,1,2.0835,1,-1,0,-0.8450
534,0,1,0,0,3992.0000,7.0614,0.6857,112.3721,41.5404,1,-1.7709,1.5346,0.6887,-2.7192,-1.9148,0.8511,-1.2567,-11.5143,-0.2008,0.6663,0.3965,-0.4869,1.2786,0.4629,-0.0840,0.7598,0.6215,-0.1288,0.7194,0.2604,-0.4251,0.6379,0.1002,6,1.3147,0.3451,3.0235,1.6144,2.2403,0.9444,3.2940,3.6919,10.0178,1.2116,0.5996,0.9045,-0.0569,0.2960,-0.0691,0.0816,-0.4041,0.7739,0.7070,-0.3872,5,-0.8450,1,9.8157,1,-1,0,-1.1009
535,13,1,2,0,4011.4400,7.1093,0.6750,112.3721,41.5404,1,-1.7709,1.5346,0.6887,-2.7192,-1.9148,0.8511,-1.2567,-11.5143,-0.1382,0.7125,0.0419,0.7545,1.5669,0.6477,-0.0404,1.3712,0.7710,-0.9291,1.1107,0.1622,-0.2008,0.6663,0.3965,10,1.0666,0.5637,3.5587,0.3362,1.4080,0.8801,3.3745,0.8004,4.1200,1.3972,0.5509,0.8350,0.0211,-0.0579,0.0641,0.3156,-0.0497,0.7830,0.4923,0.9739,6,-1.1009,1,6.5359,1,-1,0,-0.9991
536,20,1,3,0,4015.6000,4.7679,0.4555,112.3721,41.5404,1,-1.7709,1.5346,0.6887,-2.7192,-1.9148,0.8511,-1.2567,-11.5143,0.4055,1.3474,0.3108,-0.1382,0.7125,0.0419,0.7545,1.5669,0.6477,-0.0404,1.3712,0.7710,-0.9291,1.1107,0.1622,11,0.6167,0.5243,6.3886,0.9648,1.6527,0.8287,2.6007,2.7790,-0.5768,3.1427,0.6190,1.2902,0.0815,0.0070,0.4183,0.3964,1.5701,1.5641,0.7105,1.7166,7,-0.9991,1,6.8362,1,1,1,3.6728
537,1,2,0,0,3976.6500,7.3950,0.7162,112.9177,42.2195,1,-0.2067,-1.7709,1.5346,0.6887,-2.7192,-1.9148,0.8511,-11.6971,-0.5623,0.6548,0.1394,-0.4612,0.6863,0.0521,0.4055,1.3474,0.3108,-0.1382,0.7125,0.0419,0.7545,1.5669,0.6477,13,1.2050,0.4570,4.9249,1.1738,2.7978,0.7438,3.2549,4.8114,3.5010,2.0030,0.6582,0.9421,-0.1094,-0.0587,0.2927,0.3380,1.6838,1.4443,0.7326,1.3866,0,3.6728,1,0.0009,1,-1,0,-1.3256
538,4,3,0,1,4070.8200,9.9286,1.0165,115.9621,42.0205,0,0.5801,-0.2067,-1.7709,1.5346,0.6887,-2.7192,-1.9148,-10.1214,0.4004,0.5422,0.9612,-0.9923,1.1097,0.0518,1.2036,2.5586,0.5677,1.2173,1.5781,0.7978,-0.0533,0.6091,0.5884,1,0.3364,-0.1658,3.7961,0.1501,1.1190,0.6229,1.2872,3.5131,9.1463,0.8651,0.8296,0.9186,0.0413,-0.1912,0.1091,-0.2095,4.2597,2.0128,0.3385,1.3428,1,-1.3256,0,17.0399,1,1,1,4.6046
539,1,4,0,1,4150.7300,7.9386,0.8440,115.7734,41.4086,0,2.2715,0.5801,-0.2067,-1.7709,1.5346,0.6887,-2.7192,-8.1705,0.5877,0.7252,0.8749,0.1042,0.5158,0.7825,0.0134,1.0608,0.4054,1.0169,2.0385,0.7236,0.3797,0.6605,0.8535,7,2.0584,0.5882,4.4089,0.8100,1.9701,0.7609,2.6516,4.1279,13.8048,0.8719,1.0109,0.9254,0.0044,0.4747,0.5781,-0.8446,3.3129,0.9562,-0.1055,1.6805,0,4.6046,1,0.0609,1,-1,0,-1.1414
540,18,0,3,1,4162.1400,7.3936,0.8266,112.8139,40.1038,0,1.2738,2.2715,0.5801,-0.2067,-1.7709,1.5346,0.6887,-5.8454,0.3720,0.6689,0.9574,-0.2617,0.6761,0.2901,-0.2217,0.5157,0.2653,-0.4835,1.0864,0.0473,-0.1989,0.7502,0.3039,16,1.1311,0.6104,4.1996,0.2462,0.7263,0.9590,0.8602,2.7808,-2.0924,0.6909,0.9320,0.8527,0.2156,0.0184,0.0831,0.5244,-0.5966,-0.2727,0.2991,1.2879,1,-1.1414,1,3.2648,1,-1,0,-0.9195
541,9,2,1,0,4054.3900,12.2671,1.4267,108.5079,37.8934,1,-1.4206,-0.2484,1.2738,2.2715,0.5801,-0.2067,-1.7709,-5.1652,-1.6579,1.9801,0.0542,0.3293,0.8440,0.8256,0.2849,0.7991,0.5375,-0.9575,1.3483,0.2344,-0.6534,1.0685,0.2057,1,1.4516,-0.0032,5.9704,0.3269,1.9369,0.8136,5.2449,5.5742,5.5465,1.8928,1.4148,0.8440,-0.0368,-0.1531,0.1211,0.3644,-4.1619,-2.4816,-1.2998,-0.5548,2,-0.9195,0,32.0030,1,-1,0,-1.0543
542,14,2,2,0,4038.3800,14.2786,1.6151,108.5079,37.8934,1,-1.4206,-0.2484,1.2738,2.2715,0.5801,-0.2067,-1.7709,-5.1652,0.3801,1.1322,0.6876,-1.6579,1.9801,0.0542,0.3293,0.8440,0.8256,0.2849,0.7991,0.5375,-0.9575,1.3483,0.2344,2,0.9988,0.1540,3.2167,0.2934,1.8286,0.9575,2.6039,1.4686,9.8903,1.4999,1.8723,0.8520,0.0500,-0.2282,0.1281,0.4003,-4.7048,-2.5935,-0.6455,-0.1728,3,-1.0543,1,2.0000,1,-1,0,-1.0406
543,3,3,0,0,4058.8800,9.7150,1.1126,108.7681,37.6410,1,-0.7505,-1.4206,-0.2484,1.2738,2.2715,0.5801,-0.2067,-5.8847,-0.1123,0.4771,0.1932,0.2680,0.7828,0.4681,-0.2078,1.5036,0.6838,0.3801,1.1322,0.6876,-1.6579,1.9801,0.0542,5,0.7650,0.3416,2.8235,0.3438,1.2517,0.7007,2.0103,1.8528,5.4936,1.2310,0.8310,0.9212,0.0482,0.1148,0.3708,0.0782,-3.5815,-2.3753,-0.2865,-0.2839,4,-1.0406,1,10.1415,1,-1,0,-1.1502
544,3,0,0,0,4058.5400,11.5600,1.4030,103.7853,37.0636,1,-0.0842,1.1923,-0.7505,-1.4206,-0.2484,1.2738,2.2715,1.1863,-0.6160,1.0358,0.3024,0.3671,0.5564,0.9597,0.0936,1.0466,0.7470,0.0710,0.5669,0.2734,-0.4204,0.6141,0.1211,1,0.7683,0.0491,3.6730,0.2682,1.4204,0.6918,1.2258,1.0458,5.7734,0.8945,1.2926,0.9505,-0.0009,-0.1612,-0.3455,0.2592,-2.4565,-1.2185,-0.5078,0.6299,5,-1.1502,1,93.4235,1,-1,0,-1.0629
545,5,2,0,0,4026.3400,6.6543,0.7917,106.7460,37.8923,1,1.2646,-2.8755,-0.0842,1.1923,-0.7505,-1.4206,-0.2484,-3.9564,-0.6376,0.8381,0.1496,0.1359,0.3397,0.8903,-0.2403,0.5500,0.4056,-0.3609,1.0485,0.0905,1.5040,2.1846,0.7128,4,0.8582,0.2181,5.1125,0.2945,1.6275,0.9141,0.8160,4.4528,-1.5659,1.1174,0.6338,0.9428,0.0341,0.4065,0.1962,-0.0665,1.1628,0.8429,0.6586,0.8370,6,-1.0629,1,16.7377,1,-1,0,-1.0265
546,1,3,0,0,4046.0800,5.2807,0.6670,103.6977,38.2730,1,0.1969,1.2646,-2.8755,-0.0842,1.1923,-0.7505,-1.4206,-5.7830,-0.4445,0.6208,0.0305,0.6451,1.2011,0.5536,-0.8361,1.1593,0.1457,0.9067,1.1406,0.9191,-0.0474,0.4783,0.7175,3,0.4315,0.1984,4.0014,0.6287,3.2533,0.9552,2.5016,2.3482,1.5907,0.8476,0.6844,0.9229,0.0968,0.3569,0.4210,-0.0019,-2.5171,-2.1625,0.1979,1.1690,7,-1.0265,1,13.2876,1,1,1,4.2706
547,12,3,2,0,4001.7100,9.4386,1.2192,103.6977,38.2730,1,0.1969,1.2646,-2.8755,-0.0842,1.1923,-0.7505,-1.4206,-5.7830,0.0543,0.3372,0.9081,-0.2848,0.6547,0.3448,-0.4445,0.6208,0.0305,0.6451,1.2011,0.5536,-0.8361,1.1593,0.1457,5,0.5765,0.1673,3.2325,1.0680,3.0958,0.9209,3.4137,3.2717,3.6817,2.1519,0.8897,0.8347,-0.0052,0.5004,0.3412,-0.1164,-2.4611,-2.4646,-0.0330,0.7463,0,4.2706,1,0.0161,1,-1,0,-1.1748
548,14,0,2,0,4006.7100,8.0307,1.0055,100.6075,39.7287,1,1.0484,-2.0747,0.1969,1.2646,-2.8755,-0.0842,1.1923,-5.6306,-0.2680,0.8564,0.0506,0.0025,0.7099,0.5906,0.2575,0.8210,0.7007,0.1739,0.6830,0.9455,0.0558,0.4252,0.8822,18,0.4291,0.1347,4.2860,0.0847,0.9613,0.9935,0.3013,1.9201,-4.9385,1.6087,0.9655,0.8363,-0.1286,-0.1993,0.0079,0.0727,1.5714,1.8569,0.3296,-1.0619,1,-1.1748,1,70.0781,1,-1,0,-0.9013
549,5,1,0,1,4056.4900,7.1164,0.9124,97.5762,40.0383,0,-0.2370,1.0484,-2.0747,0.1969,1.2646,-2.8755,-0.0842,-3.5588,0.6137,0.8259,0.9386,0.3713,0.6830,0.9179,-0.0519,0.3654,0.2997,0.0407,0.5297,0.5422,-0.2680,0.8564,0.0506,2,0.6055,-0.0496,6.1688,0.3752,1.1804,0.7607,1.3687,3.6985,4.1018,0.6894,0.6068,0.9236,0.0394,-0.2333,0.2379,0.0924,1.7105,0.9449,0.0873,-0.5141,2,-0.9013,0,4.8927,1,1,1,4.2901
550,1,2,0,1,4121.1600,7.3093,0.9958,96.8644,39.3668,0,1.7349,-0.2370,1.0484,-2.0747,0.1969,1.2646,-2.8755,-1.8856,0.3696,0.6254,0.8096,0.1402,0.5032,0.5081,0.4354,0.9573,0.6970,-0.2198,0.4701,0.1476,0.3269,0.9317,0.4371,7,1.4281,0.3857,3.5516,2.5953,3.3998,0.9928,3.9799,5.0456,15.1396,2.2467,0.7529,0.9397,0.0491,-0.0815,-0.2545,0.3728,4.0496,2.2463,0.6930,-0.6945,0,4.2901,1,0.1796,1,-1,0,-0.8609
551,3,4,0,0,4024.4000,7.0879,0.9974,96.6497,35.9784,1,-1.9584,1.3011,1.7349,-0.2370,1.0484,-2.0747,0.1969,-1.4917,0.0237,0.2425,0.8859,-0.0499,0.3451,0.6295,-0.2563,0.6733,0.4139,-0.7708,0.9388,0.0219,-0.6743,1.0545,0.1463,4,0.4605,-0.0002,1.5590,2.1614,2.6411,0.9209,2.6806,3.5272,13.1619,2.6552,0.6559,0.9077,0.0123,-0.4095,-0.4914,0.4336,-4.4636,-1.9562,-1.2091,-1.1351,1,-0.8609,0,19.8172,1,-1,0,-1.1329
552,1,1,0,0,4057.5100,4.8543,0.7070,91.8658,33.2810,1,0.5977,0.0766,-1.9584,1.3011,1.7349,-0.2370,1.0484,-0.2825,-0.5285,0.6113,0.0112,-0.1382,0.4610,0.3257,-0.0333,0.7006,0.5956,-0.2794,0.5519,0.0969,0.1220,0.5281,0.4991,1,0.3155,-0.1088,6.2440,0.2266,1.6027,0.9640,3.1539,5.2263,7.4450,0.8671,0.7418,0.9099,0.0554,-0.2412,-0.3426,0.0697,-3.0920,-2.0509,-0.7295,-0.6842,2,-1.1329,1,90.5525,1,1,1,3.7414
553,10,1,1,0,4017.3300,6.8814,1.0133,91.8658,33.2810,1,0.5977,0.0766,-1.9584,1.3011,1.7349,-0.2370,1.0484,-0.2825,0.0839,0.5012,0.5227,-0.3903,0.4931,0.0930,-0.5285,0.6113,0.0112,-0.1382,0.4610,0.3257,-0.0333,0.7006,0.5956,3,0.5425,0.0549,5.1951,0.2558,1.2744,0.9304,3.2944,4.3494,10.7318,1.0432,0.7823,0.8394,-0.0827,-0.3501,-0.5787,0.2091,-3.5235,-1.7473,-1.0906,-1.0538,0,3.7414,1,0.1154,1,-1,0,-1.1095
554,22,1,4,0,4020.8600,4.2786,0.6300,90.3883,32.4314,1,-1.1769,0.5977,0.0766,-1.9584,1.3011,1.7349,-0.2370,-1.4561,-0.2177,0.4941,0.3589,0.1990,0.8825,0.7317,-0.3957,0.7144,0.4301,0.0839,0.5012,0.5227,-0.3903,0.4931,0.0930,6,0.8005,0.2626,5.6631,0.1776,1.8674,0.5494,1.5005,3.8915,13.5209,1.1123,1.2936,1.6550,0.0000,0.1856,-0.0921,0.0550,-2.1605,-0.9836,0.2360,-0.9264,1,-1.1095,1,11.1957,1,-1,0,-1.0434
555,1,2,0,0,4013.0600,7.0771,1.0443,90.3883,32.4314,1,-1.1769,0.5977,0.0766,-1.9584,1.3011,1.7349,-0.2370,-1.4561,-0.1182,0.4306,0.4637,-0.2177,0.4941,0.3589,0.1990,0.8825,0.7317,-0.3957,0.7144,0.4301,0.0839,0.5012,0.5227,7,0.9102,0.3030,2.4501,0.1031,1.6264,0.7576,1.0626,1.4964,7.6302,1.2637,1.0420,0.9491,0.0395,0.1468,-0.1149,-0.0244,-1.0687,-0.1781,0.6706,-0.7063,2,-1.0434,1,0.8854,1,-1,0,-1.1314
556,10,2,1,0,4027.3400,4.1893,0.6199,90.3883,32.4314,1,-1.1769,0.5977,0.0766,-1.9584,1.3011,1.7349,-0.2370,-1.4561,0.2548,0.5262,0.5177,0.1365,0.6833,0.6168,-0.1182,0.4306,0.4637,-0.2177,0.4941,0.3589,0.1990,0.8825,0.7317,9,0.4384,0.3001,4.3086,0.5395,1.9287,0.8614,1.6447,3.6522,1.4060,0.8098,0.5245,0.8411,-0.0561,0.3126,-0.1140,-0.1635,0.9463,0.7176,0.6231,-0.5128,3,-1.1314,1,9.1311,1,-1,0,-1.0058
557,12,2,2,0,4012.3700,5.2121,0.7740,90.3883,32.4314,1,-1.1769,0.5977,0.0766,-1.9584,1.3011,1.7349,-0.2370,-1.4561,0.2548,0.5262,0.5177,0.1365,0.6833,0.6168,-0.1182,0.4306,0.4637,-0.2177,0.4941,0.3589,0.1990,0.8825,0.7317,9,0.4384,0.3001,4.3859,2.2524,2.8702,0.9632,3.7624,4.6238,2.7647,3.4005,0.5829,0.8421,-0.1386,0.1469,-0.2192,-0.1763,0.5144,0.3980,0.4048,-0.4469,4,-1.0058,1,0.6887,1,-1,0,-1.1052
558,14,2,2,0,4007.2900,7.9914,1.1875,90.3883,32.4314,1,-1.1769,0.5977,0.0766,-1.9584,1.3011,1.7349,-0.2370,-1.4561,-0.3695,0.7212,0.4612,0.2548,0.5262,0.5177,0.1365,0.6833,0.6168,-0.1182,0.4306,0.4637,-0.2177,0.4941,0.3589,10,0.7589,0.2918,3.8704,0.2515,1.6981,0.6544,1.9321,3.1909,2.7917,2.6931,0.9209,0.8421,-0.0018,0.1706,-0.1893,-0.0501,0.2059,0.5761,0.1225,-1.5621,5,-1.1052,1,1.2034,1,-1,0,-0.9395
559,13,3,2,1,4089.8800,9.6007,1.2778,92.5434,31.0876,0,0.9576,-1.1769,0.5977,0.0766,-1.9584,1.3011,1.7349,1.2812,0.1857,0.6500,0.3261,0.3796,1.1001,0.7407,-0.6417,1.1920,0.0338,0.0796,0.9794,0.2921,0.9927,2.2156,0.4487,2,0.3482,0.0401,2.8394,0.2333,2.5113,0.5823,1.2249,2.4394,7.0766,2.7465,1.2029,0.8437,0.2123,0.8288,0.7686,-0.5153,1.2364,0.0849,-0.8264,-0.8151,6,-0.9395,0,20.8733,1,-1,0,-1.1912
560,13,4,2,0,4041.3100,6.1529,0.8046,92.5046,29.7757,1,0.8767,0.9576,-1.1769,0.5977,0.0766,-1.9584,1.3011,2.3807,-0.4969,0.5777,0.0115,-0.4676,0.8162,0.2036,-0.3580,0.7224,0.2698,-0.3109,0.5183,0.2034,-0.1868,0.4622,0.2411,2,0.5433,-0.1967,5.1700,0.2893,0.9622,0.9544,2.0982,3.2814,6.0053,1.2600,0.6148,0.8454,-0.2925,0.1368,1.0405,-1.5881,-0.6262,0.0657,1.1717,0.5426,7,-1.1912,0,5.4277,1,-1,0,-0.9279
561,17,1,3,1,4100.5400,8.4536,1.0788,90.4047,27.6461,0,0.3313,-1.5021,0.8767,0.9576,-1.1769,0.5977,0.0766,-2.8779,0.5507,0.8057,0.9774,0.3904,0.9588,0.6515,-0.2141,0.4533,0.0353,0.3593,0.5851,0.8957,0.1348,0.6608,0.2478,2,0.8004,0.0650,3.9155,0.6979,1.6526,0.5404,1.7578,4.2751,7.5022,0.9208,1.0789,0.8404,0.0321,0.1017,1.0758,0.4366,3.7519,2.3548,1.8419,3.7174,8,-0.9279,0,97.9916,1,-1,0,-1.0310
562,1,2,0,1,4086.6400,6.3364,0.8183,88.5080,26.2729,0,0.5630,0.3313,-1.5021,0.8767,0.9576,-1.1769,0.5977,-2.3311,-0.0729,0.5018,0.8366,-0.3836,0.7764,0.0935,0.5507,0.8057,0.9774,0.3904,0.9588,0.6515,-0.2141,0.4533,0.0353,4,0.4758,0.1436,3.2353,0.0095,1.4740,0.8844,2.2205,1.0763,3.5004,1.0047,0.6816,0.9489,0.0052,0.2242,1.2343,0.0375,2.7121,1.8937,1.9955,4.1036,9,-1.0310,1,6.6871,1,1,1,3.8989
563,4,2,0,1,4138.7800,9.7657,1.2454,88.5080,26.2729,0,0.5630,0.3313,-1.5021,0.8767,0.9576,-1.1769,0.5977,-2.3311,-0.0729,0.5018,0.8366,-0.3836,0.7764,0.0935,0.5507,0.8057,0.9774,0.3904,0.9588,0.6515,-0.2141,0.4533,0.0353,4,0.4758,0.1436,7.2888,0.2130,1.3537,0.7791,0.2816,6.8372,8.2339,0.9061,0.7142,0.9442,0.0468,0.2529,1.2301,-0.1491,3.5279,1.6557,1.9330,4.7433,0,3.8989,1,0.1469,1,1,1,4.5669
564,14,2,2,1,4229.2400,13.9650,1.7296,88.5080,26.2729,0,0.5630,0.3313,-1.5021,0.8767,0.9576,-1.1769,0.5977,-2.3311,0.5634,1.5215,0.5324,0.6043,1.0828,0.5737,1.3002,1.5648,0.9069,-0.0729,0.5018,0.8366,-0.3836,0.7764,0.0935,7,2.4643,0.5536,4.5328,1.1479,2.2478,0.8292,2.9767,5.6155,11.8639,2.3794,1.3367,0.8404,0.0355,0.1744,1.3352,0.0940,4.4963,1.5138,1.7619,5.3653,0,4.5669,1,0.1606,1,1,1,4.3788
565,12,4,2,1,4367.5700,12.8136,1.5686,95.5079,26.1738,1,-0.1747,4.1603,0.5630,0.3313,-1.5021,0.8767,0.9576,3.2745,0.9644,1.2826,0.8069,0.7598,0.8916,0.8911,-0.0829,0.5561,0.1341,-0.0387,0.4303,0.3732,-0.2042,1.2216,0.3469,18,3.0579,0.9938,3.4916,3.0795,4.9229,0.9425,3.4565,4.5288,8.3084,5.5141,1.2166,0.8396,0.0929,-0.1048,0.4179,0.3047,3.7064,2.3481,-0.1283,3.3908,0,4.3788,1,0.2488,1,-1,0,-1.0285
566,5,0,0,1,4343.7100,7.2207,0.8396,98.8388,26.9009,1,2.4044,-0.1747,4.1603,0.5630,0.3313,-1.5021,0.8767,6.5573,0.1704,0.6320,0.9533,-0.1569,0.5027,0.0651,0.2917,0.5253,0.6192,-0.7381,0.9316,0.0423,1.2814,1.6660,0.8536,23,2.7217,1.3472,3.7919,0.3684,1.7519,0.9320,1.5636,3.6021,11.0141,1.4794,0.6239,0.9282,-0.0597,-0.0528,0.1491,0.3670,0.4752,0.5261,0.1349,3.0282,1,-1.0285,1,64.4533,1,-1,0,-1.1572
567,14,0,2,1,4350.1200,9.4207,1.0999,98.8388,26.9009,1,2.4044,-0.1747,4.1603,0.5630,0.3313,-1.5021,0.8767,6.5573,-0.3239,0.5936,0.3221,0.1643,0.6982,0.4937,0.1704,0.6320,0.9533,-0.1569,0.5027,0.0651,0.2917,0.5253,0.6192,25,2.2245,1.1871,3.3341,0.1518,0.7717,0.6547,1.9850,1.2398,-0.9543,1.6178,1.1021,0.8387,-0.1030,-0.1082,0.1483,0.7968,0.1416,0.6914,0.0500,2.6117,2,-1.1572,1,3.4382,1,1,1,4.3838
568,2,1,0,1,4430.2700,9.0279,1.0442,97.6153,27.7642,1,1.0922,2.4044,-0.1747,4.1603,0.5630,0.3313,-1.5021,6.5415,0.5500,0.7790,0.7099,0.7423,0.9971,0.8623,0.5604,1.1081,0.8352,-0.3239,0.5936,0.3221,0.1643,0.6982,0.4937,28,3.3108,1.1889,4.1405,0.8042,2.1511,0.7806,2.2586,4.4950,10.8088,1.1695,0.8885,0.9125,0.0494,-0.0692,0.2919,0.5667,4.5074,2.0262,0.0397,1.8440,0,4.3838,1,0.1824,1,-1,0,-1.0973
569,11,1,1,1,4391.9000,6.8079,0.7612,97.6153,27.7642,1,1.0922,2.4044,-0.1747,4.1603,0.5630,0.3313,-1.5021,6.5415,-0.9018,1.1853,0.2357,-0.0109,0.9400,0.3665,0.5500,0.7790,0.7099,0.7423,0.9971,0.8623,0.5604,1.1081,0.8352,30,2.0625,1.1696,3.8030,1.2882,1.8420,0.8780,2.6837,4.1217,7.4487,2.0924,0.7471,0.8379,-0.0035,-0.1636,0.1963,0.2784,1.8574,0.7828,0.0000,1.9045,1,-1.0973,1,8.3832,1,-1,0,-1.1126
570,0,2,0,1,4381.8100,5.9664,0.6680,96.2399,28.8748,1,-0.4714,1.0922,2.4044,-0.1747,4.1603,0.5630,0.3313,6.0393,-0.3406,0.5815,0.3240,-0.2060,0.7986,0.4074,0.5351,0.7450,0.7650,-0.9018,1.1853,0.2357,-0.0109,0.9400,0.3665,33,1.6258,1.0381,3.1895,0.2179,1.1749,0.9387,1.3375,1.7246,-2.4453,0.7325,0.9044,0.9084,0.0087,-0.0208,0.1023,0.0729,-1.5956,-0.8926,-0.1740,-0.2197,2,-1.1126,1,8.9193,1,1,1,3.6423
571,12,2,2,1,4427.7800,7.8557,0.8848,96.2399,28.8748,1,-0.4714,1.0922,2.4044,-0.1747,4.1603,0.5630,0.3313,6.0393,0.0186,0.6051,0.6699,0.4655,0.8599,0.6021,0.2018,0.4845,0.8508,-0.3406,0.5815,0.3240,-0.2060,0.7986,0.4074,36,1.9688,0.8448,3.3415,0.1018,2.6121,1.0000,1.2971,2.3282,4.8283,1.9006,0.5763,0.8385,0.0529,0.0624,-0.0796,-0.0954,1.7328,1.1639,-0.2161,-0.2905,0,3.6423,1,0.0008,1,-1,0,-1.0880
572,12,2,2,1,4427.0700,11.2186,1.2629,96.2399,28.8748,1,-0.4714,1.0922,2.4044,-0.1747,4.1603,0.5630,0.3313,6.0393,0.0186,0.6051,0.6699,0.4655,0.8599,0.6021,0.2018,0.4845,0.8508,-0.3406,0.5815,0.3240,-0.2060,0.7986,0.4074,36,1.9688,0.8448,2.1242,0.2977,5.2074,0.8362,1.3611,2.0065,3.7652,8.3928,0.8425,0.8385,0.0529,0.0624,-0.0796,-0.0954,1.7328,1.1639,-0.2161,-0.2905,1,-1.0880,1,0.2490,1,-1,0,-0.8384
573,0,3,0,1,4419.9900,4.7721,0.5401,95.0035,29.9540,1,0.9173,-0.4714,1.0922,2.4044,-0.1747,4.1603,0.5630,10.1801,0.1568,0.5014,0.5569,-0.8068,1.0089,0.1124,0.8108,1.3306,0.9865,0.0186,0.6051,0.6699,0.4655,0.8599,0.6021,39,1.7072,0.8337,4.6248,0.1760,1.9614,0.6667,2.8436,0.5888,11.0349,1.2688,0.6461,0.9604,0.0477,-0.1369,-0.2518,0.0364,0.8185,-0.1620,0.1737,0.1493,2,-0.8384,1,7.4509,1,-1,0,-1.0347
574,11,3,1,1,4392.5700,5.9879,0.6866,95.0035,29.9540,1,0.9173,-0.4714,1.0922,2.4044,-0.1747,4.1603,0.5630,10.1801,-0.4975,0.9823,0.2736,-0.6690,0.9866,0.1406,0.4542,1.1692,0.5641,0.1568,0.5014,0.5569,-0.8068,1.0089,0.1124,42,0.6999,0.6977,4.4273,0.2689,0.9269,0.7081,1.2692,1.8821,-3.9513,0.4457,0.7159,0.8525,0.1545,0.0087,-0.0433,0.1005,-1.9760,-1.5105,0.2408,0.3587,3,-1.0347,1,9.1299,1,-1,0,-0.9772
575,13,4,2,1,4394.1800,8.4893,0.9991,95.8025,30.5753,1,-1.3156,0.9173,-0.4714,1.0922,2.4044,-0.1747,4.1603,7.3727,0.5747,0.9394,0.6756,0.5036,0.8949,0.9721,-0.3237,0.7056,0.5227,-0.1874,0.7974,0.3325,-0.3774,0.6819,0.2347,2,0.5475,0.0195,5.1960,0.8210,1.5749,0.7666,2.4867,4.7589,0.2109,2.9836,0.8049,0.8533,0.0883,0.1914,-0.0596,-0.1589,-0.4834,0.1561,0.5454,0.7666,4,-0.9772,1,24.1867,1,-1,0,-1.0181
576,0,0,0,1,4390.6000,7.2079,0.8941,95.1131,30.5140,1,0.5946,-1.3156,0.9173,-0.4714,1.0922,2.4044,-0.1747,7.7989,-0.2180,0.3561,0.3585,0.2799,0.6116,0.5854,0.5747,0.9394,0.6756,0.5036,0.8949,0.9721,-0.3237,0.7056,0.5227,4,0.5205,0.0816,2.7387,0.4231,1.7259,0.9188,2.1157,1.7495,3.7362,0.7749,0.9463,0.9240,0.0311,0.0311,0.1584,-0.0182,0.2367,0.3763,0.1324,0.6237,5,-1.0181,1,54.7373,1,-1,0,-1.1901
577,13,2,2,1,4438.2600,10.7521,1.3682,93.7608,30.2949,1,-1.8636,0.9186,0.5946,-1.3156,0.9173,-0.4714,1.0922,7.8925,1.9088,2.0403,0.9605,0.1672,0.6513,0.7345,0.2367,0.8653,0.6385,-0.0306,0.4637,0.5457,-0.6783,0.9008,0.1333,1,1.4657,-0.0889,6.4778,1.6797,2.8757,0.8865,6.9009,7.7306,3.9862,3.8595,0.9875,0.8541,0.3242,0.5279,0.6609,-0.6708,-0.2950,-1.3099,0.1619,-0.4577,6,-1.1901,1,23.4957,1,1,1,3.3846
578,14,3,2,1,4499.4200,11.9764,1.5141,101.3308,30.7063,1,4.3444,-1.8636,0.9186,0.5946,-1.3156,0.9173,-0.4714,12.8472,-0.3243,0.9881,0.5444,0.0187,0.4643,0.5518,-0.3574,0.5725,0.1613,-0.2516,0.5195,0.0332,0.6534,1.1600,0.9691,7,1.3693,0.9092,3.7039,0.3540,0.8024,0.7960,1.0496,0.6788,3.2222,1.2977,1.5252,0.8400,-0.2708,0.1621,1.2233,0.2443,3.1836,2.6932,-0.4595,-1.4807,0,3.3846,1,16.7391,1,1,1,3.7392
579,9,4,1,1,4599.2800,9.8521,1.2251,100.5386,31.2309,1,-0.0977,4.3444,-1.8636,0.9186,0.5946,-1.3156,0.9173,10.8144,0.9541,1.2285,0.9821,0.6671,0.8695,0.8134,-0.0007,0.5727,0.1394,0.1820,0.5417,0.4278,0.7855,1.5998,0.5680,12,2.9665,0.8767,5.6617,1.4545,1.8656,0.9271,3.4246,6.3002,10.6484,1.3033,0.8306,0.8388,0.1043,0.0581,1.2946,0.0208,4.7478,2.6412,-0.3784,-1.7448,0,3.7392,1,0.0867,1,-1,0,-1.1672
580,15,4,2,1,4610.4100,14.0307,1.6931,100.5386,31.2309,1,-0.0977,4.3444,-1.8636,0.9186,0.5946,-1.3156,0.9173,10.8144,-0.1302,0.8944,0.3529,0.9541,1.2285,0.9821,0.6671,0.8695,0.8134,-0.0007,0.5727,0.1394,0.1820,0.5417,0.4278,13,2.6572,0.9702,3.1367,0.1447,0.7776,0.9120,1.9322,0.8873,7.8620,1.0810,1.5864,0.8409,-0.2478,-0.0847,0.7979,0.1449,1.1145,-0.5613,-0.1840,-1.4402,1,-1.1672,1,5.5293,1,-1,0,-1.1400
581,17,3,3,1,4615.6100,10.9007,1.1164,99.7913,36.0468,1,-1.4043,0.1414,1.0579,1.8844,-0.0977,4.3444,-1.8636,12.6682,0.6337,1.1361,0.9664,-0.2855,0.6978,0.5229,-0.4283,0.6051,0.1932,0.2977,0.8888,0.4061,0.2161,0.7384,0.3522,1,0.5316,0.1351,4.4428,0.1761,0.5926,0.7291,0.4082,2.6668,1.7265,0.6722,1.4313,0.8397,0.0945,0.0215,-0.1808,-0.0759,2.3254,1.8175,0.9499,0.7189,2,-1.1400,1,7.3821,1,-1,0,-0.8853
582,18,4,3,0,4455.9300,20.3664,2.0583,98.2712,36.4692,0,0.1705,-1.4043,0.1414,1.0579,1.8844,-0.0977,4.3444,14.2044,-2.6545,3.6470,0.0906,-0.0256,0.4530,0.6072,0.4044,0.9380,0.7270,-0.0974,0.5906,0.3373,-0.3005,0.5586,0.1194,1,2.3491,0.1236,8.4669,0.1728,0.5357,0.6737,1.0733,4.7087,7.5688,0.7348,2.4345,1.3062,-0.4778,-0.5855,-0.8519,0.4893,-3.5514,-0.5764,-0.2145,0.5303,3,-0.8853,0,18.1613,1,1,1,3.1817
583,2,2,0,0,4290.8800,10.8471,1.1676,105.0915,30.9074,1,-2.6695,-0.1589,-3.1871,0.1705,-1.4043,0.1414,1.0579,7.1067,-0.2918,0.4863,0.0603,-0.5226,0.6699,0.1979,-0.1139,1.1331,0.5083,-0.3320,0.8044,0.1214,-1.2612,1.7350,0.0208,15,3.5579,1.2493,2.8348,1.2833,1.9563,0.8911,2.2946,3.4691,14.9993,1.3117,0.8616,0.9137,-0.1001,-0.2679,-0.7815,0.3887,-4.9891,-1.5378,-0.8485,-0.4402,0,3.1817,1,0.1318,1,-1,0,-0.8583
584,13,3,2,1,4491.6000,11.2293,1.1865,105.8071,29.6102,1,1.3563,-2.6695,-0.1589,-3.1871,0.1705,-1.4043,0.1414,8.2010,1.3209,1.7171,0.9769,-0.0543,0.5738,0.6548,0.9542,1.1610,0.9804,0.1616,0.3824,0.8540,0.4361,0.6154,0.8452,3,1.2799,-0.1328,5.3147,1.3100,2.6422,0.9407,4.3885,5.2158,14.3544,2.1653,0.8726,0.8397,0.1447,0.4111,-0.1314,-2.5264,3.7979,0.0562,0.8053,-0.0769,1,-0.8583,0,34.3717,1,-1,0,-0.8078
585,15,3,2,1,4504.4700,15.7336,1.6444,105.8071,29.6102,1,1.3563,-2.6695,-0.1589,-3.1871,0.1705,-1.4043,0.1414,8.2010,1.3209,1.7171,0.9769,-0.0543,0.5738,0.6548,0.9542,1.1610,0.9804,0.1616,0.3824,0.8540,0.4361,0.6154,0.8452,3,1.2799,-0.1328,4.8876,0.4881,1.2718,0.9705,2.1877,4.5101,7.3613,1.3960,1.5331,0.8397,0.1250,0.2156,-0.2259,-2.0927,2.5589,0.0816,0.5069,-0.1715,2,-0.8078,1,1.5691,1,-1,0,-1.2804
586,1,4,0,1,4485.5600,5.2307,0.5516,107.5144,27.8746,1,1.9541,1.3563,-2.6695,-0.1589,-3.1871,0.1705,-1.4043,9.6976,0.3988,0.4198,0.9499,-0.2940,0.5417,0.1078,-0.1629,1.2004,0.5441,1.3209,1.7171,0.9769,-0.0543,0.5738,0.6548,6,0.9367,0.2904,2.8161,0.5907,1.2465,0.8558,1.1968,2.1355,19.2517,0.6481,0.5526,0.9110,0.0198,0.3313,-0.2145,-1.8555,2.6970,0.6289,1.1262,0.3112,3,-1.2804,1,4.9926,1,-1,0,-0.9585
587,1,4,0,1,4477.0400,5.2307,0.5516,107.5144,27.8746,1,1.9541,1.3563,-2.6695,-0.1589,-3.1871,0.1705,-1.4043,9.6976,0.3988,0.4198,0.9499,-0.2940,0.5417,0.1078,-0.1629,1.2004,0.5441,1.3209,1.7171,0.9769,-0.0543,0.5738,0.6548,6,0.9367,0.2904,2.8161,0.5907,1.2465,0.8558,1.1968,2.1355,19.2517,0.6481,0.5526,0.9110,0.0198,0.3313,-0.2145,-1.8555,2.6970,0.6289,1.1262,0.3112,4,-0.9585,1,0.0008,1,-1,0,-0.1438
588,7,4,1,1,4485.8800,6.6593,0.7006,107.5144,27.8746,1,1.9541,1.3563,-2.6695,-0.1589,-3.1871,0.1705,-1.4043,9.6976,-0.2809,0.4870,0.3767,0.3988,0.4198,0.9499,-0.2940,0.5417,0.1078,-0.1629,1.2004,0.5441,1.3209,1.7171,0.9769,7,0.6150,0.3245,3.1039,0.7328,2.0663,0.9513,3.2406,2.4657,9.0430,1.2640,0.5202,0.8366,-0.0026,0.1973,-0.1803,-0.5429,1.3803,0.4213,1.0926,0.2087,5,-0.1438,1,6.6504,1,-1,0,-1.0563
589,1,0,0,0,4409.6900,6.8621,0.7443,108.7741,26.0899,0,-0.9629,1.9541,1.3563,-2.6695,-0.1589,-3.1871,0.1705,4.3021,-0.1765,0.5665,0.0978,-0.1445,0.6447,0.6346,0.9686,1.8968,0.8486,-1.8761,2.3444,0.1865,0.0919,0.6835,0.5755,4,0.6507,0.0678,3.0370,0.7170,2.8431,0.8744,1.5739,3.2424,9.8351,0.8477,0.5611,0.9100,0.0439,0.0439,0.2252,-0.2304,-0.1556,0.2365,0.0173,0.3158,6,-1.0563,0,63.8059,1,-1,0,-1.3152
590,19,1,3,0,4374.1100,8.8064,1.0117,104.8624,24.4326,0,-0.5368,-0.9629,1.9541,1.3563,-2.6695,-0.1589,-3.1871,1.4837,-0.4048,0.7406,0.4062,0.3942,0.6008,0.9920,-0.9432,1.1235,0.1268,0.2203,0.5833,0.7332,0.2696,0.5430,0.8415,3,0.7241,0.1668,3.2772,0.5428,3.2204,0.3861,1.6284,2.6151,4.2378,2.3434,0.8544,1.3167,-0.0189,0.0456,0.3339,-0.4795,-0.1361,0.5573,-0.2555,0.7855,7,-1.3152,1,19.2825,1,-1,0,-1.1290
591,10,3,1,0,4383.4300,7.2829,0.8712,103.6331,21.5601,0,1.0508,-1.1452,-0.5368,-0.9629,1.9541,1.3563,-2.6695,0.2805,-0.3078,0.9575,0.0578,0.1670,0.4776,0.3968,-0.2597,0.5643,0.4554,-0.1826,0.6357,0.2872,0.2157,1.3391,0.5849,13,0.3496,0.0872,6.3505,0.6330,2.3054,0.6468,1.2619,5.8919,1.7150,1.3630,0.7813,0.8464,-0.0473,0.0946,0.2499,0.0358,0.5935,0.5177,-0.1052,-0.2368,8,-1.1290,1,29.0805,1,1,1,4.5234
592,12,3,2,0,4325.3400,8.8793,1.0638,103.6331,21.5601,0,1.0508,-1.1452,-0.5368,-0.9629,1.9541,1.3563,-2.6695,0.2805,-0.3078,0.9575,0.0578,0.1670,0.4776,0.3968,-0.2597,0.5643,0.4554,-0.1826,0.6357,0.2872,0.2157,1.3391,0.5849,13,0.3496,0.0872,5.1310,0.6397,1.7152,0.8523,2.4518,4.6761,4.9756,1.9468,0.9827,0.8476,-0.1985,-0.2482,0.0362,0.6056,-1.0849,-0.3416,-0.2818,-0.4978,0,4.5234,1,0.0009,1,1,1,1.8892
593,18,4,3,0,4346.6400,10.0757,1.1163,104.8693,20.6266,1,-1.9121,1.0508,-1.1452,-0.5368,-0.9629,1.9541,1.3563,-1.1711,-0.6109,1.1510,0.1930,0.9579,2.3400,0.9855,0.3518,0.7535,0.5726,-0.0088,0.9130,0.7808,0.0527,0.5224,0.9218,1,0.5364,0.4075,5.0130,0.5101,1.4202,0.9238,1.8609,3.5968,1.5612,0.5997,1.2058,1.3209,-0.1214,-0.1825,-0.1231,-0.3611,0.3879,0.2597,0.9749,-0.5164,0,1.8892,1,5.7459,1,1,1,4.7154
594,13,0,2,0,4266.0600,9.7357,1.1149,105.5272,20.0629,1,0.7252,-1.9121,1.0508,-1.1452,-0.5368,-0.9629,1.9541,-1.3592,-0.8283,1.0644,0.1121,-0.5280,0.8193,0.0959,-0.2065,0.7636,0.2216,0.0237,0.6322,0.6747,-0.3013,0.6385,0.2158,6,2.2160,0.4813,4.9888,0.2486,1.8293,0.7114,1.6496,3.6649,6.4084,1.4671,0.8920,0.8478,-0.0485,-0.5605,-0.7974,0.8446,-2.8231,-1.0371,-0.6862,-1.3083,0,4.7154,1,0.0009,1,-1,0,-1.4348
595,7,1,1,0,4285.3000,6.9221,0.7711,105.2560,19.9393,1,-1.1427,0.7252,-1.9121,1.0508,-1.1452,-0.5368,-0.9629,-1.7704,0.2749,0.6860,0.5722,-0.0135,0.4549,0.4982,-0.3907,0.7927,0.4870,1.0499,1.5018,0.9701,-0.8283,1.0644,0.1121,10,1.0719,0.5882,4.5362,0.3034,1.7581,0.7445,1.0011,3.5755,6.2683,1.3082,0.6816,0.8360,-0.0555,-0.1610,-0.7478,0.4135,-0.7718,-0.1071,-0.1430,-1.3254,1,-1.4348,1,16.2053,1,-1,0,-0.9858
596,23,1,4,0,4288.8200,5.3907,0.6127,101.7405,19.8246,1,-0.1693,-1.1427,0.7252,-1.9121,1.0508,-1.1452,-0.5368,-1.9367,-0.0922,0.4740,0.0663,0.1198,0.6244,0.8137,0.6607,0.8059,0.8440,-0.9847,1.0732,0.0225,0.2749,0.6860,0.5722,14,1.0251,0.5196,3.7769,0.2671,1.2243,0.9894,0.5176,1.1167,1.8680,0.8110,1.0311,1.6450,-0.0338,-0.1099,-0.7466,0.5555,0.8069,0.9575,-0.3879,-1.0689,2,-0.9858,1,9.1312,1,-1,0,-1.0670
597,13,2,2,1,4357.5500,8.0229,0.9178,101.7405,19.8246,0,-0.1693,-1.1427,0.7252,-1.9121,1.0508,-1.1452,-0.5368,-1.9367,0.4030,0.6018,0.7717,0.1920,0.4227,0.5156,1.0394,1.5037,0.7027,-0.3311,0.5476,0.0834,-0.0922,0.4740,0.0663,1,0.3544,-0.2167,3.8116,0.3652,1.6690,0.9515,1.6353,3.0500,9.7197,1.8221,0.7029,0.8383,-0.0355,-0.0953,-0.9522,0.1633,1.5447,0.2123,-0.1192,-0.5472,3,-1.0670,0,10.7924,1,-1,0,-1.0076
598,5,4,0,1,4367.4500,8.1350,0.8852,105.3239,17.8499,0,1.8205,-0.6538,-0.1693,-1.1427,0.7252,-1.9121,1.0508,0.1594,0.2387,0.7543,0.9930,0.1962,0.4715,0.8156,-0.4857,0.5802,0.0265,-0.2508,0.6546,0.3846,1.4327,1.7662,0.8961,5,0.7657,0.2236,3.8476,0.1635,0.7326,0.9614,0.9330,1.2883,8.7056,0.8820,0.6023,0.9277,0.0645,0.1779,-1.0160,0.7088,3.7842,2.1692,0.7378,0.6219,4,-1.0076,1,39.2513,1,-1,0,-0.9988
599,17,4,3,1,4386.2600,9.4114,1.0202,105.3239,17.8499,0,1.8205,-0.6538,-0.1693,-1.1427,0.7252,-1.9121,1.0508,0.1594,0.3172,0.9389,0.9766,-0.5341,1.0102,0.3408,0.5823,0.9000,0.8132,0.2387,0.7543,0.9930,0.1962,0.4715,0.8156,8,0.9292,0.3123,4.3585,0.1828,0.5801,0.6832,2.5140,1.4854,1.8478,0.6773,1.1826,0.8385,0.0471,-0.0200,-1.0862,0.4729,1.3548,0.8872,-0.1518,-0.5873,5,-0.9988,1,3.3518,1,-1,0,-1.1566
